Year,iso_code3,ef_ippu_tonne_sf6_per_tonne_production_electronics
2010,ABW,0.0
2011,ABW,0.0
2012,ABW,0.0
2013,ABW,0.0
2014,ABW,0.0
2015,ABW,0.0
2016,ABW,0.0
2017,ABW,0.0
2018,ABW,0.0
2019,ABW,0.0
2020,ABW,0.0
2010,AFG,0.0
2011,AFG,0.0
2012,AFG,0.0
2013,AFG,0.0
2014,AFG,0.0
2015,AFG,0.0
2016,AFG,0.0
2017,AFG,0.0
2018,AFG,0.0
2019,AFG,0.0
2020,AFG,0.0
2010,AGO,0.0
2011,AGO,0.0
2012,AGO,0.0
2013,AGO,0.0
2014,AGO,0.0
2015,AGO,0.0
2016,AGO,0.0
2017,AGO,0.0
2018,AGO,0.0
2019,AGO,0.0
2020,AGO,0.0
2010,ALB,0.0
2011,ALB,0.0
2012,ALB,0.0
2013,ALB,0.0
2014,ALB,0.0
2015,ALB,0.0
2016,ALB,0.0
2017,ALB,0.0
2018,ALB,0.0
2019,ALB,0.0
2020,ALB,0.0
2010,AND,7.642041015196352e-07
2011,AND,6.096596191024799e-07
2012,AND,6.555386521497609e-07
2013,AND,5.6289884718384e-07
2014,AND,4.820644041194954e-07
2015,AND,5.980704681113942e-07
2016,AND,5.525054375431855e-07
2017,AND,5.256431019419872e-07
2018,AND,4.0425397345568106e-07
2019,AND,3.4186426137972965e-07
2020,AND,3.514750102311453e-07
2010,ARE,0.0
2011,ARE,0.0
2012,ARE,0.0
2013,ARE,0.0
2014,ARE,0.0
2015,ARE,0.0
2016,ARE,0.0
2017,ARE,0.0
2018,ARE,0.0
2019,ARE,0.0
2020,ARE,0.0
2010,ARG,1.6010595594476555e-08
2011,ARG,1.4679941830952572e-08
2012,ARG,1.3190291107868077e-08
2013,ARG,1.2775041214760474e-08
2014,ARG,1.9108147659309252e-08
2015,ARG,1.4885780013340944e-08
2016,ARG,1.8994066878635746e-08
2017,ARG,1.5795701504869494e-08
2018,ARG,2.2004506925590163e-08
2019,ARG,2.2845178714731924e-08
2020,ARG,2.7073951465370432e-08
2010,ARM,0.0
2011,ARM,0.0
2012,ARM,0.0
2013,ARM,0.0
2014,ARM,0.0
2015,ARM,0.0
2016,ARM,0.0
2017,ARM,0.0
2018,ARM,0.0
2019,ARM,0.0
2020,ARM,0.0
2010,ASM,0.0
2011,ASM,0.0
2012,ASM,0.0
2013,ASM,0.0
2014,ASM,0.0
2015,ASM,0.0
2016,ASM,0.0
2017,ASM,0.0
2018,ASM,0.0
2019,ASM,0.0
2020,ASM,0.0
2010,ATG,0.0
2011,ATG,0.0
2012,ATG,0.0
2013,ATG,0.0
2014,ATG,0.0
2015,ATG,0.0
2016,ATG,0.0
2017,ATG,0.0
2018,ATG,0.0
2019,ATG,0.0
2020,ATG,0.0
2010,AUS,2.416568732764839e-07
2011,AUS,2.0533596817715294e-07
2012,AUS,2.0478194507260565e-07
2013,AUS,2.1973558420868166e-07
2014,AUS,2.2861407256631517e-07
2015,AUS,3.556060901908428e-07
2016,AUS,3.491610294667845e-07
2017,AUS,3.4606595264883895e-07
2018,AUS,5.086977312758842e-07
2019,AUS,5.154144210254365e-07
2020,AUS,5.187596827502765e-07
2010,AUT,8.17063187954629e-07
2011,AUT,4.77026555347268e-07
2012,AUT,5.097694331106893e-07
2013,AUT,3.7174905012092594e-07
2014,AUT,3.866494775533217e-07
2015,AUT,5.353901429265603e-07
2016,AUT,4.389402201815575e-07
2017,AUT,3.805735724771027e-07
2018,AUT,3.485379919275182e-07
2019,AUT,3.621019357987102e-07
2020,AUT,3.746018711209202e-07
2010,AZE,0.0
2011,AZE,0.0
2012,AZE,0.0
2013,AZE,0.0
2014,AZE,0.0
2015,AZE,0.0
2016,AZE,0.0
2017,AZE,0.0
2018,AZE,0.0
2019,AZE,0.0
2020,AZE,0.0
2010,BDI,0.0
2011,BDI,0.0
2012,BDI,0.0
2013,BDI,0.0
2014,BDI,0.0
2015,BDI,0.0
2016,BDI,0.0
2017,BDI,0.0
2018,BDI,0.0
2019,BDI,0.0
2020,BDI,0.0
2010,BEL,5.7399884675009715e-08
2011,BEL,8.01685727837061e-08
2012,BEL,5.4814339730192894e-08
2013,BEL,7.124827509632539e-08
2014,BEL,7.644702364302289e-08
2015,BEL,8.56710854667353e-08
2016,BEL,2.05001189542995e-07
2017,BEL,2.8700244604324134e-07
2018,BEL,2.2688165509439385e-07
2019,BEL,1.894485837357328e-07
2020,BEL,1.8638802776397886e-07
2010,BEN,0.0
2011,BEN,0.0
2012,BEN,0.0
2013,BEN,0.0
2014,BEN,0.0
2015,BEN,0.0
2016,BEN,0.0
2017,BEN,0.0
2018,BEN,0.0
2019,BEN,0.0
2020,BEN,0.0
2010,BFA,0.0
2011,BFA,0.0
2012,BFA,0.0
2013,BFA,0.0
2014,BFA,0.0
2015,BFA,0.0
2016,BFA,0.0
2017,BFA,0.0
2018,BFA,0.0
2019,BFA,0.0
2020,BFA,0.0
2010,BGD,0.0
2011,BGD,0.0
2012,BGD,0.0
2013,BGD,0.0
2014,BGD,0.0
2015,BGD,0.0
2016,BGD,0.0
2017,BGD,0.0
2018,BGD,0.0
2019,BGD,0.0
2020,BGD,0.0
2010,BGR,1.06347458936318e-06
2011,BGR,5.484383147429463e-07
2012,BGR,3.457784516338416e-07
2013,BGR,6.682000366896248e-07
2014,BGR,1.6558578939228336e-07
2015,BGR,2.653340896058046e-07
2016,BGR,2.67208413793096e-07
2017,BGR,1.1711122121727409e-07
2018,BGR,1.2871550136722797e-07
2019,BGR,1.1888157680441977e-07
2020,BGR,1.159575217645833e-07
2010,BHR,0.0
2011,BHR,0.0
2012,BHR,0.0
2013,BHR,0.0
2014,BHR,0.0
2015,BHR,0.0
2016,BHR,0.0
2017,BHR,0.0
2018,BHR,0.0
2019,BHR,0.0
2020,BHR,0.0
2010,BHS,0.0
2011,BHS,0.0
2012,BHS,0.0
2013,BHS,0.0
2014,BHS,0.0
2015,BHS,0.0
2016,BHS,0.0
2017,BHS,0.0
2018,BHS,0.0
2019,BHS,0.0
2020,BHS,0.0
2010,BIH,0.0
2011,BIH,0.0
2012,BIH,0.0
2013,BIH,0.0
2014,BIH,0.0
2015,BIH,0.0
2016,BIH,0.0
2017,BIH,0.0
2018,BIH,0.0
2019,BIH,0.0
2020,BIH,0.0
2010,BLR,0.0
2011,BLR,0.0
2012,BLR,0.0
2013,BLR,0.0
2014,BLR,0.0
2015,BLR,0.0
2016,BLR,0.0
2017,BLR,0.0
2018,BLR,0.0
2019,BLR,0.0
2020,BLR,0.0
2010,BLZ,0.0
2011,BLZ,0.0
2012,BLZ,0.0
2013,BLZ,0.0
2014,BLZ,0.0
2015,BLZ,0.0
2016,BLZ,0.0
2017,BLZ,0.0
2018,BLZ,0.0
2019,BLZ,0.0
2020,BLZ,0.0
2010,BMU,0.0
2011,BMU,0.0
2012,BMU,0.0
2013,BMU,0.0
2014,BMU,0.0
2015,BMU,0.0
2016,BMU,0.0
2017,BMU,0.0
2018,BMU,0.0
2019,BMU,0.0
2020,BMU,0.0
2010,BOL,0.0
2011,BOL,0.0
2012,BOL,0.0
2013,BOL,0.0
2014,BOL,0.0
2015,BOL,0.0
2016,BOL,0.0
2017,BOL,0.0
2018,BOL,0.0
2019,BOL,0.0
2020,BOL,0.0
2010,BRA,1.0334318571888428e-07
2011,BRA,9.451882352722341e-08
2012,BRA,1.0203535514344129e-07
2013,BRA,9.862977205320755e-08
2014,BRA,1.068303500693029e-07
2015,BRA,1.4818982765511809e-07
2016,BRA,1.4300902303367068e-07
2017,BRA,1.173720764260969e-07
2018,BRA,1.405126556750059e-07
2019,BRA,1.4231287334879073e-07
2020,BRA,1.6810252780568904e-07
2010,BRB,0.0
2011,BRB,0.0
2012,BRB,0.0
2013,BRB,0.0
2014,BRB,0.0
2015,BRB,0.0
2016,BRB,0.0
2017,BRB,0.0
2018,BRB,0.0
2019,BRB,0.0
2020,BRB,0.0
2010,BRN,0.0
2011,BRN,0.0
2012,BRN,0.0
2013,BRN,0.0
2014,BRN,0.0
2015,BRN,0.0
2016,BRN,0.0
2017,BRN,0.0
2018,BRN,0.0
2019,BRN,0.0
2020,BRN,0.0
2010,BTN,0.0
2011,BTN,0.0
2012,BTN,0.0
2013,BTN,0.0
2014,BTN,0.0
2015,BTN,0.0
2016,BTN,0.0
2017,BTN,0.0
2018,BTN,0.0
2019,BTN,0.0
2020,BTN,0.0
2010,BWA,0.0
2011,BWA,0.0
2012,BWA,0.0
2013,BWA,0.0
2014,BWA,0.0
2015,BWA,0.0
2016,BWA,0.0
2017,BWA,0.0
2018,BWA,0.0
2019,BWA,0.0
2020,BWA,0.0
2010,CAF,0.0
2011,CAF,0.0
2012,CAF,0.0
2013,CAF,0.0
2014,CAF,0.0
2015,CAF,0.0
2016,CAF,0.0
2017,CAF,0.0
2018,CAF,0.0
2019,CAF,0.0
2020,CAF,0.0
2010,CAN,1.0763382355778929e-05
2011,CAN,1.0375627478168056e-05
2012,CAN,1.0334772959617598e-05
2013,CAN,1.039849457721821e-05
2014,CAN,1.0658231888957282e-05
2015,CAN,1.1756286162420138e-05
2016,CAN,1.2042955841281865e-05
2017,CAN,1.2029351765349028e-05
2018,CAN,1.1510229276639844e-05
2019,CAN,1.1153039191383669e-05
2020,CAN,1.238219112282779e-05
2010,CHE,1.1625264592946523e-06
2011,CHE,1.1128331729305542e-06
2012,CHE,1.266435524494046e-06
2013,CHE,1.4682905817575003e-06
2014,CHE,1.5249694790143845e-06
2015,CHE,1.656290088545311e-06
2016,CHE,1.32692494779172e-06
2017,CHE,1.4881028496259811e-06
2018,CHE,1.2189750338265958e-06
2019,CHE,1.204027701780024e-06
2020,CHE,1.2789447345218926e-06
2010,CHL,3.787314357239708e-07
2011,CHL,3.37131585469703e-07
2012,CHL,3.007523423232815e-07
2013,CHL,2.835554881922555e-07
2014,CHL,3.0590789106267053e-07
2015,CHL,2.698667182764035e-07
2016,CHL,2.565832097860856e-07
2017,CHL,2.6220075340078935e-07
2018,CHL,2.820186661453035e-07
2019,CHL,2.828406305203225e-07
2020,CHL,2.516331854725823e-07
2010,CHN,2.7237489938746047e-06
2011,CHN,2.494456874089422e-06
2012,CHN,2.3825962076799525e-06
2013,CHN,2.2767673624393834e-06
2014,CHN,2.305977621576709e-06
2015,CHN,2.0639092184373384e-06
2016,CHN,1.8583252427235132e-06
2017,CHN,1.8606644548204349e-06
2018,CHN,1.8280909562122825e-06
2019,CHN,1.8100386986473452e-06
2020,CHN,1.7309304785516662e-06
2010,CIV,0.0
2011,CIV,0.0
2012,CIV,0.0
2013,CIV,0.0
2014,CIV,0.0
2015,CIV,0.0
2016,CIV,0.0
2017,CIV,0.0
2018,CIV,0.0
2019,CIV,0.0
2020,CIV,0.0
2010,CMR,0.0
2011,CMR,0.0
2012,CMR,0.0
2013,CMR,0.0
2014,CMR,0.0
2015,CMR,0.0
2016,CMR,0.0
2017,CMR,0.0
2018,CMR,0.0
2019,CMR,0.0
2020,CMR,0.0
2010,COD,0.0
2011,COD,0.0
2012,COD,0.0
2013,COD,0.0
2014,COD,0.0
2015,COD,0.0
2016,COD,0.0
2017,COD,0.0
2018,COD,0.0
2019,COD,0.0
2020,COD,0.0
2010,COG,0.0
2011,COG,0.0
2012,COG,0.0
2013,COG,0.0
2014,COG,0.0
2015,COG,0.0
2016,COG,0.0
2017,COG,0.0
2018,COG,0.0
2019,COG,0.0
2020,COG,0.0
2010,COL,6.92787794776038e-08
2011,COL,6.918995618643334e-08
2012,COL,5.8468048026951e-08
2013,COL,5.9326468768633525e-08
2014,COL,5.788796432881819e-08
2015,COL,7.05520898646477e-08
2016,COL,8.140594262736057e-08
2017,COL,7.23401347334878e-08
2018,COL,7.278318475321934e-08
2019,COL,7.12823802865293e-08
2020,COL,8.064677271190467e-08
2010,COM,0.0
2011,COM,0.0
2012,COM,0.0
2013,COM,0.0
2014,COM,0.0
2015,COM,0.0
2016,COM,0.0
2017,COM,0.0
2018,COM,0.0
2019,COM,0.0
2020,COM,0.0
2010,CPV,0.0
2011,CPV,0.0
2012,CPV,0.0
2013,CPV,0.0
2014,CPV,0.0
2015,CPV,0.0
2016,CPV,0.0
2017,CPV,0.0
2018,CPV,0.0
2019,CPV,0.0
2020,CPV,0.0
2010,CRI,0.0
2011,CRI,0.0
2012,CRI,0.0
2013,CRI,0.0
2014,CRI,0.0
2015,CRI,0.0
2016,CRI,0.0
2017,CRI,0.0
2018,CRI,0.0
2019,CRI,0.0
2020,CRI,0.0
2010,CUB,0.0
2011,CUB,0.0
2012,CUB,0.0
2013,CUB,0.0
2014,CUB,0.0
2015,CUB,0.0
2016,CUB,0.0
2017,CUB,0.0
2018,CUB,0.0
2019,CUB,0.0
2020,CUB,0.0
2010,CUW,0.0
2011,CUW,0.0
2012,CUW,0.0
2013,CUW,0.0
2014,CUW,0.0
2015,CUW,0.0
2016,CUW,0.0
2017,CUW,0.0
2018,CUW,0.0
2019,CUW,0.0
2020,CUW,0.0
2010,CYM,0.0
2011,CYM,0.0
2012,CYM,0.0
2013,CYM,0.0
2014,CYM,0.0
2015,CYM,0.0
2016,CYM,0.0
2017,CYM,0.0
2018,CYM,0.0
2019,CYM,0.0
2020,CYM,0.0
2010,CYP,2.388711517121853e-07
2011,CYP,4.80387682758355e-07
2012,CYP,4.7288563221792843e-07
2013,CYP,5.470040878126813e-07
2014,CYP,7.229146245024771e-07
2015,CYP,8.994773520203776e-07
2016,CYP,2.690846320557568e-07
2017,CYP,2.957211352017983e-07
2018,CYP,2.815646342090989e-07
2019,CYP,2.823977938625707e-07
2020,CYP,3.7681356960889e-07
2010,CZE,3.32162861254672e-08
2011,CZE,1.2058872569583418e-07
2012,CZE,1.8324907542282933e-07
2013,CZE,5.811131832625803e-08
2014,CZE,5.073854940899504e-08
2015,CZE,6.073693314703914e-08
2016,CZE,9.040105340441833e-08
2017,CZE,5.1682087167888565e-08
2018,CZE,3.45847607075548e-08
2019,CZE,3.2701060569755616e-08
2020,CZE,3.18966708434864e-08
2010,DEU,5.60166892640771e-07
2011,DEU,5.515604147647669e-07
2012,DEU,5.377881004869685e-07
2013,DEU,5.234643925792541e-07
2014,DEU,4.981527887327806e-07
2015,DEU,5.383082057197188e-07
2016,DEU,4.199651064146786e-07
2017,DEU,3.956906179610586e-07
2018,DEU,3.5561357881948495e-07
2019,DEU,3.550995715950873e-07
2020,DEU,3.516136802224216e-07
2010,DJI,0.0
2011,DJI,0.0
2012,DJI,0.0
2013,DJI,0.0
2014,DJI,0.0
2015,DJI,0.0
2016,DJI,0.0
2017,DJI,0.0
2018,DJI,0.0
2019,DJI,0.0
2020,DJI,0.0
2010,DMA,0.0
2011,DMA,0.0
2012,DMA,0.0
2013,DMA,0.0
2014,DMA,0.0
2015,DMA,0.0
2016,DMA,0.0
2017,DMA,0.0
2018,DMA,0.0
2019,DMA,0.0
2020,DMA,0.0
2010,DNK,3.625390683756424e-07
2011,DNK,4.026134590372853e-07
2012,DNK,4.01443078578135e-07
2013,DNK,5.778045687993695e-07
2014,DNK,3.516962885692368e-07
2015,DNK,6.415747582664219e-08
2016,DNK,3.711117694216326e-07
2017,DNK,1.5874104739231738e-07
2018,DNK,1.0349441360555386e-07
2019,DNK,9.968328270087967e-08
2020,DNK,1.001167268508124e-07
2010,DOM,0.0
2011,DOM,0.0
2012,DOM,0.0
2013,DOM,0.0
2014,DOM,0.0
2015,DOM,0.0
2016,DOM,0.0
2017,DOM,0.0
2018,DOM,0.0
2019,DOM,0.0
2020,DOM,0.0
2010,DZA,0.0
2011,DZA,0.0
2012,DZA,0.0
2013,DZA,0.0
2014,DZA,0.0
2015,DZA,0.0
2016,DZA,0.0
2017,DZA,0.0
2018,DZA,0.0
2019,DZA,0.0
2020,DZA,0.0
2010,ECU,0.0
2011,ECU,0.0
2012,ECU,0.0
2013,ECU,0.0
2014,ECU,0.0
2015,ECU,0.0
2016,ECU,0.0
2017,ECU,0.0
2018,ECU,0.0
2019,ECU,0.0
2020,ECU,0.0
2010,EGY,8.458130006289991e-07
2011,EGY,7.699338304713084e-07
2012,EGY,6.540620857578434e-07
2013,EGY,6.503454629608642e-07
2014,EGY,4.789589830060467e-07
2015,EGY,4.290325308672044e-07
2016,EGY,3.845049812792248e-07
2017,EGY,5.284028040048497e-07
2018,EGY,5.076189987662593e-07
2019,EGY,4.4050533415239254e-07
2020,EGY,4.1554694066842753e-07
2010,ERI,0.0
2011,ERI,0.0
2012,ERI,0.0
2013,ERI,0.0
2014,ERI,0.0
2015,ERI,0.0
2016,ERI,0.0
2017,ERI,0.0
2018,ERI,0.0
2019,ERI,0.0
2020,ERI,0.0
2010,ESP,1.8712803541474566e-07
2011,ESP,2.2792536944698507e-07
2012,ESP,1.3279471879305212e-07
2013,ESP,1.0272248932698522e-07
2014,ESP,7.128541202118222e-08
2015,ESP,9.077978568507633e-08
2016,ESP,1.1301782378430584e-07
2017,ESP,1.0016245301010552e-07
2018,ESP,7.388016539071754e-08
2019,ESP,7.313686561795396e-08
2020,ESP,7.28388216675715e-08
2010,EST,1.0175778328884613e-08
2011,EST,6.091925249480964e-09
2012,EST,8.146573656133704e-09
2013,EST,7.436658392069707e-09
2014,EST,5.488115751982753e-09
2015,EST,7.363121171090301e-09
2016,EST,5.098164649927181e-09
2017,EST,4.726377587897667e-09
2018,EST,4.941610593437742e-09
2019,EST,5.590202271764209e-09
2020,EST,5.537945595676301e-09
2010,ETH,0.0
2011,ETH,0.0
2012,ETH,0.0
2013,ETH,0.0
2014,ETH,0.0
2015,ETH,0.0
2016,ETH,0.0
2017,ETH,0.0
2018,ETH,0.0
2019,ETH,0.0
2020,ETH,0.0
2010,FIN,1.737718372720611e-08
2011,FIN,1.4682036739159866e-08
2012,FIN,2.02281209383018e-09
2013,FIN,2.429813618375358e-09
2014,FIN,5.827518615018823e-09
2015,FIN,2.267903385428205e-09
2016,FIN,4.6821872209946036e-09
2017,FIN,8.342103510098811e-09
2018,FIN,6.813481228016169e-09
2019,FIN,7.043026056303136e-09
2020,FIN,7.037992980523417e-09
2010,FJI,0.0
2011,FJI,0.0
2012,FJI,0.0
2013,FJI,0.0
2014,FJI,0.0
2015,FJI,0.0
2016,FJI,0.0
2017,FJI,0.0
2018,FJI,0.0
2019,FJI,0.0
2020,FJI,0.0
2010,FRA,7.642041015196352e-07
2011,FRA,6.096596191024799e-07
2012,FRA,6.555386521497609e-07
2013,FRA,5.6289884718384e-07
2014,FRA,4.820644041194954e-07
2015,FRA,5.980704681113942e-07
2016,FRA,5.525054375431855e-07
2017,FRA,5.256431019419872e-07
2018,FRA,4.0425397345568106e-07
2019,FRA,3.4186426137972965e-07
2020,FRA,3.514750102311453e-07
2010,FRO,0.0
2011,FRO,0.0
2012,FRO,0.0
2013,FRO,0.0
2014,FRO,0.0
2015,FRO,0.0
2016,FRO,0.0
2017,FRO,0.0
2018,FRO,0.0
2019,FRO,0.0
2020,FRO,0.0
2010,FSM,0.0
2011,FSM,0.0
2012,FSM,0.0
2013,FSM,0.0
2014,FSM,0.0
2015,FSM,0.0
2016,FSM,0.0
2017,FSM,0.0
2018,FSM,0.0
2019,FSM,0.0
2020,FSM,0.0
2010,GAB,0.0
2011,GAB,0.0
2012,GAB,0.0
2013,GAB,0.0
2014,GAB,0.0
2015,GAB,0.0
2016,GAB,0.0
2017,GAB,0.0
2018,GAB,0.0
2019,GAB,0.0
2020,GAB,0.0
2010,GBR,4.0916854229091755e-07
2011,GBR,4.1523508587976893e-07
2012,GBR,4.234629458330078e-07
2013,GBR,3.484938909010165e-07
2014,GBR,3.152120149550205e-07
2015,GBR,3.081862468708541e-07
2016,GBR,3.4308582820583164e-07
2017,GBR,3.6468406734073546e-07
2018,GBR,3.566965944492088e-07
2019,GBR,3.512468682796303e-07
2020,GBR,3.646501261625229e-07
2010,GEO,0.0
2011,GEO,0.0
2012,GEO,0.0
2013,GEO,0.0
2014,GEO,0.0
2015,GEO,0.0
2016,GEO,0.0
2017,GEO,0.0
2018,GEO,0.0
2019,GEO,0.0
2020,GEO,0.0
2010,GHA,0.0
2011,GHA,0.0
2012,GHA,0.0
2013,GHA,0.0
2014,GHA,0.0
2015,GHA,0.0
2016,GHA,0.0
2017,GHA,0.0
2018,GHA,0.0
2019,GHA,0.0
2020,GHA,0.0
2010,GIB,0.0
2011,GIB,0.0
2012,GIB,0.0
2013,GIB,0.0
2014,GIB,0.0
2015,GIB,0.0
2016,GIB,0.0
2017,GIB,0.0
2018,GIB,0.0
2019,GIB,0.0
2020,GIB,0.0
2010,GIN,0.0
2011,GIN,0.0
2012,GIN,0.0
2013,GIN,0.0
2014,GIN,0.0
2015,GIN,0.0
2016,GIN,0.0
2017,GIN,0.0
2018,GIN,0.0
2019,GIN,0.0
2020,GIN,0.0
2010,GMB,0.0
2011,GMB,0.0
2012,GMB,0.0
2013,GMB,0.0
2014,GMB,0.0
2015,GMB,0.0
2016,GMB,0.0
2017,GMB,0.0
2018,GMB,0.0
2019,GMB,0.0
2020,GMB,0.0
2010,GNB,0.0
2011,GNB,0.0
2012,GNB,0.0
2013,GNB,0.0
2014,GNB,0.0
2015,GNB,0.0
2016,GNB,0.0
2017,GNB,0.0
2018,GNB,0.0
2019,GNB,0.0
2020,GNB,0.0
2010,GNQ,0.0
2011,GNQ,0.0
2012,GNQ,0.0
2013,GNQ,0.0
2014,GNQ,0.0
2015,GNQ,0.0
2016,GNQ,0.0
2017,GNQ,0.0
2018,GNQ,0.0
2019,GNQ,0.0
2020,GNQ,0.0
2010,GRC,0.0
2011,GRC,0.0
2012,GRC,0.0
2013,GRC,0.0
2014,GRC,0.0
2015,GRC,0.0
2016,GRC,0.0
2017,GRC,0.0
2018,GRC,0.0
2019,GRC,0.0
2020,GRC,0.0
2010,GRD,0.0
2011,GRD,0.0
2012,GRD,0.0
2013,GRD,0.0
2014,GRD,0.0
2015,GRD,0.0
2016,GRD,0.0
2017,GRD,0.0
2018,GRD,0.0
2019,GRD,0.0
2020,GRD,0.0
2010,GRL,0.0
2011,GRL,0.0
2012,GRL,0.0
2013,GRL,0.0
2014,GRL,0.0
2015,GRL,0.0
2016,GRL,0.0
2017,GRL,0.0
2018,GRL,0.0
2019,GRL,0.0
2020,GRL,0.0
2010,GTM,0.0
2011,GTM,0.0
2012,GTM,0.0
2013,GTM,0.0
2014,GTM,0.0
2015,GTM,0.0
2016,GTM,0.0
2017,GTM,0.0
2018,GTM,0.0
2019,GTM,0.0
2020,GTM,0.0
2010,GUM,0.0
2011,GUM,0.0
2012,GUM,0.0
2013,GUM,0.0
2014,GUM,0.0
2015,GUM,0.0
2016,GUM,0.0
2017,GUM,0.0
2018,GUM,0.0
2019,GUM,0.0
2020,GUM,0.0
2010,GUY,0.0
2011,GUY,0.0
2012,GUY,0.0
2013,GUY,0.0
2014,GUY,0.0
2015,GUY,0.0
2016,GUY,0.0
2017,GUY,0.0
2018,GUY,0.0
2019,GUY,0.0
2020,GUY,0.0
2010,HKG,0.0
2011,HKG,0.0
2012,HKG,0.0
2013,HKG,0.0
2014,HKG,0.0
2015,HKG,0.0
2016,HKG,0.0
2017,HKG,0.0
2018,HKG,0.0
2019,HKG,0.0
2020,HKG,0.0
2010,HND,0.0
2011,HND,0.0
2012,HND,0.0
2013,HND,0.0
2014,HND,0.0
2015,HND,0.0
2016,HND,0.0
2017,HND,0.0
2018,HND,0.0
2019,HND,0.0
2020,HND,0.0
2010,HRV,0.0
2011,HRV,0.0
2012,HRV,0.0
2013,HRV,0.0
2014,HRV,0.0
2015,HRV,0.0
2016,HRV,0.0
2017,HRV,0.0
2018,HRV,0.0
2019,HRV,0.0
2020,HRV,0.0
2010,HTI,0.0
2011,HTI,0.0
2012,HTI,0.0
2013,HTI,0.0
2014,HTI,0.0
2015,HTI,0.0
2016,HTI,0.0
2017,HTI,0.0
2018,HTI,0.0
2019,HTI,0.0
2020,HTI,0.0
2010,HUN,4.205046363490238e-07
2011,HUN,2.504891103216329e-07
2012,HUN,2.69328799118953e-07
2013,HUN,5.439628062743339e-07
2014,HUN,3.39667442271894e-07
2015,HUN,7.666588836984896e-07
2016,HUN,7.129378298403708e-07
2017,HUN,4.072970724907914e-07
2018,HUN,1.29478445158588e-07
2019,HUN,1.1366314845226196e-07
2020,HUN,1.1550786607908624e-07
2010,IDN,1.0869908751803365e-07
2011,IDN,1.0060417535528101e-07
2012,IDN,9.82396020846837e-08
2013,IDN,1.005433024677438e-07
2014,IDN,1.0362236263982973e-07
2015,IDN,1.0103880742426408e-07
2016,IDN,9.141890216943045e-08
2017,IDN,8.979897854290678e-08
2018,IDN,9.087754175571712e-08
2019,IDN,7.832470255580613e-08
2020,IDN,7.610566291640825e-08
2010,IMN,8.30128312043453e-07
2011,IMN,1.0782762243918938e-06
2012,IMN,9.92645889367751e-07
2013,IMN,1.1982531326434488e-06
2014,IMN,8.625013640738434e-07
2015,IMN,1.1925168646142566e-06
2016,IMN,8.248358316002622e-07
2017,IMN,7.6057330786048e-07
2018,IMN,1.0030332888036634e-06
2019,IMN,9.552221949858271e-07
2020,IMN,9.105421448869722e-07
2010,IND,1.1163033299972997e-07
2011,IND,1.3471874407189378e-07
2012,IND,1.7000663059189577e-07
2013,IND,1.903114393785437e-07
2014,IND,2.0393409054897734e-07
2015,IND,1.826570392667412e-07
2016,IND,1.7798720009983244e-07
2017,IND,1.7599405664340845e-07
2018,IND,1.694445578610277e-07
2019,IND,1.6076723897780516e-07
2020,IND,1.7739110645602834e-07
2010,IRL,8.30128312043453e-07
2011,IRL,1.0782762243918938e-06
2012,IRL,9.92645889367751e-07
2013,IRL,1.1982531326434488e-06
2014,IRL,8.625013640738434e-07
2015,IRL,1.1925168646142566e-06
2016,IRL,8.248358316002622e-07
2017,IRL,7.6057330786048e-07
2018,IRL,1.0030332888036634e-06
2019,IRL,9.552221949858271e-07
2020,IRL,9.105421448869722e-07
2010,IRN,3.910569345140343e-06
2011,IRN,2.5930318322394777e-06
2012,IRN,3.896297064285162e-06
2013,IRN,4.47821518488607e-06
2014,IRN,3.4144441146285205e-06
2015,IRN,3.948650528918899e-06
2016,IRN,3.252381701266016e-06
2017,IRN,3.463337124126633e-06
2018,IRN,5.5430554627937545e-06
2019,IRN,7.0264587305862285e-06
2020,IRN,6.241665436215186e-06
2010,IRQ,0.0
2011,IRQ,0.0
2012,IRQ,0.0
2013,IRQ,0.0
2014,IRQ,0.0
2015,IRQ,0.0
2016,IRQ,0.0
2017,IRQ,0.0
2018,IRQ,0.0
2019,IRQ,0.0
2020,IRQ,0.0
2010,ISL,0.0
2011,ISL,0.0
2012,ISL,0.0
2013,ISL,0.0
2014,ISL,0.0
2015,ISL,0.0
2016,ISL,0.0
2017,ISL,0.0
2018,ISL,0.0
2019,ISL,0.0
2020,ISL,0.0
2010,ISR,4.887872655878227e-07
2011,ISR,5.416182846318054e-07
2012,ISR,5.643216756928001e-07
2013,ISR,5.684798841918608e-07
2014,ISR,5.842608914919276e-07
2015,ISR,5.485776230923682e-07
2016,ISR,6.360781408575915e-07
2017,ISR,8.208063845913858e-07
2018,ISR,8.862602090364186e-07
2019,ISR,8.797854754536612e-07
2020,ISR,7.3132702669924e-07
2010,ITA,3.518236646901509e-07
2011,ITA,5.000975442512645e-07
2012,ITA,6.224637299190351e-07
2013,ITA,6.007264691025025e-07
2014,ITA,3.565412172182032e-07
2015,ITA,6.784241197857105e-07
2016,ITA,4.857941641626862e-07
2017,ITA,4.4075634919291284e-07
2018,ITA,4.781594844584693e-07
2019,ITA,4.71809194967091e-07
2020,ITA,4.77805275319499e-07
2010,JAM,0.0
2011,JAM,0.0
2012,JAM,0.0
2013,JAM,0.0
2014,JAM,0.0
2015,JAM,0.0
2016,JAM,0.0
2017,JAM,0.0
2018,JAM,0.0
2019,JAM,0.0
2020,JAM,0.0
2010,JOR,0.0
2011,JOR,0.0
2012,JOR,0.0
2013,JOR,0.0
2014,JOR,0.0
2015,JOR,0.0
2016,JOR,0.0
2017,JOR,0.0
2018,JOR,0.0
2019,JOR,0.0
2020,JOR,0.0
2010,JPN,7.044550326853488e-07
2011,JPN,6.698022564352631e-07
2012,JPN,6.387547092122352e-07
2013,JPN,7.6072768182768e-07
2014,JPN,8.653492894052461e-07
2015,JPN,8.982227399369083e-07
2016,JPN,7.652705574590277e-07
2017,JPN,7.892266906727309e-07
2018,JPN,8.175606318005485e-07
2019,JPN,8.064021227011654e-07
2020,JPN,7.65836066010881e-07
2010,KAZ,0.0
2011,KAZ,0.0
2012,KAZ,0.0
2013,KAZ,0.0
2014,KAZ,0.0
2015,KAZ,0.0
2016,KAZ,0.0
2017,KAZ,0.0
2018,KAZ,0.0
2019,KAZ,0.0
2020,KAZ,0.0
2010,KEN,0.0
2011,KEN,0.0
2012,KEN,0.0
2013,KEN,0.0
2014,KEN,0.0
2015,KEN,0.0
2016,KEN,0.0
2017,KEN,0.0
2018,KEN,0.0
2019,KEN,0.0
2020,KEN,0.0
2010,KGZ,0.0
2011,KGZ,0.0
2012,KGZ,0.0
2013,KGZ,0.0
2014,KGZ,0.0
2015,KGZ,0.0
2016,KGZ,0.0
2017,KGZ,0.0
2018,KGZ,0.0
2019,KGZ,0.0
2020,KGZ,0.0
2010,KHM,0.0
2011,KHM,0.0
2012,KHM,0.0
2013,KHM,0.0
2014,KHM,0.0
2015,KHM,0.0
2016,KHM,0.0
2017,KHM,0.0
2018,KHM,0.0
2019,KHM,0.0
2020,KHM,0.0
2010,KIR,0.0
2011,KIR,0.0
2012,KIR,0.0
2013,KIR,0.0
2014,KIR,0.0
2015,KIR,0.0
2016,KIR,0.0
2017,KIR,0.0
2018,KIR,0.0
2019,KIR,0.0
2020,KIR,0.0
2010,KNA,0.0
2011,KNA,0.0
2012,KNA,0.0
2013,KNA,0.0
2014,KNA,0.0
2015,KNA,0.0
2016,KNA,0.0
2017,KNA,0.0
2018,KNA,0.0
2019,KNA,0.0
2020,KNA,0.0
2010,KOR,1.0813587684032651e-05
2011,KOR,1.123961324445851e-05
2012,KOR,1.072101368145041e-05
2013,KOR,9.920051426637529e-06
2014,KOR,9.965142039994907e-06
2015,KOR,7.165662301119757e-06
2016,KOR,4.386934085360999e-06
2017,KOR,3.6754349506228457e-06
2018,KOR,3.624268178842925e-06
2019,KOR,3.826824301650613e-06
2020,KOR,3.667910619376476e-06
2010,KWT,0.0
2011,KWT,0.0
2012,KWT,0.0
2013,KWT,0.0
2014,KWT,0.0
2015,KWT,0.0
2016,KWT,0.0
2017,KWT,0.0
2018,KWT,0.0
2019,KWT,0.0
2020,KWT,0.0
2010,LAO,0.0
2011,LAO,0.0
2012,LAO,0.0
2013,LAO,0.0
2014,LAO,0.0
2015,LAO,0.0
2016,LAO,0.0
2017,LAO,0.0
2018,LAO,0.0
2019,LAO,0.0
2020,LAO,0.0
2010,LBN,0.0
2011,LBN,0.0
2012,LBN,0.0
2013,LBN,0.0
2014,LBN,0.0
2015,LBN,0.0
2016,LBN,0.0
2017,LBN,0.0
2018,LBN,0.0
2019,LBN,0.0
2020,LBN,0.0
2010,LBR,0.0
2011,LBR,0.0
2012,LBR,0.0
2013,LBR,0.0
2014,LBR,0.0
2015,LBR,0.0
2016,LBR,0.0
2017,LBR,0.0
2018,LBR,0.0
2019,LBR,0.0
2020,LBR,0.0
2010,LBY,0.0
2011,LBY,0.0
2012,LBY,0.0
2013,LBY,0.0
2014,LBY,0.0
2015,LBY,0.0
2016,LBY,0.0
2017,LBY,0.0
2018,LBY,0.0
2019,LBY,0.0
2020,LBY,0.0
2010,LCA,0.0
2011,LCA,0.0
2012,LCA,0.0
2013,LCA,0.0
2014,LCA,0.0
2015,LCA,0.0
2016,LCA,0.0
2017,LCA,0.0
2018,LCA,0.0
2019,LCA,0.0
2020,LCA,0.0
2010,LIE,1.1625264592946523e-06
2011,LIE,1.1128331729305542e-06
2012,LIE,1.266435524494046e-06
2013,LIE,1.4682905817575003e-06
2014,LIE,1.5249694790143845e-06
2015,LIE,1.656290088545311e-06
2016,LIE,1.32692494779172e-06
2017,LIE,1.4881028496259811e-06
2018,LIE,1.2189750338265958e-06
2019,LIE,1.204027701780024e-06
2020,LIE,1.2789447345218926e-06
2010,LKA,0.0
2011,LKA,0.0
2012,LKA,0.0
2013,LKA,0.0
2014,LKA,0.0
2015,LKA,0.0
2016,LKA,0.0
2017,LKA,0.0
2018,LKA,0.0
2019,LKA,0.0
2020,LKA,0.0
2010,LSO,0.0
2011,LSO,0.0
2012,LSO,0.0
2013,LSO,0.0
2014,LSO,0.0
2015,LSO,0.0
2016,LSO,0.0
2017,LSO,0.0
2018,LSO,0.0
2019,LSO,0.0
2020,LSO,0.0
2010,LTU,1.0313727176594338e-06
2011,LTU,1.2974495043011133e-06
2012,LTU,7.407604640232588e-07
2013,LTU,1.0688103594281945e-06
2014,LTU,6.486357846856683e-07
2015,LTU,6.505081458028416e-07
2016,LTU,5.847451437766602e-07
2017,LTU,9.425229219039692e-07
2018,LTU,7.013386207943347e-07
2019,LTU,6.971291767757165e-07
2020,LTU,6.541587670614022e-07
2010,LUX,1.538987995700739e-07
2011,LUX,1.025128510437418e-07
2012,LUX,1.1477116177586155e-07
2013,LUX,1.301147893775521e-07
2014,LUX,1.5680448073773602e-07
2015,LUX,1.9052314349789519e-07
2016,LUX,2.2036485696511335e-07
2017,LUX,2.990737730971376e-07
2018,LUX,2.718771912050923e-07
2019,LUX,1.8603292397411523e-07
2020,LUX,3.054640485494894e-07
2010,LVA,2.4686090602076077e-08
2011,LVA,1.851971032190786e-08
2012,LVA,7.848960821921365e-08
2013,LVA,1.1495951424021673e-07
2014,LVA,1.1286633560094103e-07
2015,LVA,1.1762181065381349e-07
2016,LVA,2.8912402021480127e-08
2017,LVA,4.447304539443942e-08
2018,LVA,3.0034658350496305e-08
2019,LVA,2.884994142769277e-08
2020,LVA,2.6055128373636995e-08
2010,MAC,0.0
2011,MAC,0.0
2012,MAC,0.0
2013,MAC,0.0
2014,MAC,0.0
2015,MAC,0.0
2016,MAC,0.0
2017,MAC,0.0
2018,MAC,0.0
2019,MAC,0.0
2020,MAC,0.0
2010,MAF,0.0
2011,MAF,0.0
2012,MAF,0.0
2013,MAF,0.0
2014,MAF,0.0
2015,MAF,0.0
2016,MAF,0.0
2017,MAF,0.0
2018,MAF,0.0
2019,MAF,0.0
2020,MAF,0.0
2010,MAR,0.0
2011,MAR,0.0
2012,MAR,0.0
2013,MAR,0.0
2014,MAR,0.0
2015,MAR,0.0
2016,MAR,0.0
2017,MAR,0.0
2018,MAR,0.0
2019,MAR,0.0
2020,MAR,0.0
2010,MCO,1.1625264592946523e-06
2011,MCO,1.1128331729305542e-06
2012,MCO,1.266435524494046e-06
2013,MCO,1.4682905817575003e-06
2014,MCO,1.5249694790143845e-06
2015,MCO,1.656290088545311e-06
2016,MCO,1.32692494779172e-06
2017,MCO,1.4881028496259811e-06
2018,MCO,1.2189750338265958e-06
2019,MCO,1.204027701780024e-06
2020,MCO,1.2789447345218926e-06
2010,MDA,0.0
2011,MDA,0.0
2012,MDA,0.0
2013,MDA,0.0
2014,MDA,0.0
2015,MDA,0.0
2016,MDA,0.0
2017,MDA,0.0
2018,MDA,0.0
2019,MDA,0.0
2020,MDA,0.0
2010,MDG,0.0
2011,MDG,0.0
2012,MDG,0.0
2013,MDG,0.0
2014,MDG,0.0
2015,MDG,0.0
2016,MDG,0.0
2017,MDG,0.0
2018,MDG,0.0
2019,MDG,0.0
2020,MDG,0.0
2010,MDV,0.0
2011,MDV,0.0
2012,MDV,0.0
2013,MDV,0.0
2014,MDV,0.0
2015,MDV,0.0
2016,MDV,0.0
2017,MDV,0.0
2018,MDV,0.0
2019,MDV,0.0
2020,MDV,0.0
2010,MEX,3.7778745417686576e-08
2011,MEX,3.799313082569398e-08
2012,MEX,3.7268589854374995e-08
2013,MEX,3.4755889509206963e-08
2014,MEX,3.538090708915811e-08
2015,MEX,3.66332176734634e-08
2016,MEX,3.9826961118156855e-08
2017,MEX,3.638875512227273e-08
2018,MEX,3.606106259874343e-08
2019,MEX,3.4554788248809846e-08
2020,MEX,3.888212028155303e-08
2010,MHL,0.0
2011,MHL,0.0
2012,MHL,0.0
2013,MHL,0.0
2014,MHL,0.0
2015,MHL,0.0
2016,MHL,0.0
2017,MHL,0.0
2018,MHL,0.0
2019,MHL,0.0
2020,MHL,0.0
2010,MKD,0.0
2011,MKD,0.0
2012,MKD,0.0
2013,MKD,0.0
2014,MKD,0.0
2015,MKD,0.0
2016,MKD,0.0
2017,MKD,0.0
2018,MKD,0.0
2019,MKD,0.0
2020,MKD,0.0
2010,MLI,0.0
2011,MLI,0.0
2012,MLI,0.0
2013,MLI,0.0
2014,MLI,0.0
2015,MLI,0.0
2016,MLI,0.0
2017,MLI,0.0
2018,MLI,0.0
2019,MLI,0.0
2020,MLI,0.0
2010,MLT,3.405731640866232e-08
2011,MLT,3.3931880729304715e-08
2012,MLT,3.522876948504912e-08
2013,MLT,3.074489888706833e-08
2014,MLT,3.071788233119579e-08
2015,MLT,4.0061424637726963e-08
2016,MLT,4.3973845606712654e-08
2017,MLT,4.4248493710411974e-08
2018,MLT,1.3732352073291793e-12
2019,MLT,1.4734597761317159e-12
2020,MLT,1.629925718863777e-12
2010,MMR,0.0
2011,MMR,0.0
2012,MMR,0.0
2013,MMR,0.0
2014,MMR,0.0
2015,MMR,0.0
2016,MMR,0.0
2017,MMR,0.0
2018,MMR,0.0
2019,MMR,0.0
2020,MMR,0.0
2010,MNE,0.0
2011,MNE,0.0
2012,MNE,0.0
2013,MNE,0.0
2014,MNE,0.0
2015,MNE,0.0
2016,MNE,0.0
2017,MNE,0.0
2018,MNE,0.0
2019,MNE,0.0
2020,MNE,0.0
2010,MNG,0.0
2011,MNG,0.0
2012,MNG,0.0
2013,MNG,0.0
2014,MNG,0.0
2015,MNG,0.0
2016,MNG,0.0
2017,MNG,0.0
2018,MNG,0.0
2019,MNG,0.0
2020,MNG,0.0
2010,MNP,7.044550326853488e-07
2011,MNP,6.698022564352631e-07
2012,MNP,6.387547092122352e-07
2013,MNP,7.6072768182768e-07
2014,MNP,8.653492894052461e-07
2015,MNP,8.982227399369083e-07
2016,MNP,7.652705574590277e-07
2017,MNP,7.892266906727309e-07
2018,MNP,8.175606318005485e-07
2019,MNP,8.064021227011654e-07
2020,MNP,7.65836066010881e-07
2010,MOZ,0.0
2011,MOZ,0.0
2012,MOZ,0.0
2013,MOZ,0.0
2014,MOZ,0.0
2015,MOZ,0.0
2016,MOZ,0.0
2017,MOZ,0.0
2018,MOZ,0.0
2019,MOZ,0.0
2020,MOZ,0.0
2010,MRT,0.0
2011,MRT,0.0
2012,MRT,0.0
2013,MRT,0.0
2014,MRT,0.0
2015,MRT,0.0
2016,MRT,0.0
2017,MRT,0.0
2018,MRT,0.0
2019,MRT,0.0
2020,MRT,0.0
2010,MUS,0.0
2011,MUS,0.0
2012,MUS,0.0
2013,MUS,0.0
2014,MUS,0.0
2015,MUS,0.0
2016,MUS,0.0
2017,MUS,0.0
2018,MUS,0.0
2019,MUS,0.0
2020,MUS,0.0
2010,MWI,0.0
2011,MWI,0.0
2012,MWI,0.0
2013,MWI,0.0
2014,MWI,0.0
2015,MWI,0.0
2016,MWI,0.0
2017,MWI,0.0
2018,MWI,0.0
2019,MWI,0.0
2020,MWI,0.0
2010,MYS,1.4908856802194816e-06
2011,MYS,1.3763063033170444e-06
2012,MYS,1.288562299196388e-06
2013,MYS,1.2639588008865512e-06
2014,MYS,1.1136032070520844e-06
2015,MYS,1.1500480962854789e-06
2016,MYS,1.1518771655076868e-06
2017,MYS,0.0
2018,MYS,0.0
2019,MYS,0.0
2020,MYS,0.0
2010,NAM,0.0
2011,NAM,0.0
2012,NAM,0.0
2013,NAM,0.0
2014,NAM,0.0
2015,NAM,0.0
2016,NAM,0.0
2017,NAM,0.0
2018,NAM,0.0
2019,NAM,0.0
2020,NAM,0.0
2010,NCL,0.0
2011,NCL,0.0
2012,NCL,0.0
2013,NCL,0.0
2014,NCL,0.0
2015,NCL,0.0
2016,NCL,0.0
2017,NCL,0.0
2018,NCL,0.0
2019,NCL,0.0
2020,NCL,0.0
2010,NER,0.0
2011,NER,0.0
2012,NER,0.0
2013,NER,0.0
2014,NER,0.0
2015,NER,0.0
2016,NER,0.0
2017,NER,0.0
2018,NER,0.0
2019,NER,0.0
2020,NER,0.0
2010,NGA,0.0
2011,NGA,0.0
2012,NGA,0.0
2013,NGA,0.0
2014,NGA,0.0
2015,NGA,0.0
2016,NGA,0.0
2017,NGA,0.0
2018,NGA,0.0
2019,NGA,0.0
2020,NGA,0.0
2010,NIC,0.0
2011,NIC,0.0
2012,NIC,0.0
2013,NIC,0.0
2014,NIC,0.0
2015,NIC,0.0
2016,NIC,0.0
2017,NIC,0.0
2018,NIC,0.0
2019,NIC,0.0
2020,NIC,0.0
2010,NLD,7.894010231791562e-07
2011,NLD,6.432030828785352e-07
2012,NLD,9.330669032876724e-07
2013,NLD,6.394258308230456e-07
2014,NLD,6.778033954334576e-07
2015,NLD,7.974736092601171e-07
2016,NLD,7.051210146090858e-07
2017,NLD,6.115859019027225e-07
2018,NLD,5.720183365050746e-07
2019,NLD,5.430527175182819e-07
2020,NLD,5.182994795896293e-07
2010,NOR,1.0633905019327538e-07
2011,NOR,1.00951527344412e-07
2012,NOR,9.445787750243338e-08
2013,NOR,9.479394193715301e-08
2014,NOR,9.921595777634345e-08
2015,NOR,1.2994701461586113e-07
2016,NOR,1.3965514335873513e-07
2017,NOR,2.644779193934681e-07
2018,NOR,1.2102213229662674e-07
2019,NOR,1.1841506192685354e-07
2020,NOR,1.2540232692203e-07
2010,NPL,0.0
2011,NPL,0.0
2012,NPL,0.0
2013,NPL,0.0
2014,NPL,0.0
2015,NPL,0.0
2016,NPL,0.0
2017,NPL,0.0
2018,NPL,0.0
2019,NPL,0.0
2020,NPL,0.0
2010,NRU,0.0
2011,NRU,0.0
2012,NRU,0.0
2013,NRU,0.0
2014,NRU,0.0
2015,NRU,0.0
2016,NRU,0.0
2017,NRU,0.0
2018,NRU,0.0
2019,NRU,0.0
2020,NRU,0.0
2010,NZL,4.966276204811806e-07
2011,NZL,3.216081195599935e-07
2012,NZL,3.2626808797929e-07
2013,NZL,4.939936604985238e-07
2014,NZL,3.525931598356608e-07
2015,NZL,3.183066227919049e-07
2016,NZL,2.789477052273765e-07
2017,NZL,2.660754243105068e-07
2018,NZL,2.739829425386458e-07
2019,NZL,2.569494399246229e-07
2020,NZL,2.300955837930386e-07
2010,OMN,0.0
2011,OMN,0.0
2012,OMN,0.0
2013,OMN,0.0
2014,OMN,0.0
2015,OMN,0.0
2016,OMN,0.0
2017,OMN,0.0
2018,OMN,0.0
2019,OMN,0.0
2020,OMN,0.0
2010,PAK,3.0200901707638095e-07
2011,PAK,3.5681503023870025e-07
2012,PAK,4.184607328986218e-07
2013,PAK,4.582008878223809e-07
2014,PAK,4.2817835104688106e-07
2015,PAK,3.724712752651284e-07
2016,PAK,3.730807263918038e-07
2017,PAK,4.339336918438277e-07
2018,PAK,5.901190094118058e-07
2019,PAK,6.510954159120918e-07
2020,PAK,5.775212482966448e-07
2010,PAN,0.0
2011,PAN,0.0
2012,PAN,0.0
2013,PAN,0.0
2014,PAN,0.0
2015,PAN,0.0
2016,PAN,0.0
2017,PAN,0.0
2018,PAN,0.0
2019,PAN,0.0
2020,PAN,0.0
2010,PER,0.0
2011,PER,0.0
2012,PER,0.0
2013,PER,0.0
2014,PER,0.0
2015,PER,0.0
2016,PER,0.0
2017,PER,0.0
2018,PER,0.0
2019,PER,0.0
2020,PER,0.0
2010,PHL,0.0
2011,PHL,0.0
2012,PHL,0.0
2013,PHL,0.0
2014,PHL,0.0
2015,PHL,0.0
2016,PHL,0.0
2017,PHL,0.0
2018,PHL,0.0
2019,PHL,0.0
2020,PHL,0.0
2010,PLW,0.0
2011,PLW,0.0
2012,PLW,0.0
2013,PLW,0.0
2014,PLW,0.0
2015,PLW,0.0
2016,PLW,0.0
2017,PLW,0.0
2018,PLW,0.0
2019,PLW,0.0
2020,PLW,0.0
2010,PNG,0.0
2011,PNG,0.0
2012,PNG,0.0
2013,PNG,0.0
2014,PNG,0.0
2015,PNG,0.0
2016,PNG,0.0
2017,PNG,0.0
2018,PNG,0.0
2019,PNG,0.0
2020,PNG,0.0
2010,POL,3.5724834970321965e-08
2011,POL,5.082318823486989e-08
2012,POL,6.055080849848671e-08
2013,POL,7.577779395481365e-08
2014,POL,8.105566360171e-08
2015,POL,1.9111285992081186e-07
2016,POL,1.7019195865545876e-07
2017,POL,1.545639127798127e-07
2018,POL,2.495522921688972e-07
2019,POL,2.48453530388782e-07
2020,POL,2.2469870264400158e-07
2010,PRI,0.0
2011,PRI,0.0
2012,PRI,0.0
2013,PRI,0.0
2014,PRI,0.0
2015,PRI,0.0
2016,PRI,0.0
2017,PRI,0.0
2018,PRI,0.0
2019,PRI,0.0
2020,PRI,0.0
2010,PRK,1.0813587684032651e-05
2011,PRK,1.123961324445851e-05
2012,PRK,1.072101368145041e-05
2013,PRK,9.920051426637529e-06
2014,PRK,9.965142039994907e-06
2015,PRK,7.165662301119757e-06
2016,PRK,4.386934085360999e-06
2017,PRK,3.6754349506228457e-06
2018,PRK,3.624268178842925e-06
2019,PRK,3.826824301650613e-06
2020,PRK,3.667910619376476e-06
2010,PRT,4.082326664258771e-07
2011,PRT,3.9572431220402194e-07
2012,PRT,4.298911145339829e-07
2013,PRT,4.324057659783616e-07
2014,PRT,4.36142248464188e-07
2015,PRT,5.117560572132394e-07
2016,PRT,4.649471861721273e-07
2017,PRT,4.653848711274467e-07
2018,PRT,4.289436278880987e-07
2019,PRT,4.1752428836724377e-07
2020,PRT,4.10616652654339e-07
2010,PRY,0.0
2011,PRY,0.0
2012,PRY,0.0
2013,PRY,0.0
2014,PRY,0.0
2015,PRY,0.0
2016,PRY,0.0
2017,PRY,0.0
2018,PRY,0.0
2019,PRY,0.0
2020,PRY,0.0
2010,PYF,0.0
2011,PYF,0.0
2012,PYF,0.0
2013,PYF,0.0
2014,PYF,0.0
2015,PYF,0.0
2016,PYF,0.0
2017,PYF,0.0
2018,PYF,0.0
2019,PYF,0.0
2020,PYF,0.0
2010,QAT,0.0
2011,QAT,0.0
2012,QAT,0.0
2013,QAT,0.0
2014,QAT,0.0
2015,QAT,0.0
2016,QAT,0.0
2017,QAT,0.0
2018,QAT,0.0
2019,QAT,0.0
2020,QAT,0.0
2010,ROU,3.441873710642206e-07
2011,ROU,1.1066293445123008e-07
2012,ROU,1.3028455470696988e-07
2013,ROU,1.720665612431425e-07
2014,ROU,6.388404735995769e-08
2015,ROU,5.373104353824336e-08
2016,ROU,1.399432106817e-08
2017,ROU,5.1788494117419935e-08
2018,ROU,9.391937834092117e-08
2019,ROU,9.128063205402813e-08
2020,ROU,9.152478398920277e-08
2010,RUS,5.923460239412609e-05
2011,RUS,4.475325943654054e-05
2012,RUS,3.917736867470816e-05
2013,RUS,3.9127919446086826e-05
2014,RUS,4.1740780560297465e-05
2015,RUS,6.966565841289132e-05
2016,RUS,6.254057463064105e-05
2017,RUS,5.396554717404708e-05
2018,RUS,5.050362930181881e-05
2019,RUS,4.804973647553657e-05
2020,RUS,4.939662475558336e-05
2010,RWA,0.0
2011,RWA,0.0
2012,RWA,0.0
2013,RWA,0.0
2014,RWA,0.0
2015,RWA,0.0
2016,RWA,0.0
2017,RWA,0.0
2018,RWA,0.0
2019,RWA,0.0
2020,RWA,0.0
2010,SAU,7.545814600371495e-07
2011,SAU,5.022245881828929e-07
2012,SAU,3.913953249972484e-07
2013,SAU,4.268383473024525e-07
2014,SAU,4.538826705494075e-07
2015,SAU,4.749692722716349e-07
2016,SAU,4.780405920263953e-07
2017,SAU,4.46727689143497e-07
2018,SAU,4.308334140251753e-07
2019,SAU,4.289450972684596e-07
2020,SAU,4.4376615180541867e-07
2010,SDN,0.0
2011,SDN,0.0
2012,SDN,0.0
2013,SDN,0.0
2014,SDN,0.0
2015,SDN,0.0
2016,SDN,0.0
2017,SDN,0.0
2018,SDN,0.0
2019,SDN,0.0
2020,SDN,0.0
2010,SEN,0.0
2011,SEN,0.0
2012,SEN,0.0
2013,SEN,0.0
2014,SEN,0.0
2015,SEN,0.0
2016,SEN,0.0
2017,SEN,0.0
2018,SEN,0.0
2019,SEN,0.0
2020,SEN,0.0
2010,SGP,1.0384518583160714e-06
2011,SGP,1.0335548769327816e-06
2012,SGP,9.63138911371852e-07
2013,SGP,1.3610867745930851e-06
2014,SGP,1.3731441683237146e-06
2015,SGP,9.997983516088515e-07
2016,SGP,8.766068438488137e-07
2017,SGP,7.072510948686248e-07
2018,SGP,1.09969782533818e-06
2019,SGP,1.0769023272900523e-06
2020,SGP,1.0787019912101752e-06
2010,SLB,0.0
2011,SLB,0.0
2012,SLB,0.0
2013,SLB,0.0
2014,SLB,0.0
2015,SLB,0.0
2016,SLB,0.0
2017,SLB,0.0
2018,SLB,0.0
2019,SLB,0.0
2020,SLB,0.0
2010,SLE,0.0
2011,SLE,0.0
2012,SLE,0.0
2013,SLE,0.0
2014,SLE,0.0
2015,SLE,0.0
2016,SLE,0.0
2017,SLE,0.0
2018,SLE,0.0
2019,SLE,0.0
2020,SLE,0.0
2010,SLV,0.0
2011,SLV,0.0
2012,SLV,0.0
2013,SLV,0.0
2014,SLV,0.0
2015,SLV,0.0
2016,SLV,0.0
2017,SLV,0.0
2018,SLV,0.0
2019,SLV,0.0
2020,SLV,0.0
2010,SMR,3.518236646901509e-07
2011,SMR,5.000975442512645e-07
2012,SMR,6.224637299190351e-07
2013,SMR,6.007264691025025e-07
2014,SMR,3.565412172182032e-07
2015,SMR,6.784241197857105e-07
2016,SMR,4.857941641626862e-07
2017,SMR,4.4075634919291284e-07
2018,SMR,4.781594844584693e-07
2019,SMR,4.71809194967091e-07
2020,SMR,4.77805275319499e-07
2010,SOM,0.0
2011,SOM,0.0
2012,SOM,0.0
2013,SOM,0.0
2014,SOM,0.0
2015,SOM,0.0
2016,SOM,0.0
2017,SOM,0.0
2018,SOM,0.0
2019,SOM,0.0
2020,SOM,0.0
2010,SRB,0.0
2011,SRB,0.0
2012,SRB,0.0
2013,SRB,0.0
2014,SRB,0.0
2015,SRB,0.0
2016,SRB,0.0
2017,SRB,0.0
2018,SRB,0.0
2019,SRB,0.0
2020,SRB,0.0
2010,SSD,0.0
2011,SSD,0.0
2012,SSD,0.0
2013,SSD,0.0
2014,SSD,0.0
2015,SSD,0.0
2016,SSD,0.0
2017,SSD,0.0
2018,SSD,0.0
2019,SSD,0.0
2020,SSD,0.0
2010,STP,0.0
2011,STP,0.0
2012,STP,0.0
2013,STP,0.0
2014,STP,0.0
2015,STP,0.0
2016,STP,0.0
2017,STP,0.0
2018,STP,0.0
2019,STP,0.0
2020,STP,0.0
2010,SUR,0.0
2011,SUR,0.0
2012,SUR,0.0
2013,SUR,0.0
2014,SUR,0.0
2015,SUR,0.0
2016,SUR,0.0
2017,SUR,0.0
2018,SUR,0.0
2019,SUR,0.0
2020,SUR,0.0
2010,SVK,1.3983976354359278e-08
2011,SVK,2.16938703180812e-08
2012,SVK,1.985340243998864e-08
2013,SVK,1.4163349249171888e-08
2014,SVK,9.935920544694516e-09
2015,SVK,2.9020044314652774e-08
2016,SVK,1.566744328920984e-09
2017,SVK,4.220194119936843e-09
2018,SVK,8.934426495806922e-09
2019,SVK,8.750194807296315e-09
2020,SVK,8.46064982885957e-09
2010,SVN,4.5164376982124315e-09
2011,SVN,9.664687096823214e-10
2012,SVN,4.048329673246283e-09
2013,SVN,4.939277772638489e-09
2014,SVN,3.9313151750006416e-10
2015,SVN,2.035956573861525e-09
2016,SVN,3.2678856619771046e-10
2017,SVN,4.655768263023081e-09
2018,SVN,2.778826387514956e-09
2019,SVN,2.674884767592318e-09
2020,SVN,2.5789209964533758e-09
2010,SWE,5.354375235468717e-08
2011,SWE,3.2370774118287734e-08
2012,SWE,1.7165704305885267e-08
2013,SWE,1.7805757757029333e-08
2014,SWE,1.0522413718467642e-08
2015,SWE,6.205182492450691e-08
2016,SWE,7.068229057040794e-08
2017,SWE,2.9253247164239043e-08
2018,SWE,2.5152589928540772e-08
2019,SWE,2.6351548930119863e-08
2020,SWE,2.42519371464812e-08
2010,SWZ,0.0
2011,SWZ,0.0
2012,SWZ,0.0
2013,SWZ,0.0
2014,SWZ,0.0
2015,SWZ,0.0
2016,SWZ,0.0
2017,SWZ,0.0
2018,SWZ,0.0
2019,SWZ,0.0
2020,SWZ,0.0
2010,SXM,0.0
2011,SXM,0.0
2012,SXM,0.0
2013,SXM,0.0
2014,SXM,0.0
2015,SXM,0.0
2016,SXM,0.0
2017,SXM,0.0
2018,SXM,0.0
2019,SXM,0.0
2020,SXM,0.0
2010,SYC,0.0
2011,SYC,0.0
2012,SYC,0.0
2013,SYC,0.0
2014,SYC,0.0
2015,SYC,0.0
2016,SYC,0.0
2017,SYC,0.0
2018,SYC,0.0
2019,SYC,0.0
2020,SYC,0.0
2010,SYR,0.0
2011,SYR,0.0
2012,SYR,0.0
2013,SYR,0.0
2014,SYR,0.0
2015,SYR,0.0
2016,SYR,0.0
2017,SYR,0.0
2018,SYR,0.0
2019,SYR,0.0
2020,SYR,0.0
2010,TCA,0.0
2011,TCA,0.0
2012,TCA,0.0
2013,TCA,0.0
2014,TCA,0.0
2015,TCA,0.0
2016,TCA,0.0
2017,TCA,0.0
2018,TCA,0.0
2019,TCA,0.0
2020,TCA,0.0
2010,TCD,0.0
2011,TCD,0.0
2012,TCD,0.0
2013,TCD,0.0
2014,TCD,0.0
2015,TCD,0.0
2016,TCD,0.0
2017,TCD,0.0
2018,TCD,0.0
2019,TCD,0.0
2020,TCD,0.0
2010,TGO,0.0
2011,TGO,0.0
2012,TGO,0.0
2013,TGO,0.0
2014,TGO,0.0
2015,TGO,0.0
2016,TGO,0.0
2017,TGO,0.0
2018,TGO,0.0
2019,TGO,0.0
2020,TGO,0.0
2010,THA,0.0
2011,THA,0.0
2012,THA,0.0
2013,THA,0.0
2014,THA,0.0
2015,THA,0.0
2016,THA,0.0
2017,THA,0.0
2018,THA,0.0
2019,THA,0.0
2020,THA,0.0
2010,TJK,0.0
2011,TJK,0.0
2012,TJK,0.0
2013,TJK,0.0
2014,TJK,0.0
2015,TJK,0.0
2016,TJK,0.0
2017,TJK,0.0
2018,TJK,0.0
2019,TJK,0.0
2020,TJK,0.0
2010,TKM,0.0
2011,TKM,0.0
2012,TKM,0.0
2013,TKM,0.0
2014,TKM,0.0
2015,TKM,0.0
2016,TKM,0.0
2017,TKM,0.0
2018,TKM,0.0
2019,TKM,0.0
2020,TKM,0.0
2010,TLS,0.0
2011,TLS,0.0
2012,TLS,0.0
2013,TLS,0.0
2014,TLS,0.0
2015,TLS,0.0
2016,TLS,0.0
2017,TLS,0.0
2018,TLS,0.0
2019,TLS,0.0
2020,TLS,0.0
2010,TON,0.0
2011,TON,0.0
2012,TON,0.0
2013,TON,0.0
2014,TON,0.0
2015,TON,0.0
2016,TON,0.0
2017,TON,0.0
2018,TON,0.0
2019,TON,0.0
2020,TON,0.0
2010,TTO,0.0
2011,TTO,0.0
2012,TTO,0.0
2013,TTO,0.0
2014,TTO,0.0
2015,TTO,0.0
2016,TTO,0.0
2017,TTO,0.0
2018,TTO,0.0
2019,TTO,0.0
2020,TTO,0.0
2010,TUN,0.0
2011,TUN,0.0
2012,TUN,0.0
2013,TUN,0.0
2014,TUN,0.0
2015,TUN,0.0
2016,TUN,0.0
2017,TUN,0.0
2018,TUN,0.0
2019,TUN,0.0
2020,TUN,0.0
2010,TUR,1.944107664507684e-07
2011,TUR,1.995305083426926e-07
2012,TUR,2.088455855844265e-07
2013,TUR,2.010119356643538e-07
2014,TUR,2.457367807469635e-07
2015,TUR,2.895892621420084e-07
2016,TUR,2.544975137639905e-07
2017,TUR,5.708899596346927e-07
2018,TUR,6.504054563098952e-07
2019,TUR,6.548862583988442e-07
2020,TUR,6.60083266431418e-07
2010,TUV,0.0
2011,TUV,0.0
2012,TUV,0.0
2013,TUV,0.0
2014,TUV,0.0
2015,TUV,0.0
2016,TUV,0.0
2017,TUV,0.0
2018,TUV,0.0
2019,TUV,0.0
2020,TUV,0.0
2010,TZA,0.0
2011,TZA,0.0
2012,TZA,0.0
2013,TZA,0.0
2014,TZA,0.0
2015,TZA,0.0
2016,TZA,0.0
2017,TZA,0.0
2018,TZA,0.0
2019,TZA,0.0
2020,TZA,0.0
2010,UGA,0.0
2011,UGA,0.0
2012,UGA,0.0
2013,UGA,0.0
2014,UGA,0.0
2015,UGA,0.0
2016,UGA,0.0
2017,UGA,0.0
2018,UGA,0.0
2019,UGA,0.0
2020,UGA,0.0
2010,UKR,1.780499951678811e-07
2011,UKR,2.1254685609235028e-08
2012,UKR,2.500447182494752e-08
2013,UKR,1.0603074145086493e-08
2014,UKR,4.4335138063360973e-08
2015,UKR,2.7129569872492296e-08
2016,UKR,2.0140001609269797e-08
2017,UKR,6.261162383358588e-09
2018,UKR,1.5839935380908007e-08
2019,UKR,1.3493989905356496e-08
2020,UKR,1.4809007846532076e-08
2010,URY,0.0
2011,URY,0.0
2012,URY,0.0
2013,URY,0.0
2014,URY,0.0
2015,URY,0.0
2016,URY,0.0
2017,URY,0.0
2018,URY,0.0
2019,URY,0.0
2020,URY,0.0
2010,USA,6.746308619172249e-06
2011,USA,7.032596558134804e-06
2012,USA,6.512264966190434e-06
2013,USA,6.2632945556732325e-06
2014,USA,5.961380210287541e-06
2015,USA,5.4300720943468885e-06
2016,USA,5.187547570705193e-06
2017,USA,5.091844957531487e-06
2018,USA,5.076600622357896e-06
2019,USA,4.862722168502707e-06
2020,USA,4.569055313882671e-06
2010,UZB,0.0
2011,UZB,0.0
2012,UZB,0.0
2013,UZB,0.0
2014,UZB,0.0
2015,UZB,0.0
2016,UZB,0.0
2017,UZB,0.0
2018,UZB,0.0
2019,UZB,0.0
2020,UZB,0.0
2010,VCT,0.0
2011,VCT,0.0
2012,VCT,0.0
2013,VCT,0.0
2014,VCT,0.0
2015,VCT,0.0
2016,VCT,0.0
2017,VCT,0.0
2018,VCT,0.0
2019,VCT,0.0
2020,VCT,0.0
2010,VEN,0.0
2011,VEN,0.0
2012,VEN,0.0
2013,VEN,0.0
2014,VEN,0.0
2015,VEN,0.0
2016,VEN,0.0
2017,VEN,0.0
2018,VEN,0.0
2019,VEN,0.0
2020,VEN,0.0
2010,VGB,0.0
2011,VGB,0.0
2012,VGB,0.0
2013,VGB,0.0
2014,VGB,0.0
2015,VGB,0.0
2016,VGB,0.0
2017,VGB,0.0
2018,VGB,0.0
2019,VGB,0.0
2020,VGB,0.0
2010,VIR,0.0
2011,VIR,0.0
2012,VIR,0.0
2013,VIR,0.0
2014,VIR,0.0
2015,VIR,0.0
2016,VIR,0.0
2017,VIR,0.0
2018,VIR,0.0
2019,VIR,0.0
2020,VIR,0.0
2010,VNM,0.0
2011,VNM,0.0
2012,VNM,0.0
2013,VNM,0.0
2014,VNM,0.0
2015,VNM,0.0
2016,VNM,0.0
2017,VNM,0.0
2018,VNM,0.0
2019,VNM,0.0
2020,VNM,0.0
2010,VUT,0.0
2011,VUT,0.0
2012,VUT,0.0
2013,VUT,0.0
2014,VUT,0.0
2015,VUT,0.0
2016,VUT,0.0
2017,VUT,0.0
2018,VUT,0.0
2019,VUT,0.0
2020,VUT,0.0
2010,WSM,0.0
2011,WSM,0.0
2012,WSM,0.0
2013,WSM,0.0
2014,WSM,0.0
2015,WSM,0.0
2016,WSM,0.0
2017,WSM,0.0
2018,WSM,0.0
2019,WSM,0.0
2020,WSM,0.0
2010,XKX,0.0
2011,XKX,0.0
2012,XKX,0.0
2013,XKX,0.0
2014,XKX,0.0
2015,XKX,0.0
2016,XKX,0.0
2017,XKX,0.0
2018,XKX,0.0
2019,XKX,0.0
2020,XKX,0.0
2010,YEM,0.0
2011,YEM,0.0
2012,YEM,0.0
2013,YEM,0.0
2014,YEM,0.0
2015,YEM,0.0
2016,YEM,0.0
2017,YEM,0.0
2018,YEM,0.0
2019,YEM,0.0
2020,YEM,0.0
2010,ZAF,0.0
2011,ZAF,0.0
2012,ZAF,0.0
2013,ZAF,0.0
2014,ZAF,0.0
2015,ZAF,0.0
2016,ZAF,0.0
2017,ZAF,0.0
2018,ZAF,0.0
2019,ZAF,0.0
2020,ZAF,0.0
2010,ZMB,0.0
2011,ZMB,0.0
2012,ZMB,0.0
2013,ZMB,0.0
2014,ZMB,0.0
2015,ZMB,0.0
2016,ZMB,0.0
2017,ZMB,0.0
2018,ZMB,0.0
2019,ZMB,0.0
2020,ZMB,0.0
2010,ZWE,0.0
2011,ZWE,0.0
2012,ZWE,0.0
2013,ZWE,0.0
2014,ZWE,0.0
2015,ZWE,0.0
2016,ZWE,0.0
2017,ZWE,0.0
2018,ZWE,0.0
2019,ZWE,0.0
2020,ZWE,0.0
