Year,iso_code3,ef_ippu_tonne_c3h3f5_per_mmm_gdp_product_use_ods_other
2010,ABW,0.0
2011,ABW,0.0
2012,ABW,0.0
2013,ABW,0.0
2014,ABW,0.0
2015,ABW,0.0
2016,ABW,0.0
2017,ABW,0.0
2018,ABW,0.0
2019,ABW,0.0
2020,ABW,0.0
2010,AFG,0.0
2011,AFG,0.0
2012,AFG,0.0
2013,AFG,0.0
2014,AFG,0.0
2015,AFG,0.0
2016,AFG,0.0
2017,AFG,0.0
2018,AFG,0.0
2019,AFG,0.0
2020,AFG,0.0
2010,AGO,0.0381990258824923
2011,AGO,0.0375579829100943
2012,AGO,0.036997048287748
2013,AGO,0.0339113383481321
2014,AGO,0.0340642206297544
2015,AGO,0.0352095921033349
2016,AGO,0.0365839381216851
2017,AGO,0.0405478615127107
2018,AGO,0.0431327873087856
2019,AGO,0.0433847476912221
2020,AGO,0.0436396690256211
2010,ALB,0.0870949366049455
2011,ALB,0.0887398382409744
2012,ALB,0.0902770818062368
2013,ALB,0.0852073540127652
2014,ALB,0.0879125443508036
2015,ALB,0.0931264129243391
2016,ALB,0.094078319949888
2017,ALB,0.1014268382063951
2018,ALB,0.1049948153465168
2019,ALB,0.1028143027750336
2020,ALB,0.1007225165021633
2010,AND,0.0068815303944416
2011,AND,0.0082136243647965
2012,AND,0.0093704249693929
2013,AND,0.0094126008721891
2014,AND,0.0102656786070187
2015,AND,0.0150528989861885
2016,AND,0.0207530781116846
2017,AND,0.025311631628131
2018,AND,0.0240464403838046
2019,AND,0.0239097381283225
2020,AND,0.0237745813714494
2010,ARE,0.4362990393291563
2011,ARE,0.4426446332767594
2012,ARE,0.4485245305670234
2013,ARE,0.4217666069312943
2014,ARE,0.4336462364214064
2015,ARE,0.4578686511874861
2016,ARE,0.4674257727708479
2017,ARE,0.5090716994307297
2018,ARE,0.5321723305522678
2019,ARE,0.5260887883214623
2020,ARE,0.5201427624205117
2010,ARG,0.2143895232232521
2011,ARG,0.2182124970701816
2012,ARG,0.2217779249137299
2013,ARG,0.2091338772563686
2014,ARG,0.2155900765911634
2015,ARG,0.2281935906010307
2016,ARG,0.2393121535374487
2017,ARG,0.2677682477086989
2018,ARG,0.2876095995643397
2019,ARG,0.2921652954192185
2020,ARG,0.2968676372977002
2010,ARM,0.1427512095092613
2011,ARM,0.1440181331186048
2012,ARM,0.1451785565786491
2013,ARM,0.1358656619954545
2014,ARM,0.139073173554018
2015,ARM,0.146235376343949
2016,ARM,0.1451916641427499
2017,ARM,0.1540011744503674
2018,ARM,0.1569873998679193
2019,ARM,0.1515124613343897
2020,ARM,0.1464065308090036
2010,ASM,0.0
2011,ASM,0.0
2012,ASM,0.0
2013,ASM,0.0
2014,ASM,0.0
2015,ASM,0.0
2016,ASM,0.0
2017,ASM,0.0
2018,ASM,0.0
2019,ASM,0.0
2020,ASM,0.0
2010,ATG,0.0
2011,ATG,0.0
2012,ATG,0.0
2013,ATG,0.0
2014,ATG,0.0
2015,ATG,0.0
2016,ATG,0.0
2017,ATG,0.0
2018,ATG,0.0
2019,ATG,0.0
2020,ATG,0.0
2010,AUS,0.0187262460875333
2011,AUS,0.0273611266025382
2012,AUS,0.0257486627154346
2013,AUS,0.0280701218019926
2014,AUS,0.0386188420778711
2015,AUS,0.0452747034351197
2016,AUS,0.0458373634255299
2017,AUS,0.0413857421134437
2018,AUS,0.0408046179925493
2019,AUS,0.0401435485458291
2020,AUS,0.0395035573852955
2010,AUT,0.0035497766651318
2011,AUT,0.0033859994615921
2012,AUT,0.0032316212104209
2013,AUT,0.0030859608506801
2014,AUT,0.0029483965315641
2015,AUT,0.002818365029257
2016,AUT,0.0027235166198697
2017,AUT,0.0026321845911167
2018,AUT,0.002544221662769
2019,AUT,0.002516873870365
2020,AUT,0.0024901077474531
2010,AZE,0.0
2011,AZE,0.0
2012,AZE,0.0
2013,AZE,0.0
2014,AZE,0.0
2015,AZE,0.0
2016,AZE,0.0
2017,AZE,0.0
2018,AZE,0.0
2019,AZE,0.0
2020,AZE,0.0
2010,BDI,0.6605937802459421
2011,BDI,0.6529476784229635
2012,BDI,0.6461872194706196
2013,BDI,0.5947309102400498
2014,BDI,0.5996044846995545
2015,BDI,0.6218056781448073
2016,BDI,0.6397760131226276
2017,BDI,0.702169823137605
2018,BDI,0.7396241178726005
2019,BDI,0.7366520312537521
2020,BDI,0.7337037349500615
2010,BEL,0.000822489696733
2011,BEL,0.0008488997836633
2012,BEL,0.0011164315704898
2013,BEL,0.0009952294081937
2014,BEL,0.0010106066523412
2015,BEL,0.000975899157548
2016,BEL,0.0008663110108003
2017,BEL,0.0006271027364503
2018,BEL,0.0006204772730475
2019,BEL,0.0006161122174218
2020,BEL,0.0006118081490557
2010,BEN,0.5844601137998693
2011,BEN,0.5824043765579764
2012,BEN,0.58055199746135
2013,BEN,0.5377886518701356
2014,BEN,0.5453625113805805
2015,BEN,0.5685451917594871
2016,BEN,0.5562295510258676
2017,BEN,0.5821017646318832
2018,BEN,0.5861291647201043
2019,BEN,0.559321950232373
2020,BEN,0.5348596014532816
2010,BFA,0.5133923089587358
2011,BFA,0.5039341069444581
2012,BFA,0.4956845471989459
2013,BFA,0.4537596059552132
2014,BFA,0.4552865909236547
2015,BFA,0.470116780148766
2016,BFA,0.4619293612547042
2017,BFA,0.4853095037042038
2018,BFA,0.4904045795190635
2019,BFA,0.4694919282969751
2020,BFA,0.4502899136615036
2010,BGD,0.1019029967207233
2011,BGD,0.1004146422468643
2012,BGD,0.0991066650400693
2013,BGD,0.090996238030232
2014,BGD,0.0915456431520437
2015,BGD,0.0947527462550135
2016,BGD,0.0908675168334401
2017,BGD,0.0934328530914522
2018,BGD,0.0926164330237596
2019,BGD,0.08714937643102
2020,BGD,0.0822917742511501
2010,BGR,0.0
2011,BGR,0.0
2012,BGR,0.0
2013,BGR,0.0
2014,BGR,0.0
2015,BGR,0.0
2016,BGR,0.0
2017,BGR,0.0
2018,BGR,0.0
2019,BGR,0.0
2020,BGR,0.0
2010,BHR,0.4964179338978795
2011,BHR,0.4968756781535544
2012,BHR,0.4972813575392912
2013,BHR,0.462323000656145
2014,BHR,0.4703805202715855
2015,BHR,0.4918527585889068
2016,BHR,0.4989366867546872
2017,BHR,0.5400472704225276
2018,BHR,0.561181054614451
2019,BHR,0.5515464722922446
2020,BHR,0.5422371269485537
2010,BHS,0.0
2011,BHS,0.0
2012,BHS,0.0
2013,BHS,0.0
2014,BHS,0.0
2015,BHS,0.0
2016,BHS,0.0
2017,BHS,0.0
2018,BHS,0.0
2019,BHS,0.0
2020,BHS,0.0
2010,BIH,0.0
2011,BIH,0.0
2012,BIH,0.0
2013,BIH,0.0
2014,BIH,0.0
2015,BIH,0.0
2016,BIH,0.0
2017,BIH,0.0
2018,BIH,0.0
2019,BIH,0.0
2020,BIH,0.0
2010,BLR,0.0
2011,BLR,0.0
2012,BLR,0.0
2013,BLR,0.0
2014,BLR,0.0
2015,BLR,0.0
2016,BLR,0.0
2017,BLR,0.0
2018,BLR,0.0
2019,BLR,0.0
2020,BLR,0.0
2010,BLZ,0.0
2011,BLZ,0.0
2012,BLZ,0.0
2013,BLZ,0.0
2014,BLZ,0.0
2015,BLZ,0.0
2016,BLZ,0.0
2017,BLZ,0.0
2018,BLZ,0.0
2019,BLZ,0.0
2020,BLZ,0.0
2010,BMU,0.0
2011,BMU,0.0
2012,BMU,0.0
2013,BMU,0.0
2014,BMU,0.0
2015,BMU,0.0
2016,BMU,0.0
2017,BMU,0.0
2018,BMU,0.0
2019,BMU,0.0
2020,BMU,0.0
2010,BOL,0.0
2011,BOL,0.0
2012,BOL,0.0
2013,BOL,0.0
2014,BOL,0.0
2015,BOL,0.0
2016,BOL,0.0
2017,BOL,0.0
2018,BOL,0.0
2019,BOL,0.0
2020,BOL,0.0
2010,BRA,0.0
2011,BRA,0.0
2012,BRA,0.0
2013,BRA,0.0
2014,BRA,0.0
2015,BRA,0.0
2016,BRA,0.0
2017,BRA,0.0
2018,BRA,0.0
2019,BRA,0.0
2020,BRA,0.0
2010,BRB,0.0
2011,BRB,0.0
2012,BRB,0.0
2013,BRB,0.0
2014,BRB,0.0
2015,BRB,0.0
2016,BRB,0.0
2017,BRB,0.0
2018,BRB,0.0
2019,BRB,0.0
2020,BRB,0.0
2010,BRN,0.1060307209716717
2011,BRN,0.1114817972034821
2012,BRN,0.1169038618857032
2013,BRN,0.1136173413277591
2014,BRN,0.1205903474422784
2015,BRN,0.1312900908466263
2016,BRN,0.1345128820985298
2017,BRN,0.147014209789755
2018,BRN,0.1542167714305744
2019,BRN,0.1529706401882525
2020,BRN,0.1517444859699845
2010,BTN,0.0
2011,BTN,0.0
2012,BTN,0.0
2013,BTN,0.0
2014,BTN,0.0
2015,BTN,0.0
2016,BTN,0.0
2017,BTN,0.0
2018,BTN,0.0
2019,BTN,0.0
2020,BTN,0.0
2010,BWA,0.1350847017131846
2011,BWA,0.1329550762891281
2012,BWA,0.1310878413888259
2013,BWA,0.1202504543544232
2014,BWA,0.1208782702030638
2015,BWA,0.1250219461190358
2016,BWA,0.1265494830152504
2017,BWA,0.1366928283398418
2018,BWA,0.1417585297025168
2019,BWA,0.1390567263400272
2020,BWA,0.1364559852034744
2010,CAF,1.1811880060196736
2011,CAF,1.1989599152109287
2012,CAF,1.215443864048905
2013,CAF,1.1434212962492738
2014,CAF,1.1760958662703438
2015,CAF,1.2422523890622348
2016,CAF,1.2413656343349255
2017,CAF,1.3246125772836803
2018,CAF,1.357882233474727
2019,CAF,1.3174094624765291
2020,CAF,1.2792795088416375
2010,CAN,0.1785999141013568
2011,CAN,0.2210056060875648
2012,CAN,0.2569359086628959
2013,CAN,0.4546357983939583
2014,CAN,0.448902533434831
2015,CAN,0.3606453559538689
2016,CAN,0.3801670897215539
2017,CAN,0.2754552200047699
2018,CAN,0.3092082570250634
2019,CAN,0.305871961524093
2020,CAN,0.3026068934214556
2010,CHE,0.0
2011,CHE,0.0
2012,CHE,6.329527292397022e-07
2013,CHE,3.95041720441571e-06
2014,CHE,4.625126993384585e-06
2015,CHE,4.318929028748958e-06
2016,CHE,0.0003186666066503
2017,CHE,0.0002847678188575
2018,CHE,0.0003019444230362
2019,CHE,0.0002985482762409
2020,CHE,0.0002952276766489
2010,CHL,0.1171158382632406
2011,CHL,0.11770888287079
2012,CHL,0.118247326008364
2013,CHL,0.1103109408901862
2014,CHL,0.1125850901635829
2015,CHL,0.1180632978851098
2016,CHL,0.1203132202768337
2017,CHL,0.1308054266009056
2018,CHL,0.1365098251106736
2019,CHL,0.1347266420908223
2020,CHL,0.1329894446450107
2010,CHN,0.004054245302187
2011,CHN,0.0040105763665906
2012,CHN,0.004003123792411
2013,CHN,0.0040256933357011
2014,CHN,0.0040741239509245
2015,CHN,0.0041456086977007
2016,CHN,0.0042335411784295
2017,CHN,0.0043418078055015
2018,CHN,0.0044375815108865
2019,CHN,0.0041955208065603
2020,CHN,0.0039785019246147
2010,CIV,0.6351858222239638
2011,CIV,0.6382493161818151
2012,CIV,0.6410289843176614
2013,CIV,0.5978857726463523
2014,CIV,0.6100998116697465
2015,CIV,0.6396782027653704
2016,CIV,0.6162039147361575
2017,CIV,0.6360745750536896
2018,CIV,0.6326771711719498
2019,CIV,0.5971355398931448
2020,CIV,0.5653747287568609
2010,CMR,0.6902482732467707
2011,CMR,0.6947425889504854
2012,CMR,0.6988376491126378
2013,CMR,0.6527186213173258
2014,CMR,0.6669122352567468
2015,CMR,0.7000772012473152
2016,CMR,0.6987001115716901
2017,CMR,0.7446807249699483
2018,CMR,0.7625448294915076
2019,CMR,0.73905209241409
2020,CMR,0.7169636360450303
2010,COD,1.0958275784054068
2011,COD,1.0657437883322909
2012,COD,1.0399608742066913
2013,COD,0.945391746297679
2014,COD,0.942773955785183
2015,COD,0.9682023109886836
2016,COD,0.960827499244652
2017,COD,1.0186702841906317
2018,COD,1.0379928892791437
2019,COD,1.0014068020913978
2020,COD,0.9673120008956976
2010,COG,0.1972137736812906
2011,COG,0.2000836660940055
2012,COG,0.2027429890619879
2013,COG,0.1906491136821556
2014,COG,0.1960202530065271
2015,COG,0.2069706830857638
2016,COG,0.2226672158666828
2017,COG,0.2559653871515703
2018,COG,0.2829197453511597
2019,COG,0.2962817076917806
2020,COG,0.3109683732971199
2010,COL,0.178565173588389
2011,COL,0.1799779280582384
2012,COL,0.1812692498368403
2013,COL,0.1695045151392752
2014,COL,0.1733770463369689
2015,COL,0.18218021860375
2016,COL,0.1856899962007686
2017,COL,0.2019237510872589
2018,COL,0.2107704707159513
2019,COL,0.2080565384323642
2020,COL,0.2054116081773694
2010,COM,0.0
2011,COM,0.0
2012,COM,0.0
2013,COM,0.0
2014,COM,0.0
2015,COM,0.0
2016,COM,0.0
2017,COM,0.0
2018,COM,0.0
2019,COM,0.0
2020,COM,0.0
2010,CPV,0.0
2011,CPV,0.0
2012,CPV,0.0
2013,CPV,0.0
2014,CPV,0.0
2015,CPV,0.0
2016,CPV,0.0
2017,CPV,0.0
2018,CPV,0.0
2019,CPV,0.0
2020,CPV,0.0
2010,CRI,0.0893161529097498
2011,CRI,0.0902201280505681
2012,CRI,0.0910502890670936
2013,CRI,0.0852987753072065
2014,CRI,0.0873970047441662
2015,CRI,0.0919804021154441
2016,CRI,0.0930709927713741
2017,CRI,0.1004964688315015
2018,CRI,0.1041864432686538
2019,CRI,0.1021683658513709
2020,CRI,0.100226982654557
2010,CUB,0.0482636746007353
2011,CUB,0.0495399232429021
2012,CUB,0.0507502203942852
2013,CUB,0.048216030555393
2014,CUB,0.0500568185257019
2015,CUB,0.0533383937618918
2016,CUB,0.0549408226940911
2017,CUB,0.0603653759999381
2018,CUB,0.063654926906997
2019,CUB,0.0634680641614073
2020,CUB,0.0632822952976114
2010,CUW,0.0
2011,CUW,0.0
2012,CUW,0.0
2013,CUW,0.0
2014,CUW,0.0
2015,CUW,0.0
2016,CUW,0.0
2017,CUW,0.0
2018,CUW,0.0
2019,CUW,0.0
2020,CUW,0.0
2010,CYM,0.0482636746007353
2011,CYM,0.0495399232429021
2012,CYM,0.0507502203942852
2013,CYM,0.048216030555393
2014,CYM,0.0500568185257019
2015,CYM,0.0533383937618918
2016,CYM,0.0549408226940911
2017,CYM,0.0603653759999381
2018,CYM,0.063654926906997
2019,CYM,0.0634680641614073
2020,CYM,0.0632822952976114
2010,CYP,0.0
2011,CYP,0.0
2012,CYP,0.0
2013,CYP,0.0
2014,CYP,0.0
2015,CYP,0.0
2016,CYP,0.0
2017,CYP,0.0
2018,CYP,0.0
2019,CYP,0.0
2020,CYP,0.0
2010,CZE,0.0019124268088518
2011,CZE,0.0018472576537597
2012,CZE,0.0009862268624414
2013,CZE,0.0017104032199323
2014,CZE,0.0014465966193382
2015,CZE,0.0013762968470159
2016,CZE,0.0026959695830404
2017,CZE,0.0026986618257537
2018,CZE,0.0007228986588155
2019,CZE,0.0007064837162717
2020,CZE,0.000690797694008
2010,DEU,0.0112618916665614
2011,DEU,0.0125928282595206
2012,DEU,0.009595302736615
2013,DEU,0.0139781548478498
2014,DEU,0.0141824121530987
2015,DEU,0.0222982138313475
2016,DEU,0.0252769535014535
2017,DEU,0.0301566629499085
2018,DEU,0.0206214420695926
2019,DEU,0.0204326594722948
2020,DEU,0.0202473020056347
2010,DJI,0.0
2011,DJI,0.0
2012,DJI,0.0
2013,DJI,0.0
2014,DJI,0.0
2015,DJI,0.0
2016,DJI,0.0
2017,DJI,0.0
2018,DJI,0.0
2019,DJI,0.0
2020,DJI,0.0
2010,DMA,0.0
2011,DMA,0.0
2012,DMA,0.0
2013,DMA,0.0
2014,DMA,0.0
2015,DMA,0.0
2016,DMA,0.0
2017,DMA,0.0
2018,DMA,0.0
2019,DMA,0.0
2020,DMA,0.0
2010,DNK,0.0
2011,DNK,0.0
2012,DNK,0.0
2013,DNK,0.0
2014,DNK,0.0
2015,DNK,0.0
2016,DNK,0.0
2017,DNK,0.0
2018,DNK,0.0
2019,DNK,0.0
2020,DNK,0.0
2010,DOM,0.1787882591584136
2011,DOM,0.1783361954757673
2012,DOM,0.1779272642098268
2013,DOM,0.1649535825155891
2014,DOM,0.1673985444134381
2015,DOM,0.174630254981505
2016,DOM,0.1724577014051845
2017,DOM,0.1820221402069814
2018,DOM,0.1847091309429001
2019,DOM,0.1775175183465535
2020,DOM,0.1708649270252896
2010,DZA,0.0763873025915452
2011,DZA,0.0767009353107791
2012,DZA,0.0769849345403439
2013,DZA,0.0717609780428076
2014,DZA,0.0731870636024624
2015,DZA,0.0766967644614073
2016,DZA,0.0783562531231666
2017,DZA,0.0853999226079853
2018,DZA,0.0893390245400612
2019,DZA,0.0883794863288834
2020,DZA,0.0874403407696073
2010,ECU,0.067003675057825
2011,ECU,0.0690628127189394
2012,ECU,0.071031703498271
2013,ECU,0.0677410024450588
2014,ECU,0.0705822015517242
2015,ECU,0.0754700273807018
2016,ECU,0.0782097489496642
2017,ECU,0.0864540132805507
2018,ECU,0.0917193978649639
2019,ECU,0.0920061370243624
2020,ECU,0.0922946746515446
2010,EGY,0.2550949739911257
2011,EGY,0.2518238657492772
2012,EGY,0.2489389177804192
2013,EGY,0.2288889647776792
2014,EGY,0.2305603773663698
2015,EGY,0.2389068421626788
2016,EGY,0.2354129113893704
2017,EGY,0.247966800715701
2018,EGY,0.2511609148750139
2019,EGY,0.2409701986069559
2020,EGY,0.2315742024453067
2010,ERI,0.0
2011,ERI,0.0
2012,ERI,0.0
2013,ERI,0.0
2014,ERI,0.0
2015,ERI,0.0
2016,ERI,0.0
2017,ERI,0.0
2018,ERI,0.0
2019,ERI,0.0
2020,ERI,0.0
2010,ESP,0.0220226006694734
2011,ESP,0.0181024776426116
2012,ESP,0.0156045591278099
2013,ESP,0.0072902501270677
2014,ESP,0.0072097271222675
2015,ESP,0.0072976896674878
2016,ESP,0.0069746475730564
2017,ESP,0.0061901238153837
2018,ESP,0.005417109666718
2019,ESP,0.0053618690995278
2020,ESP,0.0053077437826901
2010,EST,0.0
2011,EST,0.0
2012,EST,0.0
2013,EST,0.0
2014,EST,0.0
2015,EST,0.0
2016,EST,0.0
2017,EST,0.0
2018,EST,0.0
2019,EST,0.0
2020,EST,0.0
2010,ETH,0.0
2011,ETH,0.0
2012,ETH,0.0
2013,ETH,0.0
2014,ETH,0.0
2015,ETH,0.0
2016,ETH,0.0
2017,ETH,0.0
2018,ETH,0.0
2019,ETH,0.0
2020,ETH,0.0
2010,FIN,0.0011664819900236
2011,FIN,0.0011824818897545
2012,FIN,0.0011599729431238
2013,FIN,0.0013890114933001
2014,FIN,0.0012595788054632
2015,FIN,0.0012588813317801
2016,FIN,0.0009505492286744
2017,FIN,0.0010406952077438
2018,FIN,0.0011776639018577
2019,FIN,0.0011635151531335
2020,FIN,0.0011497023415894
2010,FJI,0.4778801294149881
2011,FJI,0.4878972286817278
2012,FJI,0.4972965350582127
2013,FJI,0.470211260940893
2014,FJI,0.4859580782193509
2015,FJI,0.5155975434410375
2016,FJI,0.5293058035271292
2017,FJI,0.5796332568735492
2018,FJI,0.6092067109817318
2019,FJI,0.6054360001947796
2020,FJI,0.6017116802187574
2010,FRA,0.0068815303944416
2011,FRA,0.0082136243647965
2012,FRA,0.0093704249693929
2013,FRA,0.0094126008721891
2014,FRA,0.0102656786070187
2015,FRA,0.0150528989861885
2016,FRA,0.0207530781116846
2017,FRA,0.025311631628131
2018,FRA,0.0240464403838046
2019,FRA,0.0239097381283225
2020,FRA,0.0237745813714494
2010,FRO,0.0
2011,FRO,0.0
2012,FRO,0.0
2013,FRO,0.0
2014,FRO,0.0
2015,FRO,0.0
2016,FRO,0.0
2017,FRO,0.0
2018,FRO,0.0
2019,FRO,0.0
2020,FRO,0.0
2010,FSM,0.0
2011,FSM,0.0
2012,FSM,0.0
2013,FSM,0.0
2014,FSM,0.0
2015,FSM,0.0
2016,FSM,0.0
2017,FSM,0.0
2018,FSM,0.0
2019,FSM,0.0
2020,FSM,0.0
2010,GAB,0.4404014727178575
2011,GAB,0.4376870692682608
2012,GAB,0.435258841723561
2013,GAB,0.402336338602365
2014,GAB,0.4072142557102784
2015,GAB,0.4237789687094165
2016,GAB,0.4307144422703012
2017,GAB,0.4670755723630544
2018,GAB,0.4862312528839523
2019,GAB,0.4787192320609095
2020,GAB,0.4714357934175172
2010,GBR,0.0168685262236472
2011,GBR,0.0165875313465825
2012,GBR,0.0167063788023417
2013,GBR,0.0168939449241123
2014,GBR,0.017514212955552
2015,GBR,0.0181924466217189
2016,GBR,0.0192556294216391
2017,GBR,0.0203539881446196
2018,GBR,0.0207059630484642
2019,GBR,0.0205681768971152
2020,GBR,0.0204322123972667
2010,GEO,0.0
2011,GEO,0.0
2012,GEO,0.0
2013,GEO,0.0
2014,GEO,0.0
2015,GEO,0.0
2016,GEO,0.0
2017,GEO,0.0
2018,GEO,0.0
2019,GEO,0.0
2020,GEO,0.0
2010,GHA,0.5035450646423101
2011,GHA,0.4935431527669037
2012,GHA,0.4848439054108863
2013,GHA,0.4433382599017065
2014,GHA,0.4443887533451439
2015,GHA,0.4584580684925326
2016,GHA,0.4494658129568883
2017,GHA,0.4712590399278712
2018,GHA,0.4753299804192437
2019,GHA,0.4542951825281139
2020,GHA,0.4350431973652637
2010,GIB,0.1194801893197059
2011,GIB,0.1189670770094534
2012,GIB,0.1185058418891595
2013,GIB,0.109707617565046
2014,GIB,0.111189250319136
2015,GIB,0.1158556329280015
2016,GIB,0.1174349417107939
2017,GIB,0.1270180664609323
2018,GIB,0.1318954730098998
2019,GIB,0.1295426889755551
2020,GIB,0.1272723729424216
2010,GIN,0.6442183459005119
2011,GIN,0.6510587344602997
2012,GIN,0.6573471208342477
2013,GIN,0.616081018144622
2014,GIN,0.6314802675572762
2015,GIN,0.6648364917486154
2016,GIN,0.6400167783478558
2017,GIN,0.6602751726109183
2018,GIN,0.6564157383992473
2019,GIN,0.6192620380393641
2020,GIN,0.5860888978751598
2010,GMB,0.0
2011,GMB,0.0
2012,GMB,0.0
2013,GMB,0.0
2014,GMB,0.0
2015,GMB,0.0
2016,GMB,0.0
2017,GMB,0.0
2018,GMB,0.0
2019,GMB,0.0
2020,GMB,0.0
2010,GNB,0.0
2011,GNB,0.0
2012,GNB,0.0
2013,GNB,0.0
2014,GNB,0.0
2015,GNB,0.0
2016,GNB,0.0
2017,GNB,0.0
2018,GNB,0.0
2019,GNB,0.0
2020,GNB,0.0
2010,GNQ,0.0891428044884095
2011,GNQ,0.0906405521386174
2012,GNQ,0.0920345719363145
2013,GNQ,0.0867108653408205
2014,GNQ,0.089313815544516
2015,GNQ,0.0944617470076622
2016,GNQ,0.1027798785638282
2017,GNQ,0.1196257536259731
2018,GNQ,0.134048493313059
2019,GNQ,0.1425332626791697
2020,GNQ,0.1521647216931044
2010,GRC,0.0
2011,GRC,0.0
2012,GRC,0.0
2013,GRC,0.0
2014,GRC,0.0
2015,GRC,0.0
2016,GRC,0.0
2017,GRC,0.0
2018,GRC,0.0
2019,GRC,0.0
2020,GRC,0.0
2010,GRD,0.0
2011,GRD,0.0
2012,GRD,0.0
2013,GRD,0.0
2014,GRD,0.0
2015,GRD,0.0
2016,GRD,0.0
2017,GRD,0.0
2018,GRD,0.0
2019,GRD,0.0
2020,GRD,0.0
2010,GRL,0.0
2011,GRL,0.0
2012,GRL,0.0
2013,GRL,0.0
2014,GRL,0.0
2015,GRL,0.0
2016,GRL,0.0
2017,GRL,0.0
2018,GRL,0.0
2019,GRL,0.0
2020,GRL,0.0
2010,GTM,0.0339617163438007
2011,GTM,0.0346990980162674
2012,GTM,0.0353920253519395
2013,GTM,0.0334861647489158
2014,GTM,0.0346288185152599
2015,GTM,0.0367621987893036
2016,GTM,0.036901283562564
2017,GTM,0.0395425888280249
2018,GTM,0.0406974493450823
2019,GTM,0.0396330904037028
2020,GTM,0.0386229848580731
2010,GUM,0.1600516008827757
2011,GUM,0.1614821494138419
2012,GUM,0.1627926347107535
2013,GUM,0.152357886461724
2014,GUM,0.1559623411079593
2015,GUM,0.1640017299458901
2016,GUM,0.1612294569784336
2017,GUM,0.1694699774973799
2018,GUM,0.1713229228032676
2019,GUM,0.1640817130580509
2020,GUM,0.1574278006365
2010,GUY,0.0
2011,GUY,0.0
2012,GUY,0.0
2013,GUY,0.0
2014,GUY,0.0
2015,GUY,0.0
2016,GUY,0.0
2017,GUY,0.0
2018,GUY,0.0
2019,GUY,0.0
2020,GUY,0.0
2010,HKG,0.0
2011,HKG,0.0
2012,HKG,0.0
2013,HKG,0.0
2014,HKG,0.0
2015,HKG,0.0
2016,HKG,0.0
2017,HKG,0.0
2018,HKG,0.0
2019,HKG,0.0
2020,HKG,0.0
2010,HND,0.1960094357029363
2011,HND,0.1975928173580558
2012,HND,0.1990406157695802
2013,HND,0.1861483631680994
2014,HND,0.1904255815982724
2015,HND,0.200118156725231
2016,HND,0.2014634684032276
2017,HND,0.2164826422550857
2018,HND,0.2233915645532526
2019,HND,0.2180932304215525
2020,HND,0.2130404020575539
2010,HRV,0.0
2011,HRV,0.0
2012,HRV,0.0
2013,HRV,0.0
2014,HRV,0.0
2015,HRV,0.0
2016,HRV,0.0
2017,HRV,0.0
2018,HRV,0.0
2019,HRV,0.0
2020,HRV,0.0
2010,HTI,0.0
2011,HTI,0.0
2012,HTI,0.0
2013,HTI,0.0
2014,HTI,0.0
2015,HTI,0.0
2016,HTI,0.0
2017,HTI,0.0
2018,HTI,0.0
2019,HTI,0.0
2020,HTI,0.0
2010,HUN,0.0
2011,HUN,0.0
2012,HUN,0.0
2013,HUN,0.0
2014,HUN,0.0
2015,HUN,0.0
2016,HUN,0.0
2017,HUN,0.0
2018,HUN,0.0
2019,HUN,0.0
2020,HUN,0.0
2010,IDN,0.1227589694236998
2011,IDN,0.1207685480936093
2012,IDN,0.1190249219431761
2013,IDN,0.1091463238176252
2014,IDN,0.1096817643232455
2015,IDN,0.1134098081289182
2016,IDN,0.1118969444152441
2017,IDN,0.118004365102336
2018,IDN,0.1196547711049838
2019,IDN,0.1149150121276361
2020,IDN,0.1105364477325337
2010,IMN,0.0
2011,IMN,0.0
2012,IMN,0.0
2013,IMN,0.0
2014,IMN,0.0
2015,IMN,0.0
2016,IMN,0.0
2017,IMN,0.0
2018,IMN,0.0
2019,IMN,0.0
2020,IMN,0.0
2010,IND,0.0
2011,IND,0.0
2012,IND,0.0
2013,IND,0.0
2014,IND,0.0
2015,IND,0.0
2016,IND,0.0
2017,IND,0.0
2018,IND,0.0
2019,IND,0.0
2020,IND,0.0
2010,IRL,0.0
2011,IRL,0.0
2012,IRL,0.0
2013,IRL,0.0
2014,IRL,0.0
2015,IRL,0.0
2016,IRL,0.0
2017,IRL,0.0
2018,IRL,0.0
2019,IRL,0.0
2020,IRL,0.0
2010,IRN,0.147192649263792
2011,IRN,0.1508590243540185
2012,IRN,0.1543256753227321
2013,IRN,0.1464223713705782
2014,IRN,0.1518182736820041
2015,IRN,0.1615743941938774
2016,IRN,0.1677973576807739
2017,IRN,0.1858845573122886
2018,IRN,0.1976337643049704
2019,IRN,0.1986856443244558
2020,IRN,0.1997487812466759
2010,IRQ,0.282086626051644
2011,IRQ,0.2612181497327456
2012,IRQ,0.2448657777270592
2013,IRQ,0.2152607784434946
2014,IRQ,0.2086498111148574
2015,IRQ,0.2091102012789021
2016,IRQ,0.2139705594900852
2017,IRQ,0.2335640896909565
2018,IRQ,0.2447059464441381
2019,IRQ,0.2424356076651471
2020,IRQ,0.2402070092351677
2010,ISL,0.0
2011,ISL,0.0
2012,ISL,0.0
2013,ISL,0.0
2014,ISL,0.0
2015,ISL,0.0
2016,ISL,0.0
2017,ISL,0.0
2018,ISL,0.0
2019,ISL,0.0
2020,ISL,0.0
2010,ISR,0.0
2011,ISR,0.0
2012,ISR,0.0
2013,ISR,0.0
2014,ISR,0.0
2015,ISR,0.0
2016,ISR,0.0
2017,ISR,0.0
2018,ISR,0.0
2019,ISR,0.0
2020,ISR,0.0
2010,ITA,0.0714259703020848
2011,ITA,0.07616493282995
2012,ITA,0.0808780313938499
2013,ITA,0.0855757403779428
2014,ITA,0.0902681273166065
2015,ITA,0.08826543682174
2016,ITA,0.0891557348199407
2017,ITA,0.087308717752569
2018,ITA,0.084586746743701
2019,ITA,0.0847012814654786
2020,ITA,0.0848161267793949
2010,JAM,0.0
2011,JAM,0.0
2012,JAM,0.0
2013,JAM,0.0
2014,JAM,0.0
2015,JAM,0.0
2016,JAM,0.0
2017,JAM,0.0
2018,JAM,0.0
2019,JAM,0.0
2020,JAM,0.0
2010,JOR,0.6932440843637674
2011,JOR,0.6693669556658693
2012,JOR,0.6491774287884046
2013,JOR,0.587033944465664
2014,JOR,0.5827226944759033
2015,JOR,0.5960282655649254
2016,JOR,0.6072780383287629
2017,JOR,0.6601222321690684
2018,JOR,0.6887932671087869
2019,JOR,0.6796836026498181
2020,JOR,0.6708117534594242
2010,JPN,0.1384408781826475
2011,JPN,0.1517976547214999
2012,JPN,0.1632621883550106
2013,JPN,0.1735500108348607
2014,JPN,0.1834259302675848
2015,JPN,0.1897478195038775
2016,JPN,0.2044671855203497
2017,JPN,0.2172067800331777
2018,JPN,0.227167291612633
2019,JPN,0.2265317611313834
2020,JPN,0.2258997766904233
2010,KAZ,0.0
2011,KAZ,0.0
2012,KAZ,0.0
2013,KAZ,0.0
2014,KAZ,0.0
2015,KAZ,0.0
2016,KAZ,0.0
2017,KAZ,0.0
2018,KAZ,0.0
2019,KAZ,0.0
2020,KAZ,0.0
2010,KEN,0.0
2011,KEN,0.0
2012,KEN,0.0
2013,KEN,0.0
2014,KEN,0.0
2015,KEN,0.0
2016,KEN,0.0
2017,KEN,0.0
2018,KEN,0.0
2019,KEN,0.0
2020,KEN,0.0
2010,KGZ,0.0
2011,KGZ,0.0
2012,KGZ,0.0
2013,KGZ,0.0
2014,KGZ,0.0
2015,KGZ,0.0
2016,KGZ,0.0
2017,KGZ,0.0
2018,KGZ,0.0
2019,KGZ,0.0
2020,KGZ,0.0
2010,KHM,0.170217970081332
2011,KHM,0.166154016976308
2012,KHM,0.1626468545485257
2013,KHM,0.148262410044264
2014,KHM,0.1482076600795212
2015,KHM,0.1525287899813319
2016,KHM,0.1479097642704458
2017,KHM,0.1535725173847769
2018,KHM,0.1535435123027192
2019,KHM,0.1455873765467601
2020,KHM,0.138415144618805
2010,KIR,0.0
2011,KIR,0.0
2012,KIR,0.0
2013,KIR,0.0
2014,KIR,0.0
2015,KIR,0.0
2016,KIR,0.0
2017,KIR,0.0
2018,KIR,0.0
2019,KIR,0.0
2020,KIR,0.0
2010,KNA,0.0
2011,KNA,0.0
2012,KNA,0.0
2013,KNA,0.0
2014,KNA,0.0
2015,KNA,0.0
2016,KNA,0.0
2017,KNA,0.0
2018,KNA,0.0
2019,KNA,0.0
2020,KNA,0.0
2010,KOR,0.0
2011,KOR,0.0
2012,KOR,0.0
2013,KOR,0.0
2014,KOR,0.0
2015,KOR,0.0
2016,KOR,0.0
2017,KOR,0.0
2018,KOR,0.0
2019,KOR,0.0
2020,KOR,0.0
2010,KWT,0.9975712511229804
2011,KWT,0.953292496160465
2012,KWT,0.9165618351616578
2013,KWT,0.8227440790198626
2014,KWT,0.81154815490669
2015,KWT,0.8255240868098894
2016,KWT,0.8601315139300832
2017,KWT,0.9560163381218686
2018,KWT,1.0198717435371714
2019,KWT,1.0288069935199746
2020,KWT,1.0379001934685064
2010,LAO,0.0
2011,LAO,0.0
2012,LAO,0.0
2013,LAO,0.0
2014,LAO,0.0
2015,LAO,0.0
2016,LAO,0.0
2017,LAO,0.0
2018,LAO,0.0
2019,LAO,0.0
2020,LAO,0.0
2010,LBN,0.3792971549222215
2011,LBN,0.3602734087387907
2012,LBN,0.3446667166523735
2013,LBN,0.3080941824982186
2014,LBN,0.3028206806643602
2015,LBN,0.3070918862900834
2016,LBN,0.3106567599168539
2017,LBN,0.3353628901816523
2018,LBN,0.3475979674899781
2019,LBN,0.3407909851804561
2020,LBN,0.3342454834636197
2010,LBR,0.0
2011,LBR,0.0
2012,LBR,0.0
2013,LBR,0.0
2014,LBR,0.0
2015,LBR,0.0
2016,LBR,0.0
2017,LBR,0.0
2018,LBR,0.0
2019,LBR,0.0
2020,LBR,0.0
2010,LBY,0.3431311137005462
2011,LBY,0.3430916754641025
2012,LBY,0.3430504706726638
2013,LBY,0.3186634803656057
2014,LBY,0.323966176880206
2015,LBY,0.3385146262792163
2016,LBY,0.3466015052246636
2017,LBY,0.3785747856959828
2018,LBY,0.3968756474808685
2019,LBY,0.3934285739124802
2020,LBY,0.3900408640302436
2010,LCA,0.0
2011,LCA,0.0
2012,LCA,0.0
2013,LCA,0.0
2014,LCA,0.0
2015,LCA,0.0
2016,LCA,0.0
2017,LCA,0.0
2018,LCA,0.0
2019,LCA,0.0
2020,LCA,0.0
2010,LIE,0.0
2011,LIE,0.0
2012,LIE,6.329527292397022e-07
2013,LIE,3.95041720441571e-06
2014,LIE,4.625126993384585e-06
2015,LIE,4.318929028748958e-06
2016,LIE,0.0003186666066503
2017,LIE,0.0002847678188575
2018,LIE,0.0003019444230362
2019,LIE,0.0002985482762409
2020,LIE,0.0002952276766489
2010,LKA,0.0458130172216811
2011,LKA,0.0450093619628583
2012,LKA,0.0443071899052931
2013,LKA,0.0405876149744731
2014,LKA,0.0407490593349471
2015,LKA,0.0420993159176931
2016,LKA,0.0422700045699256
2017,LKA,0.045307150140356
2018,LKA,0.0466416296689862
2019,LKA,0.0454322138803267
2020,LKA,0.0442839330798736
2010,LSO,0.0
2011,LSO,0.0
2012,LSO,0.0
2013,LSO,0.0
2014,LSO,0.0
2015,LSO,0.0
2016,LSO,0.0
2017,LSO,0.0
2018,LSO,0.0
2019,LSO,0.0
2020,LSO,0.0
2010,LTU,0.0012107887511061
2011,LTU,0.0012063634678733
2012,LTU,0.0011876439996356
2013,LTU,0.0012767927717747
2014,LTU,0.0017295242872863
2015,LTU,0.0021239898522908
2016,LTU,0.0025223114491997
2017,LTU,0.0028996242660022
2018,LTU,0.0033001088545847
2019,LTU,0.0032104506296737
2020,LTU,0.0031255352659126
2010,LUX,0.0
2011,LUX,0.0
2012,LUX,0.0
2013,LUX,0.0
2014,LUX,0.0
2015,LUX,0.0
2016,LUX,0.0
2017,LUX,0.0
2018,LUX,0.0
2019,LUX,0.0
2020,LUX,0.0
2010,LVA,0.0
2011,LVA,0.0
2012,LVA,0.0
2013,LVA,0.0
2014,LVA,0.0
2015,LVA,0.0674613513624849
2016,LVA,0.0373969840343961
2017,LVA,0.0021794354979558
2018,LVA,0.0095294538629135
2019,LVA,0.0093283142950322
2020,LVA,0.0091354901759579
2010,MAC,0.0
2011,MAC,0.0
2012,MAC,0.0
2013,MAC,0.0
2014,MAC,0.0
2015,MAC,0.0
2016,MAC,0.0
2017,MAC,0.0
2018,MAC,0.0
2019,MAC,0.0
2020,MAC,0.0
2010,MAF,0.0
2011,MAF,0.0
2012,MAF,0.0
2013,MAF,0.0
2014,MAF,0.0
2015,MAF,0.0
2016,MAF,0.0
2017,MAF,0.0
2018,MAF,0.0
2019,MAF,0.0
2020,MAF,0.0
2010,MAR,0.1194801893197059
2011,MAR,0.1189670770094534
2012,MAR,0.1185058418891595
2013,MAR,0.109707617565046
2014,MAR,0.111189250319136
2015,MAR,0.1158556329280015
2016,MAR,0.1174349417107939
2017,MAR,0.1270180664609323
2018,MAR,0.1318954730098998
2019,MAR,0.1295426889755551
2020,MAR,0.1272723729424216
2010,MCO,0.0
2011,MCO,0.0
2012,MCO,6.329527292397022e-07
2013,MCO,3.95041720441571e-06
2014,MCO,4.625126993384585e-06
2015,MCO,4.318929028748958e-06
2016,MCO,0.0003186666066503
2017,MCO,0.0002847678188575
2018,MCO,0.0003019444230362
2019,MCO,0.0002985482762409
2020,MCO,0.0002952276766489
2010,MDA,0.0
2011,MDA,0.0
2012,MDA,0.0
2013,MDA,0.0
2014,MDA,0.0
2015,MDA,0.0
2016,MDA,0.0
2017,MDA,0.0
2018,MDA,0.0
2019,MDA,0.0
2020,MDA,0.0
2010,MDG,0.4350661466610823
2011,MDG,0.4357563420737196
2012,MDG,0.4363739711104994
2013,MDG,0.4059187128828991
2014,MDG,0.4131989615194438
2015,MDG,0.4322582008788393
2016,MDG,0.4319009227958708
2017,MDG,0.460815848040882
2018,MDG,0.4723431156183267
2019,MDG,0.4582218283288328
2020,MDG,0.444920378024411
2010,MDV,0.0
2011,MDV,0.0
2012,MDV,0.0
2013,MDV,0.0
2014,MDV,0.0
2015,MDV,0.0
2016,MDV,0.0
2017,MDV,0.0
2018,MDV,0.0
2019,MDV,0.0
2020,MDV,0.0
2010,MEX,0.092091886909316
2011,MEX,0.0868466769581002
2012,MEX,0.1047127471313027
2013,MEX,0.1218084800928219
2014,MEX,0.1204698578841787
2015,MEX,0.1250383095969163
2016,MEX,0.1517819671319165
2017,MEX,0.1459776758184085
2018,MEX,0.1450405144192787
2019,MEX,0.1441153092187828
2020,MEX,0.1432018328634603
2010,MHL,0.0
2011,MHL,0.0
2012,MHL,0.0
2013,MHL,0.0
2014,MHL,0.0
2015,MHL,0.0
2016,MHL,0.0
2017,MHL,0.0
2018,MHL,0.0
2019,MHL,0.0
2020,MHL,0.0
2010,MKD,0.0
2011,MKD,0.0
2012,MKD,0.0
2013,MKD,0.0
2014,MKD,0.0
2015,MKD,0.0
2016,MKD,0.0
2017,MKD,0.0
2018,MKD,0.0
2019,MKD,0.0
2020,MKD,0.0
2010,MLI,0.276421494888799
2011,MLI,0.2736449363361061
2012,MLI,0.2711822119556971
2013,MLI,0.2498918063985512
2014,MLI,0.2522145838045422
2015,MLI,0.2618105016227396
2016,MLI,0.2580736374960312
2017,MLI,0.2719244021730134
2018,MLI,0.27550917324348
2019,MLI,0.2644029149216061
2020,MLI,0.2541573846717591
2010,MLT,0.0040978132283918
2011,MLT,0.0035639858900343
2012,MLT,0.0037091240588126
2013,MLT,0.0040942196416497
2014,MLT,0.0046628043805848
2015,MLT,0.0042271762197342
2016,MLT,0.0065129360038371
2017,MLT,0.008374787030684
2018,MLT,0.0092821077607048
2019,MLT,0.0089316279817251
2020,MLT,0.0086066524766423
2010,MMR,0.0
2011,MMR,0.0
2012,MMR,0.0
2013,MMR,0.0
2014,MMR,0.0
2015,MMR,0.0
2016,MMR,0.0
2017,MMR,0.0
2018,MMR,0.0
2019,MMR,0.0
2020,MMR,0.0
2010,MNE,0.0870949366049455
2011,MNE,0.0887398382409744
2012,MNE,0.0902770818062368
2013,MNE,0.0852073540127652
2014,MNE,0.0879125443508036
2015,MNE,0.0931264129243391
2016,MNE,0.094078319949888
2017,MNE,0.1014268382063951
2018,MNE,0.1049948153465168
2019,MNE,0.1028143027750336
2020,MNE,0.1007225165021633
2010,MNG,0.0
2011,MNG,0.0
2012,MNG,0.0
2013,MNG,0.0
2014,MNG,0.0
2015,MNG,0.0
2016,MNG,0.0
2017,MNG,0.0
2018,MNG,0.0
2019,MNG,0.0
2020,MNG,0.0
2010,MNP,0.1384408781826475
2011,MNP,0.1517976547214999
2012,MNP,0.1632621883550106
2013,MNP,0.1735500108348607
2014,MNP,0.1834259302675848
2015,MNP,0.1897478195038775
2016,MNP,0.2044671855203497
2017,MNP,0.2172067800331777
2018,MNP,0.227167291612633
2019,MNP,0.2265317611313834
2020,MNP,0.2258997766904233
2010,MOZ,0.1281873888968423
2011,MOZ,0.1229354055775496
2012,MOZ,0.1185500079527814
2013,MOZ,0.1066826323152652
2014,MOZ,0.1054570709387594
2015,MOZ,0.1074727582133517
2016,MOZ,0.1073979584333317
2017,MOZ,0.1146020451967963
2018,MOZ,0.1174822965223751
2019,MOZ,0.1139823208729976
2020,MOZ,0.1106848514144253
2010,MRT,0.9605100415422742
2011,MRT,0.9444863838056012
2012,MRT,0.9304625705910836
2013,MRT,0.8529244866943225
2014,MRT,0.8568289436556227
2015,MRT,0.8856935985390753
2016,MRT,0.8909776372656841
2017,MRT,0.956717125717082
2018,MRT,0.9865803417993024
2019,MRT,0.9625588292055351
2020,MRT,0.9396792758606736
2010,MUS,0.0
2011,MUS,0.0
2012,MUS,0.0
2013,MUS,0.0
2014,MUS,0.0
2015,MUS,0.0
2016,MUS,0.0
2017,MUS,0.0
2018,MUS,0.0
2019,MUS,0.0
2020,MUS,0.0
2010,MWI,0.1281873888968423
2011,MWI,0.1229354055775496
2012,MWI,0.1185500079527814
2013,MWI,0.1066826323152652
2014,MWI,0.1054570709387594
2015,MWI,0.1074727582133517
2016,MWI,0.1073979584333317
2017,MWI,0.1146020451967963
2018,MWI,0.1174822965223751
2019,MWI,0.1139823208729976
2020,MWI,0.1106848514144253
2010,MYS,0.0
2011,MYS,0.0
2012,MYS,0.0
2013,MYS,0.0
2014,MYS,0.0
2015,MYS,0.0
2016,MYS,0.0
2017,MYS,0.0
2018,MYS,0.0
2019,MYS,0.0
2020,MYS,0.0
2010,NAM,0.2008212276451957
2011,NAM,0.19895705945649
2012,NAM,0.1973009344978162
2013,NAM,0.1819215046303963
2014,NAM,0.1837127334559027
2015,NAM,0.1907963824550037
2016,NAM,0.1967780360521213
2017,NAM,0.2164801611855005
2018,NAM,0.2285643204282863
2019,NAM,0.2281788171305686
2020,NAM,0.2277946120456219
2010,NCL,0.0
2011,NCL,0.0
2012,NCL,0.0
2013,NCL,0.0
2014,NCL,0.0
2015,NCL,0.0
2016,NCL,0.0
2017,NCL,0.0
2018,NCL,0.0
2019,NCL,0.0
2020,NCL,0.0
2010,NER,0.4800532571471305
2011,NER,0.4668707614747918
2012,NER,0.4555730606365723
2013,NER,0.4141430764195075
2014,NER,0.4129942570311666
2015,NER,0.4241316354331541
2016,NER,0.412300529270031
2017,NER,0.4290198993009593
2018,NER,0.4297744117912673
2019,NER,0.4082176412404961
2020,NER,0.3887200874013522
2010,NGA,0.3066132934742716
2011,NGA,0.3007684473905421
2012,NGA,0.2956768887225889
2013,NGA,0.2705335917082222
2014,NGA,0.271324114835772
2015,NGA,0.2800516965785954
2016,NGA,0.2869199587631649
2017,NGA,0.3135789805803051
2018,NGA,0.3289350614817285
2019,NGA,0.3262704197182281
2020,NGA,0.3236486025752463
2010,NIC,0.1436115794771998
2011,NIC,0.1461116638651611
2012,NIC,0.1484414035370988
2013,NIC,0.139927621786557
2014,NIC,0.1441982656811255
2015,NIC,0.1525794103150629
2016,NIC,0.1580425123135457
2017,NIC,0.1746178420325007
2018,NIC,0.185162866649633
2019,NIC,0.1856510889067054
2020,NIC,0.1861418925790347
2010,NLD,0.0
2011,NLD,0.0
2012,NLD,0.0
2013,NLD,0.0
2014,NLD,0.0
2015,NLD,0.0
2016,NLD,0.0
2017,NLD,0.0
2018,NLD,0.0
2019,NLD,0.0
2020,NLD,0.0
2010,NOR,0.0
2011,NOR,0.0
2012,NOR,0.0
2013,NOR,0.0
2014,NOR,0.0
2015,NOR,0.0
2016,NOR,0.0
2017,NOR,0.0
2018,NOR,0.0
2019,NOR,0.0
2020,NOR,0.0
2010,NPL,0.0
2011,NPL,0.0
2012,NPL,0.0
2013,NPL,0.0
2014,NPL,0.0
2015,NPL,0.0
2016,NPL,0.0
2017,NPL,0.0
2018,NPL,0.0
2019,NPL,0.0
2020,NPL,0.0
2010,NRU,0.0
2011,NRU,0.0
2012,NRU,0.0
2013,NRU,0.0
2014,NRU,0.0
2015,NRU,0.0
2016,NRU,0.0
2017,NRU,0.0
2018,NRU,0.0
2019,NRU,0.0
2020,NRU,0.0
2010,NZL,0.0025297938101669
2011,NZL,0.0030890258329785
2012,NZL,0.003558799944135
2013,NZL,0.0039892228135822
2014,NZL,0.0053511641778232
2015,NZL,0.0059354578023526
2016,NZL,0.0074473269103169
2017,NZL,0.0083557480918912
2018,NZL,0.0091045656689216
2019,NZL,0.0089116136110238
2020,NZL,0.0087266702491546
2010,OMN,0.1368924927330564
2011,OMN,0.1320602721578696
2012,OMN,0.1279810860056463
2013,OMN,0.1156557000587078
2014,OMN,0.1147426044204528
2015,OMN,0.1173056681202933
2016,OMN,0.120923777942527
2017,OMN,0.1329658769826934
2018,OMN,0.1403195997352979
2019,OMN,0.1400147802162167
2020,OMN,0.139711282159506
2010,PAK,0.1770223570144042
2011,PAK,0.176677714047637
2012,PAK,0.1763649461452453
2013,PAK,0.163582585334688
2014,PAK,0.1660785823097512
2015,PAK,0.1733211844780009
2016,PAK,0.1727243993652737
2017,PAK,0.1838371289065259
2018,PAK,0.1880042273180875
2019,PAK,0.1819917150840072
2020,PAK,0.1763518542350436
2010,PAN,0.1790995944368917
2011,PAN,0.1762136097112216
2012,PAN,0.1736849670423835
2013,PAN,0.1592823337417089
2014,PAN,0.1600749128502114
2015,PAN,0.1655261576326028
2016,PAN,0.1663300811256158
2017,PAN,0.1784158312653163
2018,PAN,0.1838024470434612
2019,PAN,0.1791581094462268
2020,PAN,0.1747426945314166
2010,PER,0.0336822953475996
2011,PER,0.0335133577522702
2012,PER,0.0333617974062458
2013,PER,0.0308669140902565
2014,PER,0.0312672829746181
2015,PER,0.0325638907531055
2016,PER,0.0331932196631814
2017,PER,0.0360971896489609
2018,PER,0.0376808075610663
2019,PER,0.0371976613930688
2020,PER,0.0367267482458589
2010,PHL,0.1600516008827757
2011,PHL,0.1614821494138419
2012,PHL,0.1627926347107535
2013,PHL,0.152357886461724
2014,PHL,0.1559623411079593
2015,PHL,0.1640017299458901
2016,PHL,0.1612294569784336
2017,PHL,0.1694699774973799
2018,PHL,0.1713229228032676
2019,PHL,0.1640817130580509
2020,PHL,0.1574278006365
2010,PLW,0.1600516008827757
2011,PLW,0.1614821494138419
2012,PLW,0.1627926347107535
2013,PLW,0.152357886461724
2014,PLW,0.1559623411079593
2015,PLW,0.1640017299458901
2016,PLW,0.1612294569784336
2017,PLW,0.1694699774973799
2018,PLW,0.1713229228032676
2019,PLW,0.1640817130580509
2020,PLW,0.1574278006365
2010,PNG,0.0
2011,PNG,0.0
2012,PNG,0.0
2013,PNG,0.0
2014,PNG,0.0
2015,PNG,0.0
2016,PNG,0.0
2017,PNG,0.0
2018,PNG,0.0
2019,PNG,0.0
2020,PNG,0.0
2010,POL,0.0
2011,POL,0.0
2012,POL,0.0
2013,POL,0.0
2014,POL,0.0
2015,POL,0.0
2016,POL,0.0
2017,POL,0.0
2018,POL,0.0
2019,POL,0.0
2020,POL,0.0
2010,PRI,0.1787882591584136
2011,PRI,0.1783361954757673
2012,PRI,0.1779272642098268
2013,PRI,0.1649535825155891
2014,PRI,0.1673985444134381
2015,PRI,0.174630254981505
2016,PRI,0.1724577014051845
2017,PRI,0.1820221402069814
2018,PRI,0.1847091309429001
2019,PRI,0.1775175183465535
2020,PRI,0.1708649270252896
2010,PRK,0.0
2011,PRK,0.0
2012,PRK,0.0
2013,PRK,0.0
2014,PRK,0.0
2015,PRK,0.0
2016,PRK,0.0
2017,PRK,0.0
2018,PRK,0.0
2019,PRK,0.0
2020,PRK,0.0
2010,PRT,0.0
2011,PRT,0.0
2012,PRT,0.0
2013,PRT,0.0
2014,PRT,0.0
2015,PRT,0.0
2016,PRT,0.0
2017,PRT,0.0
2018,PRT,0.0
2019,PRT,0.0
2020,PRT,0.0
2010,PRY,0.2045285997796507
2011,PRY,0.2074988774705264
2012,PRY,0.2102510454015948
2013,PRY,0.1977043308747195
2014,PRY,0.2032694650370878
2015,PRY,0.2146201583847856
2016,PRY,0.2160233183840969
2017,PRY,0.2320874781301835
2018,PRY,0.2394547095063831
2019,PRY,0.2337384816438227
2020,PRY,0.2282888046320879
2010,PYF,0.0
2011,PYF,0.0
2012,PYF,0.0
2013,PYF,0.0
2014,PYF,0.0
2015,PYF,0.0
2016,PYF,0.0
2017,PYF,0.0
2018,PYF,0.0
2019,PYF,0.0
2020,PYF,0.0
2010,QAT,0.1591013753035935
2011,QAT,0.1472296466086181
2012,QAT,0.1379385086641929
2013,QAT,0.1212086905048616
2014,QAT,0.1174442903618649
2015,QAT,0.1176683230987034
2016,QAT,0.1205135919641338
2017,QAT,0.1316674993559042
2018,QAT,0.1380703966363431
2019,QAT,0.1369081181175593
2020,QAT,0.1357652444023349
2010,ROU,0.0
2011,ROU,0.0
2012,ROU,0.0
2013,ROU,0.0
2014,ROU,0.0
2015,ROU,0.0
2016,ROU,0.0
2017,ROU,0.0
2018,ROU,0.0
2019,ROU,0.0
2020,ROU,0.0
2010,RUS,0.0
2011,RUS,0.0
2012,RUS,0.0
2013,RUS,0.0
2014,RUS,0.0
2015,RUS,0.0
2016,RUS,0.0
2017,RUS,0.0
2018,RUS,0.0
2019,RUS,0.0
2020,RUS,0.0
2010,RWA,0.0
2011,RWA,0.0
2012,RWA,0.0
2013,RWA,0.0
2014,RWA,0.0
2015,RWA,0.0
2016,RWA,0.0
2017,RWA,0.0
2018,RWA,0.0
2019,RWA,0.0
2020,RWA,0.0
2010,SAU,0.7410311817935361
2011,SAU,0.7382173615980248
2012,SAU,0.7356842142699087
2013,SAU,0.6813392563279124
2014,SAU,0.6907928239047056
2015,SAU,0.7200228280768426
2016,SAU,0.7379772634539347
2017,SAU,0.8068643541410135
2018,SAU,0.8467055061812654
2019,SAU,0.840167505739528
2020,SAU,0.8337297004928187
2010,SDN,0.2102334210202721
2011,SDN,0.2093242300296781
2012,SDN,0.2085070207840904
2013,SDN,0.1930221353823871
2014,SDN,0.195624629357319
2015,SDN,0.203830501147186
2016,SDN,0.2125437493579326
2017,SDN,0.2364280804454715
2018,SDN,0.2524270824285547
2019,SDN,0.2548516702007775
2020,SDN,0.2573232865106417
2010,SEN,0.5200553978426948
2011,SEN,0.5175839177791023
2012,SEN,0.5153651055727072
2013,SEN,0.4769262204892019
2014,SEN,0.4832052999776952
2015,SEN,0.5033310882298602
2016,SEN,0.4908711173788667
2017,SEN,0.5122467036014875
2018,SEN,0.5144718769809865
2019,SEN,0.4898040752239137
2020,SEN,0.4673935751180587
2010,SGP,0.2457452248202341
2011,SGP,0.2476514505992447
2012,SGP,0.2493932363248993
2013,SGP,0.233176957454392
2014,SGP,0.2384757060774852
2015,SGP,0.2505565773729568
2016,SGP,0.2535846037708832
2017,SGP,0.2738756547113569
2018,SGP,0.2839907839614516
2019,SGP,0.2785456628009403
2020,SGP,0.2733054183950263
2010,SLB,0.0
2011,SLB,0.0
2012,SLB,0.0
2013,SLB,0.0
2014,SLB,0.0
2015,SLB,0.0
2016,SLB,0.0
2017,SLB,0.0
2018,SLB,0.0
2019,SLB,0.0
2020,SLB,0.0
2010,SLE,0.0
2011,SLE,0.0
2012,SLE,0.0
2013,SLE,0.0
2014,SLE,0.0
2015,SLE,0.0
2016,SLE,0.0
2017,SLE,0.0
2018,SLE,0.0
2019,SLE,0.0
2020,SLE,0.0
2010,SLV,0.0889872387361185
2011,SLV,0.0906859102736255
2012,SLV,0.0922740418071058
2013,SLV,0.0871073790568943
2014,SLV,0.0898876193036273
2015,SLV,0.0952333160573637
2016,SLV,0.0972998091685552
2017,SLV,0.1060526784922937
2018,SLV,0.1109508695302319
2019,SLV,0.1097654727129869
2020,SLV,0.1086051376471289
2010,SMR,0.0714259703020848
2011,SMR,0.07616493282995
2012,SMR,0.0808780313938499
2013,SMR,0.0855757403779428
2014,SMR,0.0902681273166065
2015,SMR,0.08826543682174
2016,SMR,0.0891557348199407
2017,SMR,0.087308717752569
2018,SMR,0.084586746743701
2019,SMR,0.0847012814654786
2020,SMR,0.0848161267793949
2010,SOM,1.7574261047817592
2011,SOM,1.7885827691617662
2012,SOM,1.8176345495317077
2013,SOM,1.7138552228460076
2014,SOM,1.766617027823299
2015,SOM,1.869748329913152
2016,SOM,1.888479506582586
2017,SOM,2.035597810425155
2018,SOM,2.1068168604333115
2019,SOM,2.062698065756424
2020,SOM,2.020389151388245
2010,SRB,0.0
2011,SRB,0.0
2012,SRB,0.0
2013,SRB,0.0
2014,SRB,0.0
2015,SRB,0.0
2016,SRB,0.0
2017,SRB,0.0
2018,SRB,0.0
2019,SRB,0.0
2020,SRB,0.0
2010,SSD,0.0
2011,SSD,0.0
2012,SSD,0.0
2013,SSD,0.0
2014,SSD,0.0
2015,SSD,0.0
2016,SSD,0.0
2017,SSD,0.0
2018,SSD,0.0
2019,SSD,0.0
2020,SSD,0.0
2010,STP,0.0891428044884095
2011,STP,0.0906405521386174
2012,STP,0.0920345719363145
2013,STP,0.0867108653408205
2014,STP,0.089313815544516
2015,STP,0.0944617470076622
2016,STP,0.1027798785638282
2017,STP,0.1196257536259731
2018,STP,0.134048493313059
2019,STP,0.1425332626791697
2020,STP,0.1521647216931044
2010,SUR,0.0
2011,SUR,0.0
2012,SUR,0.0
2013,SUR,0.0
2014,SUR,0.0
2015,SUR,0.0
2016,SUR,0.0
2017,SUR,0.0
2018,SUR,0.0
2019,SUR,0.0
2020,SUR,0.0
2010,SVK,0.0018027235639331
2011,SVK,0.0022040383298474
2012,SVK,0.0020996448397264
2013,SVK,0.0014578365857676
2014,SVK,0.0014758604773008
2015,SVK,0.0008330035263554
2016,SVK,0.0008051893127674
2017,SVK,0.0007834162395442
2018,SVK,0.0007626044840217
2019,SVK,0.0007464267143988
2020,SVK,0.000730921071622
2010,SVN,0.0
2011,SVN,0.0
2012,SVN,0.0
2013,SVN,0.0
2014,SVN,0.0
2015,SVN,0.0
2016,SVN,0.0
2017,SVN,0.0
2018,SVN,0.0
2019,SVN,0.0
2020,SVN,0.0
2010,SWE,0.0
2011,SWE,0.0
2012,SWE,0.0
2013,SWE,0.0
2014,SWE,0.0
2015,SWE,0.0
2016,SWE,0.0
2017,SWE,0.0
2018,SWE,0.0
2019,SWE,0.0
2020,SWE,0.0
2010,SWZ,0.0
2011,SWZ,0.0
2012,SWZ,0.0
2013,SWZ,0.0
2014,SWZ,0.0
2015,SWZ,0.0
2016,SWZ,0.0
2017,SWZ,0.0
2018,SWZ,0.0
2019,SWZ,0.0
2020,SWZ,0.0
2010,SXM,0.0
2011,SXM,0.0
2012,SXM,0.0
2013,SXM,0.0
2014,SXM,0.0
2015,SXM,0.0
2016,SXM,0.0
2017,SXM,0.0
2018,SXM,0.0
2019,SXM,0.0
2020,SXM,0.0
2010,SYC,0.0
2011,SYC,0.0
2012,SYC,0.0
2013,SYC,0.0
2014,SYC,0.0
2015,SYC,0.0
2016,SYC,0.0
2017,SYC,0.0
2018,SYC,0.0
2019,SYC,0.0
2020,SYC,0.0
2010,SYR,0.4398157753873903
2011,SYR,0.4606058188924424
2012,SYR,0.4811227117195291
2013,SYR,0.4657878325422067
2014,SYR,0.4924785063824827
2015,SYR,0.5341369285391145
2016,SYR,0.5403374639017499
2017,SYR,0.5833097972113158
2018,SYR,0.6045907475950063
2019,SYR,0.5927510969418639
2020,SYR,0.5813662497117416
2010,TCA,0.0
2011,TCA,0.0
2012,TCA,0.0
2013,TCA,0.0
2014,TCA,0.0
2015,TCA,0.0
2016,TCA,0.0
2017,TCA,0.0
2018,TCA,0.0
2019,TCA,0.0
2020,TCA,0.0
2010,TCD,0.3043442537466711
2011,TCD,0.30501870112759
2012,TCD,0.305624902745979
2013,TCD,0.2844421208483805
2014,TCD,0.2896807068129579
2015,TCD,0.3031741529748964
2016,TCD,0.3105161169031599
2017,TCD,0.3392672518266882
2018,TCD,0.3557778349765974
2019,TCD,0.3527948512098183
2020,TCD,0.3498614725932562
2010,TGO,1.205012413722847
2011,TGO,1.2156612823769153
2012,TGO,1.225414397290565
2013,TGO,1.146770372003339
2014,TGO,1.1738087218684143
2015,TGO,1.2342257358756712
2016,TGO,1.2186294365330077
2017,TGO,1.2859810139312162
2018,TGO,1.3047471147710683
2019,TGO,1.2537544683869577
2020,TGO,1.2065977351474744
2010,THA,0.5221384381510297
2011,THA,0.5288370467665203
2012,THA,0.5350228224075315
2013,THA,0.5023728252353532
2014,THA,0.5158230948171129
2015,THA,0.5439468347658907
2016,THA,0.5497631299642746
2017,THA,0.5929701807471011
2018,THA,0.614092080762544
2019,THA,0.6015853185956582
2020,THA,0.5895778203570866
2010,TJK,0.0
2011,TJK,0.0
2012,TJK,0.0
2013,TJK,0.0
2014,TJK,0.0
2015,TJK,0.0
2016,TJK,0.0
2017,TJK,0.0
2018,TJK,0.0
2019,TJK,0.0
2020,TJK,0.0
2010,TKM,0.0605448355422453
2011,TKM,0.059438121560387
2012,TKM,0.0584725730890806
2013,TKM,0.0535329647501446
2014,TKM,0.053718465498333
2015,TKM,0.0554731742170907
2016,TKM,0.0539011844574843
2017,TKM,0.0560642647546665
2018,TKM,0.0561425529955106
2019,TKM,0.0533091874138948
2020,TKM,0.0507480672067562
2010,TLS,0.0
2011,TLS,0.0
2012,TLS,0.0
2013,TLS,0.0
2014,TLS,0.0
2015,TLS,0.0
2016,TLS,0.0
2017,TLS,0.0
2018,TLS,0.0
2019,TLS,0.0
2020,TLS,0.0
2010,TON,0.0
2011,TON,0.0
2012,TON,0.0
2013,TON,0.0
2014,TON,0.0
2015,TON,0.0
2016,TON,0.0
2017,TON,0.0
2018,TON,0.0
2019,TON,0.0
2020,TON,0.0
2010,TTO,0.0
2011,TTO,0.0
2012,TTO,0.0
2013,TTO,0.0
2014,TTO,0.0
2015,TTO,0.0
2016,TTO,0.0
2017,TTO,0.0
2018,TTO,0.0
2019,TTO,0.0
2020,TTO,0.0
2010,TUN,0.1508186997019976
2011,TUN,0.1501573794160115
2012,TUN,0.1495630685820161
2013,TUN,0.1384489406895511
2014,TUN,0.1403094442543199
2015,TUN,0.1461891429651904
2016,TUN,0.1496534921594925
2017,TUN,0.1634286858212081
2018,TUN,0.1712981412589155
2019,TUN,0.1697802112693543
2020,TUN,0.1682889467564073
2010,TUR,0.0
2011,TUR,0.0
2012,TUR,0.0
2013,TUR,0.0
2014,TUR,0.0054513183362792
2015,TUR,0.0058121111406923
2016,TUR,0.0050866860775982
2017,TUR,0.0
2018,TUR,0.0
2019,TUR,0.0
2020,TUR,0.0
2010,TUV,0.0
2011,TUV,0.0
2012,TUV,0.0
2013,TUV,0.0
2014,TUV,0.0
2015,TUV,0.0
2016,TUV,0.0
2017,TUV,0.0
2018,TUV,0.0
2019,TUV,0.0
2020,TUV,0.0
2010,TZA,0.0
2011,TZA,0.0
2012,TZA,0.0
2013,TZA,0.0
2014,TZA,0.0
2015,TZA,0.0
2016,TZA,0.0
2017,TZA,0.0
2018,TZA,0.0
2019,TZA,0.0
2020,TZA,0.0
2010,UGA,0.0
2011,UGA,0.0
2012,UGA,0.0
2013,UGA,0.0
2014,UGA,0.0
2015,UGA,0.0
2016,UGA,0.0
2017,UGA,0.0
2018,UGA,0.0
2019,UGA,0.0
2020,UGA,0.0
2010,UKR,0.0320117145909799
2011,UKR,0.0381266139143415
2012,UKR,0.0039943688229447
2013,UKR,0.0038343423888709
2014,UKR,0.0036838132333137
2015,UKR,0.0035420193307927
2016,UKR,0.0034913487591857
2017,UKR,0.0034416443948994
2018,UKR,0.0033928898767272
2019,UKR,0.0033863442824912
2020,UKR,0.0033798238952664
2010,URY,0.0
2011,URY,0.0
2012,URY,0.0
2013,URY,0.0
2014,URY,0.0
2015,URY,0.0
2016,URY,0.0
2017,URY,0.0
2018,URY,0.0
2019,URY,0.0
2020,URY,0.0
2010,USA,0.0
2011,USA,0.0
2012,USA,0.0
2013,USA,0.0
2014,USA,0.0
2015,USA,0.0
2016,USA,0.0
2017,USA,0.0
2018,USA,0.0
2019,USA,0.0
2020,USA,0.0
2010,UZB,0.0
2011,UZB,0.0
2012,UZB,0.0
2013,UZB,0.0
2014,UZB,0.0
2015,UZB,0.0
2016,UZB,0.0
2017,UZB,0.0
2018,UZB,0.0
2019,UZB,0.0
2020,UZB,0.0
2010,VCT,0.0
2011,VCT,0.0
2012,VCT,0.0
2013,VCT,0.0
2014,VCT,0.0
2015,VCT,0.0
2016,VCT,0.0
2017,VCT,0.0
2018,VCT,0.0
2019,VCT,0.0
2020,VCT,0.0
2010,VEN,0.2094601841812836
2011,VEN,0.2188186743228074
2012,VEN,0.2280087098838883
2013,VEN,0.2202116492522882
2014,VEN,0.2322798881311548
2015,VEN,0.251341590150766
2016,VEN,0.2588925764899499
2017,VEN,0.2844541925211813
2018,VEN,0.2999552451810198
2019,VEN,0.2990747091287595
2020,VEN,0.2981993276743743
2010,VGB,0.1787882591584136
2011,VGB,0.1783361954757673
2012,VGB,0.1779272642098268
2013,VGB,0.1649535825155891
2014,VGB,0.1673985444134381
2015,VGB,0.174630254981505
2016,VGB,0.1724577014051845
2017,VGB,0.1820221402069814
2018,VGB,0.1847091309429001
2019,VGB,0.1775175183465535
2020,VGB,0.1708649270252896
2010,VIR,0.1787882591584136
2011,VIR,0.1783361954757673
2012,VIR,0.1779272642098268
2013,VIR,0.1649535825155891
2014,VIR,0.1673985444134381
2015,VIR,0.174630254981505
2016,VIR,0.1724577014051845
2017,VIR,0.1820221402069814
2018,VIR,0.1847091309429001
2019,VIR,0.1775175183465535
2020,VIR,0.1708649270252896
2010,VNM,0.2599453848015528
2011,VNM,0.2544413030907549
2012,VNM,0.2496663089428801
2013,VNM,0.2280611136681987
2014,VNM,0.2283961077088078
2015,VNM,0.2354387398895006
2016,VNM,0.2271559583562268
2017,VNM,0.2348039562224356
2018,VNM,0.2338335176198692
2019,VNM,0.2209357765506513
2020,VNM,0.2093864801460653
2010,VUT,0.0
2011,VUT,0.0
2012,VUT,0.0
2013,VUT,0.0
2014,VUT,0.0
2015,VUT,0.0
2016,VUT,0.0
2017,VUT,0.0
2018,VUT,0.0
2019,VUT,0.0
2020,VUT,0.0
2010,WSM,0.0
2011,WSM,0.0
2012,WSM,0.0
2013,WSM,0.0
2014,WSM,0.0
2015,WSM,0.0
2016,WSM,0.0
2017,WSM,0.0
2018,WSM,0.0
2019,WSM,0.0
2020,WSM,0.0
2010,XKX,0.0
2011,XKX,0.0
2012,XKX,0.0
2013,XKX,0.0
2014,XKX,0.0
2015,XKX,0.0
2016,XKX,0.0
2017,XKX,0.0
2018,XKX,0.0
2019,XKX,0.0
2020,XKX,0.0
2010,YEM,0.8483417629545175
2011,YEM,0.8564600494295914
2012,YEM,0.8639069158686135
2013,YEM,0.8089602824235255
2014,YEM,0.8285042304337232
2015,YEM,0.8716069493781028
2016,YEM,0.9427227411794168
2017,YEM,1.0900307604824444
2018,YEM,1.2125388900428062
2019,YEM,1.2787767278895383
2020,YEM,1.3526695376203222
2010,ZAF,0.2408116944857831
2011,ZAF,0.2426576738218918
2012,ZAF,0.2443440689067353
2013,ZAF,0.2284386857282225
2014,ZAF,0.2336133326598252
2015,ZAF,0.2454319131777824
2016,ZAF,0.2537428913859914
2017,ZAF,0.2798276748301463
2018,ZAF,0.2961660489189021
2019,ZAF,0.2963844795325006
2020,ZAF,0.2966032325810843
2010,ZMB,0.0
2011,ZMB,0.0
2012,ZMB,0.0
2013,ZMB,0.0
2014,ZMB,0.0
2015,ZMB,0.0
2016,ZMB,0.0
2017,ZMB,0.0
2018,ZMB,0.0
2019,ZMB,0.0
2020,ZMB,0.0
2010,ZWE,1.084442968281973
2011,ZWE,1.0627971744372051
2012,ZWE,1.043974200110987
2013,ZWE,0.9545313376402306
2014,ZWE,0.9567291151010662
2015,ZWE,0.9869603817151336
2016,ZWE,1.0216446518883893
2017,ZWE,1.128068274634641
2018,ZWE,1.195419194480577
2019,ZWE,1.1977939259889083
2020,ZWE,1.2001781112098409
