"year","location_code","prodinit_ippu_paper_tonne"
2010,"ABW",7115.46343903736
2011,"ABW",5558.39916705089
2012,"ABW",6412.8284882192
2013,"ABW",5587.370323288
2014,"ABW",6119.47974653002
2015,"ABW",9495.13059265656
2016,"ABW",8526.25409623731
2017,"ABW",7429.89503574019
2018,"ABW",7616.03200909559
2019,"ABW",9563.04373455729
2020,"ABW",7193.43766677929
2010,"AGO",128796.170529634
2011,"AGO",198921.387184406
2012,"AGO",286448.112003864
2013,"AGO",297401.633434577
2014,"AGO",322954.879943341
2015,"AGO",209097.535236654
2016,"AGO",216805.782924942
2017,"AGO",281431.581169087
2018,"AGO",263873.147400831
2019,"AGO",269404.298918175
2020,"AGO",183771.122611406
2010,"ALB",97973.4417436681
2011,"ALB",84645.4478232231
2012,"ALB",111782.701973327
2013,"ALB",146283.285274125
2014,"ALB",162511.880315969
2015,"ALB",141524.579327417
2016,"ALB",132658.994552088
2017,"ALB",127876.933154078
2018,"ALB",140322.15719813
2019,"ALB",143392.826894756
2020,"ALB",160540.967717406
2010,"ARE",919506.091829456
2011,"ARE",978653.403681069
2012,"ARE",879670.936392277
2013,"ARE",942569.072640233
2014,"ARE",1002669.24561742
2015,"ARE",915434.889581006
2016,"ARE",809070.824763149
2017,"ARE",914559.56223628
2018,"ARE",1140689.82547196
2019,"ARE",1189418.98694486
2020,"ARE",1020521.15514933
2010,"ARG",2835166.30218178
2011,"ARG",3133876.58292078
2012,"ARG",3508383.45851769
2013,"ARG",3270420.50347339
2014,"ARG",2849576.6305876
2015,"ARG",3744864.13482992
2016,"ARG",2645385.59929174
2017,"ARG",3076957.50364109
2018,"ARG",2087173.47431527
2019,"ARG",1968551.93156647
2020,"ARG",1903256.6820007
2010,"ARM",26243.4294838898
2011,"ARM",33002.418636596
2012,"ARM",35947.9573068981
2013,"ARM",31840.6490083366
2014,"ARM",41464.3050187592
2015,"ARM",36593.9192117253
2016,"ARM",33365.4571190929
2017,"ARM",42432.0957145796
2018,"ARM",43921.2642061135
2019,"ARM",45268.4172074143
2020,"ARM",55019.5339192521
2010,"ASM",1145.12639645245
2011,"ASM",1148.79268883111
2012,"ASM",1158.1460306767
2013,"ASM",1057.52931442116
2014,"ASM",1477.46450364751
2015,"ASM",1512.9698666584
2016,"ASM",1481.72490759318
2017,"ASM",1472.78092491867
2018,"ASM",1535.42679628596
2019,"ASM",1029.37371471513
2020,"ASM",1532.95437597868
2010,"ATG",3789.06692236833
2011,"ATG",3359.75242153811
2012,"ATG",6200.50592816674
2013,"ATG",2527.43923016696
2014,"ATG",2324.02595721573
2015,"ATG",3065.83839715955
2016,"ATG",3188.43059562655
2017,"ATG",3451.45542964046
2018,"ATG",4068.19753592353
2019,"ATG",3997.71157951979
2020,"ATG",4452.48742628873
2010,"AUS",6245531.66599522
2011,"AUS",6425300.64308738
2012,"AUS",6217357.12075296
2013,"AUS",5966090.50408377
2014,"AUS",5943222.48888536
2015,"AUS",5459549.6737174
2016,"AUS",5172699.248789
2017,"AUS",5205692.45165653
2018,"AUS",5013372.53491281
2019,"AUS",4642985.72873649
2020,"AUS",4646433.28551076
2010,"AUT",5294565.8657354
2011,"AUT",5433930.50732576
2012,"AUT",5237197.03768956
2013,"AUT",5193190.55373725
2014,"AUT",5321844.63508984
2015,"AUT",4857832.24037238
2016,"AUT",4909174.56448612
2017,"AUT",4901391.0504158
2018,"AUT",4752443.78108584
2019,"AUT",4415660.3994881
2020,"AUT",4346598.575708
2010,"AZE",216925.132614043
2011,"AZE",221825.379842418
2012,"AZE",282491.389415119
2013,"AZE",298741.961472515
2014,"AZE",281882.729194322
2015,"AZE",188310.119366633
2016,"AZE",117620.523589728
2017,"AZE",134399.577576448
2018,"AZE",152953.443880319
2019,"AZE",193382.354010712
2020,"AZE",185184.200306622
2010,"BDI",11391.5817481737
2011,"BDI",9308.83906311019
2012,"BDI",10645.6946827393
2013,"BDI",9592.38118225818
2014,"BDI",8310.8910600198
2015,"BDI",24977.3776250157
2016,"BDI",22155.8651337909
2017,"BDI",20482.6994938759
2018,"BDI",15596.2616471215
2019,"BDI",17057.992879361
2020,"BDI",21276.8086243126
2010,"BEL",4593017.37132861
2011,"BEL",4641230.56030742
2012,"BEL",4409011.26540513
2013,"BEL",4557474.78121707
2014,"BEL",4449703.7963897
2015,"BEL",3784560.64854662
2016,"BEL",3640004.58072447
2017,"BEL",3671615.41151908
2018,"BEL",3567732.0514834
2019,"BEL",3295531.71552529
2020,"BEL",3122613.7438286
2010,"BEN",35195.9991297429
2011,"BEN",50806.5170306162
2012,"BEN",49673.3326681634
2013,"BEN",40856.2790306002
2014,"BEN",48815.5171446257
2015,"BEN",65232.2813122642
2016,"BEN",59534.4616872002
2017,"BEN",38982.3425984413
2018,"BEN",39159.7017292171
2019,"BEN",40141.5123833969
2020,"BEN",51825.8213097243
2010,"BFA",31158.4346487355
2011,"BFA",104902.908919014
2012,"BFA",28196.4591092392
2013,"BFA",26418.4092417062
2014,"BFA",37793.7590790841
2015,"BFA",33606.4101068749
2016,"BFA",34133.2913776933
2017,"BFA",38738.5945089508
2018,"BFA",47505.8291622993
2019,"BFA",73525.5928827554
2020,"BFA",45597.9689036353
2010,"BGD",736415.730320957
2011,"BGD",588519.374367797
2012,"BGD",625297.742431376
2013,"BGD",717590.576079262
2014,"BGD",787259.726653419
2015,"BGD",1004808.20387676
2016,"BGD",1401540.74758065
2017,"BGD",1455797.24562745
2018,"BGD",1231174.84597777
2019,"BGD",1228260.80121188
2020,"BGD",1257791.39879803
2010,"BGR",344312.284062455
2011,"BGR",364595.857420715
2012,"BGR",361760.106572068
2013,"BGR",382369.799705904
2014,"BGR",396442.314012301
2015,"BGR",386740.529468335
2016,"BGR",414358.800249091
2017,"BGR",412458.106982112
2018,"BGR",434247.06923432
2019,"BGR",449349.202591261
2020,"BGR",478480.871458971
2010,"BHR",79186.3852407215
2011,"BHR",57124.1107769924
2012,"BHR",65315.4860062273
2013,"BHR",64351.0680765332
2014,"BHR",81006.7319106736
2015,"BHR",85844.3406354927
2016,"BHR",93549.9732611948
2017,"BHR",98748.029131217
2018,"BHR",92045.3381642063
2019,"BHR",92259.9633015978
2020,"BHR",91227.518965896
2010,"BHS",20956.5071657165
2011,"BHS",19116.007652595
2012,"BHS",27837.84167365
2013,"BHS",23917.5200886901
2014,"BHS",23721.2578529686
2015,"BHS",33953.8136015461
2016,"BHS",27957.0922831828
2017,"BHS",29146.5460689187
2018,"BHS",32529.0414218878
2019,"BHS",26536.4128008712
2020,"BHS",23753.156917604
2010,"BIH",241710.963606013
2011,"BIH",263308.862750591
2012,"BIH",248089.014229578
2013,"BIH",262637.45914637
2014,"BIH",251504.841643994
2015,"BIH",243321.997613809
2016,"BIH",232737.683026184
2017,"BIH",228200.893624391
2018,"BIH",246237.654502613
2019,"BIH",219106.761199909
2020,"BIH",250878.364108921
2010,"BLR",261920.515876365
2011,"BLR",229552.17903383
2012,"BLR",269074.222688979
2013,"BLR",360008.782455362
2014,"BLR",460369.890903093
2015,"BLR",314418.836627175
2016,"BLR",296025.29936941
2017,"BLR",327845.103629624
2018,"BLR",351636.734776288
2019,"BLR",399035.977885839
2020,"BLR",392593.846663672
2010,"BLZ",17741.9516757306
2011,"BLZ",14492.4902289344
2012,"BLZ",12545.7672581271
2013,"BLZ",14508.764161135
2014,"BLZ",10844.6072111114
2015,"BLZ",12155.4802872071
2016,"BLZ",9956.45257618863
2017,"BLZ",12311.0491396461
2018,"BLZ",10119.9545348202
2019,"BLZ",11817.5398585118
2020,"BLZ",14341.0174089576
2010,"BMU",17600.8071610996
2011,"BMU",14255.4661760059
2012,"BMU",13925.501176332
2013,"BMU",13726.6231210481
2014,"BMU",12170.0214240957
2015,"BMU",14129.5602198764
2016,"BMU",15481.544255072
2017,"BMU",15061.179320785
2018,"BMU",12864.8869119983
2019,"BMU",11793.9595931837
2020,"BMU",13774.2146538724
2010,"BOL",143048.338014268
2011,"BOL",129761.513881738
2012,"BOL",152249.716617246
2013,"BOL",153781.453512305
2014,"BOL",143518.744181866
2015,"BOL",165684.190799045
2016,"BOL",181313.700378616
2017,"BOL",191459.467161121
2018,"BOL",187181.008876207
2019,"BOL",169800.260875627
2020,"BOL",167184.474970097
2010,"BRA",11547400.4472975
2011,"BRA",11428330.1183118
2012,"BRA",10913887.0606993
2013,"BRA",9932160.78603832
2014,"BRA",9952647.17683678
2015,"BRA",8467650.64501454
2016,"BRA",8191698.57153797
2017,"BRA",8847476.63942163
2018,"BRA",6930693.95795132
2019,"BRA",6840111.30346286
2020,"BRA",4939215.27641675
2010,"BRB",31852.3493550216
2011,"BRB",33277.6658169986
2012,"BRB",33798.7292637883
2013,"BRB",32064.9065591597
2014,"BRB",33854.4261310154
2015,"BRB",33051.8283460701
2016,"BRB",38973.4235505735
2017,"BRB",35000.4556685419
2018,"BRB",35941.9327973055
2019,"BRB",41106.7872457352
2020,"BRB",40744.4102412991
2010,"BRN",37831.6003182644
2011,"BRN",41899.2670551041
2012,"BRN",43645.6683511062
2013,"BRN",44767.355235635
2014,"BRN",58686.0351805438
2015,"BRN",78975.3419784684
2016,"BRN",40167.3487126209
2017,"BRN",33247.7987539645
2018,"BRN",25409.091041623
2019,"BRN",22575.6723304125
2020,"BRN",20667.0166902878
2010,"BTN",1213.7612280263
2011,"BTN",1386.07328447902
2012,"BTN",1591.46695215222
2013,"BTN",723.953427206867
2014,"BTN",1023.76959756476
2015,"BTN",1948.41085429366
2016,"BTN",1984.34105593074
2017,"BTN",3163.8416793787
2018,"BTN",6002.04779880291
2019,"BTN",6532.59266620564
2020,"BTN",6582.79054743606
2010,"BWA",74272.7879813433
2011,"BWA",67919.6399069292
2012,"BWA",56033.2540222644
2013,"BWA",47339.9600423796
2014,"BWA",52787.5581955013
2015,"BWA",47846.9722717113
2016,"BWA",57193.9847738519
2017,"BWA",78011.2860048551
2018,"BWA",64626.9136534943
2019,"BWA",59432.2261310189
2020,"BWA",49852.1044612076
2010,"CAF",6084.04337890669
2011,"CAF",6666.22109708072
2012,"CAF",7300.89339110155
2013,"CAF",2535.75462648192
2014,"CAF",2575.95590526386
2015,"CAF",2781.18763348633
2016,"CAF",4209.34420248323
2017,"CAF",2380.45342678323
2018,"CAF",2249.89803633923
2019,"CAF",1929.97156504149
2020,"CAF",1774.72466089115
2010,"CAN",18036253.4425522
2011,"CAN",17406786.02054
2012,"CAN",17339946.7184296
2013,"CAN",17009497.3691556
2014,"CAN",16196769.5656871
2015,"CAN",15733121.8864195
2016,"CAN",14942537.5706157
2017,"CAN",15151396.6548239
2018,"CAN",14942028.5543823
2019,"CAN",14454758.6639033
2020,"CAN",13782389.8632143
2010,"CHE",2724836.96116992
2011,"CHE",2721043.02659013
2012,"CHE",2403672.74176495
2013,"CHE",2208331.05918977
2014,"CHE",2351203.01626261
2015,"CHE",2218838.61484507
2016,"CHE",2007010.8911697
2017,"CHE",2028489.44151795
2018,"CHE",1985684.42558643
2019,"CHE",1878328.41446378
2020,"CHE",1700074.75481657
2010,"CHL",1520140.22823048
2011,"CHL",1580809.01338525
2012,"CHL",1678977.8695125
2013,"CHL",1632047.14877653
2014,"CHL",1502147.37094876
2015,"CHL",1645090.46298176
2016,"CHL",1626059.46095
2017,"CHL",1789941.61780974
2018,"CHL",1777252.83119653
2019,"CHL",1639932.11785418
2020,"CHL",1423204.71954948
2010,"CHN",18693706.8214148
2011,"CHN",23524188.4239682
2012,"CHN",26699354.7390776
2013,"CHN",29234036.5877154
2014,"CHN",33310901.1505494
2015,"CHN",40672380.8976142
2016,"CHN",43167588.2311379
2017,"CHN",45675571.4675019
2018,"CHN",47354615.4254445
2019,"CHN",51643677.8719772
2020,"CHN",52048362.1855947
2010,"CIV",167465.767216831
2011,"CIV",179417.882841812
2012,"CIV",147101.886722875
2013,"CIV",193914.619763803
2014,"CIV",286492.760517082
2015,"CIV",265503.427287143
2016,"CIV",295940.485349152
2017,"CIV",307636.422715723
2018,"CIV",361769.382884503
2019,"CIV",351779.193443836
2020,"CIV",285586.375991957
2010,"CMR",155476.867561924
2011,"CMR",164827.710688464
2012,"CMR",149472.420066745
2013,"CMR",152069.347715767
2014,"CMR",165319.573099974
2015,"CMR",180314.156003793
2016,"CMR",191557.035967322
2017,"CMR",193597.031928985
2018,"CMR",180189.683051722
2019,"CMR",182816.53932747
2020,"CMR",227512.000224692
2010,"COD",43191.8874621239
2011,"COD",50184.6849565685
2012,"COD",64978.7813363829
2013,"COD",53182.619765636
2014,"COD",42320.206541544
2015,"COD",74764.6607908843
2016,"COD",68486.0812772207
2017,"COD",47456.3517756257
2018,"COD",55864.2684392129
2019,"COD",74696.4480245299
2020,"COD",69002.0896726825
2010,"COG",17498.3084702009
2011,"COG",23261.6188425605
2012,"COG",30283.4531662694
2013,"COG",34701.9079983528
2014,"COG",27305.4175641033
2015,"COG",17051.8353847011
2016,"COG",18860.3101725549
2017,"COG",28371.8470138341
2018,"COG",37192.5286307447
2019,"COG",28080.386751546
2020,"COG",36689.0813217984
2010,"COL",2376009.29778224
2011,"COL",2218576.09758949
2012,"COL",2419557.51371156
2013,"COL",2268711.75700161
2014,"COL",2282816.59399539
2015,"COL",2006314.21271708
2016,"COL",1813526.55085424
2017,"COL",2026986.6410028
2018,"COL",2000622.78613493
2019,"COL",1857882.55902432
2020,"COL",1683017.38732085
2010,"COM",29179.9963487988
2011,"COM",2084.10550022336
2012,"COM",2083.67148921254
2013,"COM",3082.37973412603
2014,"COM",6014.5977779677
2015,"COM",8245.59231515324
2016,"COM",11530.0398880264
2017,"COM",6168.59775376747
2018,"COM",12243.9735232835
2019,"COM",6656.38039718747
2020,"COM",5788.23495867201
2010,"CPV",5975.18073884668
2011,"CPV",7038.65428440964
2012,"CPV",7030.60525957633
2013,"CPV",7676.42183867427
2014,"CPV",6723.01104107595
2015,"CPV",5896.33083845141
2016,"CPV",6846.2892467801
2017,"CPV",6615.95945720923
2018,"CPV",7921.31325651223
2019,"CPV",7792.09801852836
2020,"CPV",7103.78453690709
2010,"CRI",702055.842585725
2011,"CRI",683614.362789277
2012,"CRI",722021.251318037
2013,"CRI",748616.98163316
2014,"CRI",712767.938624471
2015,"CRI",887100.625428757
2016,"CRI",760069.013641543
2017,"CRI",828825.1093487
2018,"CRI",796529.410198479
2019,"CRI",806580.133683963
2020,"CRI",778032.335293796
2010,"CUB",216899.8507903
2011,"CUB",165407.668600826
2012,"CUB",217170.079791
2013,"CUB",197520.960973916
2014,"CUB",171076.083205598
2015,"CUB",299451.432236236
2016,"CUB",298091.283231234
2017,"CUB",287972.688730631
2018,"CUB",242318.243204649
2019,"CUB",220221.600975248
2020,"CUB",251201.258194865
2010,"CUW",6446.28562769654
2011,"CUW",6505.01065565167
2012,"CUW",6894.12933074178
2013,"CUW",6560.71725108036
2014,"CUW",6441.16116334372
2015,"CUW",6944.50334795253
2016,"CUW",6196.68369343088
2017,"CUW",5581.79395167487
2018,"CUW",6446.28562769654
2019,"CUW",6446.28562769654
2020,"CUW",6446.28562769654
2010,"CYM",45588.6012769648
2011,"CYM",45588.6012769648
2012,"CYM",45588.6012769648
2013,"CYM",45588.6012769648
2014,"CYM",45588.6012769648
2015,"CYM",45588.6012769648
2016,"CYM",45588.6012769648
2017,"CYM",95326.9521322755
2018,"CYM",46590.0288258364
2019,"CYM",16599.6114110375
2020,"CYM",23837.81273871
2010,"CYP",137783.17255289
2011,"CYP",169692.892859418
2012,"CYP",135113.556200343
2013,"CYP",121237.693050865
2014,"CYP",90546.5168854705
2015,"CYP",81096.3985371972
2016,"CYP",72163.8932623839
2017,"CYP",71080.7885219494
2018,"CYP",75957.9936267608
2019,"CYP",70915.8649514675
2020,"CYP",56770.8163855654
2010,"CZE",2014680.57751651
2011,"CZE",2145562.93364087
2012,"CZE",1927335.87082772
2013,"CZE",1988672.52724057
2014,"CZE",1879148.08143797
2015,"CZE",1819229.26196242
2016,"CZE",1927431.08877889
2017,"CZE",2087174.07270553
2018,"CZE",2244672.97387774
2019,"CZE",2265974.58533948
2020,"CZE",2315196.44675267
2010,"DEU",32348066.8688583
2011,"DEU",32787010.710375
2012,"DEU",30591395.0949225
2013,"DEU",30171385.351767
2014,"DEU",30516066.555114
2015,"DEU",27120144.6960955
2016,"DEU",27570843.6913356
2017,"DEU",27692237.7187137
2018,"DEU",27928867.6346888
2019,"DEU",26204704.9545571
2020,"DEU",25647856.7184273
2010,"DJI",13589.5761428822
2011,"DJI",13589.5761428822
2012,"DJI",13589.5761428822
2013,"DJI",8784.12294652549
2014,"DJI",7502.64282121838
2015,"DJI",10900.7997947986
2016,"DJI",19246.0844177665
2017,"DJI",16413.1301621457
2018,"DJI",14182.9022453158
2019,"DJI",17528.3366566691
2020,"DJI",14158.5900986178
2010,"DMA",4224.64090112594
2011,"DMA",4324.00548206388
2012,"DMA",6010.19352721568
2013,"DMA",4534.84650723173
2014,"DMA",3473.69441593496
2015,"DMA",4331.55005994868
2016,"DMA",1924.66707067248
2017,"DMA",4994.59400970765
2018,"DMA",5637.48071915308
2019,"DMA",4383.96363256157
2020,"DMA",4383.96363256157
2010,"DNK",1948491.46332876
2011,"DNK",1963054.20319254
2012,"DNK",1813351.67232155
2013,"DNK",1750225.8281655
2014,"DNK",1746943.24965294
2015,"DNK",1555462.70050929
2016,"DNK",1623331.63755803
2017,"DNK",1567331.68635898
2018,"DNK",1507565.60285534
2019,"DNK",1411153.54475787
2020,"DNK",1458210.30136528
2010,"DOM",440795.808789381
2011,"DOM",439701.957227112
2012,"DOM",458166.831304891
2013,"DOM",492891.304054023
2014,"DOM",549513.567524967
2015,"DOM",638416.005124108
2016,"DOM",646797.418758036
2017,"DOM",716952.084571566
2018,"DOM",665744.559176599
2019,"DOM",712445.121981666
2020,"DOM",710539.46105489
2010,"DZA",628920.130796257
2011,"DZA",779721.387427994
2012,"DZA",879074.886024601
2013,"DZA",754930.047138956
2014,"DZA",755395.934983538
2015,"DZA",629368.834906776
2016,"DZA",633682.874061388
2017,"DZA",723918.83738379
2018,"DZA",714197.718664534
2019,"DZA",727558.931804913
2020,"DZA",632387.534604452
2010,"ECU",615002.29548529
2011,"ECU",645303.706865699
2012,"ECU",707211.750420921
2013,"ECU",742717.389096272
2014,"ECU",771794.812364788
2015,"ECU",889229.42265422
2016,"ECU",931730.151395607
2017,"ECU",1007907.72808513
2018,"ECU",1009731.64765887
2019,"ECU",856697.039245791
2020,"ECU",803025.158244407
2010,"EGY",2007048.31661741
2011,"EGY",2231209.07561793
2012,"EGY",2728089.02242334
2013,"EGY",2515363.08408279
2014,"EGY",2789732.39418324
2015,"EGY",2893435.76440913
2016,"EGY",3412523.79131141
2017,"EGY",2360329.20127877
2018,"EGY",2299549.24477537
2019,"EGY",2507168.26002445
2020,"EGY",2856447.54174167
2010,"ERI",4181.58705000505
2011,"ERI",6065.7920328406
2012,"ERI",5123.68954142282
2013,"ERI",5123.68954142282
2014,"ERI",5123.68954142282
2015,"ERI",5123.68954142282
2016,"ERI",5123.68954142282
2017,"ERI",5123.68954142282
2018,"ERI",5123.68954142282
2019,"ERI",5123.68954142282
2020,"ERI",5123.68954142282
2010,"ESP",11603433.7264544
2011,"ESP",11204837.481098
2012,"ESP",9942183.62886287
2013,"ESP",9851624.87731086
2014,"ESP",9499326.41035559
2015,"ESP",8720451.99795501
2016,"ESP",8741910.47799947
2017,"ESP",8713339.93192104
2018,"ESP",8993636.55443743
2019,"ESP",8618204.48331596
2020,"ESP",8553022.43002163
2010,"EST",182227.803727725
2011,"EST",186243.573990253
2012,"EST",175239.686718559
2013,"EST",191700.115885476
2014,"EST",193956.88185275
2015,"EST",176698.717920569
2016,"EST",179574.459121509
2017,"EST",196453.833993216
2018,"EST",208398.010767676
2019,"EST",195646.985114569
2020,"EST",185610.617853403
2010,"ETH",155357.270897811
2011,"ETH",57056.0765970973
2012,"ETH",78141.5804403458
2013,"ETH",132402.139913808
2014,"ETH",376774.505750384
2015,"ETH",104121.895610634
2016,"ETH",145048.387558953
2017,"ETH",165341.028690238
2018,"ETH",150394.520097343
2019,"ETH",183986.922423425
2020,"ETH",160305.651895885
2010,"FIN",9856427.90780978
2011,"FIN",10234232.8139986
2012,"FIN",9693420.08673934
2013,"FIN",9617807.07566302
2014,"FIN",9550126.17762718
2015,"FIN",8735332.59845453
2016,"FIN",8543994.17221397
2017,"FIN",7603083.97461919
2018,"FIN",7598267.90751441
2019,"FIN",6777910.8898445
2020,"FIN",6135382.73290532
2010,"FJI",27859.5523592641
2011,"FJI",34160.7226268948
2012,"FJI",34716.8018419601
2013,"FJI",27666.6252643944
2014,"FJI",38815.6802300656
2015,"FJI",37984.7499931955
2016,"FJI",46419.3757658647
2017,"FJI",42836.8994486079
2018,"FJI",45813.9993132644
2019,"FJI",33380.0336314332
2020,"FJI",43616.1935712744
2010,"FRA",22399450.6181414
2011,"FRA",22765305.6551349
2012,"FRA",20517376.5146505
2013,"FRA",19871260.2532381
2014,"FRA",19124650.5082737
2015,"FRA",16641958.6481423
2016,"FRA",16731439.6454426
2017,"FRA",16638508.7530509
2018,"FRA",16544857.584084
2019,"FRA",15698013.0915066
2020,"FRA",15773622.0487856
2010,"FRO",12078.4799325717
2011,"FRO",11534.698133084
2012,"FRO",10337.0180238886
2013,"FRO",12759.5472737725
2014,"FRO",15150.3830833161
2015,"FRO",12954.0825311771
2016,"FRO",12405.784885141
2017,"FRO",14111.7413595443
2018,"FRO",12360.3166936093
2019,"FRO",13266.1595071938
2020,"FRO",13657.2808470505
2010,"FSM",550.799978644234
2011,"FSM",545.146782252318
2012,"FSM",655.376066208436
2013,"FSM",884.04075039716
2014,"FSM",323.71559429465
2015,"FSM",656.913014643142
2016,"FSM",429.273851738787
2017,"FSM",558.170241532373
2018,"FSM",524.173065658561
2019,"FSM",665.869675807741
2020,"FSM",946.330490666836
2010,"GAB",36915.110711311
2011,"GAB",47350.8212748909
2012,"GAB",46182.8885308918
2013,"GAB",46550.8380481281
2014,"GAB",49684.0630999729
2015,"GAB",49600.0640148285
2016,"GAB",45024.6234326862
2017,"GAB",47597.940414463
2018,"GAB",52472.9759105083
2019,"GAB",56518.2462863869
2020,"GAB",44758.9206091764
2010,"GBR",15339755.2125515
2011,"GBR",14778578.9974842
2012,"GBR",14378729.1959025
2013,"GBR",14183082.1653039
2014,"GBR",15191560.5573873
2015,"GBR",14673222.1982104
2016,"GBR",13099049.8425925
2017,"GBR",12283850.0917617
2018,"GBR",12117577.5815417
2019,"GBR",11421047.565352
2020,"GBR",11068027.9841658
2010,"GEO",69232.7109979774
2011,"GEO",79735.5989348308
2012,"GEO",92629.0769889206
2013,"GEO",104217.725482664
2014,"GEO",96542.975826647
2015,"GEO",87825.3848643284
2016,"GEO",91141.8082225842
2017,"GEO",94219.2851822667
2018,"GEO",88192.6239747956
2019,"GEO",95512.3675793409
2020,"GEO",89727.6112097544
2010,"GHA",130746.818103108
2011,"GHA",233977.824474568
2012,"GHA",180350.397273666
2013,"GHA",286536.680929699
2014,"GHA",304239.053782704
2015,"GHA",228911.851654321
2016,"GHA",351230.024991991
2017,"GHA",394945.453311607
2018,"GHA",337424.104568113
2019,"GHA",238589.021426996
2020,"GHA",383717.57516624
2010,"GIN",12339.0550962144
2011,"GIN",13746.6260878399
2012,"GIN",17332.9675279685
2013,"GIN",18895.4919497611
2014,"GIN",24016.2597327356
2015,"GIN",30335.4019433162
2016,"GIN",21289.6181240752
2017,"GIN",30134.5480036479
2018,"GIN",35319.6410331966
2019,"GIN",43078.459260844
2020,"GIN",26212.4275487349
2010,"GMB",9043.78627005517
2011,"GMB",9832.93571377954
2012,"GMB",10563.271394087
2013,"GMB",11955.7045198269
2014,"GMB",10155.6275708644
2015,"GMB",10931.0032907426
2016,"GMB",13869.5853062806
2017,"GMB",12829.7394421089
2018,"GMB",11578.539445484
2019,"GMB",17104.5974494756
2020,"GMB",14902.6276191413
2010,"GNB",1445.9967895482
2011,"GNB",1935.79295185589
2012,"GNB",2468.31363947331
2013,"GNB",1788.1010606993
2014,"GNB",2584.40325786949
2015,"GNB",2699.51189836725
2016,"GNB",3748.69152084944
2017,"GNB",3641.45131619515
2018,"GNB",4749.68893043617
2019,"GNB",5907.09999349535
2020,"GNB",4010.32106731321
2010,"GNQ",6611.40597356842
2011,"GNQ",11232.8069127591
2012,"GNQ",11179.5323877435
2013,"GNQ",13623.0102328058
2014,"GNQ",17303.3529339744
2015,"GNQ",12020.9670368006
2016,"GNQ",12476.5734502159
2017,"GNQ",9937.78224586987
2018,"GNQ",11204.6235324183
2019,"GNQ",9572.51923159285
2020,"GNQ",9566.4138682507
2010,"GRC",1776423.09203705
2011,"GRC",1612408.90025463
2012,"GRC",1321938.04093868
2013,"GRC",1392057.94251562
2014,"GRC",1351341.90089369
2015,"GRC",1232172.70259247
2016,"GRC",1340658.51570627
2017,"GRC",1232426.35511233
2018,"GRC",1200839.14445217
2019,"GRC",1140475.46634648
2020,"GRC",1201748.82991718
2010,"GRL",5918.65719775352
2011,"GRL",4597.63356040908
2012,"GRL",6593.78826400219
2013,"GRL",7883.88891792134
2014,"GRL",9021.68625041605
2015,"GRL",8673.42656256235
2016,"GRL",9233.08051507639
2017,"GRL",9137.34904561391
2018,"GRL",10295.8630826736
2019,"GRL",7341.20167123784
2020,"GRL",7095.49187166023
2010,"GTM",599228.984066925
2011,"GTM",637275.265136304
2012,"GTM",695743.993163569
2013,"GTM",745057.227667797
2014,"GTM",770573.45737149
2015,"GTM",952964.727484424
2016,"GTM",989620.106380326
2017,"GTM",1176085.03553267
2018,"GTM",1158726.76261013
2019,"GTM",1226206.9883228
2020,"GTM",1268584.81767136
2010,"GUM",2140.50099755509
2011,"GUM",2304.81086262246
2012,"GUM",2584.3062665105
2013,"GUM",2074.87805050486
2014,"GUM",1945.68820257157
2015,"GUM",2002.89411439456
2016,"GUM",2776.37623809895
2017,"GUM",3144.98618101332
2018,"GUM",2744.09970514371
2019,"GUM",3336.05648243878
2020,"GUM",1921.4854779444
2010,"HKG",489182.806829516
2011,"HKG",598420.885748808
2012,"HKG",496441.943768696
2013,"HKG",479721.978286499
2014,"HKG",500081.958288556
2015,"HKG",541804.296378281
2016,"HKG",527392.454287982
2017,"HKG",520575.95770741
2018,"HKG",488765.203528638
2019,"HKG",463489.954677717
2020,"HKG",359098.491354044
2010,"HND",213645.600242973
2011,"HND",197138.39528642
2012,"HND",235705.203767402
2013,"HND",218395.104235789
2014,"HND",294396.107091813
2015,"HND",349108.005700727
2016,"HND",368428.288937285
2017,"HND",378473.780809437
2018,"HND",344911.216712456
2019,"HND",291565.779542445
2020,"HND",271897.181689769
2010,"HRV",621375.883222564
2011,"HRV",632659.188151632
2012,"HRV",573350.523939233
2013,"HRV",554359.486439683
2014,"HRV",572924.284086735
2015,"HRV",511956.588441093
2016,"HRV",537182.643907244
2017,"HRV",562183.120347986
2018,"HRV",584432.561519031
2019,"HRV",550375.227877289
2020,"HRV",561357.353252294
2010,"HTI",41356.0396767273
2011,"HTI",60734.0993334169
2012,"HTI",67334.7365968437
2013,"HTI",76187.3686286412
2014,"HTI",96054.1784236442
2015,"HTI",81412.1979001334
2016,"HTI",71240.6189329845
2017,"HTI",75187.3586516742
2018,"HTI",82012.6843757603
2019,"HTI",79101.9933400925
2020,"HTI",112635.22375838
2010,"HUN",1108565.06567038
2011,"HUN",1154948.28910052
2012,"HUN",1164324.57048735
2013,"HUN",1157213.86501851
2014,"HUN",1126556.60981167
2015,"HUN",1067690.18617019
2016,"HUN",1092386.35557907
2017,"HUN",1175249.97929597
2018,"HUN",1213077.4437176
2019,"HUN",1160098.5706474
2020,"HUN",1099964.78411066
2010,"IDN",7515007.41654468
2011,"IDN",7220498.53029441
2012,"IDN",7596037.96087885
2013,"IDN",7392724.56155365
2014,"IDN",7359451.08819763
2015,"IDN",8433177.07359075
2016,"IDN",8985184.18007142
2017,"IDN",9294755.66194494
2018,"IDN",9217364.95542765
2019,"IDN",10478083.9289814
2020,"IDN",10332359.1388175
2010,"IND",3781437.35599555
2011,"IND",3823978.35659602
2012,"IND",3640572.90838191
2013,"IND",4190232.66520534
2014,"IND",4808030.57286698
2015,"IND",5651728.40803936
2016,"IND",6511648.21630514
2017,"IND",7006674.65899083
2018,"IND",7051573.87756029
2019,"IND",7846013.95566117
2020,"IND",5935556.17040424
2010,"IRL",593170.644396454
2011,"IRL",651046.534963858
2012,"IRL",612503.737648189
2013,"IRL",633636.892140634
2014,"IRL",609878.159087067
2015,"IRL",565838.757403422
2016,"IRL",486097.946817002
2017,"IRL",525199.093622343
2018,"IRL",539018.713561871
2019,"IRL",405020.108322094
2020,"IRL",383217.72280493
2010,"IRN",2090657.11252032
2011,"IRN",3125411.91455053
2012,"IRN",1663264.97075876
2013,"IRN",2292976.76552175
2014,"IRN",2218838.20145069
2015,"IRN",1983918.06617421
2016,"IRN",2185184.38587394
2017,"IRN",1974037.48607649
2018,"IRN",1272681.72645382
2019,"IRN",1060627.38943993
2020,"IRN",628250.512565395
2010,"IRQ",390300.271685991
2011,"IRQ",460049.681689436
2012,"IRQ",531424.785425111
2013,"IRQ",658449.007593373
2014,"IRQ",685436.249358048
2015,"IRQ",614581.967515734
2016,"IRQ",879223.139207751
2017,"IRQ",934652.233482759
2018,"IRQ",1043689.50447175
2019,"IRQ",868576.825927872
2020,"IRQ",815658.812290761
2010,"ISL",55823.4747611833
2011,"ISL",56477.1864897374
2012,"ISL",50627.4889063028
2013,"ISL",56613.2164591884
2014,"ISL",62721.2289274998
2015,"ISL",52475.3925582191
2016,"ISL",61403.5721256543
2017,"ISL",61936.7460448172
2018,"ISL",62889.328560088
2019,"ISL",60360.8028962313
2020,"ISL",61969.018181534
2010,"ISR",1099610.06551758
2011,"ISR",1125355.91475827
2012,"ISR",1044260.48962752
2013,"ISR",1216470.72025446
2014,"ISR",1281678.39937236
2015,"ISR",1331361.28643422
2016,"ISR",1339928.884496
2017,"ISR",1396058.5932913
2018,"ISR",1257897.16574301
2019,"ISR",1343645.08288729
2020,"ISR",1436257.35903688
2010,"ITA",17792516.0939173
2011,"ITA",17989626.063603
2012,"ITA",16789811.9809996
2013,"ITA",17114988.5294499
2014,"ITA",17222681.8064526
2015,"ITA",15398579.3421974
2016,"ITA",15543337.4550375
2017,"ITA",15626400.6164209
2018,"ITA",15532561.0819086
2019,"ITA",14589059.4670483
2020,"ITA",13762123.0494488
2010,"JAM",72626.5580623969
2011,"JAM",71067.4847512228
2012,"JAM",89874.7978630681
2013,"JAM",78304.1759905033
2014,"JAM",75751.2258955143
2015,"JAM",93123.9416150548
2016,"JAM",91798.3360602827
2017,"JAM",86492.4499358182
2018,"JAM",82729.3955594726
2019,"JAM",85686.298610992
2020,"JAM",96845.4637574194
2010,"JOR",294023.032954915
2011,"JOR",299304.641689654
2012,"JOR",319638.546840424
2013,"JOR",343128.808456414
2014,"JOR",331672.805824325
2015,"JOR",358735.996707344
2016,"JOR",355844.339500036
2017,"JOR",362871.520547916
2018,"JOR",356223.473991111
2019,"JOR",343327.145947413
2020,"JOR",393937.784722603
2010,"JPN",16420293.7510024
2011,"JPN",16281539.4001526
2012,"JPN",16788406.7114964
2013,"JPN",13772332.4533672
2014,"JPN",12459525.2428591
2015,"JPN",13897445.8731113
2016,"JPN",15993382.7870223
2017,"JPN",15240422.318456
2018,"JPN",13437928.486383
2019,"JPN",13616657.7495072
2020,"JPN",12723501.2428023
2010,"KAZ",402951.673575344
2011,"KAZ",612579.644626558
2012,"KAZ",775934.113378664
2013,"KAZ",843959.523496845
2014,"KAZ",800142.408562873
2015,"KAZ",685340.935634418
2016,"KAZ",614381.267756823
2017,"KAZ",1052106.69760546
2018,"KAZ",738890.047544022
2019,"KAZ",710771.359557794
2020,"KAZ",686260.837102284
2010,"KEN",443103.148324573
2011,"KEN",432336.425092702
2012,"KEN",498456.191879871
2013,"KEN",552179.425969985
2014,"KEN",608855.183659297
2015,"KEN",685472.177168846
2016,"KEN",840967.421426918
2017,"KEN",819163.152340986
2018,"KEN",969692.364265713
2019,"KEN",941493.248250771
2020,"KEN",887821.31024446
2010,"KGZ",29653.7507001242
2011,"KGZ",37359.921344623
2012,"KGZ",37639.1363482639
2013,"KGZ",42819.1834278445
2014,"KGZ",42277.0932559035
2015,"KGZ",40594.2928520337
2016,"KGZ",40207.7265768361
2017,"KGZ",49835.0663186758
2018,"KGZ",45772.1651396103
2019,"KGZ",55412.0007689097
2020,"KGZ",57008.1266539649
2010,"KHM",82979.4691495666
2011,"KHM",99880.1028533403
2012,"KHM",127218.221715009
2013,"KHM",122658.653103947
2014,"KHM",145690.121889592
2015,"KHM",165150.525270607
2016,"KHM",175713.928799548
2017,"KHM",195840.431884886
2018,"KHM",215306.478033972
2019,"KHM",274027.633327834
2020,"KHM",335949.015570431
2010,"KIR",410.627082368768
2011,"KIR",411.452741045918
2012,"KIR",496.017956206287
2013,"KIR",499.138247895777
2014,"KIR",728.281910088124
2015,"KIR",750.468846008074
2016,"KIR",1201.42753972778
2017,"KIR",659.910619731634
2018,"KIR",858.746190306246
2019,"KIR",656.03958304147
2020,"KIR",755.917427391256
2010,"KOR",3432526.28220671
2011,"KOR",3228863.55224546
2012,"KOR",3430184.47613567
2013,"KOR",3626202.41115392
2014,"KOR",3780394.19099661
2015,"KOR",4378212.281685
2016,"KOR",4801030.1679806
2017,"KOR",4689642.58733754
2018,"KOR",4681099.72756361
2019,"KOR",4508044.20714743
2020,"KOR",4351546.62687819
2010,"KWT",392344.692324533
2011,"KWT",529433.499203913
2012,"KWT",527653.775347589
2013,"KWT",526397.023056218
2014,"KWT",472647.367076185
2015,"KWT",347560.985398403
2016,"KWT",321816.398155816
2017,"KWT",357326.952708162
2018,"KWT",355415.431715552
2019,"KWT",350840.62464676
2020,"KWT",418143.674963313
2010,"LAO",24562.4712250156
2011,"LAO",23152.1288860921
2012,"LAO",29429.8174174409
2013,"LAO",39250.3190998634
2014,"LAO",44605.7700247301
2015,"LAO",52880.314046312
2016,"LAO",68554.3481475146
2017,"LAO",40347.8812638527
2018,"LAO",40347.8812638527
2019,"LAO",40347.8812638527
2020,"LAO",40347.8812638527
2010,"LBN",296271.731608222
2011,"LBN",289137.224524628
2012,"LBN",322605.630308926
2013,"LBN",333067.498213667
2014,"LBN",331491.959886306
2015,"LBN",356699.85732156
2016,"LBN",338124.384419258
2017,"LBN",345061.567330377
2018,"LBN",364105.055967899
2019,"LBN",363454.203010411
2020,"LBN",320918.137505244
2010,"LBY",247031.292292852
2011,"LBY",179680.7450631
2012,"LBY",302466.550597427
2013,"LBY",231166.301304815
2014,"LBY",203796.485405712
2015,"LBY",231142.901455426
2016,"LBY",230000.783341014
2017,"LBY",345979.220373076
2018,"LBY",342873.365587107
2019,"LBY",243011.287399206
2020,"LBY",255714.893281974
2010,"LKA",629568.865153488
2011,"LKA",629568.865153488
2012,"LKA",629568.865153488
2013,"LKA",629568.865153488
2014,"LKA",629568.865153488
2015,"LKA",630906.724802859
2016,"LKA",630887.297619616
2017,"LKA",654751.039551741
2018,"LKA",622926.418186492
2019,"LKA",594627.39120083
2020,"LKA",643314.319559388
2010,"LSO",10582.9625510892
2011,"LSO",13794.7944605758
2012,"LSO",12987.8690222745
2013,"LSO",14410.5249334239
2014,"LSO",15348.979423082
2015,"LSO",13729.0412356765
2016,"LSO",12333.6082694707
2017,"LSO",12836.7729500044
2018,"LSO",14223.0942484434
2019,"LSO",13824.3206454695
2020,"LSO",10143.5229348989
2010,"LTU",319753.944913231
2011,"LTU",361758.855156527
2012,"LTU",377219.385974535
2013,"LTU",370616.805594633
2014,"LTU",444632.218685411
2015,"LTU",373357.363838278
2016,"LTU",378737.136008304
2017,"LTU",366647.202496045
2018,"LTU",387659.097131002
2019,"LTU",373554.376622048
2020,"LTU",405002.406730467
2010,"LUX",211744.609904024
2011,"LUX",216521.408091801
2012,"LUX",206993.505286597
2013,"LUX",189428.734659033
2014,"LUX",179373.5097764
2015,"LUX",134668.270361264
2016,"LUX",144168.403062699
2017,"LUX",140192.711807967
2018,"LUX",147564.342334452
2019,"LUX",143915.051815563
2020,"LUX",139986.190287704
2010,"LVA",216832.345803213
2011,"LVA",231065.514994377
2012,"LVA",217311.271408734
2013,"LVA",254134.42606381
2014,"LVA",268344.697715764
2015,"LVA",236004.968393164
2016,"LVA",241623.032493391
2017,"LVA",241212.894494062
2018,"LVA",249840.76453237
2019,"LVA",254395.042325136
2020,"LVA",254296.622017539
2010,"MAC",71870.4356593376
2011,"MAC",79513.1879791715
2012,"MAC",95802.5347057307
2013,"MAC",98686.3968347129
2014,"MAC",109758.254069811
2015,"MAC",106225.395035972
2016,"MAC",106360.212518052
2017,"MAC",98825.0374524209
2018,"MAC",104156.951801801
2019,"MAC",103760.401377393
2020,"MAC",40182.8508541376
2010,"MAR",532834.721953757
2011,"MAR",576113.903746188
2012,"MAR",522236.628094046
2013,"MAR",571172.93853848
2014,"MAR",674218.877428666
2015,"MAR",703050.739349147
2016,"MAR",650315.787393195
2017,"MAR",644931.482318219
2018,"MAR",662224.314949307
2019,"MAR",655721.875500178
2020,"MAR",667340.649771876
2010,"MDA",53992.73724208
2011,"MDA",68338.0665505993
2012,"MDA",68532.3274484719
2013,"MDA",73928.9881523001
2014,"MDA",67925.1068939752
2015,"MDA",56244.5741029492
2016,"MDA",61003.3875062531
2017,"MDA",68658.5264732514
2018,"MDA",74140.6932300134
2019,"MDA",78238.2626500348
2020,"MDA",77646.6925304411
2010,"MDG",51748.8301211939
2011,"MDG",62594.5644297795
2012,"MDG",71507.6258134115
2013,"MDG",70571.1831305759
2014,"MDG",70888.295595003
2015,"MDG",80319.6732985444
2016,"MDG",88053.7615099049
2017,"MDG",70762.9838614069
2018,"MDG",66368.9551121388
2019,"MDG",87920.6167555316
2020,"MDG",67314.2681856259
2010,"MDV",9180.55733904344
2011,"MDV",9180.55733904344
2012,"MDV",9180.55733904344
2013,"MDV",9180.55733904344
2014,"MDV",8059.43984380128
2015,"MDV",9213.16101722608
2016,"MDV",9617.98381807896
2017,"MDV",9352.70526392173
2018,"MDV",9418.53531885011
2019,"MDV",10470.9093646568
2020,"MDV",8131.16674676912
2010,"MEX",6263924.33758092
2011,"MEX",6270102.53388697
2012,"MEX",6619513.71721796
2013,"MEX",6966858.4709871
2014,"MEX",6860739.93206228
2015,"MEX",6812708.68565079
2016,"MEX",6182052.64873771
2017,"MEX",6647999.23465009
2018,"MEX",6435587.97086242
2019,"MEX",6531812.18519889
2020,"MEX",5769697.26498451
2010,"MHL",602.580875278312
2011,"MHL",1290.16993703234
2012,"MHL",736.501117567786
2013,"MHL",588.47348821291
2014,"MHL",498.456607341388
2015,"MHL",1069.73106061459
2016,"MHL",775.790793516349
2017,"MHL",935.855087670424
2018,"MHL",870.574896656552
2019,"MHL",842.702281064666
2020,"MHL",881.69264797827
2010,"MKD",75982.2920910828
2011,"MKD",72402.7489281068
2012,"MKD",68059.2710474918
2013,"MKD",74961.2824981283
2014,"MKD",68632.7745609341
2015,"MKD",65623.72939117
2016,"MKD",68952.7552820818
2017,"MKD",63217.930285816
2018,"MKD",67062.7697882108
2019,"MKD",63737.5011352895
2020,"MKD",63659.8968868932
2010,"MLI",21356.1751098637
2011,"MLI",23561.7593662347
2012,"MLI",19011.2948174759
2013,"MLI",20241.4080471617
2014,"MLI",19824.9234567716
2015,"MLI",19532.5024917426
2016,"MLI",21276.2817611347
2017,"MLI",27085.4067913874
2018,"MLI",37758.7497634509
2019,"MLI",37231.3879856116
2020,"MLI",23311.813709919
2010,"MLT",22429.3062169908
2011,"MLT",28369.7652232402
2012,"MLT",29260.9691978365
2013,"MLT",28520.3238726371
2014,"MLT",31194.3138852694
2015,"MLT",25699.8234392213
2016,"MLT",23873.6143745573
2017,"MLT",25369.8360019065
2018,"MLT",35479.1176647429
2019,"MLT",40053.5499523982
2020,"MLT",38833.6771021564
2010,"MMR",458084.127863066
2011,"MMR",698987.929677669
2012,"MMR",1524754.1041047
2013,"MMR",549084.531762955
2014,"MMR",458679.028812662
2015,"MMR",493292.9434092
2016,"MMR",376168.665702787
2017,"MMR",362780.266271593
2018,"MMR",344032.576382232
2019,"MMR",471446.666962956
2020,"MMR",479501.950329377
2010,"MNE",23954.4009122528
2011,"MNE",26552.9904347587
2012,"MNE",22134.3992812114
2013,"MNE",23782.3702640879
2014,"MNE",23740.1625572998
2015,"MNE",22316.8041057099
2016,"MNE",22643.6340579657
2017,"MNE",21759.5575049024
2018,"MNE",21937.2537567817
2019,"MNE",22669.6937186588
2020,"MNE",18988.2543229122
2010,"MNG",25861.0096723626
2011,"MNG",33695.6355692349
2012,"MNG",46523.8426271528
2013,"MNG",42553.5369163263
2014,"MNG",42391.2306727846
2015,"MNG",39836.4742135669
2016,"MNG",40015.1205190132
2017,"MNG",30660.3607931495
2018,"MNG",26956.0601454145
2019,"MNG",27541.4943501191
2020,"MNG",31221.1148619855
2010,"MNP",497.787210582125
2011,"MNP",530.035002014186
2012,"MNP",492.951807766802
2013,"MNP",407.897834062312
2014,"MNP",326.737910826193
2015,"MNP",319.897949657948
2016,"MNP",182.422572365638
2017,"MNP",531.80909483192
2018,"MNP",622.018413462508
2019,"MNP",357.265237970296
2020,"MNP",426.882303353993
2010,"MOZ",57312.1765354919
2011,"MOZ",60278.8813963718
2012,"MOZ",46372.6515321849
2013,"MOZ",47843.4254459243
2014,"MOZ",53650.4336949506
2015,"MOZ",72621.7054439337
2016,"MOZ",49168.8109200832
2017,"MOZ",62303.0729770699
2018,"MOZ",50436.5680195406
2019,"MOZ",61472.6176595283
2020,"MOZ",71772.6370795977
2010,"MRT",15013.193907572
2011,"MRT",19717.6230635275
2012,"MRT",15486.0287713589
2013,"MRT",19892.8133264024
2014,"MRT",21572.3118080321
2015,"MRT",25286.3692063086
2016,"MRT",29626.0505895173
2017,"MRT",26662.7369820493
2018,"MRT",26865.9055886586
2019,"MRT",28831.4422989333
2020,"MRT",25453.0826383745
2010,"MUS",41160.490206206
2011,"MUS",46819.4347183041
2012,"MUS",46637.9475890547
2013,"MUS",46762.335967892
2014,"MUS",49173.4214378849
2015,"MUS",48221.5371271842
2016,"MUS",50723.2195089228
2017,"MUS",55945.2169857604
2018,"MUS",54295.2725490308
2019,"MUS",56875.4185373975
2020,"MUS",49779.9700162486
2010,"MYS",1247074.0198869
2011,"MYS",1391314.82561237
2012,"MYS",1531872.06010609
2013,"MYS",1536141.97588608
2014,"MYS",1529084.11136954
2015,"MYS",1579874.95812087
2016,"MYS",1680447.00935162
2017,"MYS",1682831.25362638
2018,"MYS",1720370.96711658
2019,"MYS",1969132.18632084
2020,"MYS",1761315.46161825
2010,"NAM",59028.694785996
2011,"NAM",73339.5445164146
2012,"NAM",81129.4382274672
2013,"NAM",78039.1191783673
2014,"NAM",79859.8776622868
2015,"NAM",81477.8090591489
2016,"NAM",71856.1497077789
2017,"NAM",88679.4308727494
2018,"NAM",105070.303176087
2019,"NAM",78018.267548893
2020,"NAM",66682.181322462
2010,"NCL",22675.5781130532
2011,"NCL",25124.8804447367
2012,"NCL",25065.9359890287
2013,"NCL",24574.6378201335
2014,"NCL",23585.9790696191
2015,"NCL",25603.3418314947
2016,"NCL",20559.2196652896
2017,"NCL",22895.8672565466
2018,"NCL",23760.6800237378
2019,"NCL",23760.6800237378
2020,"NCL",23760.6800237378
2010,"NER",5546.8161204139
2011,"NER",6601.9954850938
2012,"NER",11233.9915322831
2013,"NER",9276.83972399839
2014,"NER",7840.53740462765
2015,"NER",7742.5376865001
2016,"NER",8043.95798843195
2017,"NER",10086.9675374372
2018,"NER",13498.7395509934
2019,"NER",9885.28068615143
2020,"NER",7341.34529492082
2010,"NGA",1232014.68933264
2011,"NGA",1027357.88146531
2012,"NGA",1588010.20644678
2013,"NGA",1875448.84416666
2014,"NGA",2023442.13330783
2015,"NGA",2471733.58239577
2016,"NGA",1735022.9004017
2017,"NGA",1605561.34908236
2018,"NGA",1106735.66490421
2019,"NGA",947014.938265681
2020,"NGA",1906688.23868217
2010,"NIC",64402.1561820046
2011,"NIC",64796.2590910172
2012,"NIC",74509.5406803548
2013,"NIC",82307.6758196795
2014,"NIC",87193.5774061167
2015,"NIC",114561.556166575
2016,"NIC",115679.940240887
2017,"NIC",132774.810717697
2018,"NIC",119436.604949319
2019,"NIC",158470.459498445
2020,"NIC",117278.899584277
2010,"NLD",5840528.48011567
2011,"NLD",5922774.94983805
2012,"NLD",5362021.39372309
2013,"NLD",5375255.25618382
2014,"NLD",5416621.22722262
2015,"NLD",4566505.0515634
2016,"NLD",4864740.77596242
2017,"NLD",4878470.97726152
2018,"NLD",4887917.03315944
2019,"NLD",4703993.06293553
2020,"NLD",4585723.26826054
2010,"NOR",2497792.21538794
2011,"NOR",2651753.83968715
2012,"NOR",2520482.97685725
2013,"NOR",2246461.85877411
2014,"NOR",2083917.52368442
2015,"NOR",1731930.25230475
2016,"NOR",1712687.3271124
2017,"NOR",1700293.60003857
2018,"NOR",1621478.01239682
2019,"NOR",1498921.699712
2020,"NOR",1440651.35444628
2010,"NPL",52247.1560150648
2011,"NPL",95579.402607685
2012,"NPL",76059.4305928542
2013,"NPL",96809.7271879974
2014,"NPL",112098.156704877
2015,"NPL",96298.4278038182
2016,"NPL",162980.967362879
2017,"NPL",152909.880443539
2018,"NPL",132663.963850568
2019,"NPL",126092.347293526
2020,"NPL",105076.498467374
2010,"NRU",289.408585651561
2011,"NRU",114.175682392845
2012,"NRU",182.476101045774
2013,"NRU",502.298187713297
2014,"NRU",877.741890999405
2015,"NRU",220.105332471366
2016,"NRU",249.258362299894
2017,"NRU",276.955974002096
2018,"NRU",261.999941647295
2019,"NRU",173.293596662312
2020,"NRU",180.000121587657
2010,"NZL",1481993.44135653
2011,"NZL",1668571.40877205
2012,"NZL",1564199.48274062
2013,"NZL",1449651.4907171
2014,"NZL",1343419.0273119
2015,"NZL",1335696.22549488
2016,"NZL",1433099.57868597
2017,"NZL",1384693.96396899
2018,"NZL",1292983.36514377
2019,"NZL",1312305.58652567
2020,"NZL",1396309.09323009
2010,"OMN",180638.508527238
2011,"OMN",207668.165280232
2012,"OMN",242215.94111051
2013,"OMN",207509.84837322
2014,"OMN",244181.238285424
2015,"OMN",227256.307861163
2016,"OMN",233911.398841066
2017,"OMN",268906.091488084
2018,"OMN",299363.703614839
2019,"OMN",283921.934942909
2020,"OMN",258214.453116203
2010,"PAK",773049.804895812
2011,"PAK",1087367.31289728
2012,"PAK",1068735.15560993
2013,"PAK",1137861.41239755
2014,"PAK",1395514.23336783
2015,"PAK",1898031.65640046
2016,"PAK",2111906.65416447
2017,"PAK",2051220.86441903
2018,"PAK",1719983.51740454
2019,"PAK",1275809.98207565
2020,"PAK",1169518.11597976
2010,"PAN",113193.076133849
2011,"PAN",124681.541300602
2012,"PAN",135965.539510916
2013,"PAN",171244.601961802
2014,"PAN",169084.497942548
2015,"PAN",229832.642106438
2016,"PAN",226122.850329768
2017,"PAN",269041.90415781
2018,"PAN",208986.945754385
2019,"PAN",241903.203940146
2020,"PAN",280315.007306205
2010,"PER",1002884.23619544
2011,"PER",1049868.46053351
2012,"PER",1234675.52017487
2013,"PER",1257456.59711308
2014,"PER",1252258.76928004
2015,"PER",1299102.98512899
2016,"PER",1228137.20338854
2017,"PER",1203104.99211033
2018,"PER",1329584.91825699
2019,"PER",1194752.03597448
2020,"PER",941254.437436514
2010,"PHL",1209625.59372359
2011,"PHL",1420225.74444848
2012,"PHL",1582444.66089201
2013,"PHL",1608650.20461153
2014,"PHL",1812620.14821242
2015,"PHL",1575085.85972057
2016,"PHL",1574427.5199399
2017,"PHL",1486696.44189343
2018,"PHL",1540736.61102309
2019,"PHL",1542457.05407248
2020,"PHL",1769395.7233109
2010,"POL",6669589.01904319
2011,"POL",7371069.43602829
2012,"POL",7332550.49654382
2013,"POL",7504323.5727002
2014,"POL",7454282.72682322
2015,"POL",6915412.82650337
2016,"POL",6874197.10535968
2017,"POL",7138801.21323171
2018,"POL",7531483.52428847
2019,"POL",7130827.55953075
2020,"POL",7008437.92982591
2010,"PRT",3407211.83971348
2011,"PRT",3432116.0900926
2012,"PRT",3032810.34471564
2013,"PRT",3025982.53198163
2014,"PRT",2968671.23111876
2015,"PRT",2700661.88404594
2016,"PRT",2711822.56747189
2017,"PRT",2622374.14955738
2018,"PRT",2718343.55765135
2019,"PRT",2542204.09160256
2020,"PRT",2490342.65861609
2010,"PRY",176454.744910899
2011,"PRY",217243.372592107
2012,"PRY",231115.221384972
2013,"PRY",238598.573482929
2014,"PRY",263861.830157211
2015,"PRY",290010.37017184
2016,"PRY",277279.394364313
2017,"PRY",288308.49810505
2018,"PRY",267935.955217259
2019,"PRY",249831.022617216
2020,"PRY",244964.943484318
2010,"PSE",53892.9144619869
2011,"PSE",65669.9717460531
2012,"PSE",76291.9394477946
2013,"PSE",90949.5637619563
2014,"PSE",87272.3374234717
2015,"PSE",81878.3135925591
2016,"PSE",84179.6071641347
2017,"PSE",87800.1185238751
2018,"PSE",91826.5347756845
2019,"PSE",88831.3246333537
2020,"PSE",86889.5979317038
2010,"PYF",20746.6142651084
2011,"PYF",20746.6142651084
2012,"PYF",20746.6142651084
2013,"PYF",20746.6142651084
2014,"PYF",20746.6142651084
2015,"PYF",20746.6142651084
2016,"PYF",20746.6142651084
2017,"PYF",23699.9928919922
2018,"PYF",20746.6142651084
2019,"PYF",20913.1323034734
2020,"PYF",17626.7175998596
2010,"QAT",201051.435596551
2011,"QAT",163232.94966009
2012,"QAT",111915.594401641
2013,"QAT",197598.479954317
2014,"QAT",214001.327616904
2015,"QAT",179788.713706235
2016,"QAT",144309.565828328
2017,"QAT",176915.923712252
2018,"QAT",207771.983102264
2019,"QAT",194034.873066679
2020,"QAT",144430.933180757
2010,"ROU",1104727.30703032
2011,"ROU",1193640.8848842
2012,"ROU",1170537.47322092
2013,"ROU",1227147.99681542
2014,"ROU",1238025.13138778
2015,"ROU",1154537.83484821
2016,"ROU",1197946.66832573
2017,"ROU",1273637.58757662
2018,"ROU",1368878.00905145
2019,"ROU",1336974.66568871
2020,"ROU",1320064.77494287
2010,"RUS",8301519.57914691
2011,"RUS",9691979.37816881
2012,"RUS",10489293.8855223
2013,"RUS",10401167.0772002
2014,"RUS",9736631.87635657
2015,"RUS",7368803.37893221
2016,"RUS",7443097.89117757
2017,"RUS",8188056.59967904
2018,"RUS",7850481.46746369
2019,"RUS",7571949.91076174
2020,"RUS",7363446.20256162
2010,"RWA",25136.9964924404
2011,"RWA",29691.1538468775
2012,"RWA",32857.9144807078
2013,"RWA",33446.0174540934
2014,"RWA",33283.4654937848
2015,"RWA",31065.0191560484
2016,"RWA",31464.6435690799
2017,"RWA",38019.4818380949
2018,"RWA",38857.9559251916
2019,"RWA",32684.5146094423
2020,"RWA",22459.0327261694
2010,"SAU",2150205.1156644
2011,"SAU",2565938.34823262
2012,"SAU",2750067.21336519
2013,"SAU",2707011.36804995
2014,"SAU",2502770.890115
2015,"SAU",2709332.69701477
2016,"SAU",2829545.28380671
2017,"SAU",2765429.9028251
2018,"SAU",2979963.47333216
2019,"SAU",2861773.76988026
2020,"SAU",3001402.8001668
2010,"SDN",222383.733778665
2011,"SDN",384484.631282525
2012,"SDN",314764.047571497
2013,"SDN",349240.883917903
2014,"SDN",5468279.95959944
2015,"SDN",6491530.97991053
2016,"SDN",5290993.0324995
2017,"SDN",6248998.3051813
2018,"SDN",7080926.79728537
2019,"SDN",8670647.41107154
2020,"SDN",14668984.4911585
2010,"SEN",103381.132374449
2011,"SEN",115611.70992071
2012,"SEN",111296.253956672
2013,"SEN",125772.227044692
2014,"SEN",190406.486528789
2015,"SEN",197551.414826896
2016,"SEN",186363.591408266
2017,"SEN",158248.371477595
2018,"SEN",149034.340817997
2019,"SEN",144396.629136172
2020,"SEN",165105.517260148
2010,"SGP",454425.516107434
2011,"SGP",499302.092463187
2012,"SGP",559774.876998943
2013,"SGP",560473.152020673
2014,"SGP",553432.443603778
2015,"SGP",619121.975323814
2016,"SGP",680000.703896048
2017,"SGP",550421.036887541
2018,"SGP",559571.433381473
2019,"SGP",587207.877694305
2020,"SGP",527156.187590984
2010,"SLB",2389.99760789709
2011,"SLB",3961.44689778427
2012,"SLB",3015.86773390715
2013,"SLB",2692.01698424923
2014,"SLB",3489.92517978751
2015,"SLB",4802.48846772121
2016,"SLB",5587.06228870648
2017,"SLB",5582.97976241522
2018,"SLB",5041.91821464817
2019,"SLB",4537.86858599661
2020,"SLB",7646.59492385989
2010,"SLE",9186.8493160042
2011,"SLE",7386.81488293968
2012,"SLE",7449.76894587817
2013,"SLE",7350.16396331879
2014,"SLE",10944.166421489
2015,"SLE",15884.7961128618
2016,"SLE",12540.1562475967
2017,"SLE",11256.4525122681
2018,"SLE",14290.9784538615
2019,"SLE",16918.7450152821
2020,"SLE",13763.9263937743
2010,"SLV",402064.480878729
2011,"SLV",446762.118046476
2012,"SLV",476984.704540628
2013,"SLV",475402.402284056
2014,"SLV",451404.50531181
2015,"SLV",516717.294788736
2016,"SLV",509102.946985872
2017,"SLV",549636.164840267
2018,"SLV",536396.831873262
2019,"SLV",544549.298329128
2020,"SLV",552048.372609986
2010,"SMR",2300.46191731973
2011,"SMR",2300.46191731973
2012,"SMR",2300.46191731973
2013,"SMR",2300.46191731973
2014,"SMR",2300.46191731973
2015,"SMR",2526.79608966548
2016,"SMR",2347.8949925553
2017,"SMR",1752.39041388278
2018,"SMR",2439.52361539463
2019,"SMR",2782.07513498823
2020,"SMR",1954.09125743195
2010,"SOM",9583.65625182445
2011,"SOM",9583.65625182445
2012,"SOM",9583.65625182445
2013,"SOM",3849.68160144718
2014,"SOM",4042.17133168794
2015,"SOM",7367.47999259236
2016,"SOM",9219.93258092817
2017,"SOM",10508.0601542768
2018,"SOM",10986.1351109274
2019,"SOM",16517.0083039963
2020,"SOM",14178.7809387394
2010,"SRB",589245.971161541
2011,"SRB",675751.711613871
2012,"SRB",630439.754535009
2013,"SRB",639312.451114976
2014,"SRB",662986.621673283
2015,"SRB",607374.909627831
2016,"SRB",604616.730679586
2017,"SRB",661884.783249692
2018,"SRB",680039.934571576
2019,"SRB",664077.199278662
2020,"SRB",653496.02127755
2010,"SSD",3491.46907111845
2011,"SSD",3491.46907111845
2012,"SSD",768.396413471396
2013,"SSD",3384.38388089562
2014,"SSD",3288.31966467776
2015,"SSD",6524.77632542901
2016,"SSD",3491.46907111845
2017,"SSD",3491.46907111845
2018,"SSD",3491.46907111845
2019,"SSD",3491.46907111845
2020,"SSD",3491.46907111845
2010,"SUR",23623.767877134
2011,"SUR",23623.767877134
2012,"SUR",23623.767877134
2013,"SUR",23623.767877134
2014,"SUR",23623.767877134
2015,"SUR",23623.767877134
2016,"SUR",23623.767877134
2017,"SUR",23623.767877134
2018,"SUR",23623.767877134
2019,"SUR",23623.767877134
2020,"SUR",23623.767877134
2010,"SVK",922117.131346074
2011,"SVK",915448.427895137
2012,"SVK",872115.022484855
2013,"SVK",853617.513692775
2014,"SVK",838618.99752504
2015,"SVK",764731.530561187
2016,"SVK",787566.547838457
2017,"SVK",768717.471863694
2018,"SVK",787622.022927903
2019,"SVK",773164.586750887
2020,"SVK",740923.892004297
2010,"SVN",617013.042390222
2011,"SVN",626311.397973985
2012,"SVN",570381.781908891
2013,"SVN",574373.868549674
2014,"SVN",575924.725861498
2015,"SVN",539131.600937307
2016,"SVN",600557.326921288
2017,"SVN",604572.211135553
2018,"SVN",636033.367071615
2019,"SVN",605147.226677162
2020,"SVN",606129.47446846
2010,"SWE",10063997.3309357
2011,"SWE",10789813.7108148
2012,"SWE",10449681.1025514
2013,"SWE",10571310.8369758
2014,"SWE",9888902.64428807
2015,"SWE",8659989.57423004
2016,"SWE",8683210.02444737
2017,"SWE",8802366.15583242
2018,"SWE",8135744.451675
2019,"SWE",7388560.14371131
2020,"SWE",7550808.62825721
2010,"SWZ",48168.2113816755
2011,"SWZ",56623.2657623053
2012,"SWZ",54940.2696567067
2013,"SWZ",43582.5244147795
2014,"SWZ",43260.3970131733
2015,"SWZ",47980.1330657197
2016,"SWZ",31248.2184370627
2017,"SWZ",34350.214740341
2018,"SWZ",34808.8529537031
2019,"SWZ",32660.1540674154
2020,"SWZ",29462.42462872
2010,"SXM",1742.97868503846
2011,"SXM",870.241706710018
2012,"SXM",1505.94334044072
2013,"SXM",1616.98741450914
2014,"SXM",1936.8977108251
2015,"SXM",2423.08262229138
2016,"SXM",2078.54393239648
2017,"SXM",1910.3497225027
2018,"SXM",1601.78303063212
2019,"SXM",1742.97868503846
2020,"SXM",1742.97868503846
2010,"SYC",2886.74921356583
2011,"SYC",3053.34791011695
2012,"SYC",3560.5503297207
2013,"SYC",5390.49515652465
2014,"SYC",4500.84729515575
2015,"SYC",6436.12081155307
2016,"SYC",5556.12667867123
2017,"SYC",5106.88781760684
2018,"SYC",6468.75211880425
2019,"SYC",5154.08933447665
2020,"SYC",6764.24336448349
2010,"SYR",465630.763354564
2011,"SYR",439463.753456857
2012,"SYR",344737.695035706
2013,"SYR",179113.099807066
2014,"SYR",153949.085588288
2015,"SYR",143904.163823002
2016,"SYR",104820.644498417
2017,"SYR",112701.150423584
2018,"SYR",137251.73975072
2019,"SYR",151098.155845454
2020,"SYR",95942.7306520661
2010,"TCD",4926.88941321445
2011,"TCD",5857.53240824591
2012,"TCD",4926.97684900965
2013,"TCD",8347.68645028977
2014,"TCD",6983.34581625861
2015,"TCD",5490.19148111502
2016,"TCD",5074.97428068368
2017,"TCD",5112.23489305965
2018,"TCD",4423.85657956895
2019,"TCD",4511.90572892032
2020,"TCD",4105.02903708083
2010,"TGO",28050.1833644952
2011,"TGO",34328.8444969059
2012,"TGO",43285.1556905671
2013,"TGO",37656.0597375065
2014,"TGO",44624.1385226862
2015,"TGO",35038.5851768519
2016,"TGO",45961.9916227444
2017,"TGO",61946.1814960984
2018,"TGO",73365.4426345547
2019,"TGO",91310.6355164543
2020,"TGO",81119.1359371255
2010,"THA",1504362.40243392
2011,"THA",2091969.73820779
2012,"THA",1658924.35160931
2013,"THA",1712602.60782776
2014,"THA",1722825.10060205
2015,"THA",1871700.13133836
2016,"THA",1902851.72226037
2017,"THA",2012239.87988177
2018,"THA",2021596.67603215
2019,"THA",2138608.53019287
2020,"THA",2272398.64008206
2010,"TJK",19044.8204318763
2011,"TJK",21839.2528394057
2012,"TJK",27544.3329052711
2013,"TJK",34789.1946958912
2014,"TJK",57346.9882334677
2015,"TJK",40890.423109249
2016,"TJK",40890.423109249
2017,"TJK",50544.0207156405
2018,"TJK",55016.8588306324
2019,"TJK",55271.1236563917
2020,"TJK",46617.2156746649
2010,"TKM",19046.5789631644
2011,"TKM",21716.1260249725
2012,"TKM",25164.5225323804
2013,"TKM",34421.2447177157
2014,"TKM",42123.3390150954
2015,"TKM",35749.149438318
2016,"TKM",34916.880608213
2017,"TKM",55425.4340057865
2018,"TKM",89331.5092440563
2019,"TKM",39766.0871721891
2020,"TKM",39766.0871721891
2010,"TLS",9109.1411858018
2011,"TLS",991.967214647457
2012,"TLS",2016.23357888498
2013,"TLS",1848.1280366199
2014,"TLS",1612.27089681756
2015,"TLS",2021.24992758513
2016,"TLS",3000.01300428867
2017,"TLS",3529.56360602311
2018,"TLS",2628.99475326534
2019,"TLS",4606.27373555406
2020,"TLS",4992.71657631055
2010,"TON",1466.25557800745
2011,"TON",2044.49804641853
2012,"TON",1879.70052572632
2013,"TON",1839.82141539172
2014,"TON",2052.58646905326
2015,"TON",2092.04557748325
2016,"TON",2591.86859159826
2017,"TON",1859.50442670017
2018,"TON",2178.03482711802
2019,"TON",2345.90489643302
2020,"TON",2997.17851135436
2010,"TUN",339456.708292381
2011,"TUN",365016.344889362
2012,"TUN",356848.027137816
2013,"TUN",387647.542576209
2014,"TUN",380509.052943667
2015,"TUN",382684.553033052
2016,"TUN",376282.952700363
2017,"TUN",350990.050838822
2018,"TUN",340004.126676603
2019,"TUN",318098.359980178
2020,"TUN",256286.354026587
2010,"TUR",5479208.3099983
2011,"TUR",5217381.18610426
2012,"TUR",5716530.98699293
2013,"TUR",6107790.36675621
2014,"TUR",6159470.01690754
2015,"TUR",6033739.58191149
2016,"TUR",6509099.11638119
2017,"TUR",5978504.35153015
2018,"TUR",5065760.59847844
2019,"TUR",5071096.29174652
2020,"TUR",4827053.14894873
2010,"TZA",223443.831813157
2011,"TZA",169454.601285169
2012,"TZA",204716.967343084
2013,"TZA",235857.586446795
2014,"TZA",283645.008445278
2015,"TZA",318083.609494584
2016,"TZA",459265.277419986
2017,"TZA",438018.228736073
2018,"TZA",503811.34308208
2019,"TZA",517383.695612796
2020,"TZA",409925.67260198
2010,"UGA",126577.403268294
2011,"UGA",155285.199572352
2012,"UGA",133836.819966581
2013,"UGA",148259.960753554
2014,"UGA",175486.140477472
2015,"UGA",188071.411057018
2016,"UGA",228983.775293876
2017,"UGA",214598.416358305
2018,"UGA",242605.460719792
2019,"UGA",191638.303193199
2020,"UGA",146097.746580099
2010,"UKR",1606661.44652238
2011,"UKR",1611534.11672622
2012,"UKR",1711245.98543416
2013,"UKR",1885272.97619063
2014,"UKR",1438471.71029416
2015,"UKR",919260.578704343
2016,"UKR",923190.155699165
2017,"UKR",970899.563233868
2018,"UKR",1054066.24319066
2019,"UKR",1038497.04105253
2020,"UKR",1100220.72975292
2010,"URY",331887.333794829
2011,"URY",361441.450223953
2012,"URY",362029.74698566
2013,"URY",386986.332404586
2014,"URY",371957.959918689
2015,"URY",405269.817926233
2016,"URY",320205.325381345
2017,"URY",345619.603780426
2018,"URY",319745.593499205
2019,"URY",287694.935657306
2020,"URY",257042.414979356
2010,"USA",78417918.1049003
2011,"USA",73711891.0041223
2012,"USA",76566869.9042906
2013,"USA",76168170.3750179
2014,"USA",76364129.184612
2015,"USA",85441717.9721959
2016,"USA",84922045.8789428
2017,"USA",85814930.0887678
2018,"USA",84705463.2499583
2019,"USA",83201548.93833
2020,"USA",83862266.2279396
2010,"UZB",194426.731636084
2011,"UZB",210174.802374108
2012,"UZB",231037.911690644
2013,"UZB",304682.416142403
2014,"UZB",379102.855509002
2015,"UZB",414077.443926548
2016,"UZB",399190.827107611
2017,"UZB",306880.444996206
2018,"UZB",201470.440841924
2019,"UZB",230240.887988371
2020,"UZB",262424.988440903
2010,"VEN",1134068.67258033
2011,"VEN",1311713.17186465
2012,"VEN",1165069.24016712
2013,"VEN",729181.749963499
2014,"VEN",596993.50988656
2015,"VEN",987405.268892434
2016,"VEN",987405.268892434
2017,"VEN",987405.268892434
2018,"VEN",987405.268892434
2019,"VEN",987405.268892434
2020,"VEN",987405.268892434
2010,"VNM",980489.647153086
2011,"VNM",988698.150621864
2012,"VNM",1208476.07388683
2013,"VNM",1274249.04710767
2014,"VNM",1281520.99701724
2015,"VNM",1321448.62456598
2016,"VNM",1444179.42094617
2017,"VNM",1543654.90095142
2018,"VNM",1524956.91069502
2019,"VNM",1669533.43317287
2020,"VNM",1818072.94686829
2010,"VUT",2319.18145939255
2011,"VUT",2848.84922645173
2012,"VUT",2849.09882128617
2013,"VUT",2095.26535951638
2014,"VUT",2575.54255653021
2015,"VUT",2321.66668098909
2016,"VUT",2549.87456541782
2017,"VUT",2774.96787850102
2018,"VUT",3151.64737635523
2019,"VUT",3687.76720421965
2020,"VUT",4400.21858707424
2010,"WSM",6032.09485224083
2011,"WSM",5742.474211006
2012,"WSM",5843.99222377009
2013,"WSM",5840.28507141571
2014,"WSM",6135.33805029791
2015,"WSM",5575.99413157029
2016,"WSM",6425.31709880192
2017,"WSM",6479.83582683189
2018,"WSM",6293.52316160703
2019,"WSM",6546.50877209619
2020,"WSM",7201.27253375261
2010,"YEM",192152.746724475
2011,"YEM",199334.181971853
2012,"YEM",232385.184539179
2013,"YEM",274142.955354384
2014,"YEM",274606.633210568
2015,"YEM",109712.639570164
2016,"YEM",179153.967705301
2017,"YEM",94140.7225844549
2018,"YEM",156142.692437426
2019,"YEM",190196.858233089
2020,"YEM",190196.858233089
2010,"ZAF",2515168.72080458
2011,"ZAF",2459990.12657362
2012,"ZAF",2538359.24257548
2013,"ZAF",2283825.34793788
2014,"ZAF",2183067.99270104
2015,"ZAF",2282918.02295288
2016,"ZAF",2152523.83716513
2017,"ZAF",2301580.08749403
2018,"ZAF",2317025.00007898
2019,"ZAF",2193320.11892447
2020,"ZAF",1941049.38604006
2010,"ZMB",68533.3234158392
2011,"ZMB",75898.4093036745
2012,"ZMB",98638.8825027352
2013,"ZMB",98779.2079540951
2014,"ZMB",100519.961555055
2015,"ZMB",92253.6625423096
2016,"ZMB",81976.4887999607
2017,"ZMB",93920.9735493719
2018,"ZMB",105088.398824733
2019,"ZMB",98164.2452190708
2020,"ZMB",78189.7428565459
2010,"ZWE",70612.0386269104
2011,"ZWE",70218.7459713002
2012,"ZWE",91030.0547639581
2013,"ZWE",114374.122278861
2014,"ZWE",127598.475972862
2015,"ZWE",124214.482489988
2016,"ZWE",112514.76887902
2017,"ZWE",128954.53655871
2018,"ZWE",157568.685694424
2019,"ZWE",128625.37163221
2020,"ZWE",113900.655660152
