Year,iso_code3,ef_ippu_tonne_c2hf5_per_mmm_gdp_product_use_ods_refrigeration
2010,ABW,0.0
2011,ABW,0.0
2012,ABW,0.0
2013,ABW,0.0
2014,ABW,0.0
2015,ABW,0.0
2016,ABW,0.0
2017,ABW,0.0
2018,ABW,0.0
2019,ABW,0.0
2020,ABW,0.0
2010,AFG,0.0
2011,AFG,0.0
2012,AFG,0.0
2013,AFG,0.0
2014,AFG,0.0
2015,AFG,0.0
2016,AFG,0.0
2017,AFG,0.0
2018,AFG,0.0
2019,AFG,0.0
2020,AFG,0.0
2010,AGO,0.0590449252807256
2011,AGO,0.0531344280310875
2012,AGO,0.0511282425387157
2013,AGO,0.050409696701346
2014,AGO,0.0497715125852598
2015,AGO,0.049200917338056
2016,AGO,0.0548583688092702
2017,AGO,0.0603032834979198
2018,AGO,0.0666286810899303
2019,AGO,0.0670178928477627
2020,AGO,0.0674116784886278
2010,ALB,0.1346242193348966
2011,ALB,0.1255429719073684
2012,ALB,0.1247588379348
2013,ALB,0.126661980497008
2014,ALB,0.1284497310273596
2015,ALB,0.1301322963130051
2016,ALB,0.1410723641093575
2017,ALB,0.1508432747273639
2018,ALB,0.1621890669228516
2019,ALB,0.1588207548951078
2020,ALB,0.1555895014024551
2010,AND,0.3288286803939985
2011,AND,0.3447825713481666
2012,AND,0.346532640327891
2013,AND,0.3457232941080455
2014,AND,0.345085134978131
2015,AND,0.3425475302656194
2016,AND,0.3433302426489103
2017,AND,0.3330236245647626
2018,AND,0.3247166989254699
2019,AND,0.3228707082329891
2020,AND,0.3210455875403279
2010,ARE,0.674395287246307
2011,ARE,0.6262229453037442
2012,ARE,0.61984055430807
2013,ARE,0.6269621802690015
2014,ARE,0.6336040576765297
2015,ARE,0.639813083321874
2016,ARE,0.7009145647109596
2017,ARE,0.7570977463104493
2018,ARE,0.8220646607004269
2019,ARE,0.8126672065437368
2020,ARE,0.8034821785290179
2010,ARG,0.3313857483832834
2011,ARG,0.3087119155475684
2012,ARG,0.3064870314378409
2013,ARG,0.3108805428306787
2014,ARG,0.3150004217015504
2015,ARG,0.3188714592232366
2016,ARG,0.3588534985922583
2017,ARG,0.398228259528722
2018,ARG,0.4442803099341167
2019,ARG,0.4513176479417389
2020,ARG,0.4585815150391954
2010,ARM,0.2206530931609006
2011,ARM,0.2037468668129033
2012,ARM,0.2006301874727435
2013,ARM,0.201966292193918
2014,ARM,0.2032009415095369
2015,ARM,0.2043452685591981
2016,ARM,0.2177178803426957
2017,ARM,0.2290324419018951
2018,ARM,0.2425037644001162
2019,ARM,0.2340464410394056
2020,ARM,0.2261591368722345
2010,ASM,0.0
2011,ASM,0.0
2012,ASM,0.0
2013,ASM,0.0
2014,ASM,0.0
2015,ASM,0.0
2016,ASM,0.0
2017,ASM,0.0
2018,ASM,0.0
2019,ASM,0.0
2020,ASM,0.0
2010,ATG,0.0
2011,ATG,0.0
2012,ATG,0.0
2013,ATG,0.0
2014,ATG,0.0
2015,ATG,0.0
2016,ATG,0.0
2017,ATG,0.0
2018,ATG,0.0
2019,ATG,0.0
2020,ATG,0.0
2010,AUS,0.2886678074450541
2011,AUS,0.3143491266084135
2012,AUS,0.2752808889605043
2013,AUS,0.3022985131039991
2014,AUS,0.3601058674745881
2015,AUS,0.3942787929760404
2016,AUS,0.3912805590791104
2017,AUS,0.3683029192986431
2018,AUS,0.363568368205411
2019,AUS,0.3576782520411469
2020,AUS,0.351975943004862
2010,AUT,0.1742192385274816
2011,AUT,0.184138709142714
2012,AUT,0.1922246099175955
2013,AUT,0.1901478303887682
2014,AUT,0.1933135728819979
2015,AUT,0.2060712529151066
2016,AUT,0.206521390366316
2017,AUT,0.214422203362328
2018,AUT,0.2280922115168394
2019,AUT,0.225640452481533
2020,AUT,0.2232408407424914
2010,AZE,0.0
2011,AZE,0.0
2012,AZE,0.0
2013,AZE,0.0
2014,AZE,0.0
2015,AZE,0.0
2016,AZE,0.0
2017,AZE,0.0
2018,AZE,0.0
2019,AZE,0.0
2020,AZE,0.0
2010,BDI,1.021091714031468
2011,BDI,0.9237451365935738
2012,BDI,0.8930015235341755
2013,BDI,0.8840760071091466
2014,BDI,0.8760869521852578
2015,BDI,0.8688941108026319
2016,BDI,0.9593573634662984
2017,BDI,1.044275759190787
2018,BDI,1.142522580227199
2019,BDI,1.137931496742533
2020,BDI,1.133377162968432
2010,BEL,0.2453045277289966
2011,BEL,0.2605208661522211
2012,BEL,0.2785125306637201
2013,BEL,0.2862210695203982
2014,BEL,0.2957040650254692
2015,BEL,0.2929781145342863
2016,BEL,0.2937469108027029
2017,BEL,0.2994770555471406
2018,BEL,0.3034832783048997
2019,BEL,0.3013482744154817
2020,BEL,0.2992431001656724
2010,BEN,0.9034105092545726
2011,BEN,0.8239453410586203
2012,BEN,0.8022965274906746
2013,BEN,0.7994306086533
2014,BEN,0.7968336518283677
2015,BEN,0.7944694321917698
2016,BEN,0.8340776737356457
2017,BEN,0.8657089535285497
2018,BEN,0.9054136123675534
2019,BEN,0.8640035983846471
2020,BEN,0.8262157780402205
2010,BFA,0.7935597143066014
2011,BFA,0.7129310317355226
2012,BFA,0.685013565702604
2013,BFA,0.6745202191112253
2014,BFA,0.6652229659182377
2015,BFA,0.6569282865517923
2016,BFA,0.6926725882103208
2017,BFA,0.7217582924210476
2018,BFA,0.7575446097319843
2019,BFA,0.7252401271269596
2020,BFA,0.6955781229561144
2010,BGD,0.1575132978608073
2011,BGD,0.1420596734861688
2012,BGD,0.1369609146336049
2013,BGD,0.1352672287185168
2014,BGD,0.1337580873192083
2015,BGD,0.1324048849940131
2016,BGD,0.1362577110023392
2017,BGD,0.1389544979614962
2018,BGD,0.1430677468631979
2019,BGD,0.1346225990297006
2020,BGD,0.127118896108498
2010,BGR,0.378435518897894
2011,BGR,0.4385690949113743
2012,BGR,0.5005101698451204
2013,BGR,0.6003052182925634
2014,BGR,0.6684700115136356
2015,BGR,0.7304004197338219
2016,BGR,0.8838163202033152
2017,BGR,1.3182703952806485
2018,BGR,1.760425823066259
2019,BGR,1.7182555507237776
2020,BGR,1.67805835695832
2010,BHR,0.7673221434907437
2011,BHR,0.7029452756945813
2012,BHR,0.6872202795098519
2013,BHR,0.687249849292362
2014,BHR,0.6872768302601032
2015,BHR,0.687301548128505
2016,BHR,0.7481658340918812
2017,BHR,0.8031650000881072
2018,BHR,0.8668754305440204
2019,BHR,0.8519925640787357
2020,BHR,0.8376121022179209
2010,BHS,0.0
2011,BHS,0.0
2012,BHS,0.0
2013,BHS,0.0
2014,BHS,0.0
2015,BHS,0.0
2016,BHS,0.0
2017,BHS,0.0
2018,BHS,0.0
2019,BHS,0.0
2020,BHS,0.0
2010,BIH,0.0
2011,BIH,0.0
2012,BIH,0.0
2013,BIH,0.0
2014,BIH,0.0
2015,BIH,0.0
2016,BIH,0.0
2017,BIH,0.0
2018,BIH,0.0
2019,BIH,0.0
2020,BIH,0.0
2010,BLR,0.0
2011,BLR,0.0
2012,BLR,0.0
2013,BLR,0.0
2014,BLR,0.0
2015,BLR,0.0
2016,BLR,0.0
2017,BLR,0.0
2018,BLR,0.0
2019,BLR,0.0
2020,BLR,0.0
2010,BLZ,0.0
2011,BLZ,0.0
2012,BLZ,0.0
2013,BLZ,0.0
2014,BLZ,0.0
2015,BLZ,0.0
2016,BLZ,0.0
2017,BLZ,0.0
2018,BLZ,0.0
2019,BLZ,0.0
2020,BLZ,0.0
2010,BMU,0.0
2011,BMU,0.0
2012,BMU,0.0
2013,BMU,0.0
2014,BMU,0.0
2015,BMU,0.0
2016,BMU,0.0
2017,BMU,0.0
2018,BMU,0.0
2019,BMU,0.0
2020,BMU,0.0
2010,BOL,0.0
2011,BOL,0.0
2012,BOL,0.0
2013,BOL,0.0
2014,BOL,0.0
2015,BOL,0.0
2016,BOL,0.0
2017,BOL,0.0
2018,BOL,0.0
2019,BOL,0.0
2020,BOL,0.0
2010,BRA,0.1270435469726093
2011,BRA,0.1134211290498119
2012,BRA,0.1193243073119778
2013,BRA,0.1247449870855307
2014,BRA,0.1297400015232587
2015,BRA,0.1343575952096921
2016,BRA,0.1444809699466234
2017,BRA,0.1530755919976132
2018,BRA,0.1617430147103708
2019,BRA,0.1624309515687482
2020,BRA,0.1631247653870753
2010,BRB,0.0
2011,BRB,0.0
2012,BRB,0.0
2013,BRB,0.0
2014,BRB,0.0
2015,BRB,0.0
2016,BRB,0.0
2017,BRB,0.0
2018,BRB,0.0
2019,BRB,0.0
2020,BRB,0.0
2010,BRN,0.1638935895991635
2011,BRN,0.1577167298187822
2012,BRN,0.1615558475446438
2013,BRN,0.1688938336067483
2014,BRN,0.176195512376774
2015,BRN,0.1834611813240766
2016,BRN,0.2017048391490733
2017,BRN,0.2186413716175786
2018,BRN,0.2382239027836862
2019,BRN,0.2362989613835205
2020,BRN,0.2344048791732598
2010,BTN,0.0
2011,BTN,0.0
2012,BTN,0.0
2013,BTN,0.0
2014,BTN,0.0
2015,BTN,0.0
2016,BTN,0.0
2017,BTN,0.0
2018,BTN,0.0
2019,BTN,0.0
2020,BTN,0.0
2010,BWA,0.2088028533226725
2011,BWA,0.1880956180190818
2012,BWA,0.1811574588087335
2013,BWA,0.1787540537728767
2014,BWA,0.1766162148189979
2015,BWA,0.1747022305232434
2016,BWA,0.1897635630742035
2017,BWA,0.203291276492362
2018,BWA,0.2189792162127516
2019,BWA,0.2148056487814265
2020,BWA,0.2107881956034787
2010,CAF,1.8257836484977013
2011,CAF,1.6962052908813634
2012,CAF,1.6796881436494866
2013,CAF,1.699712409211968
2014,CAF,1.718403155999614
2015,CAF,1.7358893002208136
2016,CAF,1.8614532396829775
2017,CAF,1.9699802210986448
2018,CAF,2.097566729095712
2019,CAF,2.0350470673847765
2020,CAF,1.9761464350951503
2010,CAN,0.1571715526189729
2011,CAN,0.1761656007166789
2012,CAN,0.187107271941329
2013,CAN,0.1932855941541754
2014,CAN,0.204917211755583
2015,CAN,0.2189627096467611
2016,CAN,0.2336543838124077
2017,CAN,0.2543306027796546
2018,CAN,0.290757213828656
2019,CAN,0.2876200014084437
2020,CAN,0.2845497661126032
2010,CHE,0.1628698693009294
2011,CHE,0.1669796023767566
2012,CHE,0.1730586070567324
2013,CHE,0.1692804397196186
2014,CHE,0.1722890369617371
2015,CHE,0.1756341879601504
2016,CHE,0.1680871760359583
2017,CHE,0.1733841775762912
2018,CHE,0.1767761124056536
2019,CHE,0.1747878073341716
2020,CHE,0.1728437320609132
2010,CHL,0.3799855867532976
2011,CHL,0.7871802962097756
2012,CHL,0.8649280207419031
2013,CHL,0.6123426734432466
2014,CHL,0.6908791495476674
2015,CHL,0.7632613241255481
2016,CHL,0.8509839847965538
2017,CHL,1.0223509680027414
2018,CHL,1.1891816740498735
2019,CHL,1.1736477843319364
2020,CHL,1.158514489969494
2010,CHN,0.2067617090865616
2011,CHN,0.3072386000616195
2012,CHN,0.3772072343381042
2013,CHN,0.4845047080272108
2014,CHN,0.4856222819888353
2015,CHN,0.4867866734400936
2016,CHN,0.4907045601801783
2017,CHN,0.5034985492490538
2018,CHN,0.5148162388298505
2019,CHN,0.486734099704299
2020,CHN,0.4615571324115932
2010,CIV,0.9818181776465388
2011,CIV,0.902950883622072
2012,CIV,0.8858729719298908
2013,CIV,0.8887658715761748
2014,CIV,0.8914218150509431
2015,CIV,0.8938687570413733
2016,CIV,0.9240104588807956
2017,CIV,0.9459780080037882
2018,CIV,0.9773179043129046
2019,CIV,0.922415539916034
2020,CIV,0.8733535367438747
2010,CMR,1.066929189487835
2011,CMR,0.9828736533561544
2012,CMR,0.965761931770901
2013,CMR,0.9702756893223674
2014,CMR,0.9744309090547856
2015,CMR,0.978268658525158
2016,CMR,1.0477151891054413
2017,CMR,1.1074984121728166
2018,CMR,1.1779288852125445
2019,CMR,1.141638856710683
2020,CMR,1.107518068291958
2010,COD,1.6938404537904568
2011,COD,1.5077404645142578
2012,COD,1.4371787503782316
2013,COD,1.4053385337970437
2014,COD,1.3774947337433912
2015,COD,1.3529393320635394
2016,COD,1.4407806030876
2017,COD,1.5149790806520265
2018,COD,1.603422838679058
2019,COD,1.5469070683104624
2020,COD,1.49423967195154
2010,COG,0.3048368843260335
2011,COG,0.2830644852565905
2012,COG,0.2801816010981541
2013,COG,0.2834026770661739
2014,COG,0.286406776200202
2015,COG,0.2892151597272013
2016,COG,0.3338940678438873
2017,COG,0.3806748778795629
2018,COG,0.4370357140066872
2019,COG,0.4576763898450439
2020,COG,0.4803633796881889
2010,COL,0.2760114068856484
2011,COL,0.2546202977453358
2012,COL,0.2505058792131038
2013,COL,0.2519709212983423
2014,COL,0.2533226185947931
2015,COL,0.2545736357750739
2016,COL,0.2784459710610705
2017,COL,0.3003035073948329
2018,COL,0.3255842990422672
2019,COL,0.3213919957409631
2020,COL,0.3173062822149507
2010,COM,0.0
2011,COM,0.0
2012,COM,0.0
2013,COM,0.0
2014,COM,0.0
2015,COM,0.0
2016,COM,0.0
2017,COM,0.0
2018,COM,0.0
2019,COM,0.0
2020,COM,0.0
2010,CPV,0.0
2011,CPV,0.0
2012,CPV,0.0
2013,CPV,0.0
2014,CPV,0.0
2015,CPV,0.0
2016,CPV,0.0
2017,CPV,0.0
2018,CPV,0.0
2019,CPV,0.0
2020,CPV,0.0
2010,CRI,0.1380575963297038
2011,CRI,0.1276371833366335
2012,CRI,0.1258273787435909
2013,CRI,0.1267978628175225
2014,CRI,0.1276964706279387
2015,CRI,0.1285308942621119
2016,CRI,0.1395618713171373
2017,CRI,0.1494595966122567
2018,CRI,0.1609403422197798
2019,CRI,0.1578229494000055
2020,CRI,0.1548240287509026
2010,CUB,0.0746020308099701
2011,CUB,0.0700856478552044
2012,CUB,0.0701344982773804
2013,CUB,0.071673825446158
2014,CUB,0.0731384236182495
2015,CUB,0.0745336055853651
2016,CUB,0.0823848938157585
2017,CUB,0.0897761344982835
2018,CUB,0.098329926705154
2019,CUB,0.0980412734779718
2020,CUB,0.0977543100071341
2010,CUW,0.0
2011,CUW,0.0
2012,CUW,0.0
2013,CUW,0.0
2014,CUW,0.0
2015,CUW,0.0
2016,CUW,0.0
2017,CUW,0.0
2018,CUW,0.0
2019,CUW,0.0
2020,CUW,0.0
2010,CYM,0.0746020308099701
2011,CYM,0.0700856478552044
2012,CYM,0.0701344982773804
2013,CYM,0.071673825446158
2014,CYM,0.0731384236182495
2015,CYM,0.0745336055853651
2016,CYM,0.0823848938157585
2017,CYM,0.0897761344982835
2018,CYM,0.098329926705154
2019,CYM,0.0980412734779718
2020,CYM,0.0977543100071341
2010,CYP,0.4346600213121542
2011,CYP,0.5301227848254864
2012,CYP,0.5495701301409793
2013,CYP,0.5653864825728475
2014,CYP,0.5802386475381149
2015,CYP,0.598039639708802
2016,CYP,0.6275462173965181
2017,CYP,0.6393370610880933
2018,CYP,0.648886356280806
2019,CYP,0.6323397612030494
2020,CYP,0.6166160583734395
2010,CZE,0.4888356978770633
2011,CZE,0.5556380860038551
2012,CZE,0.5701121014622633
2013,CZE,0.600262521678652
2014,CZE,0.6338953360703213
2015,CZE,0.65960880366777
2016,CZE,0.7062846904547977
2017,CZE,0.7405009917780757
2018,CZE,0.7191177247513774
2019,CZE,0.7027886363098346
2020,CZE,0.6871846557198689
2010,DEU,0.1000687435438532
2011,DEU,0.105717634205493
2012,DEU,0.1103974790101299
2013,DEU,0.1083633799861146
2014,DEU,0.1078959847721173
2015,DEU,0.1064847459840952
2016,DEU,0.1071926634939949
2017,DEU,0.1082382452905251
2018,DEU,0.1077082894797767
2019,DEU,0.1067222551098295
2020,DEU,0.1057541106120353
2010,DJI,0.0
2011,DJI,0.0
2012,DJI,0.0
2013,DJI,0.0
2014,DJI,0.0
2015,DJI,0.0
2016,DJI,0.0
2017,DJI,0.0
2018,DJI,0.0
2019,DJI,0.0
2020,DJI,0.0
2010,DMA,0.0
2011,DMA,0.0
2012,DMA,0.0
2013,DMA,0.0
2014,DMA,0.0
2015,DMA,0.0
2016,DMA,0.0
2017,DMA,0.0
2018,DMA,0.0
2019,DMA,0.0
2020,DMA,0.0
2010,DNK,0.1784435550330175
2011,DNK,0.1619615145868688
2012,DNK,0.1542414769534121
2013,DNK,0.148796435168849
2014,DNK,0.1378813426499545
2015,DNK,0.114298690552268
2016,DNK,0.1282458279367848
2017,DNK,0.1125739747985744
2018,DNK,0.1280623031815036
2019,DNK,0.1260462890879794
2020,DNK,0.124092765237417
2010,DOM,0.2763562361709344
2011,DOM,0.2522976877383869
2012,DOM,0.2458874085620576
2013,DOM,0.2452058914049675
2014,DOM,0.2445873840356064
2015,DOM,0.2440235257034155
2016,DOM,0.2586038726914735
2017,DOM,0.2707055871184805
2018,DOM,0.285326464236005
2019,DOM,0.274217336150155
2020,DOM,0.263940852524177
2010,DZA,0.1180732283193637
2011,DZA,0.1085111656117039
2012,DZA,0.1063896881571809
2013,DZA,0.1066737342064943
2014,DZA,0.1069342173178188
2015,DZA,0.1071739527061646
2016,DZA,0.117496815843722
2017,DZA,0.1270078234853007
2018,DZA,0.1380050224919149
2019,DZA,0.1365227912598504
2020,DZA,0.1350720612491041
2010,ECU,0.103568786414187
2011,ECU,0.0977052822575844
2012,ECU,0.098162588921883
2013,ECU,0.1006979839759743
2014,ECU,0.1031282334489677
2015,ECU,0.1054597409421432
2016,ECU,0.1172771312130906
2017,ECU,0.1285754789209132
2018,ECU,0.141682068880819
2019,ECU,0.1421250045986541
2020,ECU,0.1425707184707549
2010,EGY,0.3943048981229557
2011,EGY,0.356262949882433
2012,EGY,0.3440222914266334
2013,EGY,0.3402467671271641
2014,EGY,0.3368736511332704
2015,EGY,0.3338418618988773
2016,EGY,0.3530065044848804
2017,EGY,0.3687793027015927
2018,EGY,0.3879767894798309
2019,EGY,0.3722348441928879
2020,EGY,0.3577205300267065
2010,ERI,0.0
2011,ERI,0.0
2012,ERI,0.0
2013,ERI,0.0
2014,ERI,0.0
2015,ERI,0.0
2016,ERI,0.0
2017,ERI,0.0
2018,ERI,0.0
2019,ERI,0.0
2020,ERI,0.0
2010,ESP,0.7135315805379795
2011,ESP,0.7061096944242744
2012,ESP,0.7111350036305805
2013,ESP,0.707530343714714
2014,ESP,0.6916950938035771
2015,ESP,0.373704204440346
2016,ESP,0.3358739115696879
2017,ESP,0.2546363431832368
2018,ESP,0.1723595141527166
2019,ESP,0.1706018910089731
2020,ESP,0.1688797524724703
2010,EST,0.3413652692026229
2011,EST,0.3500910037685623
2012,EST,0.3652834180239124
2013,EST,0.3848765887312909
2014,EST,0.3957652224914669
2015,EST,0.4023693193630988
2016,EST,0.4148358554395348
2017,EST,0.4054586780664058
2018,EST,0.4120680856747373
2019,EST,0.4003543974636174
2020,EST,0.3892882618371647
2010,ETH,0.0
2011,ETH,0.0
2012,ETH,0.0
2013,ETH,0.0
2014,ETH,0.0
2015,ETH,0.0
2016,ETH,0.0
2017,ETH,0.0
2018,ETH,0.0
2019,ETH,0.0
2020,ETH,0.0
2010,FIN,0.3290549977080306
2011,FIN,0.3312916491799701
2012,FIN,0.3330330372638332
2013,FIN,0.3312332416545544
2014,FIN,0.3281544606045649
2015,FIN,0.3248993396280015
2016,FIN,0.3142552496255601
2017,FIN,0.3024636995432731
2018,FIN,0.3070818922521952
2019,FIN,0.3033925335783289
2020,FIN,0.299790772244203
2010,FJI,0.7386679359693028
2011,FJI,0.6902430792046633
2012,FJI,0.6872413459428871
2013,FJI,0.6989758147213102
2014,FJI,0.7100373091475624
2015,FJI,0.7204818785572478
2016,FJI,0.7937048348267287
2017,FJI,0.8620377938552393
2018,FJI,0.941062395556746
2019,FJI,0.935237649929104
2020,FJI,0.9294845657701865
2010,FRA,0.3288286803939985
2011,FRA,0.3447825713481666
2012,FRA,0.346532640327891
2013,FRA,0.3457232941080455
2014,FRA,0.345085134978131
2015,FRA,0.3425475302656194
2016,FRA,0.3433302426489103
2017,FRA,0.3330236245647626
2018,FRA,0.3247166989254699
2019,FRA,0.3228707082329891
2020,FRA,0.3210455875403279
2010,FRO,0.4982051637742875
2011,FRO,0.6114764801722201
2012,FRO,0.6384987902062493
2013,FRO,0.731638019101793
2014,FRO,0.7324448046594434
2015,FRO,0.7657719924463553
2016,FRO,0.8464800376973237
2017,FRO,0.7628363065839401
2018,FRO,0.6196382841787618
2019,FRO,0.6047406281662184
2020,FRO,0.5905425074852786
2010,FSM,0.0
2011,FSM,0.0
2012,FSM,0.0
2013,FSM,0.0
2014,FSM,0.0
2015,FSM,0.0
2016,FSM,0.0
2017,FSM,0.0
2018,FSM,0.0
2019,FSM,0.0
2020,FSM,0.0
2010,GAB,0.6807364971709311
2011,GAB,0.6192093305098153
2012,GAB,0.6015079808228407
2013,GAB,0.59807882555174
2014,GAB,0.5949840617711245
2015,GAB,0.592177086347334
2016,GAB,0.6458651535957802
2017,GAB,0.6946405841284407
2018,GAB,0.7510979242113276
2019,GAB,0.7394938506077612
2020,GAB,0.7282428756576211
2010,GBR,0.195770708716112
2011,GBR,0.2102609347380793
2012,GBR,0.2245503866118676
2013,GBR,0.234382217847073
2014,GBR,0.2382636628892543
2015,GBR,0.2364281591777333
2016,GBR,0.2402847662907967
2017,GBR,0.2417486837667077
2018,GBR,0.2373623731561856
2019,GBR,0.235782864499877
2020,GBR,0.234224238307341
2010,GEO,0.4988905859918124
2011,GEO,0.8554085805049279
2012,GEO,1.4008554027152225
2013,GEO,0.8539267570012309
2014,GEO,0.9337446284683076
2015,GEO,1.013584240049478
2016,GEO,1.0706307335105674
2017,GEO,1.1251240132472418
2018,GEO,1.1785374021761954
2019,GEO,1.1420068772928285
2020,GEO,1.1076729032664718
2010,GHA,0.7783386649632674
2011,GHA,0.6982306342405504
2012,GHA,0.6700322875979182
2013,GHA,0.6590287484957825
2014,GHA,0.6493000276514922
2015,GHA,0.6406367247513092
2016,GHA,0.6739832376875763
2017,GHA,0.7008622959651981
2018,GHA,0.7342583460287715
2019,GHA,0.7017651801338538
2020,GHA,0.6720259855411271
2010,GIB,0.1846826807993201
2011,GIB,0.1683063751489117
2012,GIB,0.1637696952245516
2013,GIB,0.1630819656705894
2014,GIB,0.1624595209726133
2015,GIB,0.1618934807121481
2016,GIB,0.1760961103546372
2017,GIB,0.188902844893756
2018,GIB,0.2037434151605474
2019,GIB,0.2001089897829863
2020,GIB,0.1966019555267792
2010,GIN,0.9957799409208524
2011,GIN,0.9210727796654083
2012,GIN,0.9084238846276788
2013,GIN,0.9158133422567536
2014,GIN,0.9226609651801656
2015,GIN,0.9290242802746717
2016,GIN,0.9597183597886432
2017,GIN,0.9819694261840584
2018,GIN,1.0139876591578416
2019,GIN,0.9565950778208352
2020,GIN,0.905351402853436
2010,GMB,0.0
2011,GMB,0.0
2012,GMB,0.0
2013,GMB,0.0
2014,GMB,0.0
2015,GMB,0.0
2016,GMB,0.0
2017,GMB,0.0
2018,GMB,0.0
2019,GMB,0.0
2020,GMB,0.0
2010,GNB,0.0
2011,GNB,0.0
2012,GNB,0.0
2013,GNB,0.0
2014,GNB,0.0
2015,GNB,0.0
2016,GNB,0.0
2017,GNB,0.0
2018,GNB,0.0
2019,GNB,0.0
2020,GNB,0.0
2010,GNQ,0.1377896330165651
2011,GNQ,0.1282319583336455
2012,GNQ,0.127187587871164
2013,GNQ,0.1288969597335296
2014,GNQ,0.1304971308098112
2015,GNQ,0.1319982414054853
2016,GNQ,0.1541205584513968
2017,GNQ,0.1779089198082608
2018,GNQ,0.2070692641555517
2019,GNQ,0.2201759758070355
2020,GNQ,0.2350540179354323
2010,GRC,0.632955110262616
2011,GRC,0.7334629873195769
2012,GRC,0.8740633188548022
2013,GRC,1.0632604683908018
2014,GRC,1.141342477848852
2015,GRC,1.2180603646808472
2016,GRC,1.3618977689439984
2017,GRC,1.4043743986251604
2018,GRC,1.3964061624234052
2019,GRC,1.3929894807233314
2020,GRC,1.3895894778678537
2010,GRD,0.0
2011,GRD,0.0
2012,GRD,0.0
2013,GRD,0.0
2014,GRD,0.0
2015,GRD,0.0
2016,GRD,0.0
2017,GRD,0.0
2018,GRD,0.0
2019,GRD,0.0
2020,GRD,0.0
2010,GRL,0.4982051637742875
2011,GRL,0.6114764801722201
2012,GRL,0.6384987902062493
2013,GRL,0.731638019101793
2014,GRL,0.7324448046594434
2015,GRL,0.7657719924463553
2016,GRL,0.8464800376973237
2017,GRL,0.7628363065839401
2018,GRL,0.6196382841787618
2019,GRL,0.6047406281662184
2020,GRL,0.5905425074852786
2010,GTM,0.0524952378611975
2011,GTM,0.0490898810931841
2012,GTM,0.0489101705556684
2013,GTM,0.0497776707113481
2014,GTM,0.0505964508091336
2015,GTM,0.0513704917123782
2016,GTM,0.055334240817528
2017,GTM,0.0588082337744065
2018,GTM,0.0628667335550404
2019,GTM,0.0612225821143135
2020,GTM,0.0596622377384013
2010,GUM,0.2473946437987849
2011,GUM,0.2284537515630312
2012,GUM,0.2249720355345271
2013,GUM,0.2264822083334589
2014,GUM,0.2278778512488134
2015,GUM,0.2291715144729352
2016,GUM,0.2417668883141493
2017,GUM,0.2520378532672744
2018,GUM,0.2646483342053539
2019,GUM,0.2534625917177373
2020,GUM,0.2431840673410906
2010,GUY,0.0
2011,GUY,0.0
2012,GUY,0.0
2013,GUY,0.0
2014,GUY,0.0
2015,GUY,0.0
2016,GUY,0.0
2017,GUY,0.0
2018,GUY,0.0
2019,GUY,0.0
2020,GUY,0.0
2010,HKG,0.0
2011,HKG,0.0
2012,HKG,0.0
2013,HKG,0.0
2014,HKG,0.0
2015,HKG,0.0
2016,HKG,0.0
2017,HKG,0.0
2018,HKG,0.0
2019,HKG,0.0
2020,HKG,0.0
2010,HND,0.3029753181418545
2011,HND,0.2795406154946439
2012,HND,0.2750651026638492
2013,HND,0.2767122487311872
2014,HND,0.2782323829017815
2015,HND,0.2796396253797292
2016,HND,0.3020986217334845
2017,HND,0.3219556766136727
2018,HND,0.3450805291923865
2019,HND,0.3368960126925733
2020,HND,0.3290907372818661
2010,HRV,0.2055743301710079
2011,HRV,0.2275844790471428
2012,HRV,0.2282569477272817
2013,HRV,0.3567458019291313
2014,HRV,0.3560230103596863
2015,HRV,0.3576468758100921
2016,HRV,0.3561453201997449
2017,HRV,0.3564909572812206
2018,HRV,0.3562861117090246
2019,HRV,0.3507376892152729
2020,HRV,0.3453594273295295
2010,HTI,0.0
2011,HTI,0.0
2012,HTI,0.0
2013,HTI,0.0
2014,HTI,0.0
2015,HTI,0.0
2016,HTI,0.0
2017,HTI,0.0
2018,HTI,0.0
2019,HTI,0.0
2020,HTI,0.0
2010,HUN,0.2643206548316479
2011,HUN,0.297598691453323
2012,HUN,0.3023887495980603
2013,HUN,0.3204242823500604
2014,HUN,0.3817904237446934
2015,HUN,0.3792985910799819
2016,HUN,0.3992255787469847
2017,HUN,0.4268383387276008
2018,HUN,0.434578594272565
2019,HUN,0.4226810753884952
2020,HUN,0.4114176372600386
2010,IDN,0.1897507509163974
2011,IDN,0.1708549707149469
2012,IDN,0.1644870423490536
2013,IDN,0.1622475940269901
2014,IDN,0.1602569219609757
2015,IDN,0.1584757526779955
2016,IDN,0.1677917706520023
2017,IDN,0.1754975557784269
2018,IDN,0.1848347859354732
2019,IDN,0.177513119378649
2020,IDN,0.170749402351742
2010,IMN,0.2602970230594736
2011,IMN,0.252488694860831
2012,IMN,0.246134534354697
2013,IMN,0.256817833314056
2014,IMN,0.2878970134986294
2015,IMN,0.2930588409945461
2016,IMN,0.3024545101037915
2017,IMN,0.2759298312344396
2018,IMN,0.1862977324059883
2019,IMN,0.1754596839363017
2020,IMN,0.165813334853804
2010,IND,0.3789746164938695
2011,IND,0.4141160992968388
2012,IND,0.4440108074914141
2013,IND,0.4697521636630877
2014,IND,0.4921495010820337
2015,IND,0.5118146997501256
2016,IND,0.5352799084641836
2017,IND,0.5566515944515005
2018,IND,0.5761979636575919
2019,IND,0.5525996967636888
2020,IND,0.5308583211672979
2010,IRL,0.2602970230594736
2011,IRL,0.252488694860831
2012,IRL,0.246134534354697
2013,IRL,0.256817833314056
2014,IRL,0.2878970134986294
2015,IRL,0.2930588409945461
2016,IRL,0.3024545101037915
2017,IRL,0.2759298312344396
2018,IRL,0.1862977324059883
2019,IRL,0.1754596839363017
2020,IRL,0.165813334853804
2010,IRN,0.2275183309039697
2011,IRN,0.2134248907156777
2012,IRN,0.2132710829834221
2013,IRN,0.2176589789861774
2014,IRN,0.221822919225
2015,IRN,0.2257796223730455
2016,IRN,0.2516155903748475
2017,IRN,0.2764498190290392
2018,IRN,0.3052915830431094
2019,IRN,0.3069164578080537
2020,IRN,0.3085587214926906
2010,IRQ,0.4360263773299917
2011,IRQ,0.3695533312548716
2012,IRQ,0.338393397668693
2013,IRQ,0.3199882704536106
2014,IRQ,0.3048599441430093
2015,IRQ,0.2922048562654495
2016,IRQ,0.3208532564045822
2017,IRQ,0.347359409495809
2018,IRQ,0.3780055811601279
2019,IRQ,0.3744985117895077
2020,IRQ,0.371055920152736
2010,ISL,0.4982051637742875
2011,ISL,0.6114764801722201
2012,ISL,0.6384987902062493
2013,ISL,0.731638019101793
2014,ISL,0.7324448046594434
2015,ISL,0.7657719924463553
2016,ISL,0.8464800376973237
2017,ISL,0.7628363065839401
2018,ISL,0.6196382841787618
2019,ISL,0.6047406281662184
2020,ISL,0.5905425074852786
2010,ISR,0.0
2011,ISR,0.0
2012,ISR,0.0
2013,ISR,0.0
2014,ISR,0.0
2015,ISR,0.0
2016,ISR,0.0
2017,ISR,0.0
2018,ISR,0.0
2019,ISR,0.0
2020,ISR,0.0
2010,ITA,0.3069389079859442
2011,ITA,0.3288409395924813
2012,ITA,0.3483813152927064
2013,ITA,0.3701364087639786
2014,ITA,0.3879747245599375
2015,ITA,0.4010159502538782
2016,ITA,0.4287482728952638
2017,ITA,0.4493584155338567
2018,ITA,0.4690702239733887
2019,ITA,0.4697053687172779
2020,ITA,0.4703422358293825
2010,JAM,0.0
2011,JAM,0.0
2012,JAM,0.0
2013,JAM,0.0
2014,JAM,0.0
2015,JAM,0.0
2016,JAM,0.0
2017,JAM,0.0
2018,JAM,0.0
2019,JAM,0.0
2020,JAM,0.0
2010,JOR,1.07155988432872
2011,JOR,0.946973971922112
2012,JOR,0.8971337514965065
2013,JOR,0.8726344669965452
2014,JOR,0.8514208877429019
2015,JOR,0.8328735448059448
2016,JOR,0.910625907536569
2017,JOR,0.9817419752976247
2018,JOR,1.0640023465214568
2019,JOR,1.0499303385283314
2020,JOR,1.0362256918551915
2010,JPN,0.1077735723811768
2011,JPN,0.1270174069486895
2012,JPN,0.1478042445975105
2013,JPN,0.1654481833302452
2014,JPN,0.1830759176283998
2015,JPN,0.1990792552991513
2016,JPN,0.2143167116684793
2017,JPN,0.2247906610624106
2018,JPN,0.2292778662114513
2019,JPN,0.2286364311191947
2020,JPN,0.2279985750129149
2010,KAZ,0.3692416844326168
2011,KAZ,0.3724039521851389
2012,KAZ,0.357888875624348
2013,KAZ,0.3419120248162088
2014,KAZ,0.3777792555064452
2015,KAZ,0.3709436757496019
2016,KAZ,0.3599499798996787
2017,KAZ,0.3551559209386236
2018,KAZ,0.3486695337998929
2019,KAZ,0.3398979996482834
2020,KAZ,0.3315569689741494
2010,KEN,0.0
2011,KEN,0.0
2012,KEN,0.0
2013,KEN,0.0
2014,KEN,0.0
2015,KEN,0.0
2016,KEN,0.0
2017,KEN,0.0
2018,KEN,0.0
2019,KEN,0.0
2020,KEN,0.0
2010,KGZ,0.0
2011,KGZ,0.0
2012,KGZ,0.0
2013,KGZ,0.0
2014,KGZ,0.0
2015,KGZ,0.0
2016,KGZ,0.0
2017,KGZ,0.0
2018,KGZ,0.0
2019,KGZ,0.0
2020,KGZ,0.0
2010,KHM,0.2631089914757844
2011,KHM,0.2350632015507091
2012,KHM,0.2247705710536594
2013,KHM,0.220394220085928
2014,KHM,0.2165474222743879
2015,KHM,0.2131395445102318
2016,KHM,0.2217937331889945
2017,KHM,0.2283949536623089
2018,KHM,0.237183875728334
2019,KHM,0.2248937627426501
2020,KHM,0.2138145726109238
2010,KIR,0.0
2011,KIR,0.0
2012,KIR,0.0
2013,KIR,0.0
2014,KIR,0.0
2015,KIR,0.0
2016,KIR,0.0
2017,KIR,0.0
2018,KIR,0.0
2019,KIR,0.0
2020,KIR,0.0
2010,KNA,0.0
2011,KNA,0.0
2012,KNA,0.0
2013,KNA,0.0
2014,KNA,0.0
2015,KNA,0.0
2016,KNA,0.0
2017,KNA,0.0
2018,KNA,0.0
2019,KNA,0.0
2020,KNA,0.0
2010,KOR,0.0
2011,KOR,0.0
2012,KOR,0.0
2013,KOR,0.0
2014,KOR,0.0
2015,KOR,0.0
2016,KOR,0.0
2017,KOR,0.0
2018,KOR,0.0
2019,KOR,0.0
2020,KOR,0.0
2010,KWT,1.5419638613426276
2011,KWT,1.3486521443670871
2012,KWT,1.266646874937878
2013,KWT,1.2230210090093414
2014,KWT,1.185759638334598
2015,KWT,1.153564693089036
2016,KWT,1.2897849011236495
2017,KWT,1.421799356635147
2018,KWT,1.5754304974865825
2019,KWT,1.5892330814043922
2020,KWT,1.603279655995208
2010,LAO,0.0
2011,LAO,0.0
2012,LAO,0.0
2013,LAO,0.0
2014,LAO,0.0
2015,LAO,0.0
2016,LAO,0.0
2017,LAO,0.0
2018,LAO,0.0
2019,LAO,0.0
2020,LAO,0.0
2010,LBN,0.5862864385956827
2011,LBN,0.5096898419505006
2012,LBN,0.4763137653930848
2013,LBN,0.45798646885108
2014,LBN,0.4424537729457547
2015,LBN,0.4291217705171934
2016,LBN,0.4658362037643212
2017,LBN,0.4987558516257419
2018,LBN,0.5369463752880613
2019,LBN,0.5264313987358663
2020,LBN,0.5163203401279116
2010,LBR,0.0
2011,LBR,0.0
2012,LBR,0.0
2013,LBR,0.0
2014,LBR,0.0
2015,LBR,0.0
2016,LBR,0.0
2017,LBR,0.0
2018,LBR,0.0
2019,LBR,0.0
2020,LBR,0.0
2010,LBY,0.5303839427438953
2011,LBY,0.4853823196783862
2012,LBY,0.4740801896814438
2013,LBY,0.4736978902684848
2014,LBY,0.4733496271220794
2015,LBY,0.4730310447557215
2016,LBY,0.5197360917212913
2017,LBY,0.5630211185479472
2018,LBY,0.6130672797479947
2019,LBY,0.6077424682382009
2020,LBY,0.6025093578287789
2010,LCA,0.0
2011,LCA,0.0
2012,LCA,0.0
2013,LCA,0.0
2014,LCA,0.0
2015,LCA,0.0
2016,LCA,0.0
2017,LCA,0.0
2018,LCA,0.0
2019,LCA,0.0
2020,LCA,0.0
2010,LIE,0.1628698693009294
2011,LIE,0.1669796023767566
2012,LIE,0.1730586070567324
2013,LIE,0.1692804397196186
2014,LIE,0.1722890369617371
2015,LIE,0.1756341879601504
2016,LIE,0.1680871760359583
2017,LIE,0.1733841775762912
2018,LIE,0.1767761124056536
2019,LIE,0.1747878073341716
2020,LIE,0.1728437320609132
2010,LKA,0.0708140060391084
2011,LKA,0.0636761263174727
2012,LKA,0.0612305276812129
2013,LKA,0.0603340810765572
2014,LKA,0.0595387828343519
2015,LKA,0.0588284279387531
2016,LKA,0.0633847429826772
2017,LKA,0.0673813533054045
2018,LKA,0.0720489075055469
2019,LKA,0.0701806819115596
2020,LKA,0.0684068936076477
2010,LSO,0.0
2011,LSO,0.0
2012,LSO,0.0
2013,LSO,0.0
2014,LSO,0.0
2015,LSO,0.0
2016,LSO,0.0
2017,LSO,0.0
2018,LSO,0.0
2019,LSO,0.0
2020,LSO,0.0
2010,LTU,0.212272044790587
2011,LTU,0.2524544272158372
2012,LTU,0.288594600614388
2013,LTU,0.3324751563587311
2014,LTU,0.3844205497967025
2015,LTU,0.4534219130973996
2016,LTU,0.6780538860547988
2017,LTU,0.583101054051766
2018,LTU,0.4031850340777956
2019,LTU,0.3922311970806152
2020,LTU,0.3818568108587236
2010,LUX,0.0073707133939854
2011,LUX,0.0073966267552908
2012,LUX,0.0074435008082757
2013,LUX,0.007043796084417
2014,LUX,0.0106739425741972
2015,LUX,0.0071726985525632
2016,LUX,0.0048567330256975
2017,LUX,0.0071698341664754
2018,LUX,0.0047337973507313
2019,LUX,0.0046344184741298
2020,LUX,0.0045391264177269
2010,LVA,0.3198535466357813
2011,LVA,0.3140261715863657
2012,LVA,0.3090117174626958
2013,LVA,0.3105359630689255
2014,LVA,0.3156390211676295
2015,LVA,0.3164853640467481
2016,LVA,0.3350566162907336
2017,LVA,0.3188074135433835
2018,LVA,0.293453905733226
2019,LVA,0.2872599314885979
2020,LVA,0.2813220265807257
2010,MAC,0.0
2011,MAC,0.0
2012,MAC,0.0
2013,MAC,0.0
2014,MAC,0.0
2015,MAC,0.0
2016,MAC,0.0
2017,MAC,0.0
2018,MAC,0.0
2019,MAC,0.0
2020,MAC,0.0
2010,MAF,0.0
2011,MAF,0.0
2012,MAF,0.0
2013,MAF,0.0
2014,MAF,0.0
2015,MAF,0.0
2016,MAF,0.0
2017,MAF,0.0
2018,MAF,0.0
2019,MAF,0.0
2020,MAF,0.0
2010,MAR,0.1846826807993201
2011,MAR,0.1683063751489117
2012,MAR,0.1637696952245516
2013,MAR,0.1630819656705894
2014,MAR,0.1624595209726133
2015,MAR,0.1618934807121481
2016,MAR,0.1760961103546372
2017,MAR,0.188902844893756
2018,MAR,0.2037434151605474
2019,MAR,0.2001089897829863
2020,MAR,0.1966019555267792
2010,MCO,0.1628698693009294
2011,MCO,0.1669796023767566
2012,MCO,0.1730586070567324
2013,MCO,0.1692804397196186
2014,MCO,0.1722890369617371
2015,MCO,0.1756341879601504
2016,MCO,0.1680871760359583
2017,MCO,0.1733841775762912
2018,MCO,0.1767761124056536
2019,MCO,0.1747878073341716
2020,MCO,0.1728437320609132
2010,MDA,0.1474539116447376
2011,MDA,0.173160232307791
2012,MDA,0.1996330130630336
2013,MDA,0.2297194555494825
2014,MDA,0.2500079016702236
2015,MDA,0.2701672414512054
2016,MDA,0.2872335710956832
2017,MDA,0.3037026844544013
2018,MDA,0.3199553857367276
2019,MDA,0.3117244552064696
2020,MDA,0.3039063890403603
2010,MDG,0.6724896104752359
2011,MDG,0.6164778868016012
2012,MDG,0.6030490223608479
2013,MDG,0.6034040555596882
2014,MDG,0.6037283682163228
2015,MDG,0.6040257389157712
2016,MDG,0.647644344619518
2017,MDG,0.6853310517116367
2018,MDG,0.7296444475000777
2019,MDG,0.7078308155837012
2020,MDG,0.6872836136929429
2010,MDV,0.0
2011,MDV,0.0
2012,MDV,0.0
2013,MDV,0.0
2014,MDV,0.0
2015,MDV,0.0
2016,MDV,0.0
2017,MDV,0.0
2018,MDV,0.0
2019,MDV,0.0
2020,MDV,0.0
2010,MEX,0.0785212706568127
2011,MEX,0.0903693837656501
2012,MEX,0.1069882073755385
2013,MEX,0.1212614860604875
2014,MEX,0.1356484156078995
2015,MEX,0.1517300828916628
2016,MEX,0.1647708364680821
2017,MEX,0.1818289632623795
2018,MEX,0.2005613969298149
2019,MEX,0.1992820271743976
2020,MEX,0.1980188760154309
2010,MHL,0.0
2011,MHL,0.0
2012,MHL,0.0
2013,MHL,0.0
2014,MHL,0.0
2015,MHL,0.0
2016,MHL,0.0
2017,MHL,0.0
2018,MHL,0.0
2019,MHL,0.0
2020,MHL,0.0
2010,MKD,0.0
2011,MKD,0.0
2012,MKD,0.0
2013,MKD,0.0
2014,MKD,0.0
2015,MKD,0.0
2016,MKD,0.0
2017,MKD,0.0
2018,MKD,0.0
2019,MKD,0.0
2020,MKD,0.0
2010,MLI,0.4272696984206184
2011,MLI,0.3871339134248979
2012,MLI,0.3747615089764368
2013,MLI,0.3714677898506422
2014,MLI,0.368512787757236
2015,MLI,0.3658468087939049
2016,MLI,0.3869867265371952
2017,MLI,0.4044093454452471
2018,MLI,0.4255883724983692
2019,MLI,0.4084321582492866
2020,MLI,0.3926055398718223
2010,MLT,0.6118282447220302
2011,MLT,0.7126420738353973
2012,MLT,0.9019686258488052
2013,MLT,0.9950531810804116
2014,MLT,1.069114230768126
2015,MLT,1.1420583311536368
2016,MLT,1.1638719193324247
2017,MLT,1.154851188795826
2018,MLT,1.0518395303513162
2019,MLT,1.0121234986456495
2020,MLT,0.9752975867456536
2010,MMR,0.0
2011,MMR,0.0
2012,MMR,0.0
2013,MMR,0.0
2014,MMR,0.0
2015,MMR,0.0
2016,MMR,0.0
2017,MMR,0.0
2018,MMR,0.0
2019,MMR,0.0
2020,MMR,0.0
2010,MNE,0.1346242193348966
2011,MNE,0.1255429719073684
2012,MNE,0.1247588379348
2013,MNE,0.126661980497008
2014,MNE,0.1284497310273596
2015,MNE,0.1301322963130051
2016,MNE,0.1410723641093575
2017,MNE,0.1508432747273639
2018,MNE,0.1621890669228516
2019,MNE,0.1588207548951078
2020,MNE,0.1555895014024551
2010,MNG,0.0
2011,MNG,0.0
2012,MNG,0.0
2013,MNG,0.0
2014,MNG,0.0
2015,MNG,0.0
2016,MNG,0.0
2017,MNG,0.0
2018,MNG,0.0
2019,MNG,0.0
2020,MNG,0.0
2010,MNP,0.1077735723811768
2011,MNP,0.1270174069486895
2012,MNP,0.1478042445975105
2013,MNP,0.1654481833302452
2014,MNP,0.1830759176283998
2015,MNP,0.1990792552991513
2016,MNP,0.2143167116684793
2017,MNP,0.2247906610624106
2018,MNP,0.2292778662114513
2019,MNP,0.2286364311191947
2020,MNP,0.2279985750129149
2010,MOZ,0.1981415404717633
2011,MOZ,0.1739204886157669
2012,MOZ,0.1638307280875506
2013,MOZ,0.1585852835105335
2014,MOZ,0.1540841839546176
2015,MOZ,0.1501794722349596
2016,MOZ,0.1610454358473159
2017,MOZ,0.1704375884249807
2018,MOZ,0.1814788989149667
2019,MOZ,0.1760723674980629
2020,MOZ,0.170978654281166
2010,MRT,1.4846776820464989
2011,MRT,1.33619395335518
2012,MRT,1.285857051382115
2013,MRT,1.2678846103070531
2014,MRT,1.2519197718119408
2015,MRT,1.2376439426757273
2016,MRT,1.3360392960247205
2017,MRT,1.4228415249986806
2018,MRT,1.5240041509150186
2019,MRT,1.48689730481935
2020,MRT,1.451554481947917
2010,MUS,0.0
2011,MUS,0.0
2012,MUS,0.0
2013,MUS,0.0
2014,MUS,0.0
2015,MUS,0.0
2016,MUS,0.0
2017,MUS,0.0
2018,MUS,0.0
2019,MUS,0.0
2020,MUS,0.0
2010,MWI,0.1981415404717633
2011,MWI,0.1739204886157669
2012,MWI,0.1638307280875506
2013,MWI,0.1585852835105335
2014,MWI,0.1540841839546176
2015,MWI,0.1501794722349596
2016,MWI,0.1610454358473159
2017,MWI,0.1704375884249807
2018,MWI,0.1814788989149667
2019,MWI,0.1760723674980629
2020,MWI,0.170978654281166
2010,MYS,0.0
2011,MYS,0.0
2012,MYS,0.0
2013,MYS,0.0
2014,MYS,0.0
2015,MYS,0.0
2016,MYS,0.0
2017,MYS,0.0
2018,MYS,0.0
2019,MYS,0.0
2020,MYS,0.0
2010,NAM,0.3104130039005595
2011,NAM,0.2814706522841497
2012,NAM,0.272660934453145
2013,NAM,0.2704289581222326
2014,NAM,0.2684241680736604
2015,NAM,0.2666136136746088
2016,NAM,0.2950727225903209
2017,NAM,0.3219519929156864
2018,NAM,0.3530710518889035
2019,NAM,0.3524755518800798
2020,NAM,0.3518820572645205
2010,NCL,0.0
2011,NCL,0.0
2012,NCL,0.0
2013,NCL,0.0
2014,NCL,0.0
2015,NCL,0.0
2016,NCL,0.0
2017,NCL,0.0
2018,NCL,0.0
2019,NCL,0.0
2020,NCL,0.0
2010,NER,0.7420269730343172
2011,NER,0.6604964237479083
2012,NER,0.6295812990328433
2013,NER,0.6156296770735118
2014,NER,0.6034292720865525
2015,NER,0.5926698990039256
2016,NER,0.6182531434741496
2017,NER,0.6380437337497807
2018,NER,0.6638871234491706
2019,NER,0.6305876481915418
2020,NER,0.6004691148926089
2010,NGA,0.4739376934517012
2011,NGA,0.4255063520772782
2012,NGA,0.4086120465781995
2013,NGA,0.4021521093375732
2014,NGA,0.3964338790617903
2015,NGA,0.391336552714672
2016,NGA,0.4302423822334045
2017,NGA,0.4663585493787205
2018,NGA,0.508117153081795
2019,NGA,0.5040009905153794
2020,NGA,0.4999509805936887
2010,NIC,0.2219829916750854
2011,NIC,0.2067086526487317
2012,NIC,0.2051392786761491
2013,NIC,0.2080044526739365
2014,NIC,0.2106892918609203
2015,NIC,0.2132103022712017
2016,NIC,0.236988009817381
2017,NIC,0.2596938376419575
2018,NIC,0.2860273834400282
2019,NIC,0.2867815569806218
2020,NIC,0.2875397181212394
2010,NLD,0.0804826918203439
2011,NLD,0.081567966177234
2012,NLD,0.0837269515312277
2013,NLD,0.0989223239130051
2014,NLD,0.0816652132435507
2015,NLD,0.0892627163550704
2016,NLD,0.071421654758627
2017,NLD,0.0704220473146511
2018,NLD,0.0694500343922746
2019,NLD,0.0685044889132157
2020,NLD,0.0675843443543453
2010,NOR,0.1637782721241706
2011,NOR,0.1667761172676391
2012,NOR,0.1740939880556769
2013,NOR,0.1826810461767097
2014,NOR,0.1699893880959031
2015,NOR,0.1492559959608353
2016,NOR,0.1479138374980966
2017,NOR,0.1485520089404522
2018,NOR,0.160309492527028
2019,NOR,0.158391505357007
2020,NOR,0.1565188702419058
2010,NPL,0.0
2011,NPL,0.0
2012,NPL,0.0
2013,NPL,0.0
2014,NPL,0.0
2015,NPL,0.0
2016,NPL,0.0
2017,NPL,0.0
2018,NPL,0.0
2019,NPL,0.0
2020,NPL,0.0
2010,NRU,0.0
2011,NRU,0.0
2012,NRU,0.0
2013,NRU,0.0
2014,NRU,0.0
2015,NRU,0.0
2016,NRU,0.0
2017,NRU,0.0
2018,NRU,0.0
2019,NRU,0.0
2020,NRU,0.0
2010,NZL,0.3868057713851947
2011,NZL,0.4444603334727563
2012,NZL,0.4600198987007294
2013,NZL,0.4689237006864071
2014,NZL,0.4616694017643492
2015,NZL,0.5379236833687187
2016,NZL,0.6101689726668812
2017,NZL,0.66014927158586
2018,NZL,0.755583489200798
2019,NZL,0.7395704914965241
2020,NZL,0.7242221315914854
2010,OMN,0.2115971915077743
2011,OMN,0.1868297241590255
2012,OMN,0.1768640570453874
2013,OMN,0.1719238778433752
2014,OMN,0.167651360252658
2015,OMN,0.1639197206607997
2016,OMN,0.1813276959613173
2017,OMN,0.1977484991661155
2018,OMN,0.2167564507235372
2019,OMN,0.2162855856612654
2020,OMN,0.215816761906792
2010,PAK,0.2736266474653113
2011,PAK,0.249951383563544
2012,PAK,0.2437283553169151
2013,PAK,0.2431678872878991
2014,PAK,0.242658773014982
2015,PAK,0.2421942653727179
2016,PAK,0.2590037908135955
2017,PAK,0.2734048582673237
2018,PAK,0.2904165103471554
2019,PAK,0.2811287786490438
2020,PAK,0.272416694192409
2010,PAN,0.2768374715776897
2011,PAN,0.2492948032878486
2012,PAN,0.240024746185558
2013,PAN,0.2367754921123389
2014,PAN,0.2338867714110593
2015,PAN,0.2313017153075233
2016,PAN,0.2494153738206468
2017,PAN,0.2653422404592724
2018,PAN,0.2839258725181826
2019,PAN,0.2767516067465632
2020,PAN,0.26993096560504
2010,PER,0.05206333084629
2011,PER,0.0474123743816766
2012,PER,0.0461044914489713
2013,PER,0.0458841171461561
2014,PER,0.0456848829402844
2015,PER,0.0455038877740316
2016,PER,0.0497739149811382
2017,PER,0.0536841875839615
2018,PER,0.0582068229995444
2019,PER,0.057460490707224
2020,PER,0.0567330551775213
2010,PHL,0.2473946437987849
2011,PHL,0.2284537515630312
2012,PHL,0.2249720355345271
2013,PHL,0.2264822083334589
2014,PHL,0.2278778512488134
2015,PHL,0.2291715144729352
2016,PHL,0.2417668883141493
2017,PHL,0.2520378532672744
2018,PHL,0.2646483342053539
2019,PHL,0.2534625917177373
2020,PHL,0.2431840673410906
2010,PLW,0.2473946437987849
2011,PLW,0.2284537515630312
2012,PLW,0.2249720355345271
2013,PLW,0.2264822083334589
2014,PLW,0.2278778512488134
2015,PLW,0.2291715144729352
2016,PLW,0.2417668883141493
2017,PLW,0.2520378532672744
2018,PLW,0.2646483342053539
2019,PLW,0.2534625917177373
2020,PLW,0.2431840673410906
2010,PNG,0.0
2011,PNG,0.0
2012,PNG,0.0
2013,PNG,0.0
2014,PNG,0.0
2015,PNG,0.0
2016,PNG,0.0
2017,PNG,0.0
2018,PNG,0.0
2019,PNG,0.0
2020,PNG,0.0
2010,POL,0.3659338406659851
2011,POL,0.389172743173658
2012,POL,0.3916829041658888
2013,POL,0.40146259723789
2014,POL,0.4322498437343771
2015,POL,0.362983016305214
2016,POL,0.2977383069692845
2017,POL,0.2999825535275883
2018,POL,0.1852131636651424
2019,POL,0.1793288500938848
2020,POL,0.1738069185561907
2010,PRI,0.2763562361709344
2011,PRI,0.2522976877383869
2012,PRI,0.2458874085620576
2013,PRI,0.2452058914049675
2014,PRI,0.2445873840356064
2015,PRI,0.2440235257034155
2016,PRI,0.2586038726914735
2017,PRI,0.2707055871184805
2018,PRI,0.285326464236005
2019,PRI,0.274217336150155
2020,PRI,0.263940852524177
2010,PRK,0.0
2011,PRK,0.0
2012,PRK,0.0
2013,PRK,0.0
2014,PRK,0.0
2015,PRK,0.0
2016,PRK,0.0
2017,PRK,0.0
2018,PRK,0.0
2019,PRK,0.0
2020,PRK,0.0
2010,PRT,0.3926410081727657
2011,PRT,0.4382365990959568
2012,PRT,0.4817328786611504
2013,PRT,0.5300603649514435
2014,PRT,0.5707227971526887
2015,PRT,0.6174868887278756
2016,PRT,0.6556476096436374
2017,PRT,0.7009170178395341
2018,PRT,0.7313247187452734
2019,PRT,0.7222667953370178
2020,PRT,0.7134305032091262
2010,PRY,0.316143547944094
2011,PRY,0.2935550353193371
2012,PRY,0.290557407187817
2013,PRY,0.2938903545052033
2014,PRY,0.2969986668279337
2015,PRY,0.2999043138231618
2016,PRY,0.3239314177366562
2017,PRY,0.3451633814910316
2018,PRY,0.3698938092006608
2019,PRY,0.3610637581956082
2020,PRY,0.3526454573280275
2010,PYF,0.0
2011,PYF,0.0
2012,PYF,0.0
2013,PYF,0.0
2014,PYF,0.0
2015,PYF,0.0
2016,PYF,0.0
2017,PYF,0.0
2018,PYF,0.0
2019,PYF,0.0
2020,PYF,0.0
2010,QAT,0.2459258623691275
2011,QAT,0.2082902996323243
2012,QAT,0.1906247610623195
2013,QAT,0.1801784790880065
2014,QAT,0.1715988113610715
2015,QAT,0.1644264849606938
2016,QAT,0.1807126127393827
2017,QAT,0.1958175382258156
2018,QAT,0.2132820274420195
2019,QAT,0.2114866163692793
2020,QAT,0.209721180555147
2010,ROU,0.2249018049523967
2011,ROU,0.2437584343961702
2012,ROU,0.2615407294225898
2013,ROU,0.2786073923996944
2014,ROU,0.2834967130975526
2015,ROU,0.3634328121638982
2016,ROU,0.4222502301412733
2017,ROU,0.4833635869389395
2018,ROU,0.4727996714472747
2019,ROU,0.4571447279265538
2020,ROU,0.4424932645619289
2010,RUS,0.0710806368840515
2011,RUS,0.1088605868444126
2012,RUS,0.139915989013238
2013,RUS,0.1699014034267724
2014,RUS,0.1961389124296691
2015,RUS,0.2176000190480236
2016,RUS,0.2543445350017828
2017,RUS,0.2946210278145935
2018,RUS,0.3363192312218916
2019,RUS,0.3339575968068434
2020,RUS,0.3316288979230059
2010,RWA,0.0
2011,RWA,0.0
2012,RWA,0.0
2013,RWA,0.0
2014,RWA,0.0
2015,RWA,0.0
2016,RWA,0.0
2017,RWA,0.0
2018,RWA,0.0
2019,RWA,0.0
2020,RWA,0.0
2010,SAU,1.14542525069714
2011,SAU,1.0443787530708697
2012,SAU,1.0166822108431497
2013,SAU,1.012820691204277
2014,SAU,1.0093230370230868
2015,SAU,1.0061401325715127
2016,SAU,1.106612092037599
2017,SAU,1.1999786765069522
2018,SAU,1.307934732262083
2019,SAU,1.2978352610824748
2020,SAU,1.2878905648212131
2010,SDN,0.3249615840903396
2011,SDN,0.2961374082247561
2012,SDN,0.2881472463006752
2013,SDN,0.286930210460427
2014,SDN,0.2858287457431738
2015,SDN,0.2848271458135816
2016,SDN,0.3187137299987609
2017,SDN,0.351618779222866
2018,SDN,0.3899326763180969
2019,SDN,0.3936780192896005
2020,SDN,0.397496008838363
2010,SEN,0.8038590025463684
2011,SEN,0.7322418424468835
2012,SEN,0.7122111936517088
2013,SEN,0.7089577561200794
2014,SEN,0.7060152033588617
2015,SEN,0.7033410415821391
2016,SEN,0.736071343644062
2017,SEN,0.7618196363361284
2018,SEN,0.794722171396529
2019,SEN,0.7566169807085559
2020,SEN,0.7219987205021473
2010,SGP,0.3798528219557125
2011,SGP,0.3503601066031254
2012,SGP,0.3446501377401153
2013,SGP,0.3466209312816146
2014,SGP,0.3484388013690303
2015,SGP,0.3501208823454767
2016,SGP,0.3802553311930226
2017,SGP,0.4073112716646773
2018,SGP,0.4386902044467897
2019,SGP,0.4302789409479486
2020,SGP,0.4221841575267598
2010,SLB,0.0
2011,SLB,0.0
2012,SLB,0.0
2013,SLB,0.0
2014,SLB,0.0
2015,SLB,0.0
2016,SLB,0.0
2017,SLB,0.0
2018,SLB,0.0
2019,SLB,0.0
2020,SLB,0.0
2010,SLE,0.0
2011,SLE,0.0
2012,SLE,0.0
2013,SLE,0.0
2014,SLE,0.0
2015,SLE,0.0
2016,SLE,0.0
2017,SLE,0.0
2018,SLE,0.0
2019,SLE,0.0
2020,SLE,0.0
2010,SLV,0.1375491886637362
2011,SLV,0.1282961411091951
2012,SLV,0.1275185406783808
2013,SLV,0.1294863777529496
2014,SLV,0.1313355259169689
2015,SLV,0.133076419640772
2016,SLV,0.1459030596282751
2017,SLV,0.1577228689365658
2018,SLV,0.1713895773414928
2019,SLV,0.1695584546080725
2020,SLV,0.1677660456134073
2010,SMR,0.3069389079859442
2011,SMR,0.3288409395924813
2012,SMR,0.3483813152927064
2013,SMR,0.3701364087639786
2014,SMR,0.3879747245599375
2015,SMR,0.4010159502538782
2016,SMR,0.4287482728952638
2017,SMR,0.4493584155338567
2018,SMR,0.4690702239733887
2019,SMR,0.4697053687172779
2020,SMR,0.4703422358293825
2010,SOM,2.7164851377533386
2011,SOM,2.5303629006028734
2012,SOM,2.511888558152885
2013,SOM,2.5476707003604977
2014,SOM,2.581218528604321
2015,SOM,2.6127350352503456
2016,SOM,2.8318138802845576
2017,SOM,3.0273663151225905
2018,SOM,3.254471477619649
2019,SOM,3.1863196787616506
2020,SOM,3.120963663416316
2010,SRB,0.0
2011,SRB,0.0
2012,SRB,0.0
2013,SRB,0.0
2014,SRB,0.0
2015,SRB,0.0
2016,SRB,0.0
2017,SRB,0.0
2018,SRB,0.0
2019,SRB,0.0
2020,SRB,0.0
2010,SSD,0.0
2011,SSD,0.0
2012,SSD,0.0
2013,SSD,0.0
2014,SSD,0.0
2015,SSD,0.0
2016,SSD,0.0
2017,SSD,0.0
2018,SSD,0.0
2019,SSD,0.0
2020,SSD,0.0
2010,STP,0.1377896330165651
2011,STP,0.1282319583336455
2012,STP,0.127187587871164
2013,STP,0.1288969597335296
2014,STP,0.1304971308098112
2015,STP,0.1319982414054853
2016,STP,0.1541205584513968
2017,STP,0.1779089198082608
2018,STP,0.2070692641555517
2019,STP,0.2201759758070355
2020,STP,0.2350540179354323
2010,SUR,0.0
2011,SUR,0.0
2012,SUR,0.0
2013,SUR,0.0
2014,SUR,0.0
2015,SUR,0.0
2016,SUR,0.0
2017,SUR,0.0
2018,SUR,0.0
2019,SUR,0.0
2020,SUR,0.0
2010,SVK,0.1890852517627535
2011,SVK,0.2020743160059357
2012,SVK,0.2084959001103103
2013,SVK,0.2082134727319106
2014,SVK,0.19421627987343
2015,SVK,0.2074033524382496
2016,SVK,0.2003126480825162
2017,SVK,0.2198161185156057
2018,SVK,0.207536329764757
2019,SVK,0.2031336872394852
2020,SVK,0.1989139583236916
2010,SVN,0.1375793038335965
2011,SVN,0.1493693177308902
2012,SVN,0.1758829848963934
2013,SVN,0.2017264627272279
2014,SVN,0.2203577217629699
2015,SVN,0.2410315143419855
2016,SVN,0.2514129895645228
2017,SVN,0.2380797443258028
2018,SVN,0.2143556865794307
2019,SVN,0.209596794592418
2020,SVN,0.2050446168559333
2010,SWE,0.0647350880828556
2011,SWE,0.0608201722898418
2012,SWE,0.0598891513439652
2013,SWE,0.0588821259584728
2014,SWE,0.0611498240982726
2015,SWE,0.0654577755260808
2016,SWE,0.071081781380683
2017,SWE,0.0728596990799999
2018,SWE,0.07578472353355
2019,SWE,0.0746806118934172
2020,SWE,0.0736082099940061
2010,SWZ,0.0
2011,SWZ,0.0
2012,SWZ,0.0
2013,SWZ,0.0
2014,SWZ,0.0
2015,SWZ,0.0
2016,SWZ,0.0
2017,SWZ,0.0
2018,SWZ,0.0
2019,SWZ,0.0
2020,SWZ,0.0
2010,SXM,0.0
2011,SXM,0.0
2012,SXM,0.0
2013,SXM,0.0
2014,SXM,0.0
2015,SXM,0.0
2016,SXM,0.0
2017,SXM,0.0
2018,SXM,0.0
2019,SXM,0.0
2020,SXM,0.0
2010,SYC,0.0
2011,SYC,0.0
2012,SYC,0.0
2013,SYC,0.0
2014,SYC,0.0
2015,SYC,0.0
2016,SYC,0.0
2017,SYC,0.0
2018,SYC,0.0
2019,SYC,0.0
2020,SYC,0.0
2010,SYR,0.6798311648469928
2011,SYR,0.6516331903403428
2012,SYR,0.6648897665200558
2013,SYR,0.692400365646689
2014,SYR,0.7195643702691169
2015,SYR,0.7463882841128276
2016,SYR,0.810247140496372
2017,SYR,0.8675055649286246
2018,SYR,0.933931849430117
2019,SYR,0.915642739193017
2020,SYR,0.8980561792408458
2010,TCA,0.0
2011,TCA,0.0
2012,TCA,0.0
2013,TCA,0.0
2014,TCA,0.0
2015,TCA,0.0
2016,TCA,0.0
2017,TCA,0.0
2018,TCA,0.0
2019,TCA,0.0
2020,TCA,0.0
2010,TCD,0.4704304136620831
2011,TCD,0.431519306221151
2012,TCD,0.4223597393802042
2013,TCD,0.422827322281166
2014,TCD,0.4232548637962933
2015,TCD,0.4236472490700906
2016,TCD,0.4656253181558408
2017,TCD,0.5045624709561516
2018,TCD,0.5495821006517374
2019,TCD,0.54497418435233
2020,TCD,0.5404428948126004
2010,TGO,1.8626093754779252
2011,TGO,1.7198333694234065
2012,TGO,1.6934670458818912
2013,TGO,1.7046907363201809
2014,TGO,1.7150615371446778
2015,TGO,1.7246731065848369
2016,TGO,1.8273599553039015
2017,TGO,1.9125269092614767
2018,TGO,2.015487191074109
2019,TGO,1.9367171179598408
2020,TGO,1.8638725101878948
2010,THA,0.8070787930758082
2011,THA,0.7481619965336246
2012,THA,0.7393772694155839
2013,THA,0.746784494598686
2014,THA,0.7536733363997009
2015,THA,0.7600963739273278
2016,THA,0.824381125542778
2017,THA,0.8818726088093041
2018,THA,0.948608879813145
2019,THA,0.9292892598068312
2020,THA,0.910740869735906
2010,TJK,0.0
2011,TJK,0.0
2012,TJK,0.0
2013,TJK,0.0
2014,TJK,0.0
2015,TJK,0.0
2016,TJK,0.0
2017,TJK,0.0
2018,TJK,0.0
2019,TJK,0.0
2020,TJK,0.0
2010,TKM,0.093585240214881
2011,TKM,0.0840889466269253
2012,TKM,0.0808064312550521
2013,TKM,0.0795775383935443
2014,TKM,0.0784884773460824
2015,TKM,0.0775166863182775
2016,TKM,0.0808259397301697
2017,TKM,0.0833794702262665
2018,TKM,0.0867253055156261
2019,TKM,0.0823485096167517
2020,TKM,0.0783922603802039
2010,TLS,0.0
2011,TLS,0.0
2012,TLS,0.0
2013,TLS,0.0
2014,TLS,0.0
2015,TLS,0.0
2016,TLS,0.0
2017,TLS,0.0
2018,TLS,0.0
2019,TLS,0.0
2020,TLS,0.0
2010,TON,0.0
2011,TON,0.0
2012,TON,0.0
2013,TON,0.0
2014,TON,0.0
2015,TON,0.0
2016,TON,0.0
2017,TON,0.0
2018,TON,0.0
2019,TON,0.0
2020,TON,0.0
2010,TTO,0.0
2011,TTO,0.0
2012,TTO,0.0
2013,TTO,0.0
2014,TTO,0.0
2015,TTO,0.0
2016,TTO,0.0
2017,TTO,0.0
2018,TTO,0.0
2019,TTO,0.0
2020,TTO,0.0
2010,TUN,0.2331231799433795
2011,TUN,0.2124322527211402
2012,TUN,0.20668937551709
2013,TUN,0.2058063568452605
2014,TUN,0.2050072737517573
2015,TUN,0.2042806973126494
2016,TUN,0.2244084926925176
2017,TUN,0.2430531677496686
2018,TUN,0.264610049635921
2019,TUN,0.2622652516893133
2020,TUN,0.2599616448089866
2010,TUR,0.0004274066924183
2011,TUR,0.0006935690028794
2012,TUR,0.0019640755610928
2013,TUR,0.0035489055454916
2014,TUR,0.0077929246468085
2015,TUR,0.0125647156061765
2016,TUR,0.0160003740469054
2017,TUR,0.018301834207152
2018,TUR,0.0204839824699019
2019,TUR,0.0199283696261684
2020,TUR,0.0194021019887014
2010,TUV,0.0
2011,TUV,0.0
2012,TUV,0.0
2013,TUV,0.0
2014,TUV,0.0
2015,TUV,0.0
2016,TUV,0.0
2017,TUV,0.0
2018,TUV,0.0
2019,TUV,0.0
2020,TUV,0.0
2010,TZA,0.0
2011,TZA,0.0
2012,TZA,0.0
2013,TZA,0.0
2014,TZA,0.0
2015,TZA,0.0
2016,TZA,0.0
2017,TZA,0.0
2018,TZA,0.0
2019,TZA,0.0
2020,TZA,0.0
2010,UGA,0.0
2011,UGA,0.0
2012,UGA,0.0
2013,UGA,0.0
2014,UGA,0.0
2015,UGA,0.0
2016,UGA,0.0
2017,UGA,0.0
2018,UGA,0.0
2019,UGA,0.0
2020,UGA,0.0
2010,UKR,0.0528247025845336
2011,UKR,0.0904197946682315
2012,UKR,0.1082866663744442
2013,UKR,0.1200328416687013
2014,UKR,0.1257749146596594
2015,UKR,0.134204182507506
2016,UKR,0.1537806446090657
2017,UKR,0.1836089355040636
2018,UKR,0.2489895376247021
2019,UKR,0.2485091847274635
2020,UKR,0.2480306816639295
2010,URY,0.008616267350867
2011,URY,0.0041360680269221
2012,URY,1.628039950352518e-05
2013,URY,0.0156587038830566
2014,URY,0.0301364577904658
2015,URY,0.0334130291024851
2016,URY,0.0373856653837422
2017,URY,0.0464970716480383
2018,URY,0.0498105347898911
2019,URY,0.0493171575831199
2020,URY,0.0488334583937632
2010,USA,0.2733697792367145
2011,USA,0.3078362792934477
2012,USA,0.3369151226630205
2013,USA,0.3652551053571472
2014,USA,0.3914971514354803
2015,USA,0.4144944107153634
2016,USA,0.4406899200153005
2017,USA,0.4627921430790359
2018,USA,0.4880231557283276
2019,USA,0.4800561570292481
2020,USA,0.4723451032020758
2010,UZB,0.0068229953544931
2011,UZB,0.0318277820227196
2012,UZB,0.0473839876708972
2013,UZB,0.0510051992460184
2014,UZB,0.0542321492512407
2015,UZB,0.0573543311959258
2016,UZB,0.0594623447338501
2017,UZB,0.0614282946053146
2018,UZB,0.063338276489834
2019,UZB,0.060487739648921
2020,UZB,0.0578827295027017
2010,VCT,0.0
2011,VCT,0.0
2012,VCT,0.0
2013,VCT,0.0
2014,VCT,0.0
2015,VCT,0.0
2016,VCT,0.0
2017,VCT,0.0
2018,VCT,0.0
2019,VCT,0.0
2020,VCT,0.0
2010,VEN,0.3237663813912174
2011,VEN,0.3095694935254495
2012,VEN,0.3150976934671368
2013,VEN,0.3273478118924054
2014,VEN,0.3393860436403987
2015,VEN,0.3512178373692742
2016,VEN,0.3882147459136016
2017,VEN,0.4230438030763798
2018,VEN,0.4633510478352292
2019,VEN,0.4619908539095478
2020,VEN,0.4606386224661531
2010,VGB,0.2763562361709344
2011,VGB,0.2522976877383869
2012,VGB,0.2458874085620576
2013,VGB,0.2452058914049675
2014,VGB,0.2445873840356064
2015,VGB,0.2440235257034155
2016,VGB,0.2586038726914735
2017,VGB,0.2707055871184805
2018,VGB,0.285326464236005
2019,VGB,0.274217336150155
2020,VGB,0.263940852524177
2010,VIR,0.2763562361709344
2011,VIR,0.2522976877383869
2012,VIR,0.2458874085620576
2013,VIR,0.2452058914049675
2014,VIR,0.2445873840356064
2015,VIR,0.2440235257034155
2016,VIR,0.2586038726914735
2017,VIR,0.2707055871184805
2018,VIR,0.285326464236005
2019,VIR,0.274217336150155
2020,VIR,0.263940852524177
2010,VNM,0.4018022645832814
2011,VNM,0.359965917629287
2012,VNM,0.3450275125654704
2013,VNM,0.3390161534011047
2014,VNM,0.3337114201091933
2015,VNM,0.3289956323570611
2016,VNM,0.3406250333696017
2017,VNM,0.3492033566154523
2018,VNM,0.3612105711157359
2019,VNM,0.3412869927291309
2020,VNM,0.3234464025829945
2010,VUT,0.0
2011,VUT,0.0
2012,VUT,0.0
2013,VUT,0.0
2014,VUT,0.0
2015,VUT,0.0
2016,VUT,0.0
2017,VUT,0.0
2018,VUT,0.0
2019,VUT,0.0
2020,VUT,0.0
2010,WSM,0.0
2011,WSM,0.0
2012,WSM,0.0
2013,WSM,0.0
2014,WSM,0.0
2015,WSM,0.0
2016,WSM,0.0
2017,WSM,0.0
2018,WSM,0.0
2019,WSM,0.0
2020,WSM,0.0
2010,XKX,0.0
2011,XKX,0.0
2012,XKX,0.0
2013,XKX,0.0
2014,XKX,0.0
2015,XKX,0.0
2016,XKX,0.0
2017,XKX,0.0
2018,XKX,0.0
2019,XKX,0.0
2020,XKX,0.0
2010,YEM,1.311297149335227
2011,YEM,1.2116603093020353
2012,YEM,1.1938801661506424
2013,YEM,1.2025312001258723
2014,YEM,1.210534296318457
2015,YEM,1.2179596201717553
2016,YEM,1.4136321456624388
2017,YEM,1.621107269567843
2018,YEM,1.8730499712716688
2019,YEM,1.975369807191768
2020,YEM,2.0895145379546234
2010,ZAF,0.3722269764021315
2011,ZAF,0.3432952576182696
2012,ZAF,0.3376724186423662
2013,ZAF,0.3395774209591328
2014,ZAF,0.3413343482853757
2015,ZAF,0.3429598177704138
2016,ZAF,0.380492686749288
2017,ZAF,0.4161631892861674
2018,ZAF,0.4574977476228956
2019,ZAF,0.4578351648052431
2020,ZAF,0.4581730800638557
2010,ZMB,0.0
2011,ZMB,0.0
2012,ZMB,0.0
2013,ZMB,0.0
2014,ZMB,0.0
2015,ZMB,0.0
2016,ZMB,0.0
2017,ZMB,0.0
2018,ZMB,0.0
2019,ZMB,0.0
2020,ZMB,0.0
2010,ZWE,1.6762430967208188
2011,ZWE,1.5035718177417523
2012,ZWE,1.4427250335698554
2013,ZWE,1.4189246671500322
2014,ZWE,1.3978847755036103
2015,ZWE,1.3791512890893625
2016,ZWE,1.5319771459037483
2017,ZWE,1.6776771665109909
2018,ZWE,1.8466046107813168
2019,ZWE,1.850272939157588
2020,ZWE,1.8539558710046409
