Year,iso_code3,ef_ippu_tonne_cf4_per_tonne_production_metals
2010,ABW,0.0
2011,ABW,0.0
2012,ABW,0.0
2013,ABW,0.0
2014,ABW,0.0
2015,ABW,0.0
2016,ABW,0.0
2017,ABW,0.0
2018,ABW,0.0
2019,ABW,0.0
2020,ABW,0.0
2010,AFG,0.0001379707676868
2011,AFG,0.0001296129099806
2012,AFG,0.0001084075101285
2013,AFG,5.785316239977013e-05
2014,AFG,4.940761477403947e-05
2015,AFG,5.136834887803062e-05
2016,AFG,5.383942087306635e-05
2017,AFG,5.853233840951866e-05
2018,AFG,4.574268639302703e-05
2019,AFG,4.099371656469761e-05
2020,AFG,4.632061554023263e-05
2010,AGO,0.0
2011,AGO,0.0
2012,AGO,0.0
2013,AGO,0.0
2014,AGO,0.0
2015,AGO,0.0
2016,AGO,0.0
2017,AGO,0.0
2018,AGO,0.0
2019,AGO,0.0
2020,AGO,0.0
2010,ALB,0.0
2011,ALB,0.0
2012,ALB,0.0
2013,ALB,0.0
2014,ALB,0.0
2015,ALB,0.0
2016,ALB,0.0
2017,ALB,0.0
2018,ALB,0.0
2019,ALB,0.0
2020,ALB,0.0
2010,AND,2.277615510755302e-07
2011,AND,1.8470585143051741e-07
2012,AND,1.605203732276151e-07
2013,AND,1.301004251801738e-07
2014,AND,1.5759404687217906e-07
2015,AND,1.9428626567443114e-07
2016,AND,1.6233484551548884e-07
2017,AND,1.537528993554993e-07
2018,AND,1.2978083212609813e-07
2019,AND,2.064702665696665e-07
2020,AND,2.2005657646231995e-07
2010,ARE,7.010963143443516e-06
2011,ARE,8.080881286859485e-06
2012,ARE,6.265299475937653e-06
2013,ARE,5.559680510098374e-06
2014,ARE,6.199052969878289e-06
2015,ARE,8.574619713024876e-06
2016,ARE,8.277239647629244e-06
2017,ARE,8.143568048475692e-06
2018,ARE,6.377419616310532e-06
2019,ARE,7.058434301861309e-06
2020,ARE,8.1622522404768e-06
2010,ARG,1.8407840837288568e-06
2011,ARG,1.7487003764452486e-06
2012,ARG,1.263485729766656e-06
2013,ARG,1.1637016546718e-06
2014,ARG,1.1812334665582475e-06
2015,ARG,1.2182104873828918e-06
2016,ARG,1.4348310056573231e-06
2017,ARG,1.1136202885888934e-06
2018,ARG,1.3505535532708144e-06
2019,ARG,1.6265359169951594e-06
2020,ARG,1.8320493244474104e-06
2010,ARM,0.0
2011,ARM,0.0
2012,ARM,0.0
2013,ARM,0.0
2014,ARM,0.0
2015,ARM,0.0
2016,ARM,0.0
2017,ARM,0.0
2018,ARM,0.0
2019,ARM,0.0
2020,ARM,0.0
2010,ASM,0.0
2011,ASM,0.0
2012,ASM,0.0
2013,ASM,0.0
2014,ASM,0.0
2015,ASM,0.0
2016,ASM,0.0
2017,ASM,0.0
2018,ASM,0.0
2019,ASM,0.0
2020,ASM,0.0
2010,ATG,0.0
2011,ATG,0.0
2012,ATG,0.0
2013,ATG,0.0
2014,ATG,0.0
2015,ATG,0.0
2016,ATG,0.0
2017,ATG,0.0
2018,ATG,0.0
2019,ATG,0.0
2020,ATG,0.0
2010,AUS,2.560545329368858e-06
2011,AUS,2.446810962120431e-06
2012,AUS,2.0325309668774528e-06
2013,AUS,1.5447297202226397e-06
2014,AUS,1.488581632864114e-06
2015,AUS,1.7397017792229997e-06
2016,AUS,1.7637694110969747e-06
2017,AUS,1.5748059563639592e-06
2018,AUS,1.567738238109203e-06
2019,AUS,2.4977530979264826e-06
2020,AUS,2.6135479567271104e-06
2010,AUT,0.0
2011,AUT,0.0
2012,AUT,0.0
2013,AUT,0.0
2014,AUT,0.0
2015,AUT,0.0
2016,AUT,0.0
2017,AUT,0.0
2018,AUT,0.0
2019,AUT,0.0
2020,AUT,0.0
2010,AZE,3.4616014391303045e-08
2011,AZE,6.974101599519772e-07
2012,AZE,5.248323570766483e-06
2013,AZE,4.856653066756329e-06
2014,AZE,5.743239534451576e-06
2015,AZE,8.72917399540624e-06
2016,AZE,9.846042471089254e-06
2017,AZE,8.316633975293439e-06
2018,AZE,1.163276923934566e-05
2019,AZE,5.498453250363014e-06
2020,AZE,6.11085854985639e-06
2010,BDI,0.0
2011,BDI,0.0
2012,BDI,0.0
2013,BDI,0.0
2014,BDI,0.0
2015,BDI,0.0
2016,BDI,0.0
2017,BDI,0.0
2018,BDI,0.0
2019,BDI,0.0
2020,BDI,0.0
2010,BEL,0.0
2011,BEL,0.0
2012,BEL,0.0
2013,BEL,0.0
2014,BEL,0.0
2015,BEL,0.0
2016,BEL,0.0
2017,BEL,0.0
2018,BEL,0.0
2019,BEL,0.0
2020,BEL,0.0
2010,BEN,0.0
2011,BEN,0.0
2012,BEN,0.0
2013,BEN,0.0
2014,BEN,0.0
2015,BEN,0.0
2016,BEN,0.0
2017,BEN,0.0
2018,BEN,0.0
2019,BEN,0.0
2020,BEN,0.0
2010,BFA,0.0
2011,BFA,0.0
2012,BFA,0.0
2013,BFA,0.0
2014,BFA,0.0
2015,BFA,0.0
2016,BFA,0.0
2017,BFA,0.0
2018,BFA,0.0
2019,BFA,0.0
2020,BFA,0.0
2010,BGD,0.0
2011,BGD,0.0
2012,BGD,0.0
2013,BGD,0.0
2014,BGD,0.0
2015,BGD,0.0
2016,BGD,0.0
2017,BGD,0.0
2018,BGD,0.0
2019,BGD,0.0
2020,BGD,0.0
2010,BGR,0.0
2011,BGR,0.0
2012,BGR,0.0
2013,BGR,0.0
2014,BGR,0.0
2015,BGR,0.0
2016,BGR,0.0
2017,BGR,0.0
2018,BGR,0.0
2019,BGR,0.0
2020,BGR,0.0
2010,BHR,2.6103275987842816e-05
2011,BHR,3.643797780861326e-05
2012,BHR,3.3718869962874144e-05
2013,BHR,2.7799246644674746e-05
2014,BHR,2.458374584969231e-05
2015,BHR,2.6614607513766377e-05
2016,BHR,2.257571890046656e-05
2017,BHR,1.8547568377696342e-05
2018,BHR,1.5988547408676327e-05
2019,BHR,1.5413536583568942e-05
2020,BHR,1.4965527259277932e-05
2010,BHS,0.0
2011,BHS,0.0
2012,BHS,0.0
2013,BHS,0.0
2014,BHS,0.0
2015,BHS,0.0
2016,BHS,0.0
2017,BHS,0.0
2018,BHS,0.0
2019,BHS,0.0
2020,BHS,0.0
2010,BIH,6.381811590540716e-05
2011,BIH,5.803613925351341e-05
2012,BIH,5.7866074389273005e-05
2013,BIH,3.97250768134563e-05
2014,BIH,4.091899631537133e-05
2015,BIH,3.845523527991703e-05
2016,BIH,3.7315819119200905e-05
2017,BIH,4.08773388494299e-05
2018,BIH,3.966311460481018e-05
2019,BIH,3.908747819389478e-05
2020,BIH,3.7128373968107215e-05
2010,BLR,0.0
2011,BLR,0.0
2012,BLR,0.0
2013,BLR,0.0
2014,BLR,0.0
2015,BLR,0.0
2016,BLR,0.0
2017,BLR,0.0
2018,BLR,0.0
2019,BLR,0.0
2020,BLR,0.0
2010,BLZ,0.0
2011,BLZ,0.0
2012,BLZ,0.0
2013,BLZ,0.0
2014,BLZ,0.0
2015,BLZ,0.0
2016,BLZ,0.0
2017,BLZ,0.0
2018,BLZ,0.0
2019,BLZ,0.0
2020,BLZ,0.0
2010,BMU,0.0
2011,BMU,0.0
2012,BMU,0.0
2013,BMU,0.0
2014,BMU,0.0
2015,BMU,0.0
2016,BMU,0.0
2017,BMU,0.0
2018,BMU,0.0
2019,BMU,0.0
2020,BMU,0.0
2010,BOL,0.0
2011,BOL,0.0
2012,BOL,0.0
2013,BOL,0.0
2014,BOL,0.0
2015,BOL,0.0
2016,BOL,0.0
2017,BOL,0.0
2018,BOL,0.0
2019,BOL,0.0
2020,BOL,0.0
2010,BRA,2.25891613267995e-06
2011,BRA,1.8426451899868589e-06
2012,BRA,1.8589996635220207e-06
2013,BRA,2.018124899857394e-06
2014,BRA,1.2899715696175633e-06
2015,BRA,1.3620737985216896e-06
2016,BRA,1.5565339717102178e-06
2017,BRA,1.3049172023596042e-06
2018,BRA,1.2026252116816e-06
2019,BRA,1.1660202187111744e-06
2020,BRA,1.5879905974011912e-06
2010,BRB,0.0
2011,BRB,0.0
2012,BRB,0.0
2013,BRB,0.0
2014,BRB,0.0
2015,BRB,0.0
2016,BRB,0.0
2017,BRB,0.0
2018,BRB,0.0
2019,BRB,0.0
2020,BRB,0.0
2010,BRN,0.0
2011,BRN,0.0
2012,BRN,0.0
2013,BRN,0.0
2014,BRN,0.0
2015,BRN,0.0
2016,BRN,0.0
2017,BRN,0.0
2018,BRN,0.0
2019,BRN,0.0
2020,BRN,0.0
2010,BTN,0.0
2011,BTN,0.0
2012,BTN,0.0
2013,BTN,0.0
2014,BTN,0.0
2015,BTN,0.0
2016,BTN,0.0
2017,BTN,0.0
2018,BTN,0.0
2019,BTN,0.0
2020,BTN,0.0
2010,BWA,0.0
2011,BWA,0.0
2012,BWA,0.0
2013,BWA,0.0
2014,BWA,0.0
2015,BWA,0.0
2016,BWA,0.0
2017,BWA,0.0
2018,BWA,0.0
2019,BWA,0.0
2020,BWA,0.0
2010,CAF,0.0
2011,CAF,0.0
2012,CAF,0.0
2013,CAF,0.0
2014,CAF,0.0
2015,CAF,0.0
2016,CAF,0.0
2017,CAF,0.0
2018,CAF,0.0
2019,CAF,0.0
2020,CAF,0.0
2010,CAN,1.1940962697947528e-05
2011,CAN,1.0672018825503856e-05
2012,CAN,9.43520944589906e-06
2013,CAN,7.99223154162755e-06
2014,CAN,8.560684719434434e-06
2015,CAN,9.121901214730204e-06
2016,CAN,1.1267853617541494e-05
2017,CAN,1.0223782390737231e-05
2018,CAN,8.90871397149134e-06
2019,CAN,7.513228623353932e-06
2020,CAN,7.775611759591585e-06
2010,CHE,0.0
2011,CHE,0.0
2012,CHE,0.0
2013,CHE,0.0
2014,CHE,0.0
2015,CHE,0.0
2016,CHE,0.0
2017,CHE,0.0
2018,CHE,0.0
2019,CHE,0.0
2020,CHE,0.0
2010,CHL,0.0
2011,CHL,0.0
2012,CHL,0.0
2013,CHL,0.0
2014,CHL,0.0
2015,CHL,0.0
2016,CHL,0.0
2017,CHL,0.0
2018,CHL,0.0
2019,CHL,0.0
2020,CHL,0.0
2010,CHN,6.9013292466956105e-06
2011,CHN,6.614965161942624e-06
2012,CHN,5.81309214069383e-06
2013,CHN,5.467861891441403e-06
2014,CHN,5.703253462279993e-06
2015,CHN,5.459848975715548e-06
2016,CHN,4.957287284376029e-06
2017,CHN,4.9395231721598e-06
2018,CHN,4.84467127507893e-06
2019,CHN,4.303273350885186e-06
2020,CHN,3.988891476838001e-06
2010,CIV,0.0
2011,CIV,0.0
2012,CIV,0.0
2013,CIV,0.0
2014,CIV,0.0
2015,CIV,0.0
2016,CIV,0.0
2017,CIV,0.0
2018,CIV,0.0
2019,CIV,0.0
2020,CIV,0.0
2010,CMR,5.475234623105231e-05
2011,CMR,4.104445475918652e-05
2012,CMR,2.823277242787881e-05
2013,CMR,3.0008523122906034e-05
2014,CMR,3.4799072176601925e-05
2015,CMR,2.1583835346469704e-05
2016,CMR,2.510758918366302e-05
2017,CMR,2.415751629113485e-05
2018,CMR,2.3513453786298116e-05
2019,CMR,2.906823905034564e-05
2020,CMR,1.923750836298439e-05
2010,COD,0.0
2011,COD,0.0
2012,COD,0.0
2013,COD,0.0
2014,COD,0.0
2015,COD,0.0
2016,COD,0.0
2017,COD,0.0
2018,COD,0.0
2019,COD,0.0
2020,COD,0.0
2010,COG,0.0
2011,COG,0.0
2012,COG,0.0
2013,COG,0.0
2014,COG,0.0
2015,COG,0.0
2016,COG,0.0
2017,COG,0.0
2018,COG,0.0
2019,COG,0.0
2020,COG,0.0
2010,COL,0.0
2011,COL,0.0
2012,COL,0.0
2013,COL,0.0
2014,COL,0.0
2015,COL,0.0
2016,COL,0.0
2017,COL,0.0
2018,COL,0.0
2019,COL,0.0
2020,COL,0.0
2010,COM,0.0
2011,COM,0.0
2012,COM,0.0
2013,COM,0.0
2014,COM,0.0
2015,COM,0.0
2016,COM,0.0
2017,COM,0.0
2018,COM,0.0
2019,COM,0.0
2020,COM,0.0
2010,CPV,0.0
2011,CPV,0.0
2012,CPV,0.0
2013,CPV,0.0
2014,CPV,0.0
2015,CPV,0.0
2016,CPV,0.0
2017,CPV,0.0
2018,CPV,0.0
2019,CPV,0.0
2020,CPV,0.0
2010,CRI,0.0
2011,CRI,0.0
2012,CRI,0.0
2013,CRI,0.0
2014,CRI,0.0
2015,CRI,0.0
2016,CRI,0.0
2017,CRI,0.0
2018,CRI,0.0
2019,CRI,0.0
2020,CRI,0.0
2010,CUB,0.0
2011,CUB,0.0
2012,CUB,0.0
2013,CUB,0.0
2014,CUB,0.0
2015,CUB,0.0
2016,CUB,0.0
2017,CUB,0.0
2018,CUB,0.0
2019,CUB,0.0
2020,CUB,0.0
2010,CUW,0.0
2011,CUW,0.0
2012,CUW,0.0
2013,CUW,0.0
2014,CUW,0.0
2015,CUW,0.0
2016,CUW,0.0
2017,CUW,0.0
2018,CUW,0.0
2019,CUW,0.0
2020,CUW,0.0
2010,CYM,0.0
2011,CYM,0.0
2012,CYM,0.0
2013,CYM,0.0
2014,CYM,0.0
2015,CYM,0.0
2016,CYM,0.0
2017,CYM,0.0
2018,CYM,0.0
2019,CYM,0.0
2020,CYM,0.0
2010,CYP,0.0
2011,CYP,0.0
2012,CYP,0.0
2013,CYP,0.0
2014,CYP,0.0
2015,CYP,0.0
2016,CYP,0.0
2017,CYP,0.0
2018,CYP,0.0
2019,CYP,0.0
2020,CYP,0.0
2010,CZE,0.0
2011,CZE,0.0
2012,CZE,0.0
2013,CZE,0.0
2014,CZE,0.0
2015,CZE,0.0
2016,CZE,0.0
2017,CZE,0.0
2018,CZE,0.0
2019,CZE,0.0
2020,CZE,0.0
2010,DEU,7.621612565557071e-07
2011,DEU,6.951872136800857e-07
2012,DEU,6.702428361224811e-07
2013,DEU,6.147215705597643e-07
2014,DEU,6.876265990476545e-07
2015,DEU,7.922138709388646e-07
2016,DEU,8.110747718722103e-07
2017,DEU,7.632210872171216e-07
2018,DEU,6.923600699145493e-07
2019,DEU,1.0665889659791855e-06
2020,DEU,1.094217107355776e-06
2010,DJI,0.0
2011,DJI,0.0
2012,DJI,0.0
2013,DJI,0.0
2014,DJI,0.0
2015,DJI,0.0
2016,DJI,0.0
2017,DJI,0.0
2018,DJI,0.0
2019,DJI,0.0
2020,DJI,0.0
2010,DMA,0.0
2011,DMA,0.0
2012,DMA,0.0
2013,DMA,0.0
2014,DMA,0.0
2015,DMA,0.0
2016,DMA,0.0
2017,DMA,0.0
2018,DMA,0.0
2019,DMA,0.0
2020,DMA,0.0
2010,DNK,0.0
2011,DNK,0.0
2012,DNK,0.0
2013,DNK,0.0
2014,DNK,0.0
2015,DNK,0.0
2016,DNK,0.0
2017,DNK,0.0
2018,DNK,0.0
2019,DNK,0.0
2020,DNK,0.0
2010,DOM,0.0
2011,DOM,0.0
2012,DOM,0.0
2013,DOM,0.0
2014,DOM,0.0
2015,DOM,0.0
2016,DOM,0.0
2017,DOM,0.0
2018,DOM,0.0
2019,DOM,0.0
2020,DOM,0.0
2010,DZA,0.0
2011,DZA,0.0
2012,DZA,0.0
2013,DZA,0.0
2014,DZA,0.0
2015,DZA,0.0
2016,DZA,0.0
2017,DZA,0.0
2018,DZA,0.0
2019,DZA,0.0
2020,DZA,0.0
2010,ECU,0.0
2011,ECU,0.0
2012,ECU,0.0
2013,ECU,0.0
2014,ECU,0.0
2015,ECU,0.0
2016,ECU,0.0
2017,ECU,0.0
2018,ECU,0.0
2019,ECU,0.0
2020,ECU,0.0
2010,EGY,4.903726838008054e-06
2011,EGY,4.616872431566265e-06
2012,EGY,3.9938251405445066e-06
2013,EGY,3.795784056154224e-06
2014,EGY,3.1605157491685336e-06
2015,EGY,2.82121115527483e-06
2016,EGY,3.489049898719376e-06
2017,EGY,4.162912845766174e-06
2018,EGY,3.739224626328166e-06
2019,EGY,3.851040271873261e-06
2020,EGY,3.430521219522008e-06
2010,ERI,0.0
2011,ERI,0.0
2012,ERI,0.0
2013,ERI,0.0
2014,ERI,0.0
2015,ERI,0.0
2016,ERI,0.0
2017,ERI,0.0
2018,ERI,0.0
2019,ERI,0.0
2020,ERI,0.0
2010,ESP,3.732717377905016e-06
2011,ESP,2.9968726008057216e-06
2012,ESP,3.1297912759338817e-06
2013,ESP,1.627506524496681e-06
2014,ESP,1.598665110586546e-06
2015,ESP,2.5623195606352737e-06
2016,ESP,2.8359004932910043e-06
2017,ESP,2.5946536933239926e-06
2018,ESP,2.3303047347447355e-06
2019,ESP,2.4277772935527783e-06
2020,ESP,2.527489321064614e-06
2010,EST,0.0
2011,EST,0.0
2012,EST,0.0
2013,EST,0.0
2014,EST,0.0
2015,EST,0.0
2016,EST,0.0
2017,EST,0.0
2018,EST,0.0
2019,EST,0.0
2020,EST,0.0
2010,ETH,0.0
2011,ETH,0.0
2012,ETH,0.0
2013,ETH,0.0
2014,ETH,0.0
2015,ETH,0.0
2016,ETH,0.0
2017,ETH,0.0
2018,ETH,0.0
2019,ETH,0.0
2020,ETH,0.0
2010,FIN,0.0
2011,FIN,0.0
2012,FIN,0.0
2013,FIN,0.0
2014,FIN,0.0
2015,FIN,0.0
2016,FIN,0.0
2017,FIN,0.0
2018,FIN,0.0
2019,FIN,0.0
2020,FIN,0.0
2010,FJI,0.0
2011,FJI,0.0
2012,FJI,0.0
2013,FJI,0.0
2014,FJI,0.0
2015,FJI,0.0
2016,FJI,0.0
2017,FJI,0.0
2018,FJI,0.0
2019,FJI,0.0
2020,FJI,0.0
2010,FRA,2.277615510755302e-07
2011,FRA,1.8470585143051741e-07
2012,FRA,1.605203732276151e-07
2013,FRA,1.301004251801738e-07
2014,FRA,1.5759404687217906e-07
2015,FRA,1.9428626567443114e-07
2016,FRA,1.6233484551548884e-07
2017,FRA,1.537528993554993e-07
2018,FRA,1.2978083212609813e-07
2019,FRA,2.064702665696665e-07
2020,FRA,2.2005657646231995e-07
2010,FRO,3.402769630936531e-05
2011,FRO,3.130637373867768e-05
2012,FRO,2.381542953582807e-05
2013,FRO,2.4854217309990643e-05
2014,FRO,1.548124204026236e-05
2015,FRO,2.2340248861040437e-05
2016,FRO,1.673930923489228e-05
2017,FRO,1.443159055786847e-05
2018,FRO,1.2050966135811798e-05
2019,FRO,1.5768876191867242e-05
2020,FRO,1.435007818198907e-05
2010,FSM,0.0
2011,FSM,0.0
2012,FSM,0.0
2013,FSM,0.0
2014,FSM,0.0
2015,FSM,0.0
2016,FSM,0.0
2017,FSM,0.0
2018,FSM,0.0
2019,FSM,0.0
2020,FSM,0.0
2010,GAB,0.0
2011,GAB,0.0
2012,GAB,0.0
2013,GAB,0.0
2014,GAB,0.0
2015,GAB,0.0
2016,GAB,0.0
2017,GAB,0.0
2018,GAB,0.0
2019,GAB,0.0
2020,GAB,0.0
2010,GBR,6.870303636608172e-07
2011,GBR,6.72146230798806e-07
2012,GBR,1.8732773440909585e-07
2013,GBR,1.0341388420689226e-07
2014,GBR,9.723030744525592e-08
2015,GBR,1.110859859255719e-07
2016,GBR,1.27790957862521e-07
2017,GBR,1.350101381575099e-07
2018,GBR,1.280198861727782e-07
2019,GBR,8.893448586367637e-08
2020,GBR,9.774345762294785e-08
2010,GEO,0.0
2011,GEO,0.0
2012,GEO,0.0
2013,GEO,0.0
2014,GEO,0.0
2015,GEO,0.0
2016,GEO,0.0
2017,GEO,0.0
2018,GEO,0.0
2019,GEO,0.0
2020,GEO,0.0
2010,GHA,0.0
2011,GHA,2.1603808124934403e-06
2012,GHA,1.2894669616191783e-06
2013,GHA,7.378529012465701e-07
2014,GHA,1.0428311991018487e-06
2015,GHA,5.870473043017334e-07
2016,GHA,5.006869280026099e-07
2017,GHA,4.879265539571203e-07
2018,GHA,5.792457320102387e-07
2019,GHA,4.807055245627253e-07
2020,GHA,3.167874186517756e-07
2010,GIB,0.0
2011,GIB,0.0
2012,GIB,0.0
2013,GIB,0.0
2014,GIB,0.0
2015,GIB,0.0
2016,GIB,0.0
2017,GIB,0.0
2018,GIB,0.0
2019,GIB,0.0
2020,GIB,0.0
2010,GIN,0.0
2011,GIN,0.0
2012,GIN,0.0
2013,GIN,0.0
2014,GIN,0.0
2015,GIN,0.0
2016,GIN,0.0
2017,GIN,0.0
2018,GIN,0.0
2019,GIN,0.0
2020,GIN,0.0
2010,GMB,0.0
2011,GMB,0.0
2012,GMB,0.0
2013,GMB,0.0
2014,GMB,0.0
2015,GMB,0.0
2016,GMB,0.0
2017,GMB,0.0
2018,GMB,0.0
2019,GMB,0.0
2020,GMB,0.0
2010,GNB,0.0
2011,GNB,0.0
2012,GNB,0.0
2013,GNB,0.0
2014,GNB,0.0
2015,GNB,0.0
2016,GNB,0.0
2017,GNB,0.0
2018,GNB,0.0
2019,GNB,0.0
2020,GNB,0.0
2010,GNQ,0.0
2011,GNQ,0.0
2012,GNQ,0.0
2013,GNQ,0.0
2014,GNQ,0.0
2015,GNQ,0.0
2016,GNQ,0.0
2017,GNQ,0.0
2018,GNQ,0.0
2019,GNQ,0.0
2020,GNQ,0.0
2010,GRC,4.030192751594009e-06
2011,GRC,4.349883360304868e-06
2012,GRC,5.3195335897988286e-06
2013,GRC,4.229211546684831e-06
2014,GRC,5.13869683146607e-06
2015,GRC,5.26654384465696e-06
2016,GRC,5.352029478155312e-06
2017,GRC,5.14386574181851e-06
2018,GRC,5.074469868616448e-06
2019,GRC,6.723451351327726e-06
2020,GRC,6.115718063305377e-06
2010,GRD,0.0
2011,GRD,0.0
2012,GRD,0.0
2013,GRD,0.0
2014,GRD,0.0
2015,GRD,0.0
2016,GRD,0.0
2017,GRD,0.0
2018,GRD,0.0
2019,GRD,0.0
2020,GRD,0.0
2010,GRL,3.402769630936531e-05
2011,GRL,3.130637373867768e-05
2012,GRL,2.381542953582807e-05
2013,GRL,2.4854217309990643e-05
2014,GRL,1.548124204026236e-05
2015,GRL,2.2340248861040437e-05
2016,GRL,1.673930923489228e-05
2017,GRL,1.443159055786847e-05
2018,GRL,1.2050966135811798e-05
2019,GRL,1.5768876191867242e-05
2020,GRL,1.435007818198907e-05
2010,GTM,0.0
2011,GTM,0.0
2012,GTM,0.0
2013,GTM,0.0
2014,GTM,0.0
2015,GTM,0.0
2016,GTM,0.0
2017,GTM,0.0
2018,GTM,0.0
2019,GTM,0.0
2020,GTM,0.0
2010,GUM,0.0
2011,GUM,0.0
2012,GUM,0.0
2013,GUM,0.0
2014,GUM,0.0
2015,GUM,0.0
2016,GUM,0.0
2017,GUM,0.0
2018,GUM,0.0
2019,GUM,0.0
2020,GUM,0.0
2010,GUY,0.0
2011,GUY,0.0
2012,GUY,0.0
2013,GUY,0.0
2014,GUY,0.0
2015,GUY,0.0
2016,GUY,0.0
2017,GUY,0.0
2018,GUY,0.0
2019,GUY,0.0
2020,GUY,0.0
2010,HKG,0.0
2011,HKG,0.0
2012,HKG,0.0
2013,HKG,0.0
2014,HKG,0.0
2015,HKG,0.0
2016,HKG,0.0
2017,HKG,0.0
2018,HKG,0.0
2019,HKG,0.0
2020,HKG,0.0
2010,HND,0.0
2011,HND,0.0
2012,HND,0.0
2013,HND,0.0
2014,HND,0.0
2015,HND,0.0
2016,HND,0.0
2017,HND,0.0
2018,HND,0.0
2019,HND,0.0
2020,HND,0.0
2010,HRV,1.8982486861164322e-07
2011,HRV,1.3614364485248226e-07
2012,HRV,0.0
2013,HRV,0.0
2014,HRV,0.0
2015,HRV,0.0
2016,HRV,0.0
2017,HRV,0.0
2018,HRV,0.0
2019,HRV,0.0
2020,HRV,0.0
2010,HTI,0.0
2011,HTI,0.0
2012,HTI,0.0
2013,HTI,0.0
2014,HTI,0.0
2015,HTI,0.0
2016,HTI,0.0
2017,HTI,0.0
2018,HTI,0.0
2019,HTI,0.0
2020,HTI,0.0
2010,HUN,0.0
2011,HUN,0.0
2012,HUN,0.0
2013,HUN,0.0
2014,HUN,0.0
2015,HUN,0.0
2016,HUN,0.0
2017,HUN,0.0
2018,HUN,0.0
2019,HUN,0.0
2020,HUN,0.0
2010,IDN,7.763197583643511e-07
2011,IDN,4.901660073838317e-07
2012,IDN,2.791530517168951e-07
2013,IDN,2.400593262605425e-07
2014,IDN,2.918600126011549e-07
2015,IDN,2.1851006959428374e-07
2016,IDN,1.426636390670954e-07
2017,IDN,1.1543523906057436e-07
2018,IDN,1.1662489814049377e-07
2019,IDN,9.449737524012436e-08
2020,IDN,8.731350185255294e-08
2010,IMN,0.0
2011,IMN,0.0
2012,IMN,0.0
2013,IMN,0.0
2014,IMN,0.0
2015,IMN,0.0
2016,IMN,0.0
2017,IMN,0.0
2018,IMN,0.0
2019,IMN,0.0
2020,IMN,0.0
2010,IND,1.9665513938894194e-06
2011,IND,2.2313638564924744e-06
2012,IND,2.010067403303899e-06
2013,IND,1.677282003041524e-06
2014,IND,1.830563206675028e-06
2015,IND,2.064917740236938e-06
2016,IND,2.3261322909154297e-06
2017,IND,2.196528212774168e-06
2018,IND,1.7973343416816302e-06
2019,IND,1.661513301563844e-06
2020,IND,1.81430033414247e-06
2010,IRL,0.0
2011,IRL,0.0
2012,IRL,0.0
2013,IRL,0.0
2014,IRL,0.0
2015,IRL,0.0
2016,IRL,0.0
2017,IRL,0.0
2018,IRL,0.0
2019,IRL,0.0
2020,IRL,0.0
2010,IRN,1.0271443790091018e-06
2011,IRN,7.796705535612912e-07
2012,IRN,9.830816939883644e-07
2013,IRN,1.030809565152266e-06
2014,IRN,9.145338326897186e-07
2015,IRN,8.33281081754115e-07
2016,IRN,6.568975162066164e-07
2017,IRN,5.567354013282249e-07
2018,IRN,8.037602737132051e-07
2019,IRN,1.6601780122240077e-06
2020,IRN,1.5035070954318886e-06
2010,IRQ,0.0
2011,IRQ,0.0
2012,IRQ,0.0
2013,IRQ,0.0
2014,IRQ,0.0
2015,IRQ,0.0
2016,IRQ,0.0
2017,IRQ,0.0
2018,IRQ,0.0
2019,IRQ,0.0
2020,IRQ,0.0
2010,ISL,3.402769630936531e-05
2011,ISL,3.130637373867768e-05
2012,ISL,2.381542953582807e-05
2013,ISL,2.4854217309990643e-05
2014,ISL,1.548124204026236e-05
2015,ISL,2.2340248861040437e-05
2016,ISL,1.673930923489228e-05
2017,ISL,1.443159055786847e-05
2018,ISL,1.2050966135811798e-05
2019,ISL,1.5768876191867242e-05
2020,ISL,1.435007818198907e-05
2010,ISR,0.0
2011,ISR,0.0
2012,ISR,0.0
2013,ISR,0.0
2014,ISR,0.0
2015,ISR,0.0
2016,ISR,0.0
2017,ISR,0.0
2018,ISR,0.0
2019,ISR,0.0
2020,ISR,0.0
2010,ITA,5.8613000923300327e-08
2011,ITA,6.175613467538567e-08
2012,ITA,3.97297764181564e-08
2013,ITA,0.0
2014,ITA,0.0
2015,ITA,0.0
2016,ITA,0.0
2017,ITA,0.0
2018,ITA,0.0
2019,ITA,0.0
2020,ITA,0.0
2010,JAM,0.0
2011,JAM,0.0
2012,JAM,0.0
2013,JAM,0.0
2014,JAM,0.0
2015,JAM,0.0
2016,JAM,0.0
2017,JAM,0.0
2018,JAM,0.0
2019,JAM,0.0
2020,JAM,0.0
2010,JOR,0.0
2011,JOR,0.0
2012,JOR,0.0
2013,JOR,0.0
2014,JOR,0.0
2015,JOR,0.0
2016,JOR,0.0
2017,JOR,0.0
2018,JOR,0.0
2019,JOR,0.0
2020,JOR,0.0
2010,JPN,3.69794512961843e-09
2011,JPN,4.073695327365905e-09
2012,JPN,4.2422931179043525e-09
2013,JPN,3.511310345786921e-09
2014,JPN,8.381350355872674e-10
2015,JPN,7.48144240692825e-08
2016,JPN,6.571051793458858e-08
2017,JPN,7.471400881633026e-08
2018,JPN,7.280566355527849e-08
2019,JPN,7.083350504048816e-08
2020,JPN,7.164154233878792e-08
2010,KAZ,1.5895326000846858e-05
2011,KAZ,1.2674823866106077e-05
2012,KAZ,9.57617830242883e-06
2013,KAZ,6.923238736819555e-06
2014,KAZ,7.531785570824368e-06
2015,KAZ,6.0859606738478425e-06
2016,KAZ,8.884204398335493e-06
2017,KAZ,7.421777895929913e-06
2018,KAZ,8.169040669749367e-06
2019,KAZ,7.739038625860377e-06
2020,KAZ,7.797094602053184e-06
2010,KEN,0.0
2011,KEN,0.0
2012,KEN,0.0
2013,KEN,0.0
2014,KEN,0.0
2015,KEN,0.0
2016,KEN,0.0
2017,KEN,0.0
2018,KEN,0.0
2019,KEN,0.0
2020,KEN,0.0
2010,KGZ,0.0
2011,KGZ,0.0
2012,KGZ,0.0
2013,KGZ,0.0
2014,KGZ,0.0
2015,KGZ,0.0
2016,KGZ,0.0
2017,KGZ,0.0
2018,KGZ,0.0
2019,KGZ,0.0
2020,KGZ,0.0
2010,KHM,0.0
2011,KHM,0.0
2012,KHM,0.0
2013,KHM,0.0
2014,KHM,0.0
2015,KHM,0.0
2016,KHM,0.0
2017,KHM,0.0
2018,KHM,0.0
2019,KHM,0.0
2020,KHM,0.0
2010,KIR,0.0
2011,KIR,0.0
2012,KIR,0.0
2013,KIR,0.0
2014,KIR,0.0
2015,KIR,0.0
2016,KIR,0.0
2017,KIR,0.0
2018,KIR,0.0
2019,KIR,0.0
2020,KIR,0.0
2010,KNA,0.0
2011,KNA,0.0
2012,KNA,0.0
2013,KNA,0.0
2014,KNA,0.0
2015,KNA,0.0
2016,KNA,0.0
2017,KNA,0.0
2018,KNA,0.0
2019,KNA,0.0
2020,KNA,0.0
2010,KOR,0.0
2011,KOR,0.0
2012,KOR,0.0
2013,KOR,0.0
2014,KOR,0.0
2015,KOR,0.0
2016,KOR,0.0
2017,KOR,0.0
2018,KOR,0.0
2019,KOR,0.0
2020,KOR,0.0
2010,KWT,0.0
2011,KWT,0.0
2012,KWT,0.0
2013,KWT,0.0
2014,KWT,0.0
2015,KWT,0.0
2016,KWT,0.0
2017,KWT,0.0
2018,KWT,0.0
2019,KWT,0.0
2020,KWT,0.0
2010,LAO,0.0
2011,LAO,0.0
2012,LAO,0.0
2013,LAO,0.0
2014,LAO,0.0
2015,LAO,0.0
2016,LAO,0.0
2017,LAO,0.0
2018,LAO,0.0
2019,LAO,0.0
2020,LAO,0.0
2010,LBN,0.0
2011,LBN,0.0
2012,LBN,0.0
2013,LBN,0.0
2014,LBN,0.0
2015,LBN,0.0
2016,LBN,0.0
2017,LBN,0.0
2018,LBN,0.0
2019,LBN,0.0
2020,LBN,0.0
2010,LBR,0.0
2011,LBR,0.0
2012,LBR,0.0
2013,LBR,0.0
2014,LBR,0.0
2015,LBR,0.0
2016,LBR,0.0
2017,LBR,0.0
2018,LBR,0.0
2019,LBR,0.0
2020,LBR,0.0
2010,LBY,0.0
2011,LBY,0.0
2012,LBY,0.0
2013,LBY,0.0
2014,LBY,0.0
2015,LBY,0.0
2016,LBY,0.0
2017,LBY,0.0
2018,LBY,0.0
2019,LBY,0.0
2020,LBY,0.0
2010,LCA,0.0
2011,LCA,0.0
2012,LCA,0.0
2013,LCA,0.0
2014,LCA,0.0
2015,LCA,0.0
2016,LCA,0.0
2017,LCA,0.0
2018,LCA,0.0
2019,LCA,0.0
2020,LCA,0.0
2010,LIE,0.0
2011,LIE,0.0
2012,LIE,0.0
2013,LIE,0.0
2014,LIE,0.0
2015,LIE,0.0
2016,LIE,0.0
2017,LIE,0.0
2018,LIE,0.0
2019,LIE,0.0
2020,LIE,0.0
2010,LKA,0.0
2011,LKA,0.0
2012,LKA,0.0
2013,LKA,0.0
2014,LKA,0.0
2015,LKA,0.0
2016,LKA,0.0
2017,LKA,0.0
2018,LKA,0.0
2019,LKA,0.0
2020,LKA,0.0
2010,LSO,0.0
2011,LSO,0.0
2012,LSO,0.0
2013,LSO,0.0
2014,LSO,0.0
2015,LSO,0.0
2016,LSO,0.0
2017,LSO,0.0
2018,LSO,0.0
2019,LSO,0.0
2020,LSO,0.0
2010,LTU,0.0
2011,LTU,0.0
2012,LTU,0.0
2013,LTU,0.0
2014,LTU,0.0
2015,LTU,0.0
2016,LTU,0.0
2017,LTU,0.0
2018,LTU,0.0
2019,LTU,0.0
2020,LTU,0.0
2010,LUX,0.0
2011,LUX,0.0
2012,LUX,0.0
2013,LUX,0.0
2014,LUX,0.0
2015,LUX,0.0
2016,LUX,0.0
2017,LUX,0.0
2018,LUX,0.0
2019,LUX,0.0
2020,LUX,0.0
2010,LVA,0.0
2011,LVA,0.0
2012,LVA,0.0
2013,LVA,0.0
2014,LVA,0.0
2015,LVA,0.0
2016,LVA,0.0
2017,LVA,0.0
2018,LVA,0.0
2019,LVA,0.0
2020,LVA,0.0
2010,MAC,0.0
2011,MAC,0.0
2012,MAC,0.0
2013,MAC,0.0
2014,MAC,0.0
2015,MAC,0.0
2016,MAC,0.0
2017,MAC,0.0
2018,MAC,0.0
2019,MAC,0.0
2020,MAC,0.0
2010,MAF,0.0
2011,MAF,0.0
2012,MAF,0.0
2013,MAF,0.0
2014,MAF,0.0
2015,MAF,0.0
2016,MAF,0.0
2017,MAF,0.0
2018,MAF,0.0
2019,MAF,0.0
2020,MAF,0.0
2010,MAR,0.0
2011,MAR,0.0
2012,MAR,0.0
2013,MAR,0.0
2014,MAR,0.0
2015,MAR,0.0
2016,MAR,0.0
2017,MAR,0.0
2018,MAR,0.0
2019,MAR,0.0
2020,MAR,0.0
2010,MCO,0.0
2011,MCO,0.0
2012,MCO,0.0
2013,MCO,0.0
2014,MCO,0.0
2015,MCO,0.0
2016,MCO,0.0
2017,MCO,0.0
2018,MCO,0.0
2019,MCO,0.0
2020,MCO,0.0
2010,MDA,0.0
2011,MDA,0.0
2012,MDA,0.0
2013,MDA,0.0
2014,MDA,0.0
2015,MDA,0.0
2016,MDA,0.0
2017,MDA,0.0
2018,MDA,0.0
2019,MDA,0.0
2020,MDA,0.0
2010,MDG,0.0
2011,MDG,0.0
2012,MDG,0.0
2013,MDG,0.0
2014,MDG,0.0
2015,MDG,0.0
2016,MDG,0.0
2017,MDG,0.0
2018,MDG,0.0
2019,MDG,0.0
2020,MDG,0.0
2010,MDV,0.0
2011,MDV,0.0
2012,MDV,0.0
2013,MDV,0.0
2014,MDV,0.0
2015,MDV,0.0
2016,MDV,0.0
2017,MDV,0.0
2018,MDV,0.0
2019,MDV,0.0
2020,MDV,0.0
2010,MEX,0.0
2011,MEX,0.0
2012,MEX,0.0
2013,MEX,0.0
2014,MEX,0.0
2015,MEX,0.0
2016,MEX,0.0
2017,MEX,0.0
2018,MEX,0.0
2019,MEX,0.0
2020,MEX,0.0
2010,MHL,0.0
2011,MHL,0.0
2012,MHL,0.0
2013,MHL,0.0
2014,MHL,0.0
2015,MHL,0.0
2016,MHL,0.0
2017,MHL,0.0
2018,MHL,0.0
2019,MHL,0.0
2020,MHL,0.0
2010,MKD,0.0
2011,MKD,0.0
2012,MKD,0.0
2013,MKD,0.0
2014,MKD,0.0
2015,MKD,0.0
2016,MKD,0.0
2017,MKD,0.0
2018,MKD,0.0
2019,MKD,0.0
2020,MKD,0.0
2010,MLI,0.0
2011,MLI,0.0
2012,MLI,0.0
2013,MLI,0.0
2014,MLI,0.0
2015,MLI,0.0
2016,MLI,0.0
2017,MLI,0.0
2018,MLI,0.0
2019,MLI,0.0
2020,MLI,0.0
2010,MLT,0.0
2011,MLT,0.0
2012,MLT,0.0
2013,MLT,0.0
2014,MLT,0.0
2015,MLT,0.0
2016,MLT,0.0
2017,MLT,0.0
2018,MLT,0.0
2019,MLT,0.0
2020,MLT,0.0
2010,MMR,0.0
2011,MMR,0.0
2012,MMR,0.0
2013,MMR,0.0
2014,MMR,0.0
2015,MMR,0.0
2016,MMR,0.0
2017,MMR,0.0
2018,MMR,0.0
2019,MMR,0.0
2020,MMR,0.0
2010,MNE,0.0
2011,MNE,0.0
2012,MNE,0.0
2013,MNE,0.0
2014,MNE,0.0
2015,MNE,0.0
2016,MNE,0.0
2017,MNE,0.0
2018,MNE,0.0
2019,MNE,0.0
2020,MNE,0.0
2010,MNG,0.0
2011,MNG,0.0
2012,MNG,0.0
2013,MNG,0.0
2014,MNG,0.0
2015,MNG,0.0
2016,MNG,0.0
2017,MNG,0.0
2018,MNG,0.0
2019,MNG,0.0
2020,MNG,0.0
2010,MNP,3.69794512961843e-09
2011,MNP,4.073695327365905e-09
2012,MNP,4.2422931179043525e-09
2013,MNP,3.511310345786921e-09
2014,MNP,8.381350355872674e-10
2015,MNP,7.48144240692825e-08
2016,MNP,6.571051793458858e-08
2017,MNP,7.471400881633026e-08
2018,MNP,7.280566355527849e-08
2019,MNP,7.083350504048816e-08
2020,MNP,7.164154233878792e-08
2010,MOZ,1.3286859676053912e-05
2011,MOZ,1.5085384168170247e-05
2012,MOZ,1.369253237810011e-05
2013,MOZ,9.904293933342373e-06
2014,MOZ,1.0628647359113464e-05
2015,MOZ,1.5551198432477858e-05
2016,MOZ,1.5095103696614882e-05
2017,MOZ,1.4329172954862528e-05
2018,MOZ,1.460898473763727e-05
2019,MOZ,1.2273733861532192e-05
2020,MOZ,1.1228963990324045e-05
2010,MRT,0.0
2011,MRT,0.0
2012,MRT,0.0
2013,MRT,0.0
2014,MRT,0.0
2015,MRT,0.0
2016,MRT,0.0
2017,MRT,0.0
2018,MRT,0.0
2019,MRT,0.0
2020,MRT,0.0
2010,MUS,0.0
2011,MUS,0.0
2012,MUS,0.0
2013,MUS,0.0
2014,MUS,0.0
2015,MUS,0.0
2016,MUS,0.0
2017,MUS,0.0
2018,MUS,0.0
2019,MUS,0.0
2020,MUS,0.0
2010,MWI,1.3286859676053912e-05
2011,MWI,1.5085384168170247e-05
2012,MWI,1.369253237810011e-05
2013,MWI,9.904293933342373e-06
2014,MWI,1.0628647359113464e-05
2015,MWI,1.5551198432477858e-05
2016,MWI,1.5095103696614882e-05
2017,MWI,1.4329172954862528e-05
2018,MWI,1.460898473763727e-05
2019,MWI,1.2273733861532192e-05
2020,MWI,1.1228963990324045e-05
2010,MYS,0.0
2011,MYS,0.0
2012,MYS,0.0
2013,MYS,0.0
2014,MYS,0.0
2015,MYS,0.0
2016,MYS,0.0
2017,MYS,0.0
2018,MYS,0.0
2019,MYS,0.0
2020,MYS,0.0
2010,NAM,0.0
2011,NAM,0.0
2012,NAM,0.0
2013,NAM,0.0
2014,NAM,0.0
2015,NAM,0.0
2016,NAM,0.0
2017,NAM,0.0
2018,NAM,0.0
2019,NAM,0.0
2020,NAM,0.0
2010,NCL,0.0
2011,NCL,0.0
2012,NCL,0.0
2013,NCL,0.0
2014,NCL,0.0
2015,NCL,0.0
2016,NCL,0.0
2017,NCL,0.0
2018,NCL,0.0
2019,NCL,0.0
2020,NCL,0.0
2010,NER,0.0
2011,NER,0.0
2012,NER,0.0
2013,NER,0.0
2014,NER,0.0
2015,NER,0.0
2016,NER,0.0
2017,NER,0.0
2018,NER,0.0
2019,NER,0.0
2020,NER,0.0
2010,NGA,1.4312236621213652e-07
2011,NGA,1.395815108717342e-07
2012,NGA,9.899465439080981e-08
2013,NGA,6.116085443189231e-09
2014,NGA,0.0
2015,NGA,0.0
2016,NGA,0.0
2017,NGA,0.0
2018,NGA,0.0
2019,NGA,0.0
2020,NGA,0.0
2010,NIC,0.0
2011,NIC,0.0
2012,NIC,0.0
2013,NIC,0.0
2014,NIC,0.0
2015,NIC,0.0
2016,NIC,0.0
2017,NIC,0.0
2018,NIC,0.0
2019,NIC,0.0
2020,NIC,0.0
2010,NLD,3.2118840232695785e-07
2011,NLD,2.882078783375421e-07
2012,NLD,1.187247033988882e-07
2013,NLD,9.317870811166565e-08
2014,NLD,8.318737212485101e-10
2015,NLD,4.302951822076516e-08
2016,NLD,4.306314278996144e-08
2017,NLD,3.3320284646183225e-08
2018,NLD,1.0527088536743765e-07
2019,NLD,1.8945616862451615e-07
2020,NLD,1.960445319012307e-07
2010,NOR,6.851768411674535e-06
2011,NOR,6.577298990713561e-06
2012,NOR,5.4411591709068085e-06
2013,NOR,6.373510387306019e-06
2014,NOR,5.787272961598691e-06
2015,NOR,7.796170357616827e-06
2016,NOR,8.612316687338779e-06
2017,NOR,6.913460993088995e-06
2018,NOR,7.5782402982537075e-06
2019,NOR,8.69145426289568e-06
2020,NOR,8.934905813033572e-06
2010,NPL,0.0
2011,NPL,0.0
2012,NPL,0.0
2013,NPL,0.0
2014,NPL,0.0
2015,NPL,0.0
2016,NPL,0.0
2017,NPL,0.0
2018,NPL,0.0
2019,NPL,0.0
2020,NPL,0.0
2010,NRU,0.0
2011,NRU,0.0
2012,NRU,0.0
2013,NRU,0.0
2014,NRU,0.0
2015,NRU,0.0
2016,NRU,0.0
2017,NRU,0.0
2018,NRU,0.0
2019,NRU,0.0
2020,NRU,0.0
2010,NZL,8.835438020518612e-06
2011,NZL,5.580625465505194e-06
2012,NZL,3.402020508411642e-06
2013,NZL,2.739680483988805e-06
2014,NZL,3.1639621892759664e-06
2015,NZL,2.841848949651527e-06
2016,NZL,2.137882891198253e-06
2017,NZL,2.02569796533506e-06
2018,NZL,1.966255649881949e-06
2019,NZL,2.255425198299686e-06
2020,NZL,2.060214018157577e-06
2010,OMN,1.6105983571809867e-05
2011,OMN,9.073893604261054e-06
2012,OMN,4.187640015549139e-06
2013,OMN,3.814868708397464e-06
2014,OMN,4.1401591939701164e-06
2015,OMN,3.805274114210745e-06
2016,OMN,2.305549160096777e-06
2017,OMN,1.4270640898511444e-06
2018,OMN,1.6028273259085932e-06
2019,OMN,1.6066806713328305e-06
2020,OMN,1.7567875799339288e-06
2010,PAK,0.0
2011,PAK,0.0
2012,PAK,0.0
2013,PAK,0.0
2014,PAK,0.0
2015,PAK,0.0
2016,PAK,0.0
2017,PAK,0.0
2018,PAK,0.0
2019,PAK,0.0
2020,PAK,0.0
2010,PAN,0.0
2011,PAN,0.0
2012,PAN,0.0
2013,PAN,0.0
2014,PAN,0.0
2015,PAN,0.0
2016,PAN,0.0
2017,PAN,0.0
2018,PAN,0.0
2019,PAN,0.0
2020,PAN,0.0
2010,PER,0.0
2011,PER,0.0
2012,PER,0.0
2013,PER,0.0
2014,PER,0.0
2015,PER,0.0
2016,PER,0.0
2017,PER,0.0
2018,PER,0.0
2019,PER,0.0
2020,PER,0.0
2010,PHL,0.0
2011,PHL,0.0
2012,PHL,0.0
2013,PHL,0.0
2014,PHL,0.0
2015,PHL,0.0
2016,PHL,0.0
2017,PHL,0.0
2018,PHL,0.0
2019,PHL,0.0
2020,PHL,0.0
2010,PLW,0.0
2011,PLW,0.0
2012,PLW,0.0
2013,PLW,0.0
2014,PLW,0.0
2015,PLW,0.0
2016,PLW,0.0
2017,PLW,0.0
2018,PLW,0.0
2019,PLW,0.0
2020,PLW,0.0
2010,PNG,0.0
2011,PNG,0.0
2012,PNG,0.0
2013,PNG,0.0
2014,PNG,0.0
2015,PNG,0.0
2016,PNG,0.0
2017,PNG,0.0
2018,PNG,0.0
2019,PNG,0.0
2020,PNG,0.0
2010,POL,0.0
2011,POL,0.0
2012,POL,0.0
2013,POL,0.0
2014,POL,0.0
2015,POL,0.0
2016,POL,0.0
2017,POL,0.0
2018,POL,0.0
2019,POL,0.0
2020,POL,0.0
2010,PRI,0.0
2011,PRI,0.0
2012,PRI,0.0
2013,PRI,0.0
2014,PRI,0.0
2015,PRI,0.0
2016,PRI,0.0
2017,PRI,0.0
2018,PRI,0.0
2019,PRI,0.0
2020,PRI,0.0
2010,PRK,0.0
2011,PRK,0.0
2012,PRK,0.0
2013,PRK,0.0
2014,PRK,0.0
2015,PRK,0.0
2016,PRK,0.0
2017,PRK,0.0
2018,PRK,0.0
2019,PRK,0.0
2020,PRK,0.0
2010,PRT,0.0
2011,PRT,0.0
2012,PRT,0.0
2013,PRT,0.0
2014,PRT,0.0
2015,PRT,0.0
2016,PRT,0.0
2017,PRT,0.0
2018,PRT,0.0
2019,PRT,0.0
2020,PRT,0.0
2010,PRY,0.0
2011,PRY,0.0
2012,PRY,0.0
2013,PRY,0.0
2014,PRY,0.0
2015,PRY,0.0
2016,PRY,0.0
2017,PRY,0.0
2018,PRY,0.0
2019,PRY,0.0
2020,PRY,0.0
2010,PYF,0.0
2011,PYF,0.0
2012,PYF,0.0
2013,PYF,0.0
2014,PYF,0.0
2015,PYF,0.0
2016,PYF,0.0
2017,PYF,0.0
2018,PYF,0.0
2019,PYF,0.0
2020,PYF,0.0
2010,QAT,1.980884456384861e-06
2011,QAT,1.1522673450118328e-05
2012,QAT,1.0709827956340077e-05
2013,QAT,7.66825168951317e-06
2014,QAT,6.378752038736036e-06
2015,QAT,7.177150528213202e-06
2016,QAT,7.23589908231131e-06
2017,QAT,7.789979186354202e-06
2018,QAT,6.379325906163216e-06
2019,QAT,5.887474743674802e-06
2020,QAT,7.594355552751816e-06
2010,ROU,1.4834047343549571e-05
2011,ROU,1.2686745109556136e-05
2012,ROU,1.2785068323843164e-05
2013,ROU,9.550842772095553e-06
2014,ROU,1.1684497013038371e-05
2015,ROU,1.2110351174783949e-05
2016,ROU,1.3912458682920217e-05
2017,ROU,1.2634363250293964e-05
2018,ROU,1.1072912901343924e-05
2019,ROU,9.607756246932162e-06
2020,ROU,9.589613066616103e-06
2010,RUS,1.3766711316510385e-05
2011,RUS,1.1028468162507688e-05
2012,RUS,1.0215760828398502e-05
2013,RUS,1.0068340248384817e-05
2014,RUS,9.873536329828007e-06
2015,RUS,1.3146526369184245e-05
2016,RUS,1.308426419649532e-05
2017,RUS,1.0906080161778992e-05
2018,RUS,1.1408530744839184e-05
2019,RUS,9.387533091668763e-06
2020,RUS,9.57316514161466e-06
2010,RWA,0.0
2011,RWA,0.0
2012,RWA,0.0
2013,RWA,0.0
2014,RWA,0.0
2015,RWA,0.0
2016,RWA,0.0
2017,RWA,0.0
2018,RWA,0.0
2019,RWA,0.0
2020,RWA,0.0
2010,SAU,0.0
2011,SAU,0.0
2012,SAU,0.0
2013,SAU,3.0346188610726985e-07
2014,SAU,1.0820728268630492e-06
2015,SAU,1.882406548611608e-06
2016,SAU,1.7027847816003185e-06
2017,SAU,1.8655763002971247e-06
2018,SAU,1.6188851054549155e-06
2019,SAU,1.5372980805070658e-06
2020,SAU,1.367256241980478e-06
2010,SDN,0.0
2011,SDN,0.0
2012,SDN,0.0
2013,SDN,0.0
2014,SDN,0.0
2015,SDN,0.0
2016,SDN,0.0
2017,SDN,0.0
2018,SDN,0.0
2019,SDN,0.0
2020,SDN,0.0
2010,SEN,0.0
2011,SEN,0.0
2012,SEN,0.0
2013,SEN,0.0
2014,SEN,0.0
2015,SEN,0.0
2016,SEN,0.0
2017,SEN,0.0
2018,SEN,0.0
2019,SEN,0.0
2020,SEN,0.0
2010,SGP,0.0
2011,SGP,0.0
2012,SGP,0.0
2013,SGP,0.0
2014,SGP,0.0
2015,SGP,0.0
2016,SGP,0.0
2017,SGP,0.0
2018,SGP,0.0
2019,SGP,0.0
2020,SGP,0.0
2010,SLB,0.0
2011,SLB,0.0
2012,SLB,0.0
2013,SLB,0.0
2014,SLB,0.0
2015,SLB,0.0
2016,SLB,0.0
2017,SLB,0.0
2018,SLB,0.0
2019,SLB,0.0
2020,SLB,0.0
2010,SLE,0.0
2011,SLE,0.0
2012,SLE,0.0
2013,SLE,0.0
2014,SLE,0.0
2015,SLE,0.0
2016,SLE,0.0
2017,SLE,0.0
2018,SLE,0.0
2019,SLE,0.0
2020,SLE,0.0
2010,SLV,0.0
2011,SLV,0.0
2012,SLV,0.0
2013,SLV,0.0
2014,SLV,0.0
2015,SLV,0.0
2016,SLV,0.0
2017,SLV,0.0
2018,SLV,0.0
2019,SLV,0.0
2020,SLV,0.0
2010,SMR,5.8613000923300327e-08
2011,SMR,6.175613467538567e-08
2012,SMR,3.97297764181564e-08
2013,SMR,0.0
2014,SMR,0.0
2015,SMR,0.0
2016,SMR,0.0
2017,SMR,0.0
2018,SMR,0.0
2019,SMR,0.0
2020,SMR,0.0
2010,SOM,0.0
2011,SOM,0.0
2012,SOM,0.0
2013,SOM,0.0
2014,SOM,0.0
2015,SOM,0.0
2016,SOM,0.0
2017,SOM,0.0
2018,SOM,0.0
2019,SOM,0.0
2020,SOM,0.0
2010,SRB,6.381811590540716e-05
2011,SRB,5.803613925351341e-05
2012,SRB,5.7866074389273005e-05
2013,SRB,3.97250768134563e-05
2014,SRB,4.091899631537133e-05
2015,SRB,3.845523527991703e-05
2016,SRB,3.7315819119200905e-05
2017,SRB,4.08773388494299e-05
2018,SRB,3.966311460481018e-05
2019,SRB,3.908747819389478e-05
2020,SRB,3.7128373968107215e-05
2010,SSD,0.0
2011,SSD,0.0
2012,SSD,0.0
2013,SSD,0.0
2014,SSD,0.0
2015,SSD,0.0
2016,SSD,0.0
2017,SSD,0.0
2018,SSD,0.0
2019,SSD,0.0
2020,SSD,0.0
2010,STP,0.0
2011,STP,0.0
2012,STP,0.0
2013,STP,0.0
2014,STP,0.0
2015,STP,0.0
2016,STP,0.0
2017,STP,0.0
2018,STP,0.0
2019,STP,0.0
2020,STP,0.0
2010,SUR,0.0
2011,SUR,0.0
2012,SUR,0.0
2013,SUR,0.0
2014,SUR,0.0
2015,SUR,0.0
2016,SUR,0.0
2017,SUR,0.0
2018,SUR,0.0
2019,SUR,0.0
2020,SUR,0.0
2010,SVK,1.286173351244844e-06
2011,SVK,1.304703836770987e-06
2012,SVK,1.0993532487749592e-06
2013,SVK,9.631932579157732e-07
2014,SVK,9.299820013759668e-07
2015,SVK,1.2526634948055855e-06
2016,SVK,1.0440533634855462e-06
2017,SVK,9.564369291594405e-07
2018,SVK,8.782409995305742e-07
2019,SVK,8.061472209415257e-07
2020,SVK,8.239075098745936e-07
2010,SVN,4.478406266372956e-06
2011,SVN,7.123268589987899e-06
2012,SVN,8.166298190034757e-06
2013,SVN,5.746374686784348e-06
2014,SVN,6.505379937461925e-06
2015,SVN,6.435581057452358e-06
2016,SVN,6.869469512218585e-06
2017,SVN,6.354793698677726e-06
2018,SVN,5.539422826311145e-06
2019,SVN,4.932156661995449e-06
2020,SVN,5.066773125022767e-06
2010,SWE,7.040933993273565e-07
2011,SWE,6.856005124492152e-07
2012,SWE,8.382175036908236e-07
2013,SWE,1.0130294540700172e-06
2014,SWE,7.752342950270505e-07
2015,SWE,9.380945911498484e-07
2016,SWE,1.0602947224466135e-06
2017,SWE,9.661054324090633e-07
2018,SWE,9.625286690965133e-07
2019,SWE,1.695470526975854e-06
2020,SWE,1.7102981059791294e-06
2010,SWZ,0.0
2011,SWZ,0.0
2012,SWZ,0.0
2013,SWZ,0.0
2014,SWZ,0.0
2015,SWZ,0.0
2016,SWZ,0.0
2017,SWZ,0.0
2018,SWZ,0.0
2019,SWZ,0.0
2020,SWZ,0.0
2010,SXM,0.0
2011,SXM,0.0
2012,SXM,0.0
2013,SXM,0.0
2014,SXM,0.0
2015,SXM,0.0
2016,SXM,0.0
2017,SXM,0.0
2018,SXM,0.0
2019,SXM,0.0
2020,SXM,0.0
2010,SYC,0.0
2011,SYC,0.0
2012,SYC,0.0
2013,SYC,0.0
2014,SYC,0.0
2015,SYC,0.0
2016,SYC,0.0
2017,SYC,0.0
2018,SYC,0.0
2019,SYC,0.0
2020,SYC,0.0
2010,SYR,0.0
2011,SYR,0.0
2012,SYR,0.0
2013,SYR,0.0
2014,SYR,0.0
2015,SYR,0.0
2016,SYR,0.0
2017,SYR,0.0
2018,SYR,0.0
2019,SYR,0.0
2020,SYR,0.0
2010,TCA,0.0
2011,TCA,0.0
2012,TCA,0.0
2013,TCA,0.0
2014,TCA,0.0
2015,TCA,0.0
2016,TCA,0.0
2017,TCA,0.0
2018,TCA,0.0
2019,TCA,0.0
2020,TCA,0.0
2010,TCD,0.0
2011,TCD,0.0
2012,TCD,0.0
2013,TCD,0.0
2014,TCD,0.0
2015,TCD,0.0
2016,TCD,0.0
2017,TCD,0.0
2018,TCD,0.0
2019,TCD,0.0
2020,TCD,0.0
2010,TGO,0.0
2011,TGO,0.0
2012,TGO,0.0
2013,TGO,0.0
2014,TGO,0.0
2015,TGO,0.0
2016,TGO,0.0
2017,TGO,0.0
2018,TGO,0.0
2019,TGO,0.0
2020,TGO,0.0
2010,THA,0.0
2011,THA,0.0
2012,THA,0.0
2013,THA,0.0
2014,THA,0.0
2015,THA,0.0
2016,THA,0.0
2017,THA,0.0
2018,THA,0.0
2019,THA,0.0
2020,THA,0.0
2010,TJK,0.0001379707676868
2011,TJK,0.0001296129099806
2012,TJK,0.0001084075101285
2013,TJK,5.785316239977013e-05
2014,TJK,4.940761477403947e-05
2015,TJK,5.136834887803062e-05
2016,TJK,5.383942087306635e-05
2017,TJK,5.853233840951866e-05
2018,TJK,4.574268639302703e-05
2019,TJK,4.099371656469761e-05
2020,TJK,4.632061554023263e-05
2010,TKM,0.0
2011,TKM,0.0
2012,TKM,0.0
2013,TKM,0.0
2014,TKM,0.0
2015,TKM,0.0
2016,TKM,0.0
2017,TKM,0.0
2018,TKM,0.0
2019,TKM,0.0
2020,TKM,0.0
2010,TLS,0.0
2011,TLS,0.0
2012,TLS,0.0
2013,TLS,0.0
2014,TLS,0.0
2015,TLS,0.0
2016,TLS,0.0
2017,TLS,0.0
2018,TLS,0.0
2019,TLS,0.0
2020,TLS,0.0
2010,TON,0.0
2011,TON,0.0
2012,TON,0.0
2013,TON,0.0
2014,TON,0.0
2015,TON,0.0
2016,TON,0.0
2017,TON,0.0
2018,TON,0.0
2019,TON,0.0
2020,TON,0.0
2010,TTO,0.0
2011,TTO,0.0
2012,TTO,0.0
2013,TTO,0.0
2014,TTO,0.0
2015,TTO,0.0
2016,TTO,0.0
2017,TTO,0.0
2018,TTO,0.0
2019,TTO,0.0
2020,TTO,0.0
2010,TUN,0.0
2011,TUN,0.0
2012,TUN,0.0
2013,TUN,0.0
2014,TUN,0.0
2015,TUN,0.0
2016,TUN,0.0
2017,TUN,0.0
2018,TUN,0.0
2019,TUN,0.0
2020,TUN,0.0
2010,TUR,2.0479207702818826e-07
2011,TUR,1.889222879652514e-07
2012,TUR,1.349331625457966e-07
2013,TUR,1.1776284565145405e-07
2014,TUR,1.0262741181105913e-07
2015,TUR,2.1873713461156257e-07
2016,TUR,3.218425151222929e-07
2017,TUR,2.992222434181626e-07
2018,TUR,2.909252729362601e-07
2019,TUR,1.5328645009240505e-07
2020,TUR,1.535453334365623e-07
2010,TUV,0.0
2011,TUV,0.0
2012,TUV,0.0
2013,TUV,0.0
2014,TUV,0.0
2015,TUV,0.0
2016,TUV,0.0
2017,TUV,0.0
2018,TUV,0.0
2019,TUV,0.0
2020,TUV,0.0
2010,TZA,0.0
2011,TZA,0.0
2012,TZA,0.0
2013,TZA,0.0
2014,TZA,0.0
2015,TZA,0.0
2016,TZA,0.0
2017,TZA,0.0
2018,TZA,0.0
2019,TZA,0.0
2020,TZA,0.0
2010,UGA,0.0
2011,UGA,0.0
2012,UGA,0.0
2013,UGA,0.0
2014,UGA,0.0
2015,UGA,0.0
2016,UGA,0.0
2017,UGA,0.0
2018,UGA,0.0
2019,UGA,0.0
2020,UGA,0.0
2010,UKR,1.6450729459925105e-07
2011,UKR,2.9635163539448807e-08
2012,UKR,0.0
2013,UKR,0.0
2014,UKR,0.0
2015,UKR,0.0
2016,UKR,0.0
2017,UKR,0.0
2018,UKR,0.0
2019,UKR,0.0
2020,UKR,0.0
2010,URY,0.0
2011,URY,0.0
2012,URY,0.0
2013,URY,0.0
2014,URY,0.0
2015,URY,0.0
2016,URY,0.0
2017,URY,0.0
2018,URY,0.0
2019,URY,0.0
2020,URY,0.0
2010,USA,7.182691384109579e-07
2011,USA,7.334042621349637e-07
2012,USA,6.407852496821632e-07
2013,USA,5.163058684048444e-07
2014,USA,4.742684814212941e-07
2015,USA,4.204879179792288e-07
2016,USA,2.1346749523985234e-07
2017,USA,1.821066535588572e-07
2018,USA,2.094712185887077e-07
2019,USA,3.446161203473372e-07
2020,USA,3.490918141545467e-07
2010,UZB,0.0
2011,UZB,0.0
2012,UZB,0.0
2013,UZB,0.0
2014,UZB,0.0
2015,UZB,0.0
2016,UZB,0.0
2017,UZB,0.0
2018,UZB,0.0
2019,UZB,0.0
2020,UZB,0.0
2010,VCT,0.0
2011,VCT,0.0
2012,VCT,0.0
2013,VCT,0.0
2014,VCT,0.0
2015,VCT,0.0
2016,VCT,0.0
2017,VCT,0.0
2018,VCT,0.0
2019,VCT,0.0
2020,VCT,0.0
2010,VEN,5.037468380120873e-06
2011,VEN,3.4590134116908865e-06
2012,VEN,1.1944620168172488e-06
2013,VEN,1.334559703334732e-06
2014,VEN,1.424253916246699e-06
2015,VEN,8.444170423915043e-07
2016,VEN,7.837590365701802e-07
2017,VEN,7.251103804698994e-07
2018,VEN,3.449599845110106e-07
2019,VEN,3.449599845110106e-07
2020,VEN,3.449599845110106e-07
2010,VGB,0.0
2011,VGB,0.0
2012,VGB,0.0
2013,VGB,0.0
2014,VGB,0.0
2015,VGB,0.0
2016,VGB,0.0
2017,VGB,0.0
2018,VGB,0.0
2019,VGB,0.0
2020,VGB,0.0
2010,VIR,0.0
2011,VIR,0.0
2012,VIR,0.0
2013,VIR,0.0
2014,VIR,0.0
2015,VIR,0.0
2016,VIR,0.0
2017,VIR,0.0
2018,VIR,0.0
2019,VIR,0.0
2020,VIR,0.0
2010,VNM,0.0
2011,VNM,0.0
2012,VNM,0.0
2013,VNM,0.0
2014,VNM,0.0
2015,VNM,0.0
2016,VNM,0.0
2017,VNM,0.0
2018,VNM,0.0
2019,VNM,0.0
2020,VNM,0.0
2010,VUT,0.0
2011,VUT,0.0
2012,VUT,0.0
2013,VUT,0.0
2014,VUT,0.0
2015,VUT,0.0
2016,VUT,0.0
2017,VUT,0.0
2018,VUT,0.0
2019,VUT,0.0
2020,VUT,0.0
2010,WSM,0.0
2011,WSM,0.0
2012,WSM,0.0
2013,WSM,0.0
2014,WSM,0.0
2015,WSM,0.0
2016,WSM,0.0
2017,WSM,0.0
2018,WSM,0.0
2019,WSM,0.0
2020,WSM,0.0
2010,XKX,0.0
2011,XKX,0.0
2012,XKX,0.0
2013,XKX,0.0
2014,XKX,0.0
2015,XKX,0.0
2016,XKX,0.0
2017,XKX,0.0
2018,XKX,0.0
2019,XKX,0.0
2020,XKX,0.0
2010,YEM,0.0
2011,YEM,0.0
2012,YEM,0.0
2013,YEM,0.0
2014,YEM,0.0
2015,YEM,0.0
2016,YEM,0.0
2017,YEM,0.0
2018,YEM,0.0
2019,YEM,0.0
2020,YEM,0.0
2010,ZAF,2.1209732113977023e-06
2011,ZAF,2.2111610151095813e-06
2012,ZAF,1.5993824809109709e-06
2013,ZAF,1.7793266491065674e-06
2014,ZAF,1.569904714803888e-06
2015,ZAF,1.8116614568652085e-06
2016,ZAF,1.7219273474807852e-06
2017,ZAF,1.4457738807434596e-06
2018,ZAF,1.4120952714690755e-06
2019,ZAF,1.3663986006760856e-06
2020,ZAF,1.6441406205950906e-06
2010,ZMB,0.0
2011,ZMB,0.0
2012,ZMB,0.0
2013,ZMB,0.0
2014,ZMB,0.0
2015,ZMB,0.0
2016,ZMB,0.0
2017,ZMB,0.0
2018,ZMB,0.0
2019,ZMB,0.0
2020,ZMB,0.0
2010,ZWE,0.0
2011,ZWE,0.0
2012,ZWE,0.0
2013,ZWE,0.0
2014,ZWE,0.0
2015,ZWE,0.0
2016,ZWE,0.0
2017,ZWE,0.0
2018,ZWE,0.0
2019,ZWE,0.0
2020,ZWE,0.0
