,Nation,iso_code3,Year,consumpinit_inen_energy_tj_per_tonne_production_recycled_wood
0,Bermuda,BMU,2010,239.3469777517188
1,Bermuda,BMU,2011,278.0828035404655
2,Bermuda,BMU,2012,246.22453128133316
3,Bermuda,BMU,2013,259.5831450006279
4,Bermuda,BMU,2014,318.4875247898759
5,Bermuda,BMU,2015,264.96932259316634
6,Bermuda,BMU,2016,289.2993054315414
7,Poland,POL,2010,1.2614168543186994
8,Poland,POL,2011,1.1531866676567524
9,Poland,POL,2012,1.164643053467578
10,Poland,POL,2013,1.2610668914153538
11,Poland,POL,2014,1.2065160833834965
12,Poland,POL,2015,1.412725204568847
13,Poland,POL,2016,1.55671198192099
14,Cameroon,CMR,2010,0.5978120565680102
15,Cameroon,CMR,2011,0.550379772059693
16,Cameroon,CMR,2012,0.5675963496283514
17,Cameroon,CMR,2013,0.5728254279883221
18,Cameroon,CMR,2014,0.5482322015113392
19,Cameroon,CMR,2015,0.5030919180448946
20,Cameroon,CMR,2016,0.5247523250315266
21,Namibia,NAM,2010,17.71412862308384
22,Namibia,NAM,2011,13.915762395378033
23,Namibia,NAM,2012,11.76453357564186
24,Namibia,NAM,2013,12.557527413123747
25,Namibia,NAM,2014,12.767700838947537
26,Namibia,NAM,2015,12.525363666177224
27,Namibia,NAM,2016,15.737692662338375
28,Bolivia,BOL,2010,19.67124227079691
29,Bolivia,BOL,2011,21.165617280356546
30,Bolivia,BOL,2012,16.870514159689744
31,Bolivia,BOL,2013,17.14921170576452
32,Bolivia,BOL,2014,19.118963430620127
33,Bolivia,BOL,2015,16.576019342016675
34,Bolivia,BOL,2016,16.784407320821064
35,Solomon Islands,SLB,2010,917.1446464843868
36,Solomon Islands,SLB,2011,540.0621013657006
37,Solomon Islands,SLB,2012,663.4271168315107
38,Solomon Islands,SLB,2013,763.116819347509
39,Solomon Islands,SLB,2014,612.4597459429033
40,Solomon Islands,SLB,2015,445.4671497950431
41,Solomon Islands,SLB,2016,424.30076674680794
42,Timor-Leste,TLS,2010,246.31968053971502
43,Timor-Leste,TLS,2011,2207.7071614890747
44,Timor-Leste,TLS,2012,1015.7946258446294
45,Timor-Leste,TLS,2013,1137.8316506254157
46,Timor-Leste,TLS,2014,1357.0532703209449
47,Timor-Leste,TLS,2015,1083.4359474151995
48,Timor-Leste,TLS,2016,808.8638699632895
49,Albania,ALB,2010,10.968366373654487
50,Albania,ALB,2011,13.402667411585306
51,Albania,ALB,2012,9.15595461503152
52,Albania,ALB,2013,6.821775400954541
53,Albania,ALB,2014,6.076309108245541
54,Albania,ALB,2015,7.538894800571871
55,Albania,ALB,2016,9.1685060772287
56,Belgium,BEL,2010,0.6258612079162404
57,Belgium,BEL,2011,0.6674007808383533
58,Belgium,BEL,2012,0.7266709035513439
59,Belgium,BEL,2013,0.7105257528457987
60,Belgium,BEL,2014,0.7323599837463426
61,Belgium,BEL,2015,0.9109251562196317
62,Belgium,BEL,2016,0.951812813188944
63,United Kingdom,GBR,2010,0.2458578997997383
64,United Kingdom,GBR,2011,0.24191771080349586
65,United Kingdom,GBR,2012,0.24921360929595593
66,United Kingdom,GBR,2013,0.2530356207608632
67,United Kingdom,GBR,2014,0.2541756645351572
68,United Kingdom,GBR,2015,0.2659402241230919
69,United Kingdom,GBR,2016,0.3182864444444959
70,Haiti,HTI,2010,53.36344540767192
71,Haiti,HTI,2011,35.46601952891403
72,Haiti,HTI,2012,29.916711119752016
73,Haiti,HTI,2013,27.14771934785188
74,Haiti,HTI,2014,22.40396616413367
75,Haiti,HTI,2015,26.456965925129147
76,Haiti,HTI,2016,33.50249488564745
77,French Polynesia,PYF,2010,436.805235491873
78,French Polynesia,PYF,2011,426.33410329822664
79,French Polynesia,PYF,2012,398.71083996156705
80,French Polynesia,PYF,2013,409.37503524272375
81,French Polynesia,PYF,2014,425.9378159080741
82,French Polynesia,PYF,2015,426.3188614755285
83,French Polynesia,PYF,2016,472.3999720996784
84,Ireland,IRL,2010,2.9096180269610077
85,Ireland,IRL,2011,2.483693427674514
86,Ireland,IRL,2012,2.7261874456660102
87,Ireland,IRL,2013,2.718591706648409
88,Ireland,IRL,2014,3.1437426827516277
89,Ireland,IRL,2015,3.4175813775535926
90,Ireland,IRL,2016,3.917111792938355
91,Comoros,COM,2010,75.9846910229655
92,Comoros,COM,2011,1038.3741650729885
93,Comoros,COM,2012,971.2975511856155
94,Comoros,COM,2013,674.153376472938
95,Comoros,COM,2014,359.4703794006197
96,Comoros,COM,2015,262.4437224374402
97,Comoros,COM,2016,207.97089149412412
98,Botswana,BWA,2010,3.1285329550741108
99,Botswana,BWA,2011,3.339160733263206
100,Botswana,BWA,2012,3.785252234605608
101,Botswana,BWA,2013,4.600193425977095
102,Botswana,BWA,2014,4.2923709966772785
103,Botswana,BWA,2015,4.739829412791707
104,Botswana,BWA,2016,4.39381870302714
105,Saudi Arabia,SAU,2010,0.0013952157299528228
106,Saudi Arabia,SAU,2011,0.001169162931005866
107,Saudi Arabia,SAU,2012,0.0010908824284076217
108,Saudi Arabia,SAU,2013,0.0008311749357819775
109,Saudi Arabia,SAU,2014,0.0008990035839423618
110,Saudi Arabia,SAU,2015,0.0008304627934690791
111,Saudi Arabia,SAU,2016,0.0007951807708738902
112,Tanzania,TZA,2010,9.450735920145483
113,Tanzania,TZA,2011,12.16306062403406
114,Tanzania,TZA,2012,9.41565131486855
115,Tanzania,TZA,2013,8.391076256829047
116,Tanzania,TZA,2014,7.25967564943045
117,Tanzania,TZA,2015,6.479469049198918
118,Tanzania,TZA,2016,4.972701777560091
119,Chile,CHL,2010,0.056557282284463474
120,Chile,CHL,2011,0.053082946320188895
121,Chile,CHL,2012,0.04674093770085618
122,Chile,CHL,2013,0.04937112267890305
123,Chile,CHL,2014,0.055810769050608514
124,Chile,CHL,2015,0.051006921435742564
125,Chile,CHL,2016,0.057181795766359796
126,Honduras,HND,2010,11.139757266909635
127,Honduras,HND,2011,11.783130922880707
128,Honduras,HND,2012,9.216599555787285
129,Honduras,HND,2013,10.21316391906514
130,Honduras,HND,2014,7.883080888367093
131,Honduras,HND,2015,6.653598421262022
132,Honduras,HND,2016,6.986163418034507
133,Eritrea,ERI,2010,508.48835090586425
134,Eritrea,ERI,2011,342.13450250944885
135,Eritrea,ERI,2012,378.79963464834435
136,Eritrea,ERI,2013,388.93127109121144
137,Eritrea,ERI,2014,404.6669236894707
138,Eritrea,ERI,2015,405.0289402369767
139,Eritrea,ERI,2016,448.8088080486984
140,Mozambique,MOZ,2010,4.054371669534614
141,Mozambique,MOZ,2011,3.762422084498824
142,Mozambique,MOZ,2012,4.573816527458908
143,Mozambique,MOZ,2013,4.551784721583406
144,Mozambique,MOZ,2014,4.223335547893419
145,Mozambique,MOZ,2015,3.122847158437679
146,Mozambique,MOZ,2016,5.1109635416738435
147,Guatemala,GTM,2010,4.279593642229886
148,Guatemala,GTM,2011,3.9276295773788914
149,Guatemala,GTM,2012,3.3644655661848124
150,Guatemala,GTM,2013,3.225813333872525
151,Guatemala,GTM,2014,3.2451865264442796
152,Guatemala,GTM,2015,2.6264263768596363
153,Guatemala,GTM,2016,2.802520918934397
154,Iraq,IRQ,2010,0.005950513552426616
155,Iraq,IRQ,2011,0.005048339665521413
156,Iraq,IRQ,2012,0.004370302477189536
157,Iraq,IRQ,2013,0.0026454065114380945
158,Iraq,IRQ,2014,0.002541250617790963
159,Iraq,IRQ,2015,0.002834227790929883
160,Iraq,IRQ,2016,0.0019811413217661867
161,Equatorial Guinea,GNQ,2010,567.3062354139763
162,Equatorial Guinea,GNQ,2011,325.90072623777195
163,Equatorial Guinea,GNQ,2012,306.23720511306533
164,Equatorial Guinea,GNQ,2013,258.0309608721235
165,Equatorial Guinea,GNQ,2014,211.3681183678536
166,Equatorial Guinea,GNQ,2015,304.5220108513446
167,Equatorial Guinea,GNQ,2016,325.11580562255085
168,Denmark,DNK,2010,0.5122331910527843
169,Denmark,DNK,2011,0.4875958078199425
170,Denmark,DNK,2012,0.4210766238312999
171,Denmark,DNK,2013,0.3801726550324233
172,Denmark,DNK,2014,0.33561765679364763
173,Denmark,DNK,2015,0.43128131570133615
174,Denmark,DNK,2016,0.5190824724315629
175,Argentina,ARG,2010,0.49174864561429843
176,Argentina,ARG,2011,0.43421223891954575
177,Argentina,ARG,2012,0.36273115953456236
178,Argentina,ARG,2013,0.3995320590884589
179,Argentina,ARG,2014,0.4770893641215624
180,Argentina,ARG,2015,0.3633560177159053
181,Argentina,ARG,2016,0.5699736176093532
182,"Congo, Dem. Rep.",COD,2010,26.361150316394376
183,"Congo, Dem. Rep.",COD,2011,22.144076713349182
184,"Congo, Dem. Rep.",COD,2012,15.994298117408384
185,"Congo, Dem. Rep.",COD,2013,20.06459200900568
186,"Congo, Dem. Rep.",COD,2014,26.234761861349693
187,"Congo, Dem. Rep.",COD,2015,14.863356190325598
188,"Congo, Dem. Rep.",COD,2016,17.979857761398424
189,"Egypt, Arab Rep.",EGY,2010,1.4471803128815695
190,"Egypt, Arab Rep.",EGY,2011,1.270581257225884
191,"Egypt, Arab Rep.",EGY,2012,0.9718341220569539
192,"Egypt, Arab Rep.",EGY,2013,1.0822144045080395
193,"Egypt, Arab Rep.",EGY,2014,1.015257701133918
194,"Egypt, Arab Rep.",EGY,2015,0.9797456421708339
195,"Egypt, Arab Rep.",EGY,2016,0.9205064029144361
196,Turkiye,TUR,2010,0.7141812588825689
197,Turkiye,TUR,2011,0.7320418882262377
198,Turkiye,TUR,2012,0.6248329268417329
199,Turkiye,TUR,2013,0.6004483535511566
200,Turkiye,TUR,2014,0.6194999567237282
201,Turkiye,TUR,2015,0.6329747875876528
202,Turkiye,TUR,2016,0.6501707160423632
203,"Gambia, The",GMB,2010,239.06914821791094
204,"Gambia, The",GMB,2011,214.61143750914255
205,"Gambia, The",GMB,2012,186.829561529294
206,"Gambia, The",GMB,2013,169.4853524778002
207,"Gambia, The",GMB,2014,207.5990792238997
208,"Gambia, The",GMB,2015,193.04586858655975
209,"Gambia, The",GMB,2016,168.5902196498392
210,El Salvador,SLV,2010,6.263771062872663
211,El Salvador,SLV,2011,5.501960679448419
212,El Salvador,SLV,2012,4.819448456421667
213,El Salvador,SLV,2013,4.964822566027898
214,El Salvador,SLV,2014,5.440315165401823
215,El Salvador,SLV,2015,4.756913990007877
216,El Salvador,SLV,2016,5.349928793948334
217,Bhutan,BTN,2010,164.64011139055245
218,Bhutan,BTN,2011,140.71647836763682
219,Bhutan,BTN,2012,114.61500960062243
220,Bhutan,BTN,2013,258.697244488962
221,Bhutan,BTN,2014,190.33780112006866
222,Bhutan,BTN,2015,100.10023191391181
223,Bhutan,BTN,2016,108.91172127597363
224,Syrian Arab Republic,SYR,2010,0.0010738122120579582
225,Syrian Arab Republic,SYR,2011,0.0011377502605549605
226,Syrian Arab Republic,SYR,2012,0.001450378090937264
227,Syrian Arab Republic,SYR,2013,0.0020936492104929017
228,Syrian Arab Republic,SYR,2014,0.0024358702655946723
229,Syrian Arab Republic,SYR,2015,0.0026059009693509584
230,Syrian Arab Republic,SYR,2016,0.003577539537124896
231,Cuba,CUB,2010,10.166639393862523
232,Cuba,CUB,2011,13.011976535965482
233,Cuba,CUB,2012,9.268445275413193
234,Cuba,CUB,2013,10.463018726333713
235,Cuba,CUB,2014,12.569145071692557
236,Cuba,CUB,2015,7.1871546603887735
237,Cuba,CUB,2016,8.00035805860866
238,Jordan,JOR,2010,0.004761531727395907
239,Jordan,JOR,2011,0.004677508481313986
240,Jordan,JOR,2012,0.004379947330629477
241,Jordan,JOR,2013,0.003060075324842264
242,Jordan,JOR,2014,0.0031657705472427147
243,Jordan,JOR,2015,0.002926943517342609
244,Jordan,JOR,2016,0.002950728404097303
245,Lebanon,LBN,2010,0.0054004477285594585
246,Lebanon,LBN,2011,0.005533704636719011
247,Lebanon,LBN,2012,0.004959615858123263
248,Lebanon,LBN,2013,0.003602873310773136
249,Lebanon,LBN,2014,0.003619997300723589
250,Lebanon,LBN,2015,0.0033641729184046647
251,Lebanon,LBN,2016,0.003548989825330248
252,Finland,FIN,2010,0.6653104006172532
253,Finland,FIN,2011,0.6649291767812749
254,Finland,FIN,2012,0.6773687657447506
255,Finland,FIN,2013,0.6648592501070921
256,Finland,FIN,2014,0.6298207885557436
257,Finland,FIN,2015,0.6586299874852953
258,Finland,FIN,2016,0.71254496167598
259,New Zealand,NZL,2010,5.714493043848601
260,New Zealand,NZL,2011,5.085701105497695
261,New Zealand,NZL,2012,5.35570413427693
262,New Zealand,NZL,2013,5.422394243341907
263,New Zealand,NZL,2014,5.697614819571934
264,New Zealand,NZL,2015,6.026718678351
265,New Zealand,NZL,2016,5.795186330595927
266,Myanmar,MMR,2010,4.457798099693821
267,Myanmar,MMR,2011,2.851400369976462
268,Myanmar,MMR,2012,1.222463880242697
269,Myanmar,MMR,2013,3.485458764944833
270,Myanmar,MMR,2014,4.341253227025507
271,Myanmar,MMR,2015,4.040242644912409
272,Myanmar,MMR,2016,5.870904967119514
273,Moldova,MDA,2010,65.9316402828217
274,Moldova,MDA,2011,50.84272009095521
275,Moldova,MDA,2012,47.41371146986272
276,Moldova,MDA,2013,45.12819706219863
277,Moldova,MDA,2014,51.10427831914771
278,Moldova,MDA,2015,61.772518120833155
279,Moldova,MDA,2016,63.109872375617954
280,Netherlands,NLD,2010,0.11292608233064175
281,Netherlands,NLD,2011,0.11426653987899803
282,Netherlands,NLD,2012,0.12162670607085603
283,Netherlands,NLD,2013,0.10347155130170806
284,Netherlands,NLD,2014,0.12721583642157805
285,Netherlands,NLD,2015,0.15736586117516158
286,Netherlands,NLD,2016,0.15581261878235286
287,Nigeria,NGA,2010,1.7762955397805094
288,Nigeria,NGA,2011,2.079081879259739
289,Nigeria,NGA,2012,1.257905540392098
290,Nigeria,NGA,2013,1.0936022832263737
291,Nigeria,NGA,2014,1.0546265171332079
292,Nigeria,NGA,2015,0.8641241950887507
293,Nigeria,NGA,2016,1.3641053997181678
294,Belize,BLZ,2010,141.99273400781718
295,Belize,BLZ,2011,169.66284146581012
296,Belize,BLZ,2012,183.29072751797216
297,Belize,BLZ,2013,162.73111932521337
298,Belize,BLZ,2014,226.5228678659032
299,Belize,BLZ,2015,202.27494993643842
300,Belize,BLZ,2016,273.64335856742605
301,Peru,PER,2010,0.9267863886119835
302,Peru,PER,2011,0.8640876571502861
303,Peru,PER,2012,0.6871441007268363
304,Peru,PER,2013,0.6927411203629454
305,Peru,PER,2014,0.7237602621510996
306,Peru,PER,2015,0.69828639940803
307,Peru,PER,2016,0.8184753276967456
308,Guam,GUM,2010,1937.729925178924
309,Guam,GUM,2011,1756.4493378460108
310,Guam,GUM,2012,1464.990836829911
311,Guam,GUM,2013,1873.4824278572526
312,Guam,GUM,2014,2078.709494766424
313,Guam,GUM,2015,2021.144679936046
314,Guam,GUM,2016,1615.6689927124091
315,Somalia,SOM,2010,221.94545028179257
316,Somalia,SOM,2011,216.62495510260356
317,Somalia,SOM,2012,202.5892771359609
318,Somalia,SOM,2013,517.8287785217208
319,Somalia,SOM,2014,513.122574530702
320,Somalia,SOM,2015,281.77679293345784
321,Somalia,SOM,2016,249.50069373441642
322,Benin,BEN,2010,165.05062408393277
323,Benin,BEN,2011,111.59719650627066
324,Benin,BEN,2012,106.74741788360971
325,Benin,BEN,2013,133.25551062167654
326,Benin,BEN,2014,116.0408600775877
327,Benin,BEN,2015,86.91497596139136
328,Benin,BEN,2016,105.52711525315975
329,Madagascar,MDG,2010,40.501234008670934
330,Madagascar,MDG,2011,32.68093018250776
331,Madagascar,MDG,2012,26.753871763668307
332,Madagascar,MDG,2013,27.833954503153347
333,Madagascar,MDG,2014,28.83052971150576
334,Madagascar,MDG,2015,25.467925505343576
335,Madagascar,MDG,2016,25.742036811264715
336,Ukraine,UKR,2010,0.22267292264613167
337,Ukraine,UKR,2011,0.2128654903669522
338,Ukraine,UKR,2012,0.2101486303319285
339,Ukraine,UKR,2013,0.20639981844234212
340,Ukraine,UKR,2014,0.2640135341433567
341,Ukraine,UKR,2015,0.4448792969849867
342,Ukraine,UKR,2016,0.48437258265751726
343,Nauru,NRU,2010,9653.18025655922
344,Nauru,NRU,2011,23881.986573878483
345,Nauru,NRU,2012,13974.814186131063
346,Nauru,NRU,2013,5212.592024171193
347,Nauru,NRU,2014,3103.65447082716
348,Nauru,NRU,2015,12387.908097922345
349,Nauru,NRU,2016,12121.437253886128
350,Mauritania,MRT,2010,123.81901748310605
351,Mauritania,MRT,2011,92.01701193450884
352,Mauritania,MRT,2012,109.5697305650237
353,Mauritania,MRT,2013,87.57855187187124
354,Mauritania,MRT,2014,84.02763164193425
355,Mauritania,MRT,2015,71.74979836327198
356,Mauritania,MRT,2016,67.85919688908339
357,Kuwait,KWT,2010,0.013453754638661332
358,Kuwait,KWT,2011,0.009970108110371582
359,Kuwait,KWT,2012,0.010003736296282822
360,Kuwait,KWT,2013,0.007520714868886531
361,Kuwait,KWT,2014,0.008375973704722619
362,Kuwait,KWT,2015,0.011390466952723444
363,Kuwait,KWT,2016,0.012301678661880078
364,"Korea, Rep.",KOR,2010,3.9263099694310086
365,"Korea, Rep.",KOR,2011,4.073905965254769
366,"Korea, Rep.",KOR,2012,3.5863377277769013
367,"Korea, Rep.",KOR,2013,3.483212187378444
368,"Korea, Rep.",KOR,2014,3.476319874461272
369,"Korea, Rep.",KOR,2015,3.0043349590974855
370,"Korea, Rep.",KOR,2016,3.0358901090035584
371,Mauritius,MUS,2010,83.99890020026628
372,Mauritius,MUS,2011,72.07592279044191
373,Mauritius,MUS,2012,67.6682455116033
374,Mauritius,MUS,2013,69.29333439379297
375,Mauritius,MUS,2014,68.5617786491519
376,Mauritius,MUS,2015,69.97772198029378
377,Mauritius,MUS,2016,73.71728895404206
378,Greece,GRC,2010,0.21605213404419946
379,Greece,GRC,2011,0.26984470250151155
380,Greece,GRC,2012,0.2256535410602024
381,Greece,GRC,2013,0.16651605721318533
382,Greece,GRC,2014,0.14481901276840203
383,Greece,GRC,2015,0.19891692088642596
384,Greece,GRC,2016,0.13746975672094192
385,Nepal,NPL,2010,41.83259454695701
386,Nepal,NPL,2011,22.31903348978224
387,Nepal,NPL,2012,26.229776793935926
388,Nepal,NPL,2013,21.158846112033153
389,Nepal,NPL,2014,19.01241781903465
390,Nepal,NPL,2015,22.151593449273488
391,Nepal,NPL,2016,14.503158511556135
392,Singapore,SGP,2010,31.191595221527386
393,Singapore,SGP,2011,27.707615247557307
394,Singapore,SGP,2012,23.113041566573255
395,Singapore,SGP,2013,23.701672958745696
396,Singapore,SGP,2014,24.974341440499636
397,Singapore,SGP,2015,22.344507588250618
398,Singapore,SGP,2016,22.543064900037802
399,Kazakhstan,KAZ,2010,1.6838381619937315
400,Kazakhstan,KAZ,2011,1.0810679427977603
401,Kazakhstan,KAZ,2012,0.7981760169084865
402,Kazakhstan,KAZ,2013,0.753468695330693
403,Kazakhstan,KAZ,2014,0.8268836166764182
404,Kazakhstan,KAZ,2015,0.9662585526538388
405,Kazakhstan,KAZ,2016,1.1943658417177558
406,Kiribati,KIR,2010,5279.960032209469
407,Kiribati,KIR,2011,5143.047121855
408,Kiribati,KIR,2012,3989.7991539779664
409,Kiribati,KIR,2013,4070.9043073316825
410,Kiribati,KIR,2014,2902.93336023723
411,Kiribati,KIR,2015,2819.630946271418
412,Kiribati,KIR,2016,1951.6532974030565
413,Sierra Leone,SLE,2010,227.70495297214535
414,Sierra Leone,SLE,2011,276.40385375228203
415,Sierra Leone,SLE,2012,256.3105456557134
416,Sierra Leone,SLE,2013,266.73227113332103
417,Sierra Leone,SLE,2014,186.38662587609883
418,Sierra Leone,SLE,2015,128.5298905902751
419,Sierra Leone,SLE,2016,180.4089799032357
420,Togo,TGO,2010,16.56779649854147
421,Togo,TGO,2011,13.213063120434237
422,Togo,TGO,2012,9.800126469048223
423,Togo,TGO,2013,11.566423810193024
424,Togo,TGO,2014,10.155211564189287
425,Togo,TGO,2015,12.944956843537852
426,Togo,TGO,2016,10.935122309871515
427,Sweden,SWE,2010,0.9044561222229279
428,Sweden,SWE,2011,0.7977137725160985
429,Sweden,SWE,2012,0.7852675042874245
430,Sweden,SWE,2013,0.8221634132259029
431,Sweden,SWE,2014,0.8658053687024028
432,Sweden,SWE,2015,0.9800720806011611
433,Sweden,SWE,2016,1.0214402248740353
434,Curacao,CUW,2010,72.09263699594896
435,Curacao,CUW,2011,69.72920002753611
436,Curacao,CUW,2012,61.53061244564117
437,Curacao,CUW,2013,66.38694052456295
438,Curacao,CUW,2014,70.3549493756682
439,Curacao,CUW,2015,65.31395410828065
440,Curacao,CUW,2016,81.10789978400987
441,Ghana,GHA,2010,16.874306246429747
442,Ghana,GHA,2011,9.203321544977122
443,Ghana,GHA,2012,11.16632232674818
444,Ghana,GHA,2013,7.216229701374359
445,Ghana,GHA,2014,7.071319464850304
446,Ghana,GHA,2015,9.406660915413577
447,Ghana,GHA,2016,6.793404097059353
448,Burkina Faso,BFA,2010,89.49032291940053
449,Burkina Faso,BFA,2011,25.943371477297973
450,Burkina Faso,BFA,2012,90.2666533460582
451,Burkina Faso,BFA,2013,98.9187369976142
452,Burkina Faso,BFA,2014,71.943238028158
453,Burkina Faso,BFA,2015,80.97972467702255
454,Burkina Faso,BFA,2016,88.34776484434627
455,Canada,CAN,2010,0.6265043921672145
456,Canada,CAN,2011,0.6699787075131869
457,Canada,CAN,2012,0.6818232023420391
458,Canada,CAN,2013,0.6324863555056401
459,Canada,CAN,2014,0.678969899238267
460,Canada,CAN,2015,0.7084014908459106
461,Canada,CAN,2016,0.721905563163026
462,Panama,PAN,2010,35.34825385467123
463,Panama,PAN,2011,31.321885983422533
464,Panama,PAN,2012,26.861433485333
465,Panama,PAN,2013,21.898000276263865
466,Panama,PAN,2014,23.07503667140387
467,Panama,PAN,2015,16.991152207603736
468,Panama,PAN,2016,19.13662756056442
469,Niger,NER,2010,167.56630097016875
470,Niger,NER,2011,137.40972413971429
471,Niger,NER,2012,75.52079753326807
472,Niger,NER,2013,93.89963800263273
473,Niger,NER,2014,115.59604761278187
474,Niger,NER,2015,117.16390448155607
475,Niger,NER,2016,124.96335777058785
476,Djibouti,DJI,2010,181.93330938346008
477,Djibouti,DJI,2011,177.57198864325295
478,Djibouti,DJI,2012,166.06665100884908
479,Djibouti,DJI,2013,263.7869124814423
480,Djibouti,DJI,2014,321.33810174960854
481,Djibouti,DJI,2015,221.36373793336972
482,Djibouti,DJI,2016,138.93055562335198
483,Guinea-Bissau,GNB,2010,1476.442458320275
484,Guinea-Bissau,GNB,2011,1076.4334605979222
485,Guinea-Bissau,GNB,2012,789.5028817216376
486,Guinea-Bissau,GNB,2013,1118.9877014147805
487,Guinea-Bissau,GNB,2014,805.5304078262656
488,Guinea-Bissau,GNB,2015,771.8720600685804
489,Guinea-Bissau,GNB,2016,615.9226551452637
490,Indonesia,IDN,2010,0.21644077828494362
491,Indonesia,IDN,2011,0.21986877436528343
492,Indonesia,IDN,2012,0.19545715906720174
493,Indonesia,IDN,2013,0.20620419415307448
494,Indonesia,IDN,2014,0.21551695465849313
495,Indonesia,IDN,2015,0.18824523563922554
496,Indonesia,IDN,2016,0.1957778454782902
497,Chad,TCD,2010,430.35518735012204
498,Chad,TCD,2011,353.3030571514717
499,Chad,TCD,2012,392.8163383645747
500,Chad,TCD,2013,238.04948602320496
501,Chad,TCD,2014,296.07018302538415
502,Chad,TCD,2015,376.9285877225308
503,Chad,TCD,2016,451.84349997733904
504,Zimbabwe,ZWE,2010,52.651614514086006
505,Zimbabwe,ZWE,2011,51.67727596554687
506,Zimbabwe,ZWE,2012,37.27999514885101
507,Zimbabwe,ZWE,2013,30.46464967899089
508,Zimbabwe,ZWE,2014,28.41209907014554
509,Zimbabwe,ZWE,2015,29.212244104275495
510,Zimbabwe,ZWE,2016,35.7357530932078
511,Guinea,GIN,2010,94.15828969600514
512,Guinea,GIN,2011,82.49100293606382
513,Guinea,GIN,2012,61.18398354400514
514,Guinea,GIN,2013,57.62564254796402
515,Guinea,GIN,2014,47.172995775636224
516,Guinea,GIN,2015,37.37983872939161
517,Guinea,GIN,2016,59.019377082160844
518,Antigua and Barbuda,ATG,2010,863.1381831177814
519,Antigua and Barbuda,ATG,2011,950.0961721062916
520,Antigua and Barbuda,ATG,2012,481.4549830785608
521,Antigua and Barbuda,ATG,2013,1212.7335779250054
522,Antigua and Barbuda,ATG,2014,1372.2397487111105
523,Antigua and Barbuda,ATG,2015,1041.142219990648
524,Antigua and Barbuda,ATG,2016,1109.322100370963
525,Pakistan,PAK,2010,2.4046560870285134
526,Pakistan,PAK,2011,1.6685776142400492
527,Pakistan,PAK,2012,1.5876711747464054
528,Pakistan,PAK,2013,1.5311036693940492
529,Pakistan,PAK,2014,1.2989263935314417
530,Pakistan,PAK,2015,0.955880733481876
531,Pakistan,PAK,2016,0.9519360129083788
532,Cote d'Ivoire,CIV,2010,4.162609506288002
533,Cote d'Ivoire,CIV,2011,3.792173739914544
534,Cote d'Ivoire,CIV,2012,4.325573343588206
535,Cote d'Ivoire,CIV,2013,3.369106051491588
536,Cote d'Ivoire,CIV,2014,2.37266501996242
537,Cote d'Ivoire,CIV,2015,2.5625260901948654
538,Cote d'Ivoire,CIV,2016,2.547471661778702
539,Azerbaijan,AZE,2010,0.012073558369307416
540,Azerbaijan,AZE,2011,0.011806846683846304
541,Azerbaijan,AZE,2012,0.00927128524450957
542,Azerbaijan,AZE,2013,0.00657521855352004
543,Azerbaijan,AZE,2014,0.006968478322185256
544,Azerbaijan,AZE,2015,0.010431163733504096
545,Azerbaijan,AZE,2016,0.01670026308198304
546,Spain,ESP,2010,0.30796470116022456
547,Spain,ESP,2011,0.3452212498865219
548,Spain,ESP,2012,0.34976823299709375
549,Spain,ESP,2013,0.3606755275653479
550,Spain,ESP,2014,0.346042220047995
551,Spain,ESP,2015,0.4003154883277428
552,Spain,ESP,2016,0.518766694238421
553,Italy,ITA,2010,0.2832730330772647
554,Italy,ITA,2011,0.2867919534157726
555,Italy,ITA,2012,0.27890246807404745
556,Italy,ITA,2013,0.25574659267041217
557,Italy,ITA,2014,0.2606138840885026
558,Italy,ITA,2015,0.3217615008432954
559,Italy,ITA,2016,0.32676315589828037
560,Northern Mariana Islands,MNP,2010,16804.640531749967
561,Northern Mariana Islands,MNP,2011,15403.898562130964
562,Northern Mariana Islands,MNP,2012,15489.546604142144
563,Northern Mariana Islands,MNP,2013,19220.075156931056
564,Northern Mariana Islands,MNP,2014,24965.013076047086
565,Northern Mariana Islands,MNP,2015,25521.618760743022
566,Northern Mariana Islands,MNP,2016,49592.54703341798
567,Lao PDR,LAO,2010,94.60158252652253
568,Lao PDR,LAO,2011,97.95841916327365
569,Lao PDR,LAO,2012,72.06976414141931
570,Lao PDR,LAO,2013,55.48310891916567
571,Lao PDR,LAO,2014,50.7969672215416
572,Lao PDR,LAO,2015,42.886751067300644
573,Lao PDR,LAO,2016,36.65704755287805
574,Romania,ROU,2010,0.5656002128522122
575,Romania,ROU,2011,0.44794125835583426
576,Romania,ROU,2012,0.5153940081388058
577,Romania,ROU,2013,0.5017829973222204
578,Romania,ROU,2014,0.5262276051453915
579,Romania,ROU,2015,0.5957110968913574
580,Romania,ROU,2016,0.6579007403572511
581,Mexico,MEX,2010,0.18547866508442085
582,Mexico,MEX,2011,0.1808539759668011
583,Mexico,MEX,2012,0.1602081429700104
584,Mexico,MEX,2013,0.15629208909573114
585,Mexico,MEX,2014,0.16513071915529862
586,Mexico,MEX,2015,0.16644369879204843
587,Mexico,MEX,2016,0.20324964399268905
588,Belarus,BLR,2010,6.829552828325871
589,Belarus,BLR,2011,7.471939526861229
590,Belarus,BLR,2012,6.68246843577576
591,Belarus,BLR,2013,5.40431260240502
592,Belarus,BLR,2014,4.124683298195342
593,Belarus,BLR,2015,6.503427154476246
594,Belarus,BLR,2016,7.552867963524615
595,Lithuania,LTU,2010,2.788356529086585
596,Lithuania,LTU,2011,2.103456457674691
597,Lithuania,LTU,2012,2.4425679969220875
598,Lithuania,LTU,2013,2.3995026306839393
599,Lithuania,LTU,2014,1.8041877450351334
600,Lithuania,LTU,2015,2.173167261678677
601,Lithuania,LTU,2016,2.5961753060794157
602,New Caledonia,NCL,2010,265.9927377312357
603,New Caledonia,NCL,2011,234.30760386694416
604,New Caledonia,NCL,2012,219.64151441115237
605,New Caledonia,NCL,2013,230.02473620376577
606,New Caledonia,NCL,2014,249.3633383069694
607,New Caledonia,NCL,2015,229.92077008870345
608,New Caledonia,NCL,2016,317.2806225703537
609,Uruguay,URY,2010,5.601054121782461
610,Uruguay,URY,2011,5.019780536052414
611,Uruguay,URY,2012,4.686907675758507
612,Uruguay,URY,2013,4.501925876706074
613,Uruguay,URY,2014,4.87332028239569
614,Uruguay,URY,2015,4.47675057860373
615,Uruguay,URY,2016,6.278471470159768
616,Cabo Verde,CPV,2010,410.96313764006436
617,Cabo Verde,CPV,2011,340.50737238782426
618,Cabo Verde,CPV,2012,318.80961317030983
619,Cabo Verde,CPV,2013,299.79791095270565
620,Cabo Verde,CPV,2014,356.16271641021905
621,Cabo Verde,CPV,2015,406.4609087502176
622,Cabo Verde,CPV,2016,387.9008216971734
623,Lesotho,LSO,2010,202.89818337903296
624,Lesotho,LSO,2011,151.92611172340892
625,Lesotho,LSO,2012,150.90989807998247
626,Lesotho,LSO,2013,139.64942003133424
627,Lesotho,LSO,2014,136.41567572674901
628,Lesotho,LSO,2015,152.6482819964301
629,Lesotho,LSO,2016,188.28568191128298
630,Germany,DEU,2010,1.148136460536222
631,Germany,DEU,2011,1.2857946206928796
632,Germany,DEU,2012,1.421544714291827
633,Germany,DEU,2013,1.3531923550739082
634,Germany,DEU,2014,1.4720749123701138
635,Germany,DEU,2015,1.6258938694507887
636,Germany,DEU,2016,1.6242966483493415
637,San Marino,SMR,2010,1646.2795166571618
638,San Marino,SMR,2011,1737.9933438143114
639,San Marino,SMR,2012,1567.947422288066
640,San Marino,SMR,2013,1528.7813751035185
641,San Marino,SMR,2014,1512.7885725031615
642,San Marino,SMR,2015,1488.119025002583
643,San Marino,SMR,2016,1825.6810945939435
644,Samoa,WSM,2010,1386.7711533129516
645,Samoa,WSM,2011,1421.79226329953
646,Samoa,WSM,2012,1306.5725804600922
647,Samoa,WSM,2013,1342.3706088248566
648,Samoa,WSM,2014,1329.513736544662
649,Samoa,WSM,2015,1464.1897607618732
650,Samoa,WSM,2016,1407.9927668763437
651,Iceland,ISL,2010,109.28611397085812
652,Iceland,ISL,2011,108.7499374834484
653,Iceland,ISL,2012,118.42161994437005
654,Iceland,ISL,2013,107.6137253108007
655,Iceland,ISL,2014,98.02373502768482
656,Iceland,ISL,2015,118.95763320063578
657,Iceland,ISL,2016,101.77461235010207
658,Bahrain,BHR,2010,0.020205493597619126
659,Bahrain,BHR,2011,0.02800918873374261
660,Bahrain,BHR,2012,0.024496487706567063
661,Bahrain,BHR,2013,0.018647709134723783
662,Bahrain,BHR,2014,0.014813583657753829
663,Bahrain,BHR,2015,0.013978789878477497
664,Bahrain,BHR,2016,0.012827368711795973
665,Sudan,SDN,2010,10.192472670052421
666,Sudan,SDN,2011,5.75394660587397
667,Sudan,SDN,2012,6.573060960642412
668,Sudan,SDN,2013,6.0826246016517755
669,Sudan,SDN,2014,0.4041943111612955
670,Sudan,SDN,2015,0.3407863190041751
671,Sudan,SDN,2016,0.4633054530495392
672,Kenya,KEN,2010,4.1952284156583355
673,Kenya,KEN,2011,4.1966317234725725
674,Kenya,KEN,2012,3.404110587132464
675,Kenya,KEN,2013,3.155104485690281
676,Kenya,KEN,2014,2.9771780201917504
677,Kenya,KEN,2015,2.646776852979394
678,Kenya,KEN,2016,2.3905801209145987
679,Brunei Darussalam,BRN,2010,165.9833026581576
680,Brunei Darussalam,BRN,2011,146.27662371392938
681,Brunei Darussalam,BRN,2012,131.32523128832906
682,Brunei Darussalam,BRN,2013,131.4592639282216
683,Brunei Darussalam,BRN,2014,104.33804845651194
684,Brunei Darussalam,BRN,2015,77.60224969408519
685,Brunei Darussalam,BRN,2016,169.07055413833012
686,South Sudan,SSD,2010,608.7542426735732
687,South Sudan,SSD,2011,594.1611342798514
688,South Sudan,SSD,2012,2524.84707702339
689,South Sudan,SSD,2013,588.5781043684798
690,South Sudan,SSD,2014,630.2814640150341
691,South Sudan,SSD,2015,317.9298346930465
692,South Sudan,SSD,2016,658.3608983778018
693,Faroe Islands,FRO,2010,606.3625175424386
694,Faroe Islands,FRO,2011,639.2321597781256
695,Faroe Islands,FRO,2012,696.281556573357
696,Faroe Islands,FRO,2013,573.2090130684998
697,Faroe Islands,FRO,2014,487.1749750095745
698,Faroe Islands,FRO,2015,578.5010232846685
699,Faroe Islands,FRO,2016,604.7440826566235
700,American Samoa,ASM,2010,2436.318348921016
701,American Samoa,ASM,2011,2370.3257683060488
702,American Samoa,ASM,2012,2198.843635641531
703,American Samoa,ASM,2013,2472.455972056983
704,American Samoa,ASM,2014,1841.3178812104027
705,American Samoa,ASM,2015,1799.7156603407725
706,American Samoa,ASM,2016,2036.300690958631
707,"Macao SAR, China",MAC,2010,64.66215565083343
708,"Macao SAR, China",MAC,2011,57.04578079651478
709,"Macao SAR, China",MAC,2012,44.27857794190756
710,"Macao SAR, China",MAC,2013,44.13434474413224
711,"Macao SAR, China",MAC,2014,41.28778937020385
712,"Macao SAR, China",MAC,2015,42.69910908021342
713,"Macao SAR, China",MAC,2016,47.254512575808945
714,Tajikistan,TJK,2010,114.7783177125531
715,Tajikistan,TJK,2011,97.69249468809443
716,Tajikistan,TJK,2012,72.43937367434508
717,Tajikistan,TJK,2013,58.8878747592673
718,Tajikistan,TJK,2014,37.16930899542811
719,Tajikistan,TJK,2015,52.17492640452305
720,Tajikistan,TJK,2016,57.81455151313841
721,China,CHN,2010,0.10950037898461519
722,China,CHN,2011,0.08073298536809878
723,China,CHN,2012,0.0711034470362791
724,China,CHN,2013,0.06644996818828158
725,China,CHN,2014,0.03656835843394118
726,China,CHN,2015,0.02708395477825017
727,China,CHN,2016,0.02904794600520652
728,Switzerland,CHE,2010,2.75079455155675
729,Switzerland,CHE,2011,2.899672388944485
730,Switzerland,CHE,2012,3.419211993323155
731,Switzerland,CHE,2013,3.707898158019349
732,Switzerland,CHE,2014,3.6123351639936394
733,Switzerland,CHE,2015,3.861479578855381
734,Switzerland,CHE,2016,4.274349832584595
735,Hungary,HUN,2010,0.33929447323197387
736,Hungary,HUN,2011,0.37283400829603963
737,Hungary,HUN,2012,0.4567197270237265
738,Hungary,HUN,2013,0.5872968001373966
739,Hungary,HUN,2014,0.5342012951311929
740,Hungary,HUN,2015,0.624392739237686
741,Hungary,HUN,2016,0.7337568763160753
742,Uganda,UGA,2010,11.014518809759902
743,Uganda,UGA,2011,8.763021661530244
744,Uganda,UGA,2012,9.508594124679348
745,Uganda,UGA,2013,8.81315380900312
746,Uganda,UGA,2014,7.747065944944115
747,Uganda,UGA,2015,7.235118358879047
748,Uganda,UGA,2016,6.584746006850925
749,Dominica,DMA,2010,670.2643053764997
750,Dominica,DMA,2011,639.1633941363326
751,Dominica,DMA,2012,430.04870367111516
752,Dominica,DMA,2013,585.2033706633215
753,Dominica,DMA,2014,794.8819682560178
754,Dominica,DMA,2015,638.0273055966686
755,Dominica,DMA,2016,1591.1176869323635
756,Israel,ISR,2010,0.004547066416354174
757,Israel,ISR,2011,0.004443038806148734
758,Israel,ISR,2012,0.004788077352024937
759,Israel,ISR,2013,0.0030826882534546987
760,Israel,ISR,2014,0.002925850979338016
761,Israel,ISR,2015,0.002816665948011461
762,Israel,ISR,2016,0.0027986559909188935
763,Slovenia,SVN,2010,1.7687470523674864
764,Slovenia,SVN,2011,1.4088199621694422
765,Slovenia,SVN,2012,1.29456448894426
766,Slovenia,SVN,2013,1.3098228195855601
767,Slovenia,SVN,2014,2.0481426600247614
768,Slovenia,SVN,2015,1.8692059568535402
769,Slovenia,SVN,2016,1.585227516714281
770,Vietnam,VNM,2010,5.450737707847985
771,Vietnam,VNM,2011,5.27590313827813
772,Vietnam,VNM,2012,4.036736932912449
773,Vietnam,VNM,2013,3.9307687847579396
774,Vietnam,VNM,2014,4.06659511561395
775,Vietnam,VNM,2015,3.9472508368627457
776,Vietnam,VNM,2016,4.002203546297062
777,Morocco,MAR,2010,3.488734578149823
778,Morocco,MAR,2011,3.1493021518121305
779,Morocco,MAR,2012,3.2491018605735076
780,Morocco,MAR,2013,3.0501861454460575
781,Morocco,MAR,2014,2.6885486760374118
782,Morocco,MAR,2015,2.5805987965697645
783,Morocco,MAR,2016,3.0914211817903605
784,Ethiopia,ETH,2010,13.115129473063526
785,Ethiopia,ETH,2011,34.85495290832453
786,Ethiopia,ETH,2012,23.80083443164708
787,Ethiopia,ETH,2013,14.422570851779108
788,Ethiopia,ETH,2014,5.2732823008402265
789,Ethiopia,ETH,2015,19.09892010649826
790,Ethiopia,ETH,2016,15.191941826975889
791,Tonga,TON,2010,1640.6823185874164
792,Tonga,TON,2011,1148.4437117733742
793,Tonga,TON,2012,1168.1960146165623
794,Tonga,TON,2013,1225.4399232181627
795,Tonga,TON,2014,1142.8548559322492
796,Tonga,TON,2015,1122.3020223138305
797,Tonga,TON,2016,1003.7908309381295
798,Cyprus,CYP,2010,0.02898031687045986
799,Cyprus,CYP,2011,0.023530743879226566
800,Cyprus,CYP,2012,0.029552919131809983
801,Cyprus,CYP,2013,0.021956867810765453
802,Cyprus,CYP,2014,0.02939925346180993
803,Cyprus,CYP,2015,0.03282513216390241
804,Cyprus,CYP,2016,0.036888253663381436
805,Bosnia and Herzegovina,BIH,2010,0.0003373643687904196
806,Bosnia and Herzegovina,BIH,2011,0.0003269449387335777
807,Bosnia and Herzegovina,BIH,2012,0.0003130516153963871
808,Bosnia and Herzegovina,BIH,2013,0.0002883239386825803
809,Bosnia and Herzegovina,BIH,2014,0.0002979366103260439
810,Bosnia and Herzegovina,BIH,2015,0.0003327387883571768
811,Bosnia and Herzegovina,BIH,2016,0.00039656448753774154
812,Aruba,ABW,2010,359.2195414132171
813,Aruba,ABW,2011,448.8235669235267
814,Aruba,ABW,2012,363.8176203037493
815,Aruba,ABW,2013,428.735266162387
816,Aruba,ABW,2014,407.2930583739443
817,Aruba,ABW,2015,262.729546161344
818,Aruba,ABW,2016,324.210370556503
819,Bulgaria,BGR,2010,1.3872667985129403
820,Bulgaria,BGR,2011,1.2317967712994737
821,Bulgaria,BGR,2012,1.215150570817367
822,Bulgaria,BGR,2013,1.2043995115571604
823,Bulgaria,BGR,2014,1.2816517865048946
824,Bulgaria,BGR,2015,1.274438447600965
825,Bulgaria,BGR,2016,1.1114184125524924
826,Uzbekistan,UZB,2010,12.053533633633696
827,Uzbekistan,UZB,2011,10.88308324056442
828,Uzbekistan,UZB,2012,9.258855737158292
829,Uzbekistan,UZB,2013,7.208692302303395
830,Uzbekistan,UZB,2014,6.027978137319924
831,Uzbekistan,UZB,2015,5.523768869969544
832,Uzbekistan,UZB,2016,6.349095135744691
833,Greenland,GRL,2010,7800.444724784689
834,Greenland,GRL,2011,9449.377967393297
835,Greenland,GRL,2012,5698.8755659096605
836,Greenland,GRL,2013,4953.152745532693
837,Greenland,GRL,2014,4708.451125888344
838,Greenland,GRL,2015,4730.592645958105
839,Greenland,GRL,2016,5316.148019046184
840,Seychelles,SYC,2010,1262.6281843604293
841,Seychelles,SYC,2011,1165.1195305544518
842,Seychelles,SYC,2012,934.410294809372
843,Seychelles,SYC,2013,633.708299547893
844,Seychelles,SYC,2014,789.6754228710279
845,Seychelles,SYC,2015,552.7223934236032
846,Seychelles,SYC,2016,709.4706350421785
847,Philippines,PHL,2010,5.378702509251753
848,Philippines,PHL,2011,4.4712952665948595
849,Philippines,PHL,2012,3.7529274462288944
850,Philippines,PHL,2013,3.79053396802057
851,Philippines,PHL,2014,3.500096781006572
852,Philippines,PHL,2015,4.031539983952465
853,Philippines,PHL,2016,4.469180010438714
854,Cambodia,KHM,2010,26.89160550313003
855,Cambodia,KHM,2011,21.805730576880126
856,Cambodia,KHM,2012,16.0106244687264
857,Cambodia,KHM,2013,17.04993438053827
858,Cambodia,KHM,2014,14.935358154585318
859,Cambodia,KHM,2015,13.187246878497199
860,Cambodia,KHM,2016,13.734195422222962
861,South Africa,ZAF,2010,2.586791161324134
862,South Africa,ZAF,2011,2.581412250419699
863,South Africa,ZAF,2012,2.339621555684274
864,South Africa,ZAF,2013,2.6699253726862047
865,South Africa,ZAF,2014,2.9061604893470543
866,South Africa,ZAF,2015,2.7815372947155046
867,South Africa,ZAF,2016,3.268906888978719
868,United Arab Emirates,ARE,2010,0.004350161500335001
869,United Arab Emirates,ARE,2011,0.004087248851283361
870,United Arab Emirates,ARE,2012,0.004547154889992019
871,United Arab Emirates,ARE,2013,0.003182790616709597
872,United Arab Emirates,ARE,2014,0.002992013580862023
873,United Arab Emirates,ARE,2015,0.003277130939779997
874,United Arab Emirates,ARE,2016,0.0037079572123716524
875,Bangladesh,BGD,2010,2.8275948607148766
876,Bangladesh,BGD,2011,3.4533588902633343
877,Bangladesh,BGD,2012,3.039650056286658
878,Bangladesh,BGD,2013,2.7195499090708632
879,Bangladesh,BGD,2014,2.579173570400799
880,Bangladesh,BGD,2015,2.0225710207599072
881,Bangladesh,BGD,2016,1.606780453313987
882,"Hong Kong SAR, China",HKG,2010,16.15021070877243
883,"Hong Kong SAR, China",HKG,2011,12.885606769167774
884,"Hong Kong SAR, China",HKG,2012,14.52616985836306
885,"Hong Kong SAR, China",HKG,2013,15.434525446443287
886,"Hong Kong SAR, China",HKG,2014,15.405172134211234
887,"Hong Kong SAR, China",HKG,2015,14.23159726137904
888,"Hong Kong SAR, China",HKG,2016,16.200838541642177
889,Georgia,GEO,2010,0.03594084686453914
890,Georgia,GEO,2011,0.031206666749050368
891,Georgia,GEO,2012,0.02686286363722295
892,Georgia,GEO,2013,0.01790685499374896
893,Georgia,GEO,2014,0.0193303726347464
894,Georgia,GEO,2015,0.021249114944150847
895,Georgia,GEO,2016,0.02047591258491148
896,Burundi,BDI,2010,181.0732605208968
897,Burundi,BDI,2011,216.2743771112773
898,Burundi,BDI,2012,176.862009245144
899,Burundi,BDI,2013,201.53266323560982
900,Burundi,BDI,2014,242.01881371112552
901,Burundi,BDI,2015,80.60059083360784
902,Burundi,BDI,2016,100.6865982493275
903,"Venezuela, RB",VEN,2010,2.629566824827854
904,"Venezuela, RB",VEN,2011,2.2189469787882667
905,"Venezuela, RB",VEN,2012,2.336372239975078
906,"Venezuela, RB",VEN,2013,3.8328453347168208
907,"Venezuela, RB",VEN,2014,4.870934844805737
908,"Venezuela, RB",VEN,2015,2.947642689501427
909,"Venezuela, RB",VEN,2016,3.2662554958531316
910,Norway,NOR,2010,0.6734299152817039
911,Norway,NOR,2011,0.6856292513993301
912,Norway,NOR,2012,0.7026558069470763
913,Norway,NOR,2013,0.7359626398919629
914,Norway,NOR,2014,0.7657500749735312
915,Norway,NOR,2015,1.0014306278742766
916,Norway,NOR,2016,0.9683869167154486
917,Slovak Republic,SVK,2010,0.2132006806044435
918,Slovak Republic,SVK,2011,0.22141280035407743
919,Slovak Republic,SVK,2012,0.22367691757469707
920,Slovak Republic,SVK,2013,0.15086147827837146
921,Slovak Republic,SVK,2014,0.16264596962690123
922,Slovak Republic,SVK,2015,0.23515703591825615
923,Slovak Republic,SVK,2016,0.16351380128249748
924,Dominican Republic,DOM,2010,4.322617987509761
925,Dominican Republic,DOM,2011,4.229491466000246
926,Dominican Republic,DOM,2012,3.7960408330882016
927,Dominican Republic,DOM,2013,3.622986170968547
928,Dominican Republic,DOM,2014,3.381148595466862
929,Dominican Republic,DOM,2015,2.912911290229438
930,Dominican Republic,DOM,2016,3.185943450357033
931,Montenegro,MNE,2010,19.02119510324595
932,Montenegro,MNE,2011,18.11566200733169
933,Montenegro,MNE,2012,19.605742528630437
934,Montenegro,MNE,2013,17.79138616693137
935,Montenegro,MNE,2014,17.636568367610302
936,Montenegro,MNE,2015,20.271241849436073
937,Montenegro,MNE,2016,22.775186998686703
938,"Congo, Rep.",COG,2010,347.9170269416083
939,"Congo, Rep.",COG,2011,255.44302907700452
940,"Congo, Rep.",COG,2012,183.5002094869938
941,"Congo, Rep.",COG,2013,164.41896774559842
942,"Congo, Rep.",COG,2014,217.410890025702
943,"Congo, Rep.",COG,2015,348.45550709907343
944,"Congo, Rep.",COG,2016,349.096061504915
945,Sint Maarten (Dutch part),SXM,2010,2315.8869347217633
946,Sint Maarten (Dutch part),SXM,2011,4527.221824337477
947,Sint Maarten (Dutch part),SXM,2012,2446.645255278878
948,Sint Maarten (Dutch part),SXM,2013,2339.5714268054544
949,Sint Maarten (Dutch part),SXM,2014,2032.1750142891628
950,Sint Maarten (Dutch part),SXM,2015,1625.8778633005968
951,Sint Maarten (Dutch part),SXM,2016,2100.2560706426916
952,Cayman Islands,CYM,2010,107.03689136055546
953,Cayman Islands,CYM,2011,104.47099391252866
954,Cayman Islands,CYM,2012,97.70205435652586
955,Cayman Islands,CYM,2013,100.31526092780598
956,Cayman Islands,CYM,2014,104.37388571216665
957,Cayman Islands,CYM,2015,104.4672589817455
958,Cayman Islands,CYM,2016,115.7591997161478
959,Central African Republic,CAF,2010,339.1960435413287
960,Central African Republic,CAF,2011,302.1520916887607
961,Central African Republic,CAF,2012,258.0104409833854
962,Central African Republic,CAF,2013,762.7274434234299
963,Central African Republic,CAF,2014,781.2014122135068
964,Central African Republic,CAF,2015,724.2016374592685
965,Central African Republic,CAF,2016,530.213361730351
966,Czechia,CZE,2010,2.9410637697009796
967,Czechia,CZE,2011,2.6954521219046095
968,Czechia,CZE,2012,2.8062311721917084
969,Czechia,CZE,2013,2.792420941479139
970,Czechia,CZE,2014,3.0747371873243257
971,Czechia,CZE,2015,3.178849156794657
972,Czechia,CZE,2016,3.324710303422488
973,Sri Lanka,LKA,2010,4.7206060942944905
974,Sri Lanka,LKA,2011,4.607443324182936
975,Sri Lanka,LKA,2012,4.308915434276811
976,Sri Lanka,LKA,2013,4.424164660120651
977,Sri Lanka,LKA,2014,4.603160599258772
978,Sri Lanka,LKA,2015,4.597508709498253
979,Sri Lanka,LKA,2016,5.094613589665122
980,Fiji,FJI,2010,45.45616875615027
981,Fiji,FJI,2011,36.182798415611124
982,Fiji,FJI,2012,33.296413801656094
983,Fiji,FJI,2013,42.8987161014588
984,Fiji,FJI,2014,31.813988942157323
985,Fiji,FJI,2015,32.53901504084568
986,Fiji,FJI,2016,29.504597539356574
987,Jamaica,JAM,2010,36.86693873265254
988,Jamaica,JAM,2011,36.77255732333295
989,Jamaica,JAM,2012,27.193482035814053
990,Jamaica,JAM,2013,32.04653918878621
991,Jamaica,JAM,2014,34.46682179041512
992,Jamaica,JAM,2015,28.061953591496753
993,Jamaica,JAM,2016,31.54421750120461
994,Russian Federation,RUS,2010,0.06060336245712981
995,Russian Federation,RUS,2011,0.04977311457003369
996,Russian Federation,RUS,2012,0.048212015557882223
997,Russian Federation,RUS,2013,0.05260948083407732
998,Russian Federation,RUS,2014,0.05485058968870498
999,Russian Federation,RUS,2015,0.07804523617012779
1000,Russian Federation,RUS,2016,0.08448498316075659
1001,Rwanda,RWA,2010,84.95696352425368
1002,Rwanda,RWA,2011,70.2016839709897
1003,Rwanda,RWA,2012,59.32566013386383
1004,Rwanda,RWA,2013,59.84136258267488
1005,Rwanda,RWA,2014,62.56654765661108
1006,Rwanda,RWA,2015,67.09458219163744
1007,Rwanda,RWA,2016,73.4026227580045
1008,Suriname,SUR,2010,135.41883470263488
1009,Suriname,SUR,2011,132.17256289894627
1010,Suriname,SUR,2012,123.60876872298552
1011,Suriname,SUR,2013,126.91489415527202
1012,Suriname,SUR,2014,132.04970545077174
1013,Suriname,SUR,2015,132.16783761247802
1014,Suriname,SUR,2016,146.4539537014911
1015,Australia,AUS,2010,2.6841942202095357
1016,Australia,AUS,2011,2.6143368120948423
1017,Australia,AUS,2012,2.6672410282894723
1018,Australia,AUS,2013,2.608099892106752
1019,Australia,AUS,2014,2.5494233184666943
1020,Australia,AUS,2015,2.91871142352845
1021,Australia,AUS,2016,3.178234265958695
1022,Portugal,PRT,2010,0.18482091211943985
1023,Portugal,PRT,2011,0.21279874597140883
1024,Portugal,PRT,2012,0.25044889513894664
1025,Portugal,PRT,2013,0.24082326725223277
1026,Portugal,PRT,2014,0.2454724498830324
1027,Portugal,PRT,2015,0.287861655171483
1028,Portugal,PRT,2016,0.3112150515019816
1029,Tunisia,TUN,2010,2.7380795157504942
1030,Tunisia,TUN,2011,2.4853089213124084
1031,Tunisia,TUN,2012,2.377482669036432
1032,Tunisia,TUN,2013,2.2471234722728597
1033,Tunisia,TUN,2014,2.381901634464699
1034,Tunisia,TUN,2015,2.370479651598576
1035,Tunisia,TUN,2016,2.6713939411452645
1036,Brazil,BRA,2010,0.02817177877354595
1037,Brazil,BRA,2011,0.027782924464500463
1038,Brazil,BRA,2012,0.02720753828113865
1039,Brazil,BRA,2013,0.03069645857835249
1040,Brazil,BRA,2014,0.03187265575289061
1041,Brazil,BRA,2015,0.03749577000652651
1042,Brazil,BRA,2016,0.04294835764860751
1043,Turkmenistan,TKM,2010,147.52220619301715
1044,Turkmenistan,TKM,2011,126.28572615496637
1045,Turkmenistan,TKM,2012,101.91917362430175
1046,Turkmenistan,TKM,2013,76.5035043066579
1047,Turkmenistan,TKM,2014,65.04440650102755
1048,Turkmenistan,TKM,2015,76.71059991286492
1049,Turkmenistan,TKM,2016,87.02839423608589
1050,Costa Rica,CRI,2010,0.4170319680716561
1051,Costa Rica,CRI,2011,0.41801519210806076
1052,Costa Rica,CRI,2012,0.3701359198391282
1053,Costa Rica,CRI,2013,0.3665344931761186
1054,Costa Rica,CRI,2014,0.4005449068297442
1055,Costa Rica,CRI,2015,0.32211788018395615
1056,Costa Rica,CRI,2016,0.41659111780253416
1057,Vanuatu,VUT,2010,3707.1269111697243
1058,Vanuatu,VUT,2011,2945.5402279928912
1059,Vanuatu,VUT,2012,2754.449912852552
1060,Vanuatu,VUT,2013,3845.6226861211608
1061,Vanuatu,VUT,2014,3255.0811396005224
1062,Vanuatu,VUT,2015,3614.256976985677
1063,Vanuatu,VUT,2016,3646.4930966031343
1064,Angola,AGO,2010,19.795532527903102
1065,Angola,AGO,2011,12.509815357811306
1066,Angola,AGO,2012,8.124457735512923
1067,Angola,AGO,2013,8.034526914528666
1068,Angola,AGO,2014,7.69815503233537
1069,Angola,AGO,2015,11.900574803881707
1070,Angola,AGO,2016,12.71807277868565
1071,Malta,MLT,2010,25.074605275751345
1072,Malta,MLT,2011,20.92853061447321
1073,Malta,MLT,2012,18.305818798360395
1074,Malta,MLT,2013,18.31206413827128
1075,Malta,MLT,2014,16.567202019597712
1076,Malta,MLT,2015,21.727464444281765
1077,Malta,MLT,2016,26.663474160761794
1078,Qatar,QAT,2010,0.002984310946199943
1079,Qatar,QAT,2011,0.0036757284681151496
1080,Qatar,QAT,2012,0.005361183159575859
1081,Qatar,QAT,2013,0.002277345453791122
1082,Qatar,QAT,2014,0.00210279069298846
1083,Qatar,QAT,2015,0.0025029379804967933
1084,Qatar,QAT,2016,0.0031182964027161174
1085,Armenia,ARM,2010,0.04559717905254951
1086,Armenia,ARM,2011,0.036258747163547426
1087,Armenia,ARM,2012,0.03328774269185687
1088,Armenia,ARM,2013,0.03758171992086518
1089,Armenia,ARM,2014,0.028859192324301702
1090,Armenia,ARM,2015,0.032700141960920685
1091,Armenia,ARM,2016,0.0358642277508354
1092,Algeria,DZA,2010,2.955731304967766
1093,Algeria,DZA,2011,2.326929575116098
1094,Algeria,DZA,2012,1.9302109831317773
1095,Algeria,DZA,2013,2.307742009191892
1096,Algeria,DZA,2014,2.3996293682858814
1097,Algeria,DZA,2015,2.882716447439966
1098,Algeria,DZA,2016,3.172564830598913
1099,Gabon,GAB,2010,89.61210924444397
1100,Gabon,GAB,2011,68.18763030407165
1101,Gabon,GAB,2012,65.38226934724833
1102,Gabon,GAB,2013,66.60040813103068
1103,Gabon,GAB,2014,64.92502637236673
1104,Gabon,GAB,2015,65.09315924247812
1105,Gabon,GAB,2016,79.45894853269753
1106,North Macedonia,MKD,2010,0.5504660957784437
1107,North Macedonia,MKD,2011,0.5638325565174708
1108,North Macedonia,MKD,2012,0.5609522319649789
1109,North Macedonia,MKD,2013,0.5229250865086773
1110,North Macedonia,MKD,2014,0.5942507984267915
1111,North Macedonia,MKD,2015,0.622054978378908
1112,North Macedonia,MKD,2016,0.6560143944205025
1113,Luxembourg,LUX,2010,1.2594322949749477
1114,Luxembourg,LUX,2011,1.1006209598404324
1115,Luxembourg,LUX,2012,1.0142250584593278
1116,Luxembourg,LUX,2013,1.1981286809972223
1117,Luxembourg,LUX,2014,1.5183512902184018
1118,Luxembourg,LUX,2015,1.7906593687815195
1119,Luxembourg,LUX,2016,1.790732188992361
1120,Thailand,THA,2010,2.950199308184231
1121,Thailand,THA,2011,2.070668938293452
1122,Thailand,THA,2012,2.4420100868795185
1123,Thailand,THA,2013,2.428738438661837
1124,Thailand,THA,2014,2.512007904202182
1125,Thailand,THA,2015,2.3142712977182742
1126,Thailand,THA,2016,2.522440368763127
1127,"Bahamas, The",BHS,2010,214.4035409600394
1128,"Bahamas, The",BHS,2011,229.41187640425366
1129,"Bahamas, The",BHS,2012,147.32807061723705
1130,"Bahamas, The",BHS,2013,176.06305203120587
1131,"Bahamas, The",BHS,2014,184.70195995274358
1132,"Bahamas, The",BHS,2015,129.15434045370063
1133,"Bahamas, The",BHS,2016,173.8124502846306
1134,Colombia,COL,2010,1.682095974711109
1135,Colombia,COL,2011,1.7582750626698656
1136,Colombia,COL,2012,1.5077632911498127
1137,Colombia,COL,2013,1.6510229312187046
1138,Colombia,COL,2014,1.7072072681319184
1139,Colombia,COL,2015,1.9442256566008922
1140,Colombia,COL,2016,2.383400451437561
1141,Mali,MLI,2010,99.99834210076234
1142,Mali,MLI,2011,88.46486022799476
1143,Mali,MLI,2012,102.53562532245189
1144,Mali,MLI,2013,98.88014000157511
1145,Mali,MLI,2014,105.04203292756203
1146,Mali,MLI,2015,106.70999434036521
1147,Mali,MLI,2016,108.55318443172862
1148,Paraguay,PRY,2010,16.0513944484536
1149,Paraguay,PRY,2011,12.72511778810345
1150,Paraguay,PRY,2012,11.186333610872664
1151,Paraguay,PRY,2013,11.125301393162204
1152,Paraguay,PRY,2014,10.467136855322577
1153,Paraguay,PRY,2015,9.53189595195796
1154,Paraguay,PRY,2016,11.047157346700217
1155,Latvia,LVA,2010,11.739378599492518
1156,Latvia,LVA,2011,12.33930991420067
1157,Latvia,LVA,2012,14.107008716699216
1158,Latvia,LVA,2013,12.555831374057178
1159,Latvia,LVA,2014,13.947914871656975
1160,Latvia,LVA,2015,16.929669011644975
1161,Latvia,LVA,2016,16.351516489257154
1162,Croatia,HRV,2010,0.3965908665813687
1163,Croatia,HRV,2011,0.43079118284247275
1164,Croatia,HRV,2012,0.4184246634183357
1165,Croatia,HRV,2013,0.44453464949735827
1166,Croatia,HRV,2014,0.4101903279848095
1167,Croatia,HRV,2015,0.6279907462056094
1168,Croatia,HRV,2016,0.7078709714710354
1169,Estonia,EST,2010,6.530254854950814
1170,Estonia,EST,2011,6.827811412524497
1171,Estonia,EST,2012,5.858889725413238
1172,Estonia,EST,2013,6.259203310637689
1173,Estonia,EST,2014,6.505260282323468
1174,Estonia,EST,2015,7.686677164293634
1175,Estonia,EST,2016,3.3478146220850395
1176,Japan,JPN,2010,0.0801830965977466
1177,Japan,JPN,2011,0.0750279178139968
1178,Japan,JPN,2012,0.07273352504403091
1179,Japan,JPN,2013,0.09072537307901753
1180,Japan,JPN,2014,0.06288441852542104
1181,Japan,JPN,2015,0.050983468938769476
1182,Japan,JPN,2016,0.0504296064653977
1183,Barbados,BRB,2010,65.65555841657523
1184,Barbados,BRB,2011,61.33697485202548
1185,Barbados,BRB,2012,56.47845471057933
1186,Barbados,BRB,2013,61.12466765311291
1187,Barbados,BRB,2014,60.2359657836826
1188,Barbados,BRB,2015,61.75387204021544
1189,Barbados,BRB,2016,58.031853349119444
1190,West Bank and Gaza,PSE,2010,2.1558016223891756
1191,West Bank and Gaza,PSE,2011,1.7267754847802672
1192,West Bank and Gaza,PSE,2012,1.3900551063139295
1193,West Bank and Gaza,PSE,2013,1.197218348088802
1194,West Bank and Gaza,PSE,2014,1.2981420600913374
1195,West Bank and Gaza,PSE,2015,1.3848995938962294
1196,West Bank and Gaza,PSE,2016,1.4926417957143194
1197,Eswatini,SWZ,2010,53.827319827448285
1198,Eswatini,SWZ,2011,44.692083466252555
1199,Eswatini,SWZ,2012,43.07672695345305
1200,Eswatini,SWZ,2013,55.75507617228654
1201,Eswatini,SWZ,2014,58.44281680547239
1202,Eswatini,SWZ,2015,52.74102188293096
1203,Eswatini,SWZ,2016,89.73462295263796
1204,Malaysia,MYS,2010,3.260740798291928
1205,Malaysia,MYS,2011,2.852629277243948
1206,Malaysia,MYS,2012,2.423015666036067
1207,Malaysia,MYS,2013,2.4809080715529204
1208,Malaysia,MYS,2014,2.5931969253573164
1209,Malaysia,MYS,2015,2.5120744481158352
1210,Malaysia,MYS,2016,2.617012006642695
1211,"Iran, Islamic Rep.",IRN,2010,0.5557220824813911
1212,"Iran, Islamic Rep.",IRN,2011,0.36282352661858697
1213,"Iran, Islamic Rep.",IRN,2012,0.6376013555532366
1214,"Iran, Islamic Rep.",IRN,2013,0.47486955874893133
1215,"Iran, Islamic Rep.",IRN,2014,0.5105910463314584
1216,"Iran, Islamic Rep.",IRN,2015,0.571562128379177
1217,"Iran, Islamic Rep.",IRN,2016,0.5750086849066868
1218,Nicaragua,NIC,2010,36.152250199042584
1219,Nicaragua,NIC,2011,35.07099176758636
1220,Nicaragua,NIC,2012,28.522925241832798
1221,Nicaragua,NIC,2013,26.51117173089189
1222,Nicaragua,NIC,2014,26.03811913945687
1223,Nicaragua,NIC,2015,19.835518147646354
1224,Nicaragua,NIC,2016,21.767056988442505
1225,"Yemen, Rep.",YEM,2010,9.674173024361682
1226,"Yemen, Rep.",YEM,2011,9.102085446704535
1227,"Yemen, Rep.",YEM,2012,7.301670299527756
1228,"Yemen, Rep.",YEM,2013,6.355019342122679
1229,"Yemen, Rep.",YEM,2014,6.6009704466254355
1230,"Yemen, Rep.",YEM,2015,16.53676275586831
1231,"Yemen, Rep.",YEM,2016,11.221632575322047
1232,United States,USA,2010,1.6166068044603972
1233,United States,USA,2011,1.5949106500798533
1234,United States,USA,2012,1.289972544567415
1235,United States,USA,2013,1.381262271129816
1236,United States,USA,2014,1.5141892042068927
1237,United States,USA,2015,1.2969069750687752
1238,United States,USA,2016,1.611354726369476
1239,Mongolia,MNG,2010,124.07696740853982
1240,Mongolia,MNG,2011,88.35224852082725
1241,Mongolia,MNG,2012,63.96485806137065
1242,Mongolia,MNG,2013,71.56052166631763
1243,Mongolia,MNG,2014,45.04446357796131
1244,Mongolia,MNG,2015,43.34673391974956
1245,Mongolia,MNG,2016,49.12184633009534
1246,India,IND,2010,0.30724410189745094
1247,India,IND,2011,0.2965427278156455
1248,India,IND,2012,0.291300305388294
1249,India,IND,2013,0.25985785321815913
1250,India,IND,2014,0.23563055636798308
1251,India,IND,2015,0.20063462901357013
1252,India,IND,2016,0.19296189816485004
1253,Kyrgyz Republic,KGZ,2010,78.96564609438437
1254,Kyrgyz Republic,KGZ,2011,61.17501872735465
1255,Kyrgyz Republic,KGZ,2012,56.78692908112137
1256,Kyrgyz Republic,KGZ,2013,51.25225330245663
1257,Kyrgyz Republic,KGZ,2014,54.009613545645955
1258,Kyrgyz Republic,KGZ,2015,56.29885431936346
1259,Kyrgyz Republic,KGZ,2016,62.984014068918285
1260,Maldives,MDV,2010,351.0050319185909
1261,Maldives,MDV,2011,342.59070949016154
1262,Maldives,MDV,2012,320.39339214742967
1263,Maldives,MDV,2013,328.9628549214584
1264,Maldives,MDV,2014,389.88443386725436
1265,Maldives,MDV,2015,341.3661395548393
1266,Maldives,MDV,2016,362.34341737679256
1267,Senegal,SEN,2010,21.38211604996816
1268,Senegal,SEN,2011,18.661750621347956
1269,Senegal,SEN,2012,18.129324740063847
1270,Senegal,SEN,2013,16.471787684801065
1271,Senegal,SEN,2014,11.320577764884415
1272,Senegal,SEN,2015,10.920902632834766
1273,Senegal,SEN,2016,12.827821976910943
1274,"Micronesia, Fed. Sts.",FSM,2010,4087.8666221002554
1275,"Micronesia, Fed. Sts.",FSM,2011,4031.2470858769866
1276,"Micronesia, Fed. Sts.",FSM,2012,3135.958183050808
1277,"Micronesia, Fed. Sts.",FSM,2013,2386.9969666044913
1278,"Micronesia, Fed. Sts.",FSM,2014,6782.430862855385
1279,"Micronesia, Fed. Sts.",FSM,2015,3345.2569235644337
1280,"Micronesia, Fed. Sts.",FSM,2016,5672.548594630458
1281,Austria,AUT,2010,1.24457569649759
1282,Austria,AUT,2011,1.2121837022243536
1283,Austria,AUT,2012,1.351790652337807
1284,Austria,AUT,2013,1.4788669740749458
1285,Austria,AUT,2014,1.4161146212929188
1286,Austria,AUT,2015,1.570923741783026
1287,Austria,AUT,2016,1.4337518268179115
1288,Marshall Islands,MHL,2010,11876.97474555981
1289,Marshall Islands,MHL,2011,5414.227469585208
1290,Marshall Islands,MHL,2012,8869.884707810706
1291,Marshall Islands,MHL,2013,11397.977482276698
1292,Marshall Islands,MHL,2014,14000.778478518274
1293,Marshall Islands,MHL,2015,6529.700820102105
1294,Marshall Islands,MHL,2016,9976.968101048862
1295,Serbia,SRB,2010,0.1084278379379044
1296,Serbia,SRB,2011,0.099814767525948
1297,Serbia,SRB,2012,0.09652098591331387
1298,Serbia,SRB,2013,0.09280386540758372
1299,Serbia,SRB,2014,0.0885538230799053
1300,Serbia,SRB,2015,0.10444070978423568
1301,Serbia,SRB,2016,0.11960304161401462
1302,France,FRA,2010,0.2505305195054662
1303,France,FRA,2011,0.21032557491359663
1304,France,FRA,2012,0.24801591940209516
1305,France,FRA,2013,0.28834225544735237
1306,France,FRA,2014,0.2642150243641819
1307,France,FRA,2015,0.33305815241998105
1308,France,FRA,2016,0.3419203679558004
1309,Libya,LBY,2010,10.521600607697883
1310,Libya,LBY,2011,14.118692572501908
1311,Libya,LBY,2012,7.84380226748884
1312,Libya,LBY,2013,10.537625934497491
1313,Libya,LBY,2014,12.436422190361279
1314,Libya,LBY,2015,10.974883891625847
1315,Libya,LBY,2016,12.221555817470136
1316,Zambia,ZMB,2010,32.407621804406176
1317,Zambia,ZMB,2011,28.56133609376437
1318,Zambia,ZMB,2012,20.552801103167702
1319,Zambia,ZMB,2013,21.07254232686455
1320,Zambia,ZMB,2014,21.545422030237205
1321,Zambia,ZMB,2015,23.496980152592247
1322,Zambia,ZMB,2016,29.300947896027612
1323,Ecuador,ECU,2010,4.87397653433385
1324,Ecuador,ECU,2011,4.533757111795358
1325,Ecuador,ECU,2012,3.8688412605864135
1326,Ecuador,ECU,2013,3.7824230219917614
1327,Ecuador,ECU,2014,3.7871863920086706
1328,Ecuador,ECU,2015,3.289978492775631
1329,Ecuador,ECU,2016,3.479301378348937
1330,Oman,OMN,2010,0.01976675410232682
1331,Oman,OMN,2011,0.017193954473718607
1332,Oman,OMN,2012,0.014741544107701367
1333,Oman,OMN,2013,0.012905304281198342
1334,Oman,OMN,2014,0.010967172389679838
1335,Oman,OMN,2015,0.011783953368800589
1336,Oman,OMN,2016,0.011448684193545097
