"year","location_code","prodinit_ippu_plastic_tonne"
2010,"ABW",1792.77956934574
2011,"ABW",1936.66467714128
2012,"ABW",1820.24977541266
2013,"ABW",1800.47674262246
2014,"ABW",2126.28662490387
2015,"ABW",2616.31467535734
2016,"ABW",3562.96425170633
2017,"ABW",2821.27507096035
2018,"ABW",2869.00695191352
2019,"ABW",3633.43724288473
2020,"ABW",2543.46505848782
2010,"AGO",64733.6520812565
2011,"AGO",92202.0951297288
2012,"AGO",159074.890943211
2013,"AGO",146405.715513717
2014,"AGO",179894.405467215
2015,"AGO",133136.575644329
2016,"AGO",113046.837391965
2017,"AGO",174301.579495198
2018,"AGO",140030.522891432
2019,"AGO",195865.878006287
2020,"AGO",158921.589245634
2010,"ALB",25326.8533756267
2011,"ALB",28421.5551299399
2012,"ALB",32101.6178588623
2013,"ALB",33600.3629801794
2014,"ALB",32354.6261459603
2015,"ALB",36558.492406254
2016,"ALB",39164.4953853084
2017,"ALB",41525.5648872964
2018,"ALB",47750.681581748
2019,"ALB",46501.0432862722
2020,"ALB",52311.9956699038
2010,"ARE",740326.937054397
2011,"ARE",887946.991972835
2012,"ARE",897945.692570622
2013,"ARE",884382.885938787
2014,"ARE",950144.339702144
2015,"ARE",906528.404488063
2016,"ARE",907032.507658625
2017,"ARE",926831.239027911
2018,"ARE",1103328.8718194
2019,"ARE",1085502.60738257
2020,"ARE",943491.125771426
2010,"ARG",1826142.29683459
2011,"ARG",2009992.66367638
2012,"ARG",2235095.6081046
2013,"ARG",2185507.01148996
2014,"ARG",2069621.2160139
2015,"ARG",2506486.28623638
2016,"ARG",1982546.82124287
2017,"ARG",2119847.22121093
2018,"ARG",1609495.64501998
2019,"ARG",1523597.21565779
2020,"ARG",1468061.21081864
2010,"ARM",12010.4772288678
2011,"ARM",14823.735522228
2012,"ARM",13951.457820412
2013,"ARM",14256.7605078265
2014,"ARM",18449.0868371215
2015,"ARM",13889.5974861502
2016,"ARM",12880.5053502332
2017,"ARM",14358.3473390882
2018,"ARM",16311.4152122488
2019,"ARM",19279.8237781982
2020,"ARM",22096.3253197848
2010,"ASM",1129.62969442211
2011,"ASM",248.176404861661
2012,"ASM",235.419791531584
2013,"ASM",205.155317059242
2014,"ASM",658.944389548816
2015,"ASM",348.364940511203
2016,"ASM",166.425324693505
2017,"ASM",598.562492243713
2018,"ASM",180.41727989003
2019,"ASM",194.832979874657
2020,"ASM",177.30076392088
2010,"ATG",2047.77024895033
2011,"ATG",1382.60391771927
2012,"ATG",2609.93003701165
2013,"ATG",879.939943538299
2014,"ATG",937.861618099594
2015,"ATG",1221.19394971085
2016,"ATG",1273.66345113583
2017,"ATG",1482.48296317132
2018,"ATG",1601.3852199128
2019,"ATG",1627.5980320302
2020,"ATG",1653.17206254953
2010,"AUS",2292628.2856085
2011,"AUS",2572704.23633148
2012,"AUS",2568855.46898976
2013,"AUS",2633154.29488525
2014,"AUS",2546021.86620488
2015,"AUS",2616206.03473377
2016,"AUS",2584270.1811921
2017,"AUS",2743306.05732103
2018,"AUS",2792448.18874953
2019,"AUS",2598544.98042062
2020,"AUS",2652131.26623113
2010,"AUT",2218201.61396563
2011,"AUT",2323008.01333348
2012,"AUT",2252755.70680948
2013,"AUT",2373689.30773845
2014,"AUT",2351289.92158322
2015,"AUT",2201603.2720158
2016,"AUT",2249815.31229241
2017,"AUT",2326392.69371273
2018,"AUT",2434669.03097045
2019,"AUT",2323478.40471292
2020,"AUT",2199854.8299357
2010,"AZE",144235.644683568
2011,"AZE",162244.001492311
2012,"AZE",180089.01535523
2013,"AZE",174821.491189956
2014,"AZE",181031.898872435
2015,"AZE",108552.570675072
2016,"AZE",75185.2573543429
2017,"AZE",76115.502788549
2018,"AZE",86455.0577596849
2019,"AZE",105909.577421316
2020,"AZE",103100.40330202
2010,"BDI",5081.04061717312
2011,"BDI",2864.96072533143
2012,"BDI",6643.97939784687
2013,"BDI",5992.69570914409
2014,"BDI",9000.14142418342
2015,"BDI",10137.4700078348
2016,"BDI",13774.4126495672
2017,"BDI",13464.0422490933
2018,"BDI",8115.81621294998
2019,"BDI",6214.97119205574
2020,"BDI",9477.4726256967
2010,"BEL",4794369.84553454
2011,"BEL",4898333.78352444
2012,"BEL",4750217.39307026
2013,"BEL",5014809.30944145
2014,"BEL",4966721.94200344
2015,"BEL",4029971.03962915
2016,"BEL",3944914.26673011
2017,"BEL",3985839.86958564
2018,"BEL",4080759.92430061
2019,"BEL",3967493.13567333
2020,"BEL",3561752.0446192
2010,"BEN",18638.4861375732
2011,"BEN",33701.2476117831
2012,"BEN",33216.8830324857
2013,"BEN",26204.8953032317
2014,"BEN",27691.371079775
2015,"BEN",28991.8805169573
2016,"BEN",25346.440187468
2017,"BEN",19634.1962414827
2018,"BEN",22163.5162921628
2019,"BEN",23790.9323448901
2020,"BEN",30506.5427759346
2010,"BFA",20488.5859631882
2011,"BFA",31826.9289192329
2012,"BFA",26921.2762132312
2013,"BFA",29109.2394083158
2014,"BFA",23802.3285555026
2015,"BFA",45590.2027928285
2016,"BFA",60249.7181899837
2017,"BFA",66015.0377660404
2018,"BFA",55428.8420934482
2019,"BFA",41855.3795122197
2020,"BFA",40128.7539413991
2010,"BGD",423733.941617625
2011,"BGD",356413.93767723
2012,"BGD",394965.437971382
2013,"BGD",485144.809115346
2014,"BGD",604424.713857234
2015,"BGD",664713.477010229
2016,"BGD",1044495.19615752
2017,"BGD",1119093.83059636
2018,"BGD",1115460.35019892
2019,"BGD",1221083.00782758
2020,"BGD",1217080.91818242
2010,"BGR",225550.036735781
2011,"BGR",234315.025747367
2012,"BGR",236256.026514066
2013,"BGR",257033.059450828
2014,"BGR",271661.18806155
2015,"BGR",269126.067113831
2016,"BGR",292725.713767361
2017,"BGR",310814.156407423
2018,"BGR",348831.469615136
2019,"BGR",362043.888564687
2020,"BGR",378345.277457223
2010,"BHR",38167.3120464103
2011,"BHR",30459.9090668975
2012,"BHR",38890.3477812995
2013,"BHR",35893.7108878407
2014,"BHR",45799.6041789593
2015,"BHR",59390.1217052739
2016,"BHR",63638.9643233404
2017,"BHR",55483.7402709547
2018,"BHR",61378.1527792199
2019,"BHR",61582.5836724185
2020,"BHR",65695.1421072217
2010,"BHS",34099.5395936716
2011,"BHS",77480.0257804874
2012,"BHS",47534.1863850474
2013,"BHS",46411.7641389916
2014,"BHS",47677.5581013319
2015,"BHS",43216.8358340015
2016,"BHS",33745.5501464281
2017,"BHS",36855.3450892197
2018,"BHS",34800.5253220485
2019,"BHS",30730.0729624229
2020,"BHS",32261.0473458715
2010,"BIH",78847.9961780922
2011,"BIH",81252.064344235
2012,"BIH",88832.0290852363
2013,"BIH",98957.8019539466
2014,"BIH",104577.065770352
2015,"BIH",106849.927013059
2016,"BIH",116785.281310975
2017,"BIH",118654.560826716
2018,"BIH",132456.30550995
2019,"BIH",143780.097054629
2020,"BIH",152954.409600244
2010,"BLR",208731.086272532
2011,"BLR",163986.873521943
2012,"BLR",230972.58674219
2013,"BLR",319858.149816313
2014,"BLR",357159.863267832
2015,"BLR",266778.140271713
2016,"BLR",264057.225276572
2017,"BLR",292378.155988744
2018,"BLR",294732.040128185
2019,"BLR",332085.891638113
2020,"BLR",311449.665342748
2010,"BLZ",4189.70162090842
2011,"BLZ",3617.24065667909
2012,"BLZ",4011.19892590223
2013,"BLZ",4891.83749815423
2014,"BLZ",4423.27235229073
2015,"BLZ",5341.01423068925
2016,"BLZ",5199.38565183082
2017,"BLZ",5299.90956766647
2018,"BLZ",5234.87550034346
2019,"BLZ",5775.00258805983
2020,"BLZ",4792.15390325043
2010,"BMU",6858.85060717211
2011,"BMU",9345.38925955926
2012,"BMU",10269.1003443543
2013,"BMU",14051.6978258347
2014,"BMU",4453.00288203389
2015,"BMU",5366.82249793384
2016,"BMU",5868.08035653938
2017,"BMU",6044.41739026656
2018,"BMU",4787.2911951333
2019,"BMU",4206.52608905554
2020,"BMU",5990.14849581865
2010,"BOL",66924.8288439833
2011,"BOL",66795.5123110172
2012,"BOL",77622.0786000312
2013,"BOL",85923.6228908713
2014,"BOL",73491.7628913474
2015,"BOL",88002.2704395251
2016,"BOL",100707.384242517
2017,"BOL",93399.1991204019
2018,"BOL",98756.4184372336
2019,"BOL",97841.6191628539
2020,"BOL",92614.4444712669
2010,"BRA",7001403.98270078
2011,"BRA",7838699.13658761
2012,"BRA",7418240.22368673
2013,"BRA",7418570.89718131
2014,"BRA",7528366.47424202
2015,"BRA",6323137.72887435
2016,"BRA",6491465.69732823
2017,"BRA",7569580.31702119
2018,"BRA",6295153.10651528
2019,"BRA",6023144.32620431
2020,"BRA",4635387.51223029
2010,"BRB",12986.6053645243
2011,"BRB",8250.03618090996
2012,"BRB",9347.3081906083
2013,"BRB",7923.31120128849
2014,"BRB",8279.10448946568
2015,"BRB",8384.52564784728
2016,"BRB",9206.3704300075
2017,"BRB",9474.8973137811
2018,"BRB",10754.7102835331
2019,"BRB",10862.9793115011
2020,"BRB",10755.4914674829
2010,"BRN",17761.8649721228
2011,"BRN",17520.5336871796
2012,"BRN",22282.3597593917
2013,"BRN",33391.2267973702
2014,"BRN",31792.9850767109
2015,"BRN",26269.6384723152
2016,"BRN",14892.0665770519
2017,"BRN",15624.0004979657
2018,"BRN",12978.055461374
2019,"BRN",11123.6269173831
2020,"BRN",9921.78746278535
2010,"BTN",1936.38226368095
2011,"BTN",2219.7095432502
2012,"BTN",1165.22018539216
2013,"BTN",1581.60671777745
2014,"BTN",1953.38422985819
2015,"BTN",3552.04506382024
2016,"BTN",3620.82318890233
2017,"BTN",4012.99163657836
2018,"BTN",5043.40212078746
2019,"BTN",5589.67242997564
2020,"BTN",4141.58767640178
2010,"BWA",22039.4056616492
2011,"BWA",21164.2380142401
2012,"BWA",20996.0664134881
2013,"BWA",18194.207341274
2014,"BWA",21232.9402284368
2015,"BWA",20844.6862015167
2016,"BWA",21755.2625504518
2017,"BWA",26179.5540750814
2018,"BWA",28665.8122140757
2019,"BWA",35094.413916292
2020,"BWA",25886.2615366474
2010,"CAF",2224.03528129671
2011,"CAF",2929.82937025338
2012,"CAF",2840.77342039104
2013,"CAF",5055.26842005535
2014,"CAF",2927.12571711167
2015,"CAF",2808.38622182504
2016,"CAF",1651.8834138127
2017,"CAF",1874.93511514794
2018,"CAF",1710.24614329511
2019,"CAF",2043.60457145644
2020,"CAF",1403.54503624091
2010,"CAN",6854864.19791734
2011,"CAN",7014815.24243087
2012,"CAN",7431935.01399115
2013,"CAN",7526636.69094718
2014,"CAN",7496037.79671838
2015,"CAN",7480326.59750738
2016,"CAN",7490179.72910612
2017,"CAN",7873151.26431975
2018,"CAN",8147009.79428118
2019,"CAN",8038116.20596263
2020,"CAN",7744171.88193944
2010,"CHE",1531369.82531336
2011,"CHE",1605651.51254756
2012,"CHE",1546055.52033272
2013,"CHE",1482002.89102493
2014,"CHE",1669184.07133235
2015,"CHE",1608877.23383363
2016,"CHE",1531170.59858064
2017,"CHE",1601747.71324898
2018,"CHE",1698801.54855208
2019,"CHE",1644970.40833197
2020,"CHE",1499068.15503145
2010,"CHL",592513.087581214
2011,"CHL",605905.191935058
2012,"CHL",712128.653118511
2013,"CHL",714326.889475143
2014,"CHL",694889.802535787
2015,"CHL",768084.545396517
2016,"CHL",780198.559288636
2017,"CHL",859563.757594347
2018,"CHL",873676.616636567
2019,"CHL",811725.367814465
2020,"CHL",752788.991693945
2010,"CHN",30311792.1462845
2011,"CHN",33058823.8883214
2012,"CHN",37857944.5861451
2013,"CHN",41893423.3664164
2014,"CHN",44961908.0628174
2015,"CHN",51802899.7386931
2016,"CHN",54518102.1472418
2017,"CHN",58833929.3336034
2018,"CHN",65537297.5102034
2019,"CHN",71243792.2574889
2020,"CHN",73376476.543521
2010,"CIV",86331.169393447
2011,"CIV",96219.9789985817
2012,"CIV",96307.7919131062
2013,"CIV",138520.59472163
2014,"CIV",167079.911621051
2015,"CIV",173684.416804169
2016,"CIV",193199.979865288
2017,"CIV",202809.888267373
2018,"CIV",207493.228186537
2019,"CIV",212281.408682147
2020,"CIV",219510.868451478
2010,"CMR",48665.5168192382
2011,"CMR",48939.4082411443
2012,"CMR",53046.013217248
2013,"CMR",61608.7127261995
2014,"CMR",70125.8500222601
2015,"CMR",79367.4882973476
2016,"CMR",79597.5141614741
2017,"CMR",82877.2127030814
2018,"CMR",92506.9051601629
2019,"CMR",85289.3266105738
2020,"CMR",114894.229942218
2010,"COD",28409.188775223
2011,"COD",33459.8801402298
2012,"COD",44760.4442680728
2013,"COD",50715.5376474315
2014,"COD",46898.826862202
2015,"COD",59767.6557322077
2016,"COD",45831.4610752927
2017,"COD",41716.0420822057
2018,"COD",60848.1228167104
2019,"COD",85847.3784640518
2020,"COD",65213.9814632719
2010,"COG",11311.4068973802
2011,"COG",15887.7448769693
2012,"COG",20448.5764142271
2013,"COG",24775.9718397746
2014,"COG",18693.6155230144
2015,"COG",12979.3144044306
2016,"COG",8389.21102140821
2017,"COG",10409.0537426271
2018,"COG",13682.754913764
2019,"COG",11146.6425141447
2020,"COG",12273.822475666
2010,"COL",1438229.90743133
2011,"COL",1425357.72856855
2012,"COL",1586274.80085478
2013,"COL",1653179.69997503
2014,"COL",1746141.8733385
2015,"COL",1631857.94805462
2016,"COL",1568655.92841641
2017,"COL",1692658.70706002
2018,"COL",1822699.46956141
2019,"COL",1737059.43275921
2020,"COL",1562425.89597436
2010,"COM",1931.66798547973
2011,"COM",622.513376191793
2012,"COM",1491.35347649029
2013,"COM",2271.76005240948
2014,"COM",1974.33692142268
2015,"COM",5411.04638581256
2016,"COM",7421.19787701334
2017,"COM",4955.47921056278
2018,"COM",3648.2215600865
2019,"COM",2976.5622510455
2020,"COM",1997.66091630258
2010,"CPV",3452.9261416151
2011,"CPV",3014.37406222864
2012,"CPV",3045.11881206827
2013,"CPV",3418.82747665475
2014,"CPV",2990.55794304646
2015,"CPV",3024.56532540971
2016,"CPV",3685.22159874854
2017,"CPV",2781.04907290165
2018,"CPV",3703.21102874337
2019,"CPV",3756.58165500548
2020,"CPV",3540.6548457669
2010,"CRI",233377.370606698
2011,"CRI",283015.889972216
2012,"CRI",279636.623310321
2013,"CRI",303519.71779403
2014,"CRI",329338.601179952
2015,"CRI",381036.874589203
2016,"CRI",390797.185407436
2017,"CRI",377004.947040244
2018,"CRI",366201.743292061
2019,"CRI",390249.154506288
2020,"CRI",379341.706513841
2010,"CUB",112370.110792082
2011,"CUB",100834.190091708
2012,"CUB",116449.879991998
2013,"CUB",117803.905674051
2014,"CUB",116306.710076511
2015,"CUB",186003.095032227
2016,"CUB",190744.333218144
2017,"CUB",198062.254117902
2018,"CUB",164609.583571745
2019,"CUB",194632.65539662
2020,"CUB",182971.381520074
2010,"CUW",3950.30355961749
2011,"CUW",3346.63549656559
2012,"CUW",3564.49876301324
2013,"CUW",2945.9215743229
2014,"CUW",6571.31155061468
2015,"CUW",5074.48917999144
2016,"CUW",3169.61322242864
2017,"CUW",2979.65513038591
2018,"CUW",3950.30355961749
2019,"CUW",3950.30355961749
2020,"CUW",3950.30355961749
2010,"CYM",3246.60193668735
2011,"CYM",3246.60193668735
2012,"CYM",3246.60193668735
2013,"CYM",3246.60193668735
2014,"CYM",3246.60193668735
2015,"CYM",3246.60193668735
2016,"CYM",3246.60193668735
2017,"CYM",2664.3895368266
2018,"CYM",3185.62607313598
2019,"CYM",3435.93436531872
2020,"CYM",3700.45777146811
2010,"CYP",47071.4510567793
2011,"CYP",49059.3765012549
2012,"CYP",45409.3199622351
2013,"CYP",37924.9309817634
2014,"CYP",29004.0247311339
2015,"CYP",36350.3633518975
2016,"CYP",32664.1053441372
2017,"CYP",35744.6892999887
2018,"CYP",36828.9126489761
2019,"CYP",38281.8075200332
2020,"CYP",27404.0983637615
2010,"CZE",1344248.4476201
2011,"CZE",1433972.96003429
2012,"CZE",1337440.22455405
2013,"CZE",1438031.32153115
2014,"CZE",1433472.96040343
2015,"CZE",1390262.20928308
2016,"CZE",1484007.73921918
2017,"CZE",1650334.85364443
2018,"CZE",1819270.39334848
2019,"CZE",1764225.43574635
2020,"CZE",1648397.58865098
2010,"DEU",19320670.5304889
2011,"DEU",20526471.7862663
2012,"DEU",19529613.9740785
2013,"DEU",20485274.1061261
2014,"DEU",21055070.7957408
2015,"DEU",19333913.6668552
2016,"DEU",20110541.0286017
2017,"DEU",21279744.1914008
2018,"DEU",22336694.0074052
2019,"DEU",21175771.4881516
2020,"DEU",20270782.064219
2010,"DJI",15249.3862181768
2011,"DJI",15249.3862181768
2012,"DJI",15249.3862181768
2013,"DJI",6635.63966115317
2014,"DJI",9325.37299584341
2015,"DJI",14198.8174259214
2016,"DJI",17644.5068577016
2017,"DJI",16024.0720721276
2018,"DJI",18041.7376046297
2019,"DJI",18594.0024509336
2020,"DJI",21530.9406771038
2010,"DMA",2135.34045260071
2011,"DMA",2601.50001198087
2012,"DMA",2128.19007346674
2013,"DMA",2234.75850594829
2014,"DMA",2328.27422702561
2015,"DMA",2513.55451005585
2016,"DMA",2390.79557753482
2017,"DMA",2386.15923991009
2018,"DMA",2751.5655470483
2019,"DMA",2385.57090506347
2020,"DMA",2385.57090506347
2010,"DNK",1074701.40348317
2011,"DNK",1107281.47312327
2012,"DNK",1073173.03497638
2013,"DNK",1071413.29799793
2014,"DNK",1110663.37252213
2015,"DNK",1028211.51489321
2016,"DNK",1051037.23349654
2017,"DNK",1084376.21915317
2018,"DNK",1107823.90222895
2019,"DNK",1015459.69661197
2020,"DNK",1002664.8144847
2010,"DOM",312479.999120832
2011,"DOM",355297.519009392
2012,"DOM",329907.052349926
2013,"DOM",342863.636436522
2014,"DOM",409157.455519449
2015,"DOM",444829.300044985
2016,"DOM",464726.510804118
2017,"DOM",495133.552705071
2018,"DOM",534335.928743316
2019,"DOM",545622.112267746
2020,"DOM",558346.375898192
2010,"DZA",322427.817052639
2011,"DZA",430266.459210261
2012,"DZA",447582.909439601
2013,"DZA",522216.951129907
2014,"DZA",508847.79732926
2015,"DZA",460926.801148946
2016,"DZA",504609.494265273
2017,"DZA",488609.242729006
2018,"DZA",587961.029063368
2019,"DZA",603011.672823643
2020,"DZA",507942.774504264
2010,"ECU",256166.177728094
2011,"ECU",283164.278793368
2012,"ECU",316731.779632379
2013,"ECU",345275.608806198
2014,"ECU",373758.378416046
2015,"ECU",408522.402065329
2016,"ECU",436587.643264139
2017,"ECU",434947.903497555
2018,"ECU",452552.949343296
2019,"ECU",424190.452460617
2020,"ECU",386455.35119185
2010,"EGY",1043453.42927476
2011,"EGY",1249499.48919175
2012,"EGY",1572424.86572752
2013,"EGY",1789783.19166949
2014,"EGY",2123353.93629323
2015,"EGY",2162184.1284885
2016,"EGY",2242876.72618274
2017,"EGY",1675214.54081737
2018,"EGY",1760622.25200497
2019,"EGY",2075409.05891475
2020,"EGY",2194324.1422442
2010,"ERI",2353.93790890211
2011,"ERI",2014.89153543208
2012,"ERI",2184.41472216709
2013,"ERI",2184.41472216709
2014,"ERI",2184.41472216709
2015,"ERI",2184.41472216709
2016,"ERI",2184.41472216709
2017,"ERI",2184.41472216709
2018,"ERI",2184.41472216709
2019,"ERI",2184.41472216709
2020,"ERI",2184.41472216709
2010,"ESP",6474836.75239246
2011,"ESP",6251790.20078547
2012,"ESP",5658068.91596562
2013,"ESP",5908808.27559751
2014,"ESP",6049637.41608194
2015,"ESP",5881563.23003197
2016,"ESP",6046050.50148134
2017,"ESP",6360151.64015941
2018,"ESP",6771346.98945917
2019,"ESP",6532499.93123216
2020,"ESP",6203140.58700959
2010,"EST",101561.975090758
2011,"EST",102680.912914532
2012,"EST",102680.994100662
2013,"EST",110350.31237182
2014,"EST",118776.730259442
2015,"EST",112595.793901156
2016,"EST",122317.150620865
2017,"EST",140015.154241018
2018,"EST",147008.231068463
2019,"EST",144515.682905609
2020,"EST",135231.547319498
2010,"ETH",122943.155762494
2011,"ETH",46663.885430539
2012,"ETH",62874.1231273636
2013,"ETH",98836.8943962357
2014,"ETH",202354.396332571
2015,"ETH",92261.7028534542
2016,"ETH",114342.143740749
2017,"ETH",128355.321837558
2018,"ETH",142503.083609053
2019,"ETH",176271.281162059
2020,"ETH",164968.725135356
2010,"FIN",1114255.84568974
2011,"FIN",1145463.18454805
2012,"FIN",1089324.28441094
2013,"FIN",1152011.22433418
2014,"FIN",1172099.73584711
2015,"FIN",1078948.91894215
2016,"FIN",1060473.40184604
2017,"FIN",1082399.88841099
2018,"FIN",1104817.05959616
2019,"FIN",1032776.76218504
2020,"FIN",1017466.54497259
2010,"FJI",8467.333284787
2011,"FJI",9966.72767284158
2012,"FJI",10161.9471681324
2013,"FJI",9894.05813853862
2014,"FJI",12055.3537419403
2015,"FJI",14782.0943591525
2016,"FJI",17641.6345641963
2017,"FJI",17389.4379475135
2018,"FJI",18749.3510260009
2019,"FJI",14170.5966066334
2020,"FJI",15269.1468362913
2010,"FRA",12849567.5551798
2011,"FRA",13032049.2475856
2012,"FRA",12352149.3637813
2013,"FRA",12686950.2179886
2014,"FRA",12641154.6738512
2015,"FRA",11407486.2383968
2016,"FRA",11704217.8058595
2017,"FRA",12243962.1608542
2018,"FRA",12552961.7054519
2019,"FRA",12025652.865204
2020,"FRA",11438384.4560733
2010,"FRO",3302.27537465023
2011,"FRO",3600.8521412805
2012,"FRO",3148.96898292747
2013,"FRO",3934.13448878247
2014,"FRO",4177.96415987241
2015,"FRO",4098.59102597446
2016,"FRO",4463.16567531842
2017,"FRO",4734.13166908615
2018,"FRO",5147.28987307161
2019,"FRO",6017.41554151894
2020,"FRO",5998.27021810322
2010,"FSM",249.347294139325
2011,"FSM",236.992444238085
2012,"FSM",271.27400553527
2013,"FSM",297.462152693714
2014,"FSM",533.318910783765
2015,"FSM",336.581421210153
2016,"FSM",323.806839236079
2017,"FSM",378.407984540151
2018,"FSM",495.851797965512
2019,"FSM",421.36266764159
2020,"FSM",505.861811910152
2010,"GAB",16137.8078456
2011,"GAB",22997.9578459114
2012,"GAB",25234.0820406804
2013,"GAB",25089.2441439084
2014,"GAB",25667.0239057868
2015,"GAB",26189.2352303649
2016,"GAB",22693.3874117584
2017,"GAB",23166.0623250483
2018,"GAB",26576.7504323524
2019,"GAB",26443.5214766451
2020,"GAB",22809.4780844074
2010,"GBR",7617621.26293893
2011,"GBR",7815859.80331194
2012,"GBR",7723055.75360406
2013,"GBR",8045638.02741312
2014,"GBR",8931302.88159368
2015,"GBR",8996079.76195147
2016,"GBR",8368900.66859283
2017,"GBR",8262360.75244789
2018,"GBR",8512676.24005787
2019,"GBR",8351297.21338919
2020,"GBR",8059964.07825065
2010,"GEO",34776.7798155533
2011,"GEO",43166.5940609552
2012,"GEO",47468.6293108147
2013,"GEO",51970.6896251613
2014,"GEO",50951.3051290405
2015,"GEO",44051.5384918949
2016,"GEO",44299.1266111085
2017,"GEO",47646.3884691893
2018,"GEO",51688.9446331502
2019,"GEO",52911.5251364087
2020,"GEO",48894.5784226057
2010,"GHA",81202.5085025368
2011,"GHA",103780.626448967
2012,"GHA",132111.547500687
2013,"GHA",168893.064735223
2014,"GHA",180062.240600579
2015,"GHA",185287.062098082
2016,"GHA",208981.190575038
2017,"GHA",213996.491215498
2018,"GHA",227538.786721838
2019,"GHA",203045.093136179
2020,"GHA",367106.413894605
2010,"GIN",14796.212519455
2011,"GIN",14768.7740891327
2012,"GIN",16597.2907476027
2013,"GIN",20314.2528302079
2014,"GIN",23066.7331310891
2015,"GIN",23741.8019863809
2016,"GIN",16323.4684981198
2017,"GIN",21931.6983749973
2018,"GIN",26056.746152998
2019,"GIN",33739.9311596014
2020,"GIN",21100.7716331802
2010,"GMB",6752.77072366697
2011,"GMB",9401.41496250415
2012,"GMB",8909.59930331242
2013,"GMB",10222.0404345594
2014,"GMB",8669.47560664114
2015,"GMB",7606.56869581873
2016,"GMB",9678.83822656083
2017,"GMB",8153.30947202262
2018,"GMB",6937.49209205466
2019,"GMB",12750.4878336785
2020,"GMB",8541.83080219773
2010,"GNB",2194.15525908293
2011,"GNB",2179.19795140724
2012,"GNB",2339.38730282811
2013,"GNB",3453.99962590989
2014,"GNB",2840.08664061192
2015,"GNB",4646.67594154377
2016,"GNB",3078.47688460153
2017,"GNB",2410.96549578712
2018,"GNB",3095.78130556618
2019,"GNB",3211.2555789558
2020,"GNB",5211.11043856232
2010,"GNQ",6806.91047157799
2011,"GNQ",9520.83623776507
2012,"GNQ",10802.2025898878
2013,"GNQ",11689.7589125179
2014,"GNQ",10737.155312378
2015,"GNQ",7694.93322178497
2016,"GNQ",5829.28044215073
2017,"GNQ",4000.93712065141
2018,"GNQ",4803.81457769859
2019,"GNQ",5236.94069964081
2020,"GNQ",4787.93237665449
2010,"GRC",954031.661155864
2011,"GRC",897523.170795046
2012,"GRC",750314.06968209
2013,"GRC",803043.986380627
2014,"GRC",792036.540671792
2015,"GRC",744513.33318345
2016,"GRC",789236.552879208
2017,"GRC",747751.056776145
2018,"GRC",737587.946242044
2019,"GRC",709596.281429426
2020,"GRC",725447.990520547
2010,"GRL",2160.73762384414
2011,"GRL",1767.01507147698
2012,"GRL",2371.05789704215
2013,"GRL",3298.63385423262
2014,"GRL",3691.82362310086
2015,"GRL",3598.60612880723
2016,"GRL",2945.11852611155
2017,"GRL",2830.76484157634
2018,"GRL",3231.5739134282
2019,"GRL",2979.77665735903
2020,"GRL",2694.00846256611
2010,"GTM",230789.872242928
2011,"GTM",245674.393645628
2012,"GTM",270909.359054494
2013,"GTM",312327.42302116
2014,"GTM",321854.349171182
2015,"GTM",389343.18477199
2016,"GTM",417415.076307785
2017,"GTM",432824.732062608
2018,"GTM",446530.546036425
2019,"GTM",467383.799552435
2020,"GTM",494732.912805144
2010,"GUM",950.693867265583
2011,"GUM",878.857758510046
2012,"GUM",1072.53183883657
2013,"GUM",885.166445559922
2014,"GUM",792.096157867948
2015,"GUM",592.102382853804
2016,"GUM",1204.66308239565
2017,"GUM",1234.68843627841
2018,"GUM",1264.85976890683
2019,"GUM",1714.14226536154
2020,"GUM",976.597850590654
2010,"HKG",769615.205641187
2011,"HKG",680739.031463008
2012,"HKG",641325.488397774
2013,"HKG",621423.485527428
2014,"HKG",624954.753782313
2015,"HKG",696619.28555271
2016,"HKG",674574.613687918
2017,"HKG",631304.914705949
2018,"HKG",591409.014634043
2019,"HKG",551464.964437713
2020,"HKG",436748.162339875
2010,"HND",63160.971482127
2011,"HND",65138.4189100249
2012,"HND",71790.4379259176
2013,"HND",75848.8478607053
2014,"HND",72826.3824126814
2015,"HND",82249.41559415
2016,"HND",91605.9155649208
2017,"HND",89241.8062948236
2018,"HND",95008.734448662
2019,"HND",97151.3442873255
2020,"HND",104605.146480966
2010,"HRV",288892.485872036
2011,"HRV",284099.939955608
2012,"HRV",236224.310592755
2013,"HRV",239036.209468669
2014,"HRV",243131.690074953
2015,"HRV",235384.601347116
2016,"HRV",247823.078850094
2017,"HRV",256140.638676995
2018,"HRV",283368.434126425
2019,"HRV",284806.772412947
2020,"HRV",271871.103922494
2010,"HTI",25926.99912341
2011,"HTI",35672.5779712725
2012,"HTI",38073.9225537623
2013,"HTI",39896.965954117
2014,"HTI",56905.757413898
2015,"HTI",50593.0948526463
2016,"HTI",41663.3693697813
2017,"HTI",46178.4788788386
2018,"HTI",47737.257035334
2019,"HTI",44963.8409481815
2020,"HTI",56260.7602410293
2010,"HUN",694280.682307558
2011,"HUN",754236.757423854
2012,"HUN",736046.814930799
2013,"HUN",809002.384926421
2014,"HUN",825873.519351294
2015,"HUN",820489.240503681
2016,"HUN",864208.418089429
2017,"HUN",961245.637451214
2018,"HUN",1074467.95894059
2019,"HUN",1068055.78383996
2020,"HUN",985099.812052492
2010,"IDN",2539485.01028269
2011,"IDN",2935526.35226474
2012,"IDN",3109628.43715904
2013,"IDN",3344340.32647531
2014,"IDN",3459149.27564339
2015,"IDN",3744028.76078579
2016,"IDN",4227211.37373932
2017,"IDN",4368527.48161378
2018,"IDN",4386907.3129369
2019,"IDN",4970829.23589362
2020,"IDN",4691252.05074089
2010,"IND",3655024.67826342
2011,"IND",3712725.57203782
2012,"IND",3845464.72272085
2013,"IND",4720493.89735107
2014,"IND",5396415.82641521
2015,"IND",6529627.85653483
2016,"IND",6978514.67078229
2017,"IND",7589237.89958224
2018,"IND",8544681.57868832
2019,"IND",9076745.57283271
2020,"IND",7620432.18857848
2010,"IRL",347209.200428427
2011,"IRL",382446.305632737
2012,"IRL",346578.817559673
2013,"IRL",387682.522161887
2014,"IRL",371045.613620528
2015,"IRL",368613.14634302
2016,"IRL",338772.166129735
2017,"IRL",372202.181455202
2018,"IRL",408964.834878815
2019,"IRL",339396.657111355
2020,"IRL",326225.608104261
2010,"IRN",2072031.44727482
2011,"IRN",2522427.10935019
2012,"IRN",1812541.79054484
2013,"IRN",1938328.53098153
2014,"IRN",2178987.14285435
2015,"IRN",2501857.6189292
2016,"IRN",2479836.76551328
2017,"IRN",2619034.74914822
2018,"IRN",1656345.73754551
2019,"IRN",1796201.46345378
2020,"IRN",1928627.96503239
2010,"IRQ",268930.657384223
2011,"IRQ",341719.231296479
2012,"IRQ",337204.60562262
2013,"IRQ",630144.210807455
2014,"IRQ",526907.422857669
2015,"IRQ",506124.94072804
2016,"IRQ",685722.824763165
2017,"IRQ",878766.345263392
2018,"IRQ",896714.435373263
2019,"IRQ",420394.917600036
2020,"IRQ",435028.914975836
2010,"ISL",23698.4902109548
2011,"ISL",22218.6795728675
2012,"ISL",21393.9536861083
2013,"ISL",23553.0940367021
2014,"ISL",25824.3614964853
2015,"ISL",26369.52924709
2016,"ISL",31494.7931777019
2017,"ISL",33788.1517193567
2018,"ISL",34199.3632742434
2019,"ISL",37444.3645000546
2020,"ISL",39511.9566746745
2010,"ISR",994588.532957488
2011,"ISR",1073066.26648334
2012,"ISR",1059445.46142959
2013,"ISR",1171194.56149445
2014,"ISR",1236108.99969673
2015,"ISR",1312076.77632686
2016,"ISR",1385895.35465682
2017,"ISR",1568983.09645428
2018,"ISR",1589285.37886262
2019,"ISR",1654580.55075093
2020,"ISR",1650882.1983414
2010,"ITA",11943569.2148866
2011,"ITA",12364223.8383344
2012,"ITA",11437178.6841879
2013,"ITA",12061326.6880643
2014,"ITA",12142270.6500332
2015,"ITA",11385934.5347323
2016,"ITA",11860125.7394301
2017,"ITA",12182327.9895308
2018,"ITA",12516155.0842668
2019,"ITA",12037549.174191
2020,"ITA",11150244.0433683
2010,"JAM",27975.5955456708
2011,"JAM",24591.3057165184
2012,"JAM",33858.7006257891
2013,"JAM",29381.4187385831
2014,"JAM",27644.3772044754
2015,"JAM",39043.7759426143
2016,"JAM",38173.1957319621
2017,"JAM",34409.9105640365
2018,"JAM",37487.2158903309
2019,"JAM",37748.2858024121
2020,"JAM",40936.2795187436
2010,"JOR",104357.087412883
2011,"JOR",116542.080096312
2012,"JOR",148568.105257475
2013,"JOR",177703.035004138
2014,"JOR",179366.684128219
2015,"JOR",195035.241466103
2016,"JOR",175589.766060407
2017,"JOR",176019.315004759
2018,"JOR",177451.376109197
2019,"JOR",179059.932884276
2020,"JOR",193026.65255859
2010,"JPN",24971500.6596982
2011,"JPN",25006730.640944
2012,"JPN",25210406.4048121
2013,"JPN",20592981.7575043
2014,"JPN",18200858.4693072
2015,"JPN",18276945.2478345
2016,"JPN",21442103.0053486
2017,"JPN",20868142.5714094
2018,"JPN",20585716.8310764
2019,"JPN",21049753.8072674
2020,"JPN",21199748.8144966
2010,"KAZ",259361.897006695
2011,"KAZ",357348.578089094
2012,"KAZ",448674.551400547
2013,"KAZ",485977.507603665
2014,"KAZ",503031.795226356
2015,"KAZ",408544.061248872
2016,"KAZ",351154.59359089
2017,"KAZ",479787.735996877
2018,"KAZ",476239.039047202
2019,"KAZ",473179.375313836
2020,"KAZ",448732.227177332
2010,"KEN",195737.453995753
2011,"KEN",175831.316785293
2012,"KEN",240458.24479773
2013,"KEN",282339.699197588
2014,"KEN",311403.72939576
2015,"KEN",363911.308498838
2016,"KEN",391261.062404599
2017,"KEN",369082.590058751
2018,"KEN",428119.581746039
2019,"KEN",447556.720580142
2020,"KEN",497755.602023609
2010,"KGZ",16895.423777668
2011,"KGZ",20680.0089781144
2012,"KGZ",19469.453069956
2013,"KGZ",25411.9307410701
2014,"KGZ",22075.4800238565
2015,"KGZ",22714.2038147556
2016,"KGZ",23725.0103501908
2017,"KGZ",26621.102717832
2018,"KGZ",31062.5351947055
2019,"KGZ",33834.0643816976
2020,"KGZ",29830.1862236017
2010,"KHM",30778.4928852748
2011,"KHM",35697.3764371681
2012,"KHM",48111.3196554843
2013,"KHM",52219.3657170135
2014,"KHM",62000.0272952742
2015,"KHM",76585.9939564606
2016,"KHM",81738.078848935
2017,"KHM",96434.1889192559
2018,"KHM",116967.40330866
2019,"KHM",153424.41593652
2020,"KHM",167732.633996541
2010,"KIR",329.128068528233
2011,"KIR",115.175078515473
2012,"KIR",404.241834895564
2013,"KIR",277.279609869112
2014,"KIR",171.811295840054
2015,"KIR",321.341279637043
2016,"KIR",311.575023087358
2017,"KIR",304.176616490571
2018,"KIR",430.097113950701
2019,"KIR",167.228432846936
2020,"KIR",265.295334688447
2010,"KOR",6281623.97086937
2011,"KOR",5846924.16108415
2012,"KOR",6085026.43481696
2013,"KOR",6781243.94579685
2014,"KOR",7326845.90953447
2015,"KOR",8056390.59125857
2016,"KOR",8625982.67883348
2017,"KOR",9108512.38807648
2018,"KOR",9741649.67818003
2019,"KOR",9762051.19307571
2020,"KOR",9529551.06882147
2010,"KWT",349393.956588301
2011,"KWT",379252.688981138
2012,"KWT",311929.487475064
2013,"KWT",342625.988782638
2014,"KWT",302579.719813026
2015,"KWT",280582.671626649
2016,"KWT",283601.656207866
2017,"KWT",301403.306652654
2018,"KWT",277834.810140558
2019,"KWT",301399.661580994
2020,"KWT",313060.394784889
2010,"LAO",13657.7830189415
2011,"LAO",12984.8924818073
2012,"LAO",15401.1876676799
2013,"LAO",17795.1679327057
2014,"LAO",23349.3889349265
2015,"LAO",28158.1518275453
2016,"LAO",36909.730318889
2017,"LAO",21179.4717403565
2018,"LAO",21179.4717403565
2019,"LAO",21179.4717403565
2020,"LAO",21179.4717403565
2010,"LBN",95639.8233422442
2011,"LBN",91303.9496467505
2012,"LBN",123333.564887082
2013,"LBN",137301.345825274
2014,"LBN",156512.907016635
2015,"LBN",162587.940960192
2016,"LBN",167632.987760206
2017,"LBN",175369.828051454
2018,"LBN",190174.37539157
2019,"LBN",175635.431267516
2020,"LBN",131316.057540666
2010,"LBY",159131.445001338
2011,"LBY",63605.670527702
2012,"LBY",155470.894695979
2013,"LBY",131301.663197437
2014,"LBY",109317.625465665
2015,"LBY",108690.629310472
2016,"LBY",106679.59205733
2017,"LBY",117161.092962729
2018,"LBY",117585.644694049
2019,"LBY",115487.29449509
2020,"LBY",118443.155240779
2010,"LKA",255657.545204928
2011,"LKA",255657.545204928
2012,"LKA",255657.545204928
2013,"LKA",255657.545204928
2014,"LKA",255657.545204928
2015,"LKA",244428.037059538
2016,"LKA",250725.996612603
2017,"LKA",248769.054723361
2018,"LKA",249912.509199358
2019,"LKA",242544.508007897
2020,"LKA",297565.165626813
2010,"LSO",2659.90888241222
2011,"LSO",3254.81023493945
2012,"LSO",3286.54783362293
2013,"LSO",5428.7783082228
2014,"LSO",3456.56962555734
2015,"LSO",3160.14034172781
2016,"LSO",3120.45035640813
2017,"LSO",2929.91424338233
2018,"LSO",3400.51205808213
2019,"LSO",3700.03540708551
2020,"LSO",2910.21280436321
2010,"LTU",272425.061687847
2011,"LTU",286405.622331886
2012,"LTU",274471.589691341
2013,"LTU",310156.287663115
2014,"LTU",349267.268748771
2015,"LTU",309076.298840938
2016,"LTU",336732.380173607
2017,"LTU",353422.784460551
2018,"LTU",404694.555294394
2019,"LTU",385425.496614941
2020,"LTU",371536.07350288
2010,"LUX",130456.168548614
2011,"LUX",132877.581854349
2012,"LUX",126809.653161
2013,"LUX",133765.734031484
2014,"LUX",127223.992671322
2015,"LUX",116412.174184262
2016,"LUX",119205.42886723
2017,"LUX",123630.109901727
2018,"LUX",133036.104024695
2019,"LUX",126144.354153174
2020,"LUX",114399.301009976
2010,"LVA",106030.517543447
2011,"LVA",103190.59885616
2012,"LVA",107348.915235356
2013,"LVA",120617.489208661
2014,"LVA",121036.777161444
2015,"LVA",114762.12638552
2016,"LVA",125084.208602575
2017,"LVA",139736.488297663
2018,"LVA",155802.106157643
2019,"LVA",156670.825928649
2020,"LVA",144701.075319713
2010,"MAC",25057.2099299056
2011,"MAC",26774.6165329298
2012,"MAC",34486.0880947135
2013,"MAC",52119.8929620066
2014,"MAC",45981.0858375105
2015,"MAC",51536.9235793696
2016,"MAC",42388.8661799355
2017,"MAC",41549.3096948432
2018,"MAC",34395.4126197053
2019,"MAC",33329.8204103996
2020,"MAC",15084.3068740665
2010,"MAR",259525.927776794
2011,"MAR",270123.666373033
2012,"MAR",268151.779923804
2013,"MAR",319681.626409327
2014,"MAR",375932.661171433
2015,"MAR",410598.156069701
2016,"MAR",388908.053031402
2017,"MAR",424681.617842421
2018,"MAR",463678.81127204
2019,"MAR",523293.89913791
2020,"MAR",510732.736423762
2010,"MDA",30012.5157937228
2011,"MDA",33359.3815034195
2012,"MDA",35942.6095812897
2013,"MDA",37910.5028599556
2014,"MDA",38960.4395024594
2015,"MDA",34871.747446724
2016,"MDA",36248.1939375276
2017,"MDA",45383.1777340168
2018,"MDA",52815.7491280737
2019,"MDA",56481.4385020001
2020,"MDA",56662.9892495498
2010,"MDG",17230.4875561748
2011,"MDG",22000.7691725908
2012,"MDG",26966.7029739556
2013,"MDG",27243.3550238336
2014,"MDG",29574.3977689226
2015,"MDG",29760.9548633503
2016,"MDG",33897.2378359268
2017,"MDG",34474.4579799698
2018,"MDG",34617.766515089
2019,"MDG",37844.2915774326
2020,"MDG",35621.9547800087
2010,"MDV",7777.70372595306
2011,"MDV",7777.70372595306
2012,"MDV",7777.70372595306
2013,"MDV",7777.70372595306
2014,"MDV",5124.7407966255
2015,"MDV",6507.61873756498
2016,"MDV",8051.04115711781
2017,"MDV",8572.73956636067
2018,"MDV",9851.22754497255
2019,"MDV",9053.86465811827
2020,"MDV",7282.69362091163
2010,"MEX",5324737.25280989
2011,"MEX",5518940.18359264
2012,"MEX",6050411.76294754
2013,"MEX",6614371.32686976
2014,"MEX",6807905.34527512
2015,"MEX",6760267.21003538
2016,"MEX",6368468.03731188
2017,"MEX",6316862.87147002
2018,"MEX",6503245.50889712
2019,"MEX",6558685.20976036
2020,"MEX",5656888.15588946
2010,"MHL",156.955312043846
2011,"MHL",1383.56121861868
2012,"MHL",241.377203983694
2013,"MHL",188.489269313449
2014,"MHL",308.518925621325
2015,"MHL",547.616155287313
2016,"MHL",2828.35877827649
2017,"MHL",6606.70027879984
2018,"MHL",6966.25254639756
2019,"MHL",2831.79573626142
2020,"MHL",1275.16797179599
2010,"MKD",36910.1845231113
2011,"MKD",40598.3928317831
2012,"MKD",41129.5643902619
2013,"MKD",50123.6854828807
2014,"MKD",45650.553553435
2015,"MKD",44076.3986460374
2016,"MKD",46257.5228152774
2017,"MKD",43808.2325139459
2018,"MKD",49628.4538626594
2019,"MKD",49898.2074183657
2020,"MKD",50473.068157731
2010,"MLI",16471.215849247
2011,"MLI",21209.8124778411
2012,"MLI",21492.2329002356
2013,"MLI",22798.2524938603
2014,"MLI",22292.6233008847
2015,"MLI",25612.7523476319
2016,"MLI",24087.1420502719
2017,"MLI",26942.8036592961
2018,"MLI",29879.83077566
2019,"MLI",29392.5464064938
2020,"MLI",25278.0554252933
2010,"MLT",17286.0093129889
2011,"MLT",17315.7729025812
2012,"MLT",18669.7653192785
2013,"MLT",19009.1531037036
2014,"MLT",19954.1304667878
2015,"MLT",19309.2002665934
2016,"MLT",18458.3432019945
2017,"MLT",21579.9091464783
2018,"MLT",23440.7430244249
2019,"MLT",23995.2971991271
2020,"MLT",19735.323025447
2010,"MMR",347801.918716487
2011,"MMR",524039.065018003
2012,"MMR",715598.972761684
2013,"MMR",319105.341271448
2014,"MMR",286867.776310968
2015,"MMR",266767.166005759
2016,"MMR",232157.553984018
2017,"MMR",224261.331879702
2018,"MMR",254711.492624207
2019,"MMR",316904.941394506
2020,"MMR",323598.413201158
2010,"MNE",9505.51468805783
2011,"MNE",10288.0293665486
2012,"MNE",9921.7294493839
2013,"MNE",10250.3646280225
2014,"MNE",12030.7230270132
2015,"MNE",10092.2271401602
2016,"MNE",12628.7606093467
2017,"MNE",12796.7885822962
2018,"MNE",16774.7205893291
2019,"MNE",15289.0487512082
2020,"MNE",12966.1090815046
2010,"MNG",12606.7405028978
2011,"MNG",14740.6128711038
2012,"MNG",21113.8643489057
2013,"MNG",24105.2955529402
2014,"MNG",21647.9901895305
2015,"MNG",17926.9102160797
2016,"MNG",13862.5940346466
2017,"MNG",15013.574162089
2018,"MNG",14735.1072441074
2019,"MNG",17150.4853887618
2020,"MNG",17097.7792530283
2010,"MNP",125.447630805283
2011,"MNP",99.6817756847311
2012,"MNP",103.121333047105
2013,"MNP",178.761022974078
2014,"MNP",223.651078831817
2015,"MNP",233.73192373532
2016,"MNP",255.805222861777
2017,"MNP",344.26846634677
2018,"MNP",207.450643593385
2019,"MNP",292.316480163916
2020,"MNP",206.423557804418
2010,"MOZ",28368.7010597942
2011,"MOZ",29506.1298204554
2012,"MOZ",26614.6781752702
2013,"MOZ",28709.4762134134
2014,"MOZ",31330.0647483464
2015,"MOZ",40058.4777176249
2016,"MOZ",26357.6354613206
2017,"MOZ",34549.3571678593
2018,"MOZ",32981.6149388765
2019,"MOZ",35397.0523627178
2020,"MOZ",37693.0884934152
2010,"MRT",7547.1330541649
2011,"MRT",12492.3861205804
2012,"MRT",9687.39531434641
2013,"MRT",8743.97286827311
2014,"MRT",9959.40113504249
2015,"MRT",11105.3500294481
2016,"MRT",19413.7829216637
2017,"MRT",15229.8906173172
2018,"MRT",13893.1775631703
2019,"MRT",13363.6877224873
2020,"MRT",12690.3108911854
2010,"MUS",17941.415877396
2011,"MUS",20652.9368556366
2012,"MUS",20081.3446577071
2013,"MUS",20849.0781376819
2014,"MUS",23830.4183114187
2015,"MUS",24957.9490337001
2016,"MUS",25965.2226095792
2017,"MUS",28371.0540109648
2018,"MUS",36354.6835064587
2019,"MUS",36037.5242629414
2020,"MUS",26795.4095318988
2010,"MYS",1168064.62793524
2011,"MYS",1308222.75070574
2012,"MYS",1432697.74139492
2013,"MYS",1584919.05165557
2014,"MYS",1765174.49001788
2015,"MYS",1842423.00870019
2016,"MYS",1859476.09560492
2017,"MYS",1852979.27988459
2018,"MYS",2273115.12866065
2019,"MYS",2473732.74764514
2020,"MYS",2200039.00597944
2010,"NAM",23442.3810113087
2011,"NAM",23777.8338358397
2012,"NAM",25240.0202249245
2013,"NAM",26335.8751699471
2014,"NAM",27158.4393582321
2015,"NAM",25940.0382934447
2016,"NAM",22157.4726448189
2017,"NAM",28464.2966070702
2018,"NAM",38487.5012395628
2019,"NAM",35214.2346293853
2020,"NAM",32633.9818248934
2010,"NCL",10701.5287801581
2011,"NCL",12718.6338638754
2012,"NCL",11324.8839395048
2013,"NCL",11173.6179696723
2014,"NCL",12130.0896141577
2015,"NCL",12508.7757809739
2016,"NCL",11777.7063911728
2017,"NCL",11138.9143734137
2018,"NCL",11684.2688391161
2019,"NCL",11684.2688391161
2020,"NCL",11684.2688391161
2010,"NER",4837.97331909313
2011,"NER",6312.13830738063
2012,"NER",7394.42047037191
2013,"NER",20065.3633173568
2014,"NER",11393.7098618985
2015,"NER",9494.09570988348
2016,"NER",12177.1315277765
2017,"NER",10629.4322683758
2018,"NER",11570.4724539381
2019,"NER",13172.2889133029
2020,"NER",11273.9818263972
2010,"NGA",722508.828133504
2011,"NGA",711893.960261437
2012,"NGA",1020292.30923178
2013,"NGA",1454565.8629879
2014,"NGA",1534961.73239616
2015,"NGA",1497861.29085782
2016,"NGA",1181040.36586075
2017,"NGA",1078319.16675089
2018,"NGA",860381.265551143
2019,"NGA",841251.918326747
2020,"NGA",1849399.94950128
2010,"NIC",22236.6578158055
2011,"NIC",27341.8865923731
2012,"NIC",30845.8550038302
2013,"NIC",33279.6038316565
2014,"NIC",33321.3606680099
2015,"NIC",42332.9293197324
2016,"NIC",48734.0649794303
2017,"NIC",48415.2766177886
2018,"NIC",46264.4235873111
2019,"NIC",48800.9285192888
2020,"NIC",47067.5005858836
2010,"NLD",4269073.18213169
2011,"NLD",4493286.25132131
2012,"NLD",4240674.90087068
2013,"NLD",4445485.39582662
2014,"NLD",4480010.82462851
2015,"NLD",3938745.48124984
2016,"NLD",4138471.67781816
2017,"NLD",4295030.25589232
2018,"NLD",4565697.09741145
2019,"NLD",4455299.86693253
2020,"NLD",4178353.80235767
2010,"NOR",864821.149887341
2011,"NOR",916511.569578152
2012,"NOR",988726.407178665
2013,"NOR",994252.590726252
2014,"NOR",957204.344324006
2015,"NOR",834475.346770938
2016,"NOR",826332.347833702
2017,"NOR",874273.257146693
2018,"NOR",923268.34634273
2019,"NOR",855185.381021418
2020,"NOR",819634.908265841
2010,"NPL",72489.1958812131
2011,"NPL",88358.1904796907
2012,"NPL",66424.4206234544
2013,"NPL",83570.8232286937
2014,"NPL",96815.9150093434
2015,"NPL",86701.4884267334
2016,"NPL",102296.044261913
2017,"NPL",96688.1698660672
2018,"NPL",99101.5136692871
2019,"NPL",108847.65621243
2020,"NPL",93527.0462831189
2010,"NRU",29.2385302171248
2011,"NRU",97.3004391351663
2012,"NRU",139.232069728467
2013,"NRU",328.339306094396
2014,"NRU",202.958670613342
2015,"NRU",123.625665511796
2016,"NRU",204.688281147672
2017,"NRU",149.275051402645
2018,"NRU",253.556047924572
2019,"NRU",106.738542124792
2020,"NRU",178.449922161182
2010,"NZL",419948.498983062
2011,"NZL",441322.853470048
2012,"NZL",465882.719673963
2013,"NZL",495938.744964032
2014,"NZL",520846.655531329
2015,"NZL",513862.09324161
2016,"NZL",527554.186728068
2017,"NZL",558650.293241677
2018,"NZL",542895.027514374
2019,"NZL",541464.411962533
2020,"NZL",580878.304201962
2010,"OMN",208617.150961037
2011,"OMN",230362.658041529
2012,"OMN",251500.837943424
2013,"OMN",249546.010377534
2014,"OMN",291019.622123396
2015,"OMN",269087.985188547
2016,"OMN",301424.045181736
2017,"OMN",319217.647052297
2018,"OMN",373113.52911552
2019,"OMN",368344.966722517
2020,"OMN",317866.161524581
2010,"PAK",869417.823115358
2011,"PAK",1029531.7584846
2012,"PAK",982380.019567229
2013,"PAK",989123.979511242
2014,"PAK",1092619.90368198
2015,"PAK",1264458.13203328
2016,"PAK",1390993.37037802
2017,"PAK",1483974.90574989
2018,"PAK",1426067.7629466
2019,"PAK",1321074.67518096
2020,"PAK",1275027.90846962
2010,"PAN",51146.3165405674
2011,"PAN",58527.8190699812
2012,"PAN",76167.5197124544
2013,"PAN",86077.5541641818
2014,"PAN",88547.6956805556
2015,"PAN",108458.563421183
2016,"PAN",111895.836041248
2017,"PAN",133718.832536193
2018,"PAN",107188.728806798
2019,"PAN",117757.073493069
2020,"PAN",126989.932241238
2010,"PER",631516.752610511
2011,"PER",685975.923935241
2012,"PER",764975.904561702
2013,"PER",844424.190419382
2014,"PER",874436.075260754
2015,"PER",847891.146667666
2016,"PER",802315.048000644
2017,"PER",823092.738137487
2018,"PER",938431.647770099
2019,"PER",908454.125640036
2020,"PER",868497.327264841
2010,"PHL",869987.796990732
2011,"PHL",934846.403332069
2012,"PHL",1149678.55391799
2013,"PHL",1153959.42911036
2014,"PHL",1286792.1086678
2015,"PHL",1160302.10129993
2016,"PHL",1184933.92080879
2017,"PHL",1100549.3155789
2018,"PHL",1065986.07923032
2019,"PHL",1274907.78262142
2020,"PHL",1335221.6952773
2010,"POL",3284603.95447501
2011,"POL",3649485.39458452
2012,"POL",3566483.17661094
2013,"POL",3910796.60172563
2014,"POL",3967722.16865851
2015,"POL",3863278.42528115
2016,"POL",3897561.23041926
2017,"POL",4204413.91982603
2018,"POL",4761190.53291023
2019,"POL",4622650.11319594
2020,"POL",4340105.50130505
2010,"PRT",1258609.87945963
2011,"PRT",1297562.20528486
2012,"PRT",1182798.14029022
2013,"PRT",1283997.57725459
2014,"PRT",1309443.83782412
2015,"PRT",1252296.57724536
2016,"PRT",1292336.57829738
2017,"PRT",1375773.57754217
2018,"PRT",1493588.9496409
2019,"PRT",1374063.63972012
2020,"PRT",1326404.54915004
2010,"PRY",80854.043476622
2011,"PRY",84563.1690422473
2012,"PRY",88787.0888202104
2013,"PRY",103086.801213478
2014,"PRY",116359.487552108
2015,"PRY",123173.665381735
2016,"PRY",121397.047708238
2017,"PRY",122577.356115681
2018,"PRY",122671.220886475
2019,"PRY",122465.803216216
2020,"PRY",122503.884767388
2010,"PSE",35461.2396262604
2011,"PSE",41201.4682164728
2012,"PSE",45943.9213481564
2013,"PSE",52537.0162384232
2014,"PSE",53714.1603650565
2015,"PSE",60173.5059489985
2016,"PSE",69105.630899099
2017,"PSE",63702.9932221215
2018,"PSE",68502.6992487903
2019,"PSE",69482.8825122608
2020,"PSE",71385.9450063672
2010,"PYF",10563.2906288922
2011,"PYF",10563.2906288922
2012,"PYF",10563.2906288922
2013,"PYF",10563.2906288922
2014,"PYF",10563.2906288922
2015,"PYF",10563.2906288922
2016,"PYF",10563.2906288922
2017,"PYF",10494.1972044943
2018,"PYF",10563.2906288922
2019,"PYF",11013.1250595239
2020,"PYF",10182.5496226583
2010,"QAT",291699.149666789
2011,"QAT",325342.383501603
2012,"QAT",280476.16706515
2013,"QAT",529364.323452909
2014,"QAT",432837.528003149
2015,"QAT",466262.273024563
2016,"QAT",502784.050300596
2017,"QAT",461764.65603487
2018,"QAT",454416.683688316
2019,"QAT",408319.139720849
2020,"QAT",303810.50612537
2010,"ROU",865612.331151109
2011,"ROU",951333.204122303
2012,"ROU",919017.333132165
2013,"ROU",958388.958133963
2014,"ROU",1002537.90046977
2015,"ROU",999632.413088981
2016,"ROU",1029857.64887976
2017,"ROU",1127064.8517106
2018,"ROU",1264433.78997953
2019,"ROU",1252025.95940684
2020,"ROU",1228440.33105361
2010,"RUS",3560037.52037304
2011,"RUS",4437265.45812585
2012,"RUS",5100385.92419653
2013,"RUS",5099524.78595793
2014,"RUS",4863187.93463816
2015,"RUS",3599892.43467751
2016,"RUS",3602248.21336481
2017,"RUS",4132359.48825213
2018,"RUS",4314936.68920598
2019,"RUS",4486217.56269751
2020,"RUS",4449124.40888471
2010,"RWA",13521.3974158154
2011,"RWA",11857.1772549643
2012,"RWA",13114.3557423017
2013,"RWA",12522.2635512667
2014,"RWA",13337.7723384557
2015,"RWA",12052.3777187173
2016,"RWA",10902.0901580395
2017,"RWA",12629.1486674818
2018,"RWA",20692.2227633369
2019,"RWA",12437.9481075877
2020,"RWA",13462.6221830447
2010,"SAU",2598977.87443744
2011,"SAU",2906440.97699856
2012,"SAU",3423378.11824677
2013,"SAU",3635845.99134098
2014,"SAU",4079508.18422571
2015,"SAU",4784723.99422436
2016,"SAU",5033091.70344449
2017,"SAU",5133268.6099239
2018,"SAU",5666712.19596194
2019,"SAU",5835468.65119357
2020,"SAU",5848793.01883468
2010,"SDN",149477.693348806
2011,"SDN",228295.390374858
2012,"SDN",215987.031725849
2013,"SDN",220513.435708938
2014,"SDN",4374888.59219955
2015,"SDN",4860346.51019878
2016,"SDN",4806791.55199509
2017,"SDN",4900045.41170723
2018,"SDN",4619640.90344094
2019,"SDN",6833869.05812765
2020,"SDN",12479823.0090674
2010,"SEN",48901.2281863662
2011,"SEN",54548.9506251637
2012,"SEN",52353.1884549151
2013,"SEN",59588.9580131302
2014,"SEN",70036.8109288247
2015,"SEN",75191.3931281617
2016,"SEN",89442.7809048993
2017,"SEN",86730.6604246424
2018,"SEN",88256.918905269
2019,"SEN",84944.7716392982
2020,"SEN",89658.3874382902
2010,"SGP",712408.511987327
2011,"SGP",761646.686617822
2012,"SGP",825252.353994148
2013,"SGP",830691.260367508
2014,"SGP",885871.434684954
2015,"SGP",908990.461732
2016,"SGP",958708.627320887
2017,"SGP",889903.478836148
2018,"SGP",1067045.32146932
2019,"SGP",1053111.61310688
2020,"SGP",844005.582529895
2010,"SLB",784.45942521398
2011,"SLB",927.348280528422
2012,"SLB",1056.27166454262
2013,"SLB",938.923349278187
2014,"SLB",964.41284598817
2015,"SLB",1980.22694574091
2016,"SLB",2879.57018082339
2017,"SLB",2456.36464511172
2018,"SLB",2994.1501681449
2019,"SLB",2648.4600294443
2020,"SLB",3946.56158455527
2010,"SLE",6435.15015535168
2011,"SLE",7272.15698380948
2012,"SLE",7085.43660142445
2013,"SLE",6747.39866017435
2014,"SLE",11235.0693517897
2015,"SLE",10236.7588746824
2016,"SLE",7809.14355397215
2017,"SLE",8299.51970766418
2018,"SLE",14649.2764791426
2019,"SLE",27233.6383122467
2020,"SLE",13480.8318442915
2010,"SLV",140812.015192069
2011,"SLV",151188.591128214
2012,"SLV",165725.443400848
2013,"SLV",175988.94785992
2014,"SLV",174585.002522215
2015,"SLV",192688.623563331
2016,"SLV",200550.794308594
2017,"SLV",207914.297062672
2018,"SLV",208783.213786659
2019,"SLV",218368.578380171
2020,"SLV",214829.978676142
2010,"SMR",1133.73799459643
2011,"SMR",1133.73799459643
2012,"SMR",1133.73799459643
2013,"SMR",1133.73799459643
2014,"SMR",1133.73799459643
2015,"SMR",1193.6316831588
2016,"SMR",1204.47383874007
2017,"SMR",915.308546099684
2018,"SMR",1155.48803046204
2019,"SMR",1226.52915445405
2020,"SMR",1106.99671466394
2010,"SOM",8224.11403955852
2011,"SOM",8224.11403955852
2012,"SOM",8224.11403955852
2013,"SOM",4899.47458033652
2014,"SOM",4529.53363400588
2015,"SOM",5759.72710376266
2016,"SOM",9301.3460258699
2017,"SOM",8091.28688622165
2018,"SOM",9272.70288816395
2019,"SOM",11260.5498759508
2020,"SOM",12678.2913221568
2010,"SRB",250414.902859994
2011,"SRB",292401.810359228
2012,"SRB",276616.406778369
2013,"SRB",326347.263320384
2014,"SRB",295641.351104183
2015,"SRB",284865.72981224
2016,"SRB",309356.609970612
2017,"SRB",335951.649381482
2018,"SRB",373374.52741057
2019,"SRB",380641.330477409
2020,"SRB",387682.033315843
2010,"SSD",2630.31304929459
2011,"SSD",2630.31304929459
2012,"SSD",495.309411369742
2013,"SSD",1994.03443691676
2014,"SSD",3405.70676494391
2015,"SSD",4626.20158394795
2016,"SSD",2630.31304929459
2017,"SSD",2630.31304929459
2018,"SSD",2630.31304929459
2019,"SSD",2630.31304929459
2020,"SSD",2630.31304929459
2010,"SUR",13350.9947855159
2011,"SUR",13350.9947855159
2012,"SUR",13350.9947855159
2013,"SUR",13350.9947855159
2014,"SUR",13350.9947855159
2015,"SUR",13350.9947855159
2016,"SUR",13350.9947855159
2017,"SUR",13350.9947855159
2018,"SUR",13350.9947855159
2019,"SUR",13350.9947855159
2020,"SUR",13350.9947855159
2010,"SVK",490714.404825717
2011,"SVK",540658.381661816
2012,"SVK",505985.354336464
2013,"SVK",516691.021960753
2014,"SVK",539387.622990794
2015,"SVK",534259.654019806
2016,"SVK",547822.573693505
2017,"SVK",566829.041094001
2018,"SVK",605626.314228243
2019,"SVK",596094.81865929
2020,"SVK",559225.312270877
2010,"SVN",289391.06993715
2011,"SVN",303530.508721783
2012,"SVN",297053.388056885
2013,"SVN",318042.887897523
2014,"SVN",324265.179018349
2015,"SVN",299088.547230271
2016,"SVN",321059.60357433
2017,"SVN",343333.667158524
2018,"SVN",377606.77114434
2019,"SVN",369708.822546102
2020,"SVN",341330.722468342
2010,"SWE",2041047.27311842
2011,"SWE",2178338.37526686
2012,"SWE",2158174.69079822
2013,"SWE",2332041.66169181
2014,"SWE",2259844.57192697
2015,"SWE",2062220.82285971
2016,"SWE",2123274.57957544
2017,"SWE",2203747.0587228
2018,"SWE",2181787.49519806
2019,"SWE",2056656.52421472
2020,"SWE",1990685.8110295
2010,"SWZ",13424.7191441384
2011,"SWZ",14688.9154359797
2012,"SWZ",15459.7253447059
2013,"SWZ",16132.3901283112
2014,"SWZ",14673.8740972756
2015,"SWZ",16249.8313632394
2016,"SWZ",14495.6642700195
2017,"SWZ",14939.3460761318
2018,"SWZ",16502.4680712671
2019,"SWZ",16141.9148355453
2020,"SWZ",13301.4102799631
2010,"SXM",660.457989935036
2011,"SXM",268.767222249431
2012,"SXM",375.582577567447
2013,"SXM",640.862283525694
2014,"SXM",637.69611764619
2015,"SXM",740.031065137592
2016,"SXM",816.011610307899
2017,"SXM",857.585396061211
2018,"SXM",947.12764698483
2019,"SXM",660.457989935036
2020,"SXM",660.457989935036
2010,"SYC",1178.61779560624
2011,"SYC",1305.69909853347
2012,"SYC",1450.57416862963
2013,"SYC",1702.31976643397
2014,"SYC",1614.97806098245
2015,"SYC",1824.08847502432
2016,"SYC",1957.71447754792
2017,"SYC",1619.02236036069
2018,"SYC",2109.1203670822
2019,"SYC",1924.09027001369
2020,"SYC",2295.12302482228
2010,"SYR",389069.822185549
2011,"SYR",388158.486254577
2012,"SYR",296851.604311891
2013,"SYR",88421.3870039071
2014,"SYR",63310.4155133298
2015,"SYR",75146.7393749305
2016,"SYR",60536.3597664592
2017,"SYR",68700.799302726
2018,"SYR",100617.664097422
2019,"SYR",115127.304984352
2020,"SYR",72088.2523167538
2010,"TCD",4497.01347614848
2011,"TCD",3928.8454342691
2012,"TCD",5572.81213620678
2013,"TCD",13386.7234321351
2014,"TCD",8589.18917149737
2015,"TCD",7101.80803793396
2016,"TCD",6674.24198680391
2017,"TCD",4211.78540977417
2018,"TCD",4998.55816616261
2019,"TCD",6373.03795101811
2020,"TCD",7172.82374698223
2010,"TGO",20199.6062885476
2011,"TGO",21257.2039295742
2012,"TGO",48816.676873229
2013,"TGO",29465.1591122082
2014,"TGO",32411.446357641
2015,"TGO",42638.9882706945
2016,"TGO",42204.5730201455
2017,"TGO",53759.8937911644
2018,"TGO",58023.2863449493
2019,"TGO",75532.0104572406
2020,"TGO",86433.7879386388
2010,"THA",1894549.72250583
2011,"THA",2009669.08188138
2012,"THA",2206777.01503921
2013,"THA",2340875.24868922
2014,"THA",2433626.90370068
2015,"THA",2499674.27383245
2016,"THA",2565739.11534686
2017,"THA",2783024.76543836
2018,"THA",3143394.18058156
2019,"THA",3259539.11198459
2020,"THA",3145274.97488724
2010,"TJK",13722.2684772918
2011,"TJK",17302.1229691309
2012,"TJK",13273.109085239
2013,"TJK",25430.2016932447
2014,"TJK",33195.3189268845
2015,"TJK",26888.5170635636
2016,"TJK",26888.5170635636
2017,"TJK",55369.2548181007
2018,"TJK",26996.4068875109
2019,"TJK",30869.0310041831
2020,"TJK",25838.9397104867
2010,"TKM",45038.1504241208
2011,"TKM",40993.4688314653
2012,"TKM",46945.1984586324
2013,"TKM",71347.9904110265
2014,"TKM",87967.2098396978
2015,"TKM",73512.3372587208
2016,"TKM",74035.7317311385
2017,"TKM",73020.0577046725
2018,"TKM",120996.736521638
2019,"TKM",70428.542353457
2020,"TKM",70428.542353457
2010,"TLS",701.007397005624
2011,"TLS",522.362693712303
2012,"TLS",874.385376597554
2013,"TLS",981.159527313265
2014,"TLS",860.085531258977
2015,"TLS",1497.08002187566
2016,"TLS",1958.55218969405
2017,"TLS",1614.92295151584
2018,"TLS",1691.85302594307
2019,"TLS",2039.05638713374
2020,"TLS",2859.99574559393
2010,"TON",387.048618414476
2011,"TON",487.465422417692
2012,"TON",579.256036345748
2013,"TON",591.675441975324
2014,"TON",571.15004390269
2015,"TON",841.234374519612
2016,"TON",1129.96203250604
2017,"TON",780.753895087588
2018,"TON",1164.70066176614
2019,"TON",1138.92324318642
2020,"TON",946.226266272232
2010,"TUN",214938.699868732
2011,"TUN",232877.344593716
2012,"TUN",229807.309149894
2013,"TUN",261624.360304424
2014,"TUN",269493.840388152
2015,"TUN",281230.034511733
2016,"TUN",301823.586555482
2017,"TUN",285730.716339456
2018,"TUN",293701.36666972
2019,"TUN",297955.724073965
2020,"TUN",279546.865318424
2010,"TUR",4476232.61858236
2011,"TUR",4681005.78806431
2012,"TUR",5117496.70482159
2013,"TUR",5618199.01314093
2014,"TUR",5596686.97560302
2015,"TUR",5482368.71353628
2016,"TUR",5512292.07971659
2017,"TUR",5295773.21051385
2018,"TUR",4889276.9496042
2019,"TUR",4872687.14503705
2020,"TUR",4598137.82426703
2010,"TZA",124443.756386914
2011,"TZA",109446.266445857
2012,"TZA",132266.239230151
2013,"TZA",152124.54351957
2014,"TZA",195098.295357219
2015,"TZA",164707.589472414
2016,"TZA",226813.57793457
2017,"TZA",239497.462584021
2018,"TZA",318233.840959598
2019,"TZA",322276.854951356
2020,"TZA",329696.44684097
2010,"UGA",48847.2906799307
2011,"UGA",55832.1542694444
2012,"UGA",62585.2647016723
2013,"UGA",66603.6288144436
2014,"UGA",86672.2308343092
2015,"UGA",82221.1038186349
2016,"UGA",93925.4301625879
2017,"UGA",84163.3598209633
2018,"UGA",99505.7020567062
2019,"UGA",87730.2272799891
2020,"UGA",87324.7114495369
2010,"UKR",546366.978446651
2011,"UKR",575962.098191049
2012,"UKR",600482.170427801
2013,"UKR",628947.950785021
2014,"UKR",480584.359747095
2015,"UKR",363136.159462315
2016,"UKR",383647.575161894
2017,"UKR",438277.400612455
2018,"UKR",507986.246301199
2019,"UKR",559657.824577492
2020,"UKR",599219.961380382
2010,"URY",240573.566919785
2011,"URY",265245.598489633
2012,"URY",277863.610385977
2013,"URY",296362.69195995
2014,"URY",265477.244581671
2015,"URY",268128.947433071
2016,"URY",226084.171053199
2017,"URY",252525.920387006
2018,"URY",263610.133817231
2019,"URY",236710.069376321
2020,"URY",217516.688154265
2010,"USA",55258694.1682511
2011,"USA",52588093.0165617
2012,"USA",56318792.5017518
2013,"USA",58214628.7687912
2014,"USA",60119872.6198225
2015,"USA",68889640.5635503
2016,"USA",72270526.3028294
2017,"USA",73697990.8264314
2018,"USA",78763694.7079256
2019,"USA",81908921.8236285
2020,"USA",85022512.8928493
2010,"UZB",137587.680470457
2011,"UZB",141848.130833128
2012,"UZB",141706.241755932
2013,"UZB",198012.278809762
2014,"UZB",236518.977994646
2015,"UZB",357408.818480931
2016,"UZB",579034.88099233
2017,"UZB",349012.579069129
2018,"UZB",269600.226792564
2019,"UZB",272186.88848862
2020,"UZB",260202.971463575
2010,"VEN",440727.657081391
2011,"VEN",518363.122083458
2012,"VEN",472057.984700726
2013,"VEN",396864.975081413
2014,"VEN",294762.63420594
2015,"VEN",424555.274630586
2016,"VEN",424555.274630586
2017,"VEN",424555.274630586
2018,"VEN",424555.274630586
2019,"VEN",424555.274630586
2020,"VEN",424555.274630586
2010,"VNM",882908.282005694
2011,"VNM",986430.788374708
2012,"VNM",1176163.68687987
2013,"VNM",1288117.19089754
2014,"VNM",1376847.72979208
2015,"VNM",1402898.52068878
2016,"VNM",1526554.87968326
2017,"VNM",1558907.54281184
2018,"VNM",1920701.73656836
2019,"VNM",2123307.26802985
2020,"VNM",2036342.44922513
2010,"VUT",773.906281746379
2011,"VUT",909.182269575637
2012,"VUT",834.087652354294
2013,"VUT",705.898141106925
2014,"VUT",868.554490131735
2015,"VUT",1090.90292376593
2016,"VUT",1274.2616150443
2017,"VUT",1286.74404704847
2018,"VUT",1232.6004928443
2019,"VUT",1323.96875712694
2020,"VUT",1791.1866353805
2010,"WSM",2672.38668297225
2011,"WSM",2778.73730700262
2012,"WSM",2986.53012522332
2013,"WSM",2675.30869267926
2014,"WSM",3307.19771960526
2015,"WSM",3623.13568349404
2016,"WSM",3401.0390387429
2017,"WSM",3381.33967242968
2018,"WSM",3613.83208474339
2019,"WSM",3509.64275073346
2020,"WSM",2947.19914222439
2010,"YEM",78638.153203916
2011,"YEM",75216.8611242821
2012,"YEM",100563.35429984
2013,"YEM",134292.334326387
2014,"YEM",137329.184997511
2015,"YEM",56400.9091211254
2016,"YEM",84156.1972927331
2017,"YEM",56941.3234189554
2018,"YEM",102668.05494142
2019,"YEM",91800.7080806855
2020,"YEM",91800.7080806855
2010,"ZAF",1090360.5045954
2011,"ZAF",1135923.38470314
2012,"ZAF",1220382.9936354
2013,"ZAF",1158476.26428334
2014,"ZAF",1137188.63640253
2015,"ZAF",1116700.58259886
2016,"ZAF",1101407.43109623
2017,"ZAF",1267957.05188052
2018,"ZAF",1328314.62779997
2019,"ZAF",1274297.56480029
2020,"ZAF",1088386.05683577
2010,"ZMB",40740.4729779264
2011,"ZMB",46304.5946993536
2012,"ZMB",46747.2919696839
2013,"ZMB",45750.7462634268
2014,"ZMB",48940.2467113839
2015,"ZMB",40769.5487540149
2016,"ZMB",41199.5956882918
2017,"ZMB",51931.4346419505
2018,"ZMB",67890.6935112208
2019,"ZMB",76657.122928802
2020,"ZMB",63663.3066541441
2010,"ZWE",21720.1425843498
2011,"ZWE",25549.7281368566
2012,"ZWE",32108.3668455282
2013,"ZWE",47438.9048465088
2014,"ZWE",49283.0873293823
2015,"ZWE",49953.7632909826
2016,"ZWE",49937.9662121642
2017,"ZWE",52599.4424914428
2018,"ZWE",76762.3860134654
2019,"ZWE",59002.3378031469
2020,"ZWE",56355.6347383315
