Year,iso_code3,ef_ippu_tonne_ch2f2_per_tonne_production_electronics
2010,ABW,0.0
2011,ABW,0.0
2012,ABW,0.0
2013,ABW,0.0
2014,ABW,0.0
2015,ABW,0.0
2016,ABW,0.0
2017,ABW,0.0
2018,ABW,0.0
2019,ABW,0.0
2020,ABW,0.0
2010,AFG,0.0
2011,AFG,0.0
2012,AFG,0.0
2013,AFG,0.0
2014,AFG,0.0
2015,AFG,0.0
2016,AFG,0.0
2017,AFG,0.0
2018,AFG,0.0
2019,AFG,0.0
2020,AFG,0.0
2010,AGO,4.849965924694941e-05
2011,AGO,3.3545634867167306e-05
2012,AGO,1.4958127099634025e-05
2013,AGO,1.737970200424213e-05
2014,AGO,1.9347975286300057e-05
2015,AGO,3.507967719578577e-05
2016,AGO,3.484044205001923e-05
2017,AGO,3.2589965519897475e-05
2018,AGO,4.93940182930346e-05
2019,AGO,4.098811239119738e-05
2020,AGO,4.544231936475211e-05
2010,ALB,6.4206842037181e-05
2011,ALB,5.38935834776833e-05
2012,ALB,4.643408224021879e-05
2013,ALB,4.3368145276647776e-05
2014,ALB,6.359766962854202e-05
2015,ALB,6.712013051770798e-05
2016,ALB,6.238979445817258e-05
2017,ALB,5.972572820497395e-05
2018,ALB,5.354646220830621e-05
2019,ALB,5.046013766613103e-05
2020,ALB,4.01191295146648e-05
2010,AND,3.445976929272519e-05
2011,AND,3.628672753939401e-05
2012,AND,4.339384382447072e-05
2013,AND,4.6641809135740177e-05
2014,AND,5.193561857149733e-05
2015,AND,6.415605326981129e-05
2016,AND,6.91944306510626e-05
2017,AND,7.413004865869609e-05
2018,AND,7.887051957099083e-05
2019,AND,7.847731276686834e-05
2020,AND,8.068352683701532e-05
2010,ARE,0.0001707072265379
2011,ARE,0.0001081027418867
2012,ARE,5.620490273694478e-05
2013,ARE,6.88813669329395e-05
2014,ARE,8.863577216762347e-05
2015,ARE,0.0001196167470716
2016,ARE,0.0001405445873767
2017,ARE,9.88085177338638e-05
2018,ARE,9.458392787097568e-05
2019,ARE,9.43640159856652e-05
2020,ARE,0.0001089833537095
2010,ARG,9.95370418609494e-05
2011,ARG,7.073857921145e-05
2012,ARG,4.743039863372151e-05
2013,ARG,4.472910744727512e-05
2014,ARG,7.137576534544894e-05
2015,ARG,7.046994232092622e-05
2016,ARG,8.991875442050568e-05
2017,ARG,7.47775509895429e-05
2018,ARG,0.0001041703110254
2019,ARG,0.0001064868964949
2020,ARG,0.0001261982277925
2010,ARM,0.0001627851189933
2011,ARM,0.0001150522269741
2012,ARM,8.381734135640895e-05
2013,ARM,0.0001296124128156
2014,ARM,0.0001457125331411
2015,ARM,0.0002473941388095
2016,ARM,0.0001478806563138
2017,ARM,0.0001312061598961
2018,ARM,0.0001103352405744
2019,ARM,0.0001141015593579
2020,ARM,0.0001017548997514
2010,ASM,0.0
2011,ASM,0.0
2012,ASM,0.0
2013,ASM,0.0
2014,ASM,0.0
2015,ASM,0.0
2016,ASM,0.0
2017,ASM,0.0
2018,ASM,0.0
2019,ASM,0.0
2020,ASM,0.0
2010,ATG,0.0
2011,ATG,0.0
2012,ATG,0.0
2013,ATG,0.0
2014,ATG,0.0
2015,ATG,0.0
2016,ATG,0.0
2017,ATG,0.0
2018,ATG,0.0
2019,ATG,0.0
2020,ATG,0.0
2010,AUS,4.737332322588919e-05
2011,AUS,5.15871393130327e-05
2012,AUS,5.021299171190255e-05
2013,AUS,5.644655423303143e-05
2014,AUS,9.854130583958826e-05
2015,AUS,0.0001191188979025
2016,AUS,0.0001268614570268
2017,AUS,0.0001057613652544
2018,AUS,0.0001011685458644
2019,AUS,0.0001025043444992
2020,AUS,0.0001031696418721
2010,AUT,1.6905602855761952e-05
2011,AUT,2.0544771575479613e-05
2012,AUT,2.304115581231493e-05
2013,AUT,2.4434921854641037e-05
2014,AUT,2.616618838807572e-05
2015,AUT,3.14270978236957e-05
2016,AUT,3.2635144800859795e-05
2017,AUT,3.2168717933074875e-05
2018,AUT,3.543432703701295e-05
2019,AUT,3.6668915789705166e-05
2020,AUT,3.7934744636203446e-05
2010,AZE,0.0
2011,AZE,0.0
2012,AZE,0.0
2013,AZE,0.0
2014,AZE,0.0
2015,AZE,0.0
2016,AZE,0.0
2017,AZE,0.0
2018,AZE,0.0
2019,AZE,0.0
2020,AZE,0.0
2010,BDI,0.0005618030580367
2011,BDI,0.0003414401710062
2012,BDI,0.0003059098299248
2013,BDI,0.0003041021189936
2014,BDI,0.0003496630002936
2015,BDI,0.0002166687818402
2016,BDI,0.0003177410316515
2017,BDI,0.0002088377227234
2018,BDI,0.0005234047682298
2019,BDI,0.0006491094292524
2020,BDI,0.0003550914359752
2010,BEL,2.022079935367849e-05
2011,BEL,2.324330362448625e-05
2012,BEL,2.8068637384130413e-05
2013,BEL,3.215341022417904e-05
2014,BEL,3.7522631917309736e-05
2015,BEL,4.950410125032132e-05
2016,BEL,5.669781176698676e-05
2017,BEL,6.886396023162221e-05
2018,BEL,6.774565333251386e-05
2019,BEL,5.656833767700158e-05
2020,BEL,5.5654471971195896e-05
2010,BEN,0.0001534837309248
2011,BEN,9.348875020526034e-05
2012,BEN,7.595823053470093e-05
2013,BEN,8.774159994083006e-05
2014,BEN,0.000109351839079
2015,BEN,0.0001527417622051
2016,BEN,0.0001543956106314
2017,BEN,0.0001902819493145
2018,BEN,0.0001779410779639
2019,BEN,0.0002026162261751
2020,BEN,0.0003018111234183
2010,BFA,0.0008149678620097
2011,BFA,0.0004883882446156
2012,BFA,0.0002898620651005
2013,BFA,0.0003855423392814
2014,BFA,0.0004276329457547
2015,BFA,0.0005203609827156
2016,BFA,0.000711384550564
2017,BFA,0.000438070882306
2018,BFA,0.0004548269787466
2019,BFA,0.0004098701403463
2020,BFA,0.000535295704991
2010,BGD,7.418942511284531e-05
2011,BGD,7.077847578256255e-05
2012,BGD,5.943378954961529e-05
2013,BGD,5.174004030134782e-05
2014,BGD,4.450945589124783e-05
2015,BGD,5.878991787719472e-05
2016,BGD,3.630162931592189e-05
2017,BGD,3.174568981488056e-05
2018,BGD,3.24911124356713e-05
2019,BGD,3.48962360124131e-05
2020,BGD,3.142079811257216e-05
2010,BGR,0.0002500606726041
2011,BGR,0.0002732789866036
2012,BGR,0.0003330374590923
2013,BGR,0.0004121888691963
2014,BGR,0.0004284175494974
2015,BGR,0.0005257924217722
2016,BGR,0.0006278114386043
2017,BGR,0.0009520878430093
2018,BGR,0.0010914529359019
2019,BGR,0.0010080654206337
2020,BGR,0.0009832706723394
2010,BHR,0.0002841775495426
2011,BHR,0.0003765906499477
2012,BHR,0.000227450530899
2013,BHR,0.0002812721739051
2014,BHR,0.0003431293964997
2015,BHR,0.000371680823883
2016,BHR,0.0003944148045136
2017,BHR,0.0002849010557307
2018,BHR,0.0002600830648583
2019,BHR,0.000259978875035
2020,BHR,0.000228958214632
2010,BHS,0.0
2011,BHS,0.0
2012,BHS,0.0
2013,BHS,0.0
2014,BHS,0.0
2015,BHS,0.0
2016,BHS,0.0
2017,BHS,0.0
2018,BHS,0.0
2019,BHS,0.0
2020,BHS,0.0
2010,BIH,0.0
2011,BIH,0.0
2012,BIH,0.0
2013,BIH,0.0
2014,BIH,0.0
2015,BIH,0.0
2016,BIH,0.0
2017,BIH,0.0
2018,BIH,0.0
2019,BIH,0.0
2020,BIH,0.0
2010,BLR,0.0
2011,BLR,0.0
2012,BLR,0.0
2013,BLR,0.0
2014,BLR,0.0
2015,BLR,0.0
2016,BLR,0.0
2017,BLR,0.0
2018,BLR,0.0
2019,BLR,0.0
2020,BLR,0.0
2010,BLZ,0.0
2011,BLZ,0.0
2012,BLZ,0.0
2013,BLZ,0.0
2014,BLZ,0.0
2015,BLZ,0.0
2016,BLZ,0.0
2017,BLZ,0.0
2018,BLZ,0.0
2019,BLZ,0.0
2020,BLZ,0.0
2010,BMU,0.0
2011,BMU,0.0
2012,BMU,0.0
2013,BMU,0.0
2014,BMU,0.0
2015,BMU,0.0
2016,BMU,0.0
2017,BMU,0.0
2018,BMU,0.0
2019,BMU,0.0
2020,BMU,0.0
2010,BOL,0.0
2011,BOL,0.0
2012,BOL,0.0
2013,BOL,0.0
2014,BOL,0.0
2015,BOL,0.0
2016,BOL,0.0
2017,BOL,0.0
2018,BOL,0.0
2019,BOL,0.0
2020,BOL,0.0
2010,BRA,1.5823412340834536e-05
2011,BRA,1.5342320174903964e-05
2012,BRA,1.8598419972984e-05
2013,BRA,1.992043565130981e-05
2014,BRA,2.3473001918005163e-05
2015,BRA,3.536115887494542e-05
2016,BRA,3.679054044619638e-05
2017,BRA,3.142651430957916e-05
2018,BRA,3.946703504690567e-05
2019,BRA,3.963922972354979e-05
2020,BRA,4.682257170416232e-05
2010,BRB,0.0
2011,BRB,0.0
2012,BRB,0.0
2013,BRB,0.0
2014,BRB,0.0
2015,BRB,0.0
2016,BRB,0.0
2017,BRB,0.0
2018,BRB,0.0
2019,BRB,0.0
2020,BRB,0.0
2010,BRN,8.593169904054378e-05
2011,BRN,4.921789660268705e-05
2012,BRN,3.678981136359776e-05
2013,BRN,3.136013884021302e-05
2014,BRN,3.901399311067077e-05
2015,BRN,7.278497440181066e-05
2016,BRN,9.216010963958204e-05
2017,BRN,0.0001023349659956
2018,BRN,8.314963302019468e-05
2019,BRN,0.0001404758560339
2020,BRN,0.0001503283179279
2010,BTN,0.0
2011,BTN,0.0
2012,BTN,0.0
2013,BTN,0.0
2014,BTN,0.0
2015,BTN,0.0
2016,BTN,0.0
2017,BTN,0.0
2018,BTN,0.0
2019,BTN,0.0
2020,BTN,0.0
2010,BWA,0.0001323185640121
2011,BWA,7.136402972798486e-05
2012,BWA,8.993478012271866e-05
2013,BWA,0.00011043083721
2014,BWA,0.0001081970865897
2015,BWA,0.0001266524345379
2016,BWA,0.0001072984883758
2017,BWA,7.957062556719237e-05
2018,BWA,8.73406571756263e-05
2019,BWA,8.372230955094398e-05
2020,BWA,0.0001172566137829
2010,CAF,0.0014066757999539
2011,CAF,0.0011508103942812
2012,CAF,0.0006944456092629
2013,CAF,0.0012050444121741
2014,CAF,0.0011512469487638
2015,CAF,0.0011370415980614
2016,CAF,0.0014513599978698
2017,CAF,0.0012982205646152
2018,CAF,0.0010327023106124
2019,CAF,0.001404718535711
2020,CAF,0.0009650351898307
2010,CAN,1.512346229671172e-05
2011,CAN,1.8543828304113837e-05
2012,CAN,2.1092939701506977e-05
2013,CAN,2.4140183491945948e-05
2014,CAN,2.810776697610756e-05
2015,CAN,3.547662922144267e-05
2016,CAN,4.072026969176351e-05
2017,CAN,5.1143841305765947e-05
2018,CAN,6.439611997582619e-05
2019,CAN,6.23972121598883e-05
2020,CAN,6.927387174361028e-05
2010,CHE,1.853362605236535e-05
2011,CHE,1.9789007970946355e-05
2012,CHE,2.424533661882617e-05
2013,CHE,2.749178984421728e-05
2014,CHE,2.6860670461201952e-05
2015,CHE,3.077851507850277e-05
2016,CHE,3.402109999753377e-05
2017,CHE,3.887751982233021e-05
2018,CHE,4.0087436464708e-05
2019,CHE,3.954158774924343e-05
2020,CHE,4.200194511452335e-05
2010,CHL,6.237929529571284e-05
2011,CHL,0.0001546839039213
2012,CHL,0.0001608906193136
2013,CHL,0.0001047248596015
2014,CHL,0.0001348944875974
2015,CHL,0.0001364326186841
2016,CHL,0.0001482480767652
2017,CHL,0.0002032055838856
2018,CHL,0.0002661370554569
2019,CHL,0.0002643093047673
2020,CHL,0.0002351465282279
2010,CHN,7.726568080456386e-05
2011,CHN,9.36956571830738e-05
2012,CHN,0.0001041317367699
2013,CHN,0.0001111394484931
2014,CHN,0.0001169135147668
2015,CHN,0.0001136725912705
2016,CHN,0.0001218843233177
2017,CHN,0.0001301278365906
2018,CHN,0.0001318569629803
2019,CHN,0.0001253200820956
2020,CHN,0.0001198429347594
2010,CIV,0.0005609226111773
2011,CIV,0.0003728999482759
2012,CIV,0.0002491537664421
2013,CIV,0.000195465363101
2014,CIV,0.0002019919267159
2015,CIV,0.0002723888114235
2016,CIV,0.0002522088721322
2017,CIV,0.0002139898122848
2018,CIV,0.0002247980643506
2019,CIV,0.0001884121571836
2020,CIV,0.0001757509410216
2010,CMR,0.0007476522839694
2011,CMR,0.0004232247809168
2012,CMR,0.0003383671194349
2013,CMR,0.00024079924783
2014,CMR,0.0002783137627116
2015,CMR,0.0004048832836277
2016,CMR,0.0003112110788668
2017,CMR,0.0003775147998144
2018,CMR,0.0002941502254344
2019,CMR,0.0003778829009142
2020,CMR,0.0003017804913932
2010,COD,0.0013575746947129
2011,COD,0.0004693907654622
2012,COD,0.0002532796108527
2013,COD,0.0002842712159134
2014,COD,0.00034929258899
2015,COD,0.0003474041690213
2016,COD,0.0004610140125687
2017,COD,0.0005915446709532
2018,COD,0.0004166494508625
2019,COD,0.0002536214208364
2020,COD,0.0003150031778263
2010,COG,0.0001864658653516
2011,COG,0.0001133471820867
2012,COG,6.851413910566067e-05
2013,COG,6.275842597445639e-05
2014,COG,9.427715011744692e-05
2015,COG,0.0001700657140615
2016,COG,0.0002890573975875
2017,COG,0.0002333448635423
2018,COG,0.0002765048016823
2019,COG,0.000282164411607
2020,COG,0.0002447216669516
2010,COL,9.700886213827213e-05
2011,COL,7.509464918816954e-05
2012,COL,4.735381000306947e-05
2013,COL,4.253218313410528e-05
2014,COL,5.534415141197924e-05
2015,COL,8.548569935999579e-05
2016,COL,9.863696385054436e-05
2017,COL,8.76522158500543e-05
2018,COL,8.08399582071755e-05
2019,COL,7.79554918921898e-05
2020,COL,8.81965334350967e-05
2010,COM,0.0
2011,COM,0.0
2012,COM,0.0
2013,COM,0.0
2014,COM,0.0
2015,COM,0.0
2016,COM,0.0
2017,COM,0.0
2018,COM,0.0
2019,COM,0.0
2020,COM,0.0
2010,CPV,0.0
2011,CPV,0.0
2012,CPV,0.0
2013,CPV,0.0
2014,CPV,0.0
2015,CPV,0.0
2016,CPV,0.0
2017,CPV,0.0
2018,CPV,0.0
2019,CPV,0.0
2020,CPV,0.0
2010,CRI,4.286393848750354e-06
2011,CRI,2.190179639582064e-06
2012,CRI,1.2641716617600574e-06
2013,CRI,1.142647349962483e-06
2014,CRI,1.844812826490325e-06
2015,CRI,1.1128545329365478e-05
2016,CRI,1.2879316309654952e-05
2017,CRI,1.5153485561852784e-05
2018,CRI,1.6478024428387963e-05
2019,CRI,1.6481037474860848e-05
2020,CRI,1.2204426974653291e-05
2010,CUB,7.17816619738726e-05
2011,CUB,6.023452225730583e-05
2012,CUB,3.774762671644811e-05
2013,CUB,3.280847436839939e-05
2014,CUB,4.3853929535606095e-05
2015,CUB,3.4712119912118106e-05
2016,CUB,2.981757695485269e-05
2017,CUB,3.11956253531523e-05
2018,CUB,4.054490423626605e-05
2019,CUB,3.333183283991303e-05
2020,CUB,3.70755421590532e-05
2010,CUW,0.0
2011,CUW,0.0
2012,CUW,0.0
2013,CUW,0.0
2014,CUW,0.0
2015,CUW,0.0
2016,CUW,0.0
2017,CUW,0.0
2018,CUW,0.0
2019,CUW,0.0
2020,CUW,0.0
2010,CYM,7.17816619738726e-05
2011,CYM,6.023452225730583e-05
2012,CYM,3.774762671644811e-05
2013,CYM,3.280847436839939e-05
2014,CYM,4.3853929535606095e-05
2015,CYM,3.4712119912118106e-05
2016,CYM,2.981757695485269e-05
2017,CYM,3.11956253531523e-05
2018,CYM,4.054490423626605e-05
2019,CYM,3.333183283991303e-05
2020,CYM,3.70755421590532e-05
2010,CYP,0.0002584667162678
2011,CYP,0.0002929468376635
2012,CYP,0.000304097095015
2013,CYP,0.0003696897739419
2014,CYP,0.0005122719915553
2015,CYP,0.0006668689395383
2016,CYP,0.0007721113651072
2017,CYP,0.0008842450597812
2018,CYP,0.0008743637820127
2019,CYP,0.0008769510551896
2020,CYP,0.0011701474468284
2010,CZE,8.422689043024519e-05
2011,CZE,9.6778388184612e-05
2012,CZE,0.0001134272468293
2013,CZE,0.0001169217263866
2014,CZE,0.0001285105115889
2015,CZE,0.0001493539156294
2016,CZE,0.0001738454196083
2017,CZE,0.00018582086895
2018,CZE,0.0001804095248683
2019,CZE,0.0001698348285123
2020,CZE,0.0001656571844592
2010,DEU,5.554080600569082e-06
2011,DEU,6.1585966533186845e-06
2012,DEU,7.622739094552397e-06
2013,DEU,8.218732473848334e-06
2014,DEU,8.576029777271807e-06
2015,DEU,1.0721314769003691e-05
2016,DEU,1.1268227118489185e-05
2017,DEU,1.2498732737240217e-05
2018,DEU,1.3000042203472644e-05
2019,DEU,1.30694478239524e-05
2020,DEU,1.2941149512550973e-05
2010,DJI,0.0
2011,DJI,0.0
2012,DJI,0.0
2013,DJI,0.0
2014,DJI,0.0
2015,DJI,0.0
2016,DJI,0.0
2017,DJI,0.0
2018,DJI,0.0
2019,DJI,0.0
2020,DJI,0.0
2010,DMA,0.0
2011,DMA,0.0
2012,DMA,0.0
2013,DMA,0.0
2014,DMA,0.0
2015,DMA,0.0
2016,DMA,0.0
2017,DMA,0.0
2018,DMA,0.0
2019,DMA,0.0
2020,DMA,0.0
2010,DNK,9.270759069267412e-06
2011,DNK,8.844267159597112e-06
2012,DNK,9.489224428677713e-06
2013,DNK,1.0237102714289757e-05
2014,DNK,9.351856607184834e-06
2015,DNK,1.1491648608653573e-05
2016,DNK,1.290278373442181e-05
2017,DNK,1.4265124862069765e-05
2018,DNK,1.4086610491885924e-05
2019,DNK,1.4112816079341095e-05
2020,DNK,1.417418161027995e-05
2010,DOM,8.88375198085384e-05
2011,DOM,6.339820963440957e-05
2012,DOM,4.829175814096151e-05
2013,DOM,4.9901476968214655e-05
2014,DOM,6.0744865796619456e-05
2015,DOM,7.091652766813946e-05
2016,DOM,6.216147866144821e-05
2017,DOM,6.089579390174565e-05
2018,DOM,4.974579608176016e-05
2019,DOM,4.4836207555031466e-05
2020,DOM,4.507053251888983e-05
2010,DZA,7.35687999460952e-05
2011,DZA,4.42285355168332e-05
2012,DZA,3.214467734999351e-05
2013,DZA,2.860893904271747e-05
2014,DZA,2.999839807257714e-05
2015,DZA,4.944638416491801e-05
2016,DZA,4.933479690727528e-05
2017,DZA,6.270987959935841e-05
2018,DZA,5.84317702431557e-05
2019,DZA,5.668464143232223e-05
2020,DZA,7.421628240371391e-05
2010,ECU,4.781805404737403e-05
2011,ECU,3.5257101159317825e-05
2012,ECU,1.9754246052306403e-05
2013,ECU,1.952761337288381e-05
2014,ECU,2.489860883721423e-05
2015,ECU,2.89461260436592e-05
2016,ECU,2.873579222669322e-05
2017,ECU,3.0422431382534933e-05
2018,ECU,3.438882468668051e-05
2019,ECU,3.348991729905898e-05
2020,ECU,3.592232605840138e-05
2010,EGY,0.0002134476255736
2011,EGY,0.0001500102009719
2012,EGY,9.43904954325294e-05
2013,EGY,9.052397986992856e-05
2014,EGY,8.79990098093523e-05
2015,EGY,9.967713010397924e-05
2016,EGY,8.862830497153253e-05
2017,EGY,0.0001205787510432
2018,EGY,0.0001154262203958
2019,EGY,9.946011981065936e-05
2020,EGY,9.38248536430584e-05
2010,ERI,0.0
2011,ERI,0.0
2012,ERI,0.0
2013,ERI,0.0
2014,ERI,0.0
2015,ERI,0.0
2016,ERI,0.0
2017,ERI,0.0
2018,ERI,0.0
2019,ERI,0.0
2020,ERI,0.0
2010,ESP,0.0001013249058384
2011,ESP,0.0001115434396135
2012,ESP,0.0001464707932338
2013,ESP,0.0001535761485718
2014,ESP,0.0001380684363889
2015,ESP,0.0001044175111546
2016,ESP,9.810152459666852e-05
2017,ESP,9.79886638179698e-05
2018,ESP,6.891641198902023e-05
2019,ESP,6.758105106653955e-05
2020,ESP,6.730564791300426e-05
2010,EST,1.800175114931758e-05
2011,EST,1.3357634360968188e-05
2012,EST,1.632401088060484e-05
2013,EST,1.9081674551332983e-05
2014,EST,1.6543637224041377e-05
2015,EST,2.276565410229089e-05
2016,EST,2.253986026479812e-05
2017,EST,2.8530589744020813e-05
2018,EST,3.197754074638118e-05
2019,EST,3.5726143612631495e-05
2020,EST,3.539217903963829e-05
2010,ETH,0.0
2011,ETH,0.0
2012,ETH,0.0
2013,ETH,0.0
2014,ETH,0.0
2015,ETH,0.0
2016,ETH,0.0
2017,ETH,0.0
2018,ETH,0.0
2019,ETH,0.0
2020,ETH,0.0
2010,FIN,1.1489097320545106e-05
2011,FIN,1.2025807636669828e-05
2012,FIN,1.4242294722432355e-05
2013,FIN,1.586912013051637e-05
2014,FIN,1.5001746225368293e-05
2015,FIN,1.8401025012392052e-05
2016,FIN,2.1675430611612823e-05
2017,FIN,2.3909574399333877e-05
2018,FIN,2.784555491596174e-05
2019,FIN,2.878366612634528e-05
2020,FIN,2.8763096789859245e-05
2010,FJI,0.0004869117636621
2011,FJI,0.0002852091972511
2012,FJI,0.0001979062591088
2013,FJI,0.0001776968845647
2014,FJI,0.0001098853695068
2015,FJI,0.000230628365221
2016,FJI,0.0001513261134115
2017,FJI,0.000147601786357
2018,FJI,0.0001498999084161
2019,FJI,0.0001975758528189
2020,FJI,0.0001803760918957
2010,FRA,3.445976929272519e-05
2011,FRA,3.628672753939401e-05
2012,FRA,4.339384382447072e-05
2013,FRA,4.6641809135740177e-05
2014,FRA,5.193561857149733e-05
2015,FRA,6.415605326981129e-05
2016,FRA,6.91944306510626e-05
2017,FRA,7.413004865869609e-05
2018,FRA,7.887051957099083e-05
2019,FRA,7.847731276686834e-05
2020,FRA,8.068352683701532e-05
2010,FRO,2.1248942222859585e-06
2011,FRO,1.882471874352818e-06
2012,FRO,2.2810399058859245e-06
2013,FRO,2.025207405202737e-06
2014,FRO,2.4291340990665542e-06
2015,FRO,3.718885539445074e-06
2016,FRO,5.933169157662576e-06
2017,FRO,6.1135067203238485e-06
2018,FRO,7.967194314339123e-06
2019,FRO,8.517139588214605e-06
2020,FRO,8.296649935761258e-06
2010,FSM,0.0
2011,FSM,0.0
2012,FSM,0.0
2013,FSM,0.0
2014,FSM,0.0
2015,FSM,0.0
2016,FSM,0.0
2017,FSM,0.0
2018,FSM,0.0
2019,FSM,0.0
2020,FSM,0.0
2010,GAB,0.0004261383856609
2011,GAB,0.000230329055069
2012,GAB,0.0001993502575104
2013,GAB,0.0001890867648755
2014,GAB,0.0002356255855084
2015,GAB,0.0003906655061686
2016,GAB,0.0003881426589872
2017,GAB,0.0004183713069245
2018,GAB,0.000388586080157
2019,GAB,0.0003201789050832
2020,GAB,0.0003927019310864
2010,GBR,2.660803652299747e-05
2011,GBR,3.0090283080541516e-05
2012,GBR,3.603977256355206e-05
2013,GBR,3.955166372098422e-05
2014,GBR,3.879298692434096e-05
2015,GBR,4.215353407515852e-05
2016,GBR,5.124448466659811e-05
2017,GBR,5.915160356733111e-05
2018,GBR,6.148877083506635e-05
2019,GBR,6.010290846583927e-05
2020,GBR,6.239638025001533e-05
2010,GEO,0.0003180191466279
2011,GEO,0.0004681586144663
2012,GEO,0.0010913090549241
2013,GEO,0.0009022629068087
2014,GEO,0.0008694825233552
2015,GEO,0.0010527018661432
2016,GEO,0.0011010665529099
2017,GEO,0.0010500054027597
2018,GEO,0.0011639948326059
2019,GEO,0.0012089799447054
2020,GEO,0.0013484123077611
2010,GHA,0.0002958587429534
2011,GHA,0.0001691273259299
2012,GHA,0.0001237599858335
2013,GHA,9.826564723023015e-05
2014,GHA,0.0001281913443025
2015,GHA,0.0001531975955675
2016,GHA,0.0001407353493498
2017,GHA,0.0001602166992128
2018,GHA,0.0001755234776198
2019,GHA,0.0002061367288874
2020,GHA,9.27525122515906e-05
2010,GIB,3.162574065103539e-05
2011,GIB,2.230931985336533e-05
2012,GIB,1.7470298324409447e-05
2013,GIB,1.4824864621506252e-05
2014,GIB,1.6166751781799005e-05
2015,GIB,2.2201547640756422e-05
2016,GIB,2.0956462610315263e-05
2017,GIB,2.0315673089003504e-05
2018,GIB,1.916566770791735e-05
2019,GIB,1.78315259525162e-05
2020,GIB,1.937437038560733e-05
2010,GIN,0.0007546289166446
2011,GIN,0.0004766365767982
2012,GIN,0.0002551358423576
2013,GIN,0.0002755164051344
2014,GIN,0.0002644168208845
2015,GIN,0.0002944813673131
2016,GIN,0.000691457518217
2017,GIN,0.0004582912844008
2018,GIN,0.0003239980287783
2019,GIN,0.0002418653450037
2020,GIN,0.0003845616761591
2010,GMB,0.0
2011,GMB,0.0
2012,GMB,0.0
2013,GMB,0.0
2014,GMB,0.0
2015,GMB,0.0
2016,GMB,0.0
2017,GMB,0.0
2018,GMB,0.0
2019,GMB,0.0
2020,GMB,0.0
2010,GNB,0.0
2011,GNB,0.0
2012,GNB,0.0
2013,GNB,0.0
2014,GNB,0.0
2015,GNB,0.0
2016,GNB,0.0
2017,GNB,0.0
2018,GNB,0.0
2019,GNB,0.0
2020,GNB,0.0
2010,GNQ,0.0001278522761572
2011,GNQ,8.71371300500716e-05
2012,GNQ,7.365420021264666e-05
2013,GNQ,5.560818799054731e-05
2014,GNQ,9.963812647716648e-05
2015,GNQ,0.0001561143618871
2016,GNQ,0.0003098049059336
2017,GNQ,0.0003650236230202
2018,GNQ,0.0003001405361403
2019,GNQ,0.0003343139912192
2020,GNQ,0.0005453900016727
2010,GRC,0.0003371366111232
2011,GRC,0.0004041677728829
2012,GRC,0.0005718241356417
2013,GRC,0.0009456944354804
2014,GRC,0.0011078363367172
2015,GRC,0.001240532232152
2016,GRC,0.0013330356215802
2017,GRC,0.0014193166206045
2018,GRC,0.001404150893112
2019,GRC,0.0013614884654173
2020,GRC,0.001206276716888
2010,GRD,0.0
2011,GRD,0.0
2012,GRD,0.0
2013,GRD,0.0
2014,GRD,0.0
2015,GRD,0.0
2016,GRD,0.0
2017,GRD,0.0
2018,GRD,0.0
2019,GRD,0.0
2020,GRD,0.0
2010,GRL,2.1248942222859585e-06
2011,GRL,1.882471874352818e-06
2012,GRL,2.2810399058859245e-06
2013,GRL,2.025207405202737e-06
2014,GRL,2.4291340990665542e-06
2015,GRL,3.718885539445074e-06
2016,GRL,5.933169157662576e-06
2017,GRL,6.1135067203238485e-06
2018,GRL,7.967194314339123e-06
2019,GRL,8.517139588214605e-06
2020,GRL,8.296649935761258e-06
2010,GTM,2.728161919915773e-05
2011,GTM,2.179258573078712e-05
2012,GTM,1.485303720793921e-05
2013,GTM,1.3018173976867074e-05
2014,GTM,1.5835098020184973e-05
2015,GTM,1.777092229585042e-05
2016,GTM,1.916446940707912e-05
2017,GTM,1.590391568620638e-05
2018,GTM,1.680870339345231e-05
2019,GTM,1.52713586676415e-05
2020,GTM,1.4393185350128863e-05
2010,GUM,1.060533418554777e-05
2011,GUM,8.036253916660625e-06
2012,GUM,5.3101304841011495e-06
2013,GUM,4.947064046187467e-06
2014,GUM,6.334707303021467e-06
2015,GUM,7.94659593778848e-06
2016,GUM,8.046168182992536e-06
2017,GUM,7.4105029689316e-06
2018,GUM,7.199006778996086e-06
2019,GUM,7.357335098778931e-06
2020,GUM,6.899076745740024e-06
2010,GUY,0.0
2011,GUY,0.0
2012,GUY,0.0
2013,GUY,0.0
2014,GUY,0.0
2015,GUY,0.0
2016,GUY,0.0
2017,GUY,0.0
2018,GUY,0.0
2019,GUY,0.0
2020,GUY,0.0
2010,HKG,0.0
2011,HKG,0.0
2012,HKG,0.0
2013,HKG,0.0
2014,HKG,0.0
2015,HKG,0.0
2016,HKG,0.0
2017,HKG,0.0
2018,HKG,0.0
2019,HKG,0.0
2020,HKG,0.0
2010,HND,0.0001095090940482
2011,HND,7.549042385679017e-05
2012,HND,4.944812402147075e-05
2013,HND,3.8586721247328266e-05
2014,HND,5.171202396702881e-05
2015,HND,5.769874944178728e-05
2016,HND,6.342434352827688e-05
2017,HND,6.585708862659618e-05
2018,HND,6.450894300459856e-05
2019,HND,6.523164751551645e-05
2020,HND,6.373103181700693e-05
2010,HRV,5.241251555039066e-05
2011,HRV,5.727160076388696e-05
2012,HRV,6.260554701824551e-05
2013,HRV,0.0001028446064952
2014,HRV,0.0001085885663686
2015,HRV,0.0001201402344614
2016,HRV,0.0001152683877074
2017,HRV,0.0001214314159107
2018,HRV,0.0001138659019352
2019,HRV,0.0001128278100901
2020,HRV,0.0001000561531507
2010,HTI,0.0
2011,HTI,0.0
2012,HTI,0.0
2013,HTI,0.0
2014,HTI,0.0
2015,HTI,0.0
2016,HTI,0.0
2017,HTI,0.0
2018,HTI,0.0
2019,HTI,0.0
2020,HTI,0.0
2010,HUN,6.880406876612421e-06
2011,HUN,8.266728789622804e-06
2012,HUN,8.87647436183079e-06
2013,HUN,1.3833604855295517e-05
2014,HUN,2.009295897598572e-05
2015,HUN,2.939661403750551e-05
2016,HUN,3.176920091785334e-05
2017,HUN,4.087446711785572e-05
2018,HUN,4.617048110621018e-05
2019,HUN,4.144423984848796e-05
2020,HUN,4.2116867000030825e-05
2010,IDN,3.838075279576467e-05
2011,IDN,2.7150898349499352e-05
2012,IDN,1.9767125024132546e-05
2013,IDN,1.94458490184212e-05
2014,IDN,2.6678755471988127e-05
2015,IDN,3.25812332659932e-05
2016,IDN,2.9400590978607336e-05
2017,IDN,2.857071839674541e-05
2018,IDN,2.881206246302176e-05
2019,IDN,2.4657457499656975e-05
2020,IDN,2.3958879990734775e-05
2010,IMN,4.826810131106116e-05
2011,IMN,4.532318198266678e-05
2012,IMN,5.218477664451937e-05
2013,IMN,6.171196084610329e-05
2014,IMN,8.655530088064891e-05
2015,IMN,9.986004151677391e-05
2016,IMN,0.0001070197097639
2017,IMN,0.000125297483914
2018,IMN,0.0001311879696979
2019,IMN,0.0001249346973519
2020,IMN,0.0001190909381029
2010,IND,0.0
2011,IND,0.0
2012,IND,0.0
2013,IND,0.0
2014,IND,0.0
2015,IND,0.0
2016,IND,0.0
2017,IND,0.0
2018,IND,0.0
2019,IND,0.0
2020,IND,0.0
2010,IRL,4.826810131106116e-05
2011,IRL,4.532318198266678e-05
2012,IRL,5.218477664451937e-05
2013,IRL,6.171196084610329e-05
2014,IRL,8.655530088064891e-05
2015,IRL,9.986004151677391e-05
2016,IRL,0.0001070197097639
2017,IRL,0.000125297483914
2018,IRL,0.0001311879696979
2019,IRL,0.0001249346973519
2020,IRL,0.0001190909381029
2010,IRN,0.0001559868391244
2011,IRN,7.96203560211549e-05
2012,IRN,8.854670769539758e-05
2013,IRN,9.843962285758282e-05
2014,IRN,9.936469763616624e-05
2015,IRN,0.0001445489997698
2016,IRN,0.0001182280184924
2017,IRN,0.000124951503108
2018,IRN,0.0001986390772273
2019,IRN,0.0002500248420126
2020,IRN,0.000222099278516
2010,IRQ,0.0001342924383191
2011,IRQ,6.841035444492003e-05
2012,IRQ,2.7551850277740405e-05
2013,IRQ,3.184824115637665e-05
2014,IRQ,4.86830582924524e-05
2015,IRQ,7.498712177305803e-05
2016,IRQ,7.179222445785369e-05
2017,IRQ,4.174612482973182e-05
2018,IRQ,3.68925832424061e-05
2019,IRQ,4.42293117879976e-05
2020,IRQ,4.233785605867956e-05
2010,ISL,2.1248942222859585e-06
2011,ISL,1.882471874352818e-06
2012,ISL,2.2810399058859245e-06
2013,ISL,2.025207405202737e-06
2014,ISL,2.4291340990665542e-06
2015,ISL,3.718885539445074e-06
2016,ISL,5.933169157662576e-06
2017,ISL,6.1135067203238485e-06
2018,ISL,7.967194314339123e-06
2019,ISL,8.517139588214605e-06
2020,ISL,8.296649935761258e-06
2010,ISR,0.0
2011,ISR,0.0
2012,ISR,0.0
2013,ISR,0.0
2014,ISR,0.0
2015,ISR,0.0
2016,ISR,0.0
2017,ISR,0.0
2018,ISR,0.0
2019,ISR,0.0
2020,ISR,0.0
2010,ITA,3.552846880249956e-05
2011,ITA,4.125513833960035e-05
2012,ITA,5.355883605609613e-05
2013,ITA,5.994649479866083e-05
2014,ITA,6.280537581577912e-05
2015,ITA,7.373198549453201e-05
2016,ITA,8.634596044774536e-05
2017,ITA,9.960718302171083e-05
2018,ITA,0.0001148393796912
2019,ITA,0.0001159371110696
2020,ITA,0.0001174105207471
2010,JAM,0.0
2011,JAM,0.0
2012,JAM,0.0
2013,JAM,0.0
2014,JAM,0.0
2015,JAM,0.0
2016,JAM,0.0
2017,JAM,0.0
2018,JAM,0.0
2019,JAM,0.0
2020,JAM,0.0
2010,JOR,0.0004418199013389
2011,JOR,0.0003166827162359
2012,JOR,0.0001960880821521
2013,JOR,0.0001802245989945
2014,JOR,0.0002621691004179
2015,JOR,0.0002587583347125
2016,JOR,0.0002613828029748
2017,JOR,0.0002459016998669
2018,JOR,0.0002477451435418
2019,JOR,0.0002343451009133
2020,JOR,0.0002690399296743
2010,JPN,1.8690828231637545e-05
2011,JPN,2.2609853612841907e-05
2012,JPN,2.637129031126352e-05
2013,JPN,3.751187138567039e-05
2014,JPN,4.980372744066625e-05
2015,JPN,6.087412719167924e-05
2016,JPN,6.147706670348428e-05
2017,JPN,7.206717941880096e-05
2018,JPN,8.363639705086102e-05
2019,JPN,8.160056307042181e-05
2020,JPN,7.749564695687563e-05
2010,KAZ,0.0002783990400772
2011,KAZ,0.0001827908155877
2012,KAZ,0.0001522025933092
2013,KAZ,0.0001586148924968
2014,KAZ,0.0001789137878855
2015,KAZ,0.0002576693243814
2016,KAZ,0.000308481908184
2017,KAZ,0.0002277392888195
2018,KAZ,0.0002066249804781
2019,KAZ,0.0001931599652286
2020,KAZ,0.0002283262611727
2010,KEN,0.0
2011,KEN,0.0
2012,KEN,0.0
2013,KEN,0.0
2014,KEN,0.0
2015,KEN,0.0
2016,KEN,0.0
2017,KEN,0.0
2018,KEN,0.0
2019,KEN,0.0
2020,KEN,0.0
2010,KGZ,0.0
2011,KGZ,0.0
2012,KGZ,0.0
2013,KGZ,0.0
2014,KGZ,0.0
2015,KGZ,0.0
2016,KGZ,0.0
2017,KGZ,0.0
2018,KGZ,0.0
2019,KGZ,0.0
2020,KGZ,0.0
2010,KHM,0.0002553563566815
2011,KHM,8.069294205609549e-05
2012,KHM,7.163012791768509e-05
2013,KHM,5.372424600920189e-05
2014,KHM,5.256080343867518e-05
2015,KHM,6.128260837713169e-05
2016,KHM,6.843282665102755e-05
2017,KHM,6.090435415689094e-05
2018,KHM,5.110729238878607e-05
2019,KHM,3.9422851328055146e-05
2020,KHM,3.957826916169959e-05
2010,KIR,0.0
2011,KIR,0.0
2012,KIR,0.0
2013,KIR,0.0
2014,KIR,0.0
2015,KIR,0.0
2016,KIR,0.0
2017,KIR,0.0
2018,KIR,0.0
2019,KIR,0.0
2020,KIR,0.0
2010,KNA,0.0
2011,KNA,0.0
2012,KNA,0.0
2013,KNA,0.0
2014,KNA,0.0
2015,KNA,0.0
2016,KNA,0.0
2017,KNA,0.0
2018,KNA,0.0
2019,KNA,0.0
2020,KNA,0.0
2010,KOR,0.0
2011,KOR,8.948377442092262e-10
2012,KOR,8.596129577311711e-10
2013,KOR,7.215871829507903e-10
2014,KOR,0.0
2015,KOR,5.68715487116335e-10
2016,KOR,5.578178919545821e-10
2017,KOR,7.87055853609879e-10
2018,KOR,1.201433870850275e-09
2019,KOR,1.2438061247315452e-09
2020,KOR,1.192155514268201e-09
2010,KWT,0.0006856834928756
2011,KWT,0.0004703321450241
2012,KWT,0.0002461082342647
2013,KWT,0.0002564256030201
2014,KWT,0.0003766463126257
2015,KWT,0.0006795704295881
2016,KWT,0.00076127742025
2017,KWT,0.0005314237212914
2018,KWT,0.0005388029932518
2019,KWT,0.0005549879752847
2020,KWT,0.0005417243375005
2010,LAO,0.0
2011,LAO,0.0
2012,LAO,0.0
2013,LAO,0.0
2014,LAO,0.0
2015,LAO,0.0
2016,LAO,0.0
2017,LAO,0.0
2018,LAO,0.0
2019,LAO,0.0
2020,LAO,0.0
2010,LBN,0.0003111882755926
2011,LBN,0.0002527476649244
2012,LBN,0.0001416351497403
2013,LBN,0.0001370527599031
2014,LBN,0.0001824050375196
2015,LBN,0.0002283561630715
2016,LBN,0.000240318303618
2017,LBN,0.0002550807618389
2018,LBN,0.0002296606957838
2019,LBN,0.0002403421018348
2020,LBN,0.0003472780963668
2010,LBR,0.0
2011,LBR,0.0
2012,LBR,0.0
2013,LBR,0.0
2014,LBR,0.0
2015,LBR,0.0
2016,LBR,0.0
2017,LBR,0.0
2018,LBR,0.0
2019,LBR,0.0
2020,LBR,0.0
2010,LBY,0.0001563270216963
2011,LBY,0.0004891612543797
2012,LBY,8.329135798914375e-05
2013,LBY,0.0001419299475923
2014,LBY,0.0002255852405357
2015,LBY,0.0002582905635527
2016,LBY,0.0003081290224979
2017,LBY,0.0003703223647063
2018,LBY,0.0001726027636608
2019,LBY,0.000252390317869
2020,LBY,0.0002329891270294
2010,LCA,0.0
2011,LCA,0.0
2012,LCA,0.0
2013,LCA,0.0
2014,LCA,0.0
2015,LCA,0.0
2016,LCA,0.0
2017,LCA,0.0
2018,LCA,0.0
2019,LCA,0.0
2020,LCA,0.0
2010,LIE,1.853362605236535e-05
2011,LIE,1.9789007970946355e-05
2012,LIE,2.424533661882617e-05
2013,LIE,2.749178984421728e-05
2014,LIE,2.6860670461201952e-05
2015,LIE,3.077851507850277e-05
2016,LIE,3.402109999753377e-05
2017,LIE,3.887751982233021e-05
2018,LIE,4.0087436464708e-05
2019,LIE,3.954158774924343e-05
2020,LIE,4.200194511452335e-05
2010,LKA,2.305713697254998e-05
2011,LKA,1.787146281678525e-05
2012,LKA,1.333615169916137e-05
2013,LKA,1.2985422675004746e-05
2014,LKA,1.7316906275408605e-05
2015,LKA,2.5420956787147768e-05
2016,LKA,2.2493321489321285e-05
2017,LKA,2.1721287479709875e-05
2018,LKA,2.172780031869517e-05
2019,LKA,2.131410679226897e-05
2020,LKA,1.975717936872964e-05
2010,LSO,0.0
2011,LSO,0.0
2012,LSO,0.0
2013,LSO,0.0
2014,LSO,0.0
2015,LSO,0.0
2016,LSO,0.0
2017,LSO,0.0
2018,LSO,0.0
2019,LSO,0.0
2020,LSO,0.0
2010,LTU,2.893715253448131e-05
2011,LTU,3.230194148149008e-05
2012,LTU,3.3832391580629823e-05
2013,LTU,3.2870146229236865e-05
2014,LTU,2.515014664820395e-05
2015,LTU,3.225788663271766e-05
2016,LTU,5.970875403766007e-05
2017,LTU,0.0001132239489087
2018,LTU,6.875455517168147e-05
2019,LTU,6.834188938879274e-05
2020,LTU,6.412935735668191e-05
2010,LUX,1.8196523430452783e-06
2011,LUX,1.2939775396573844e-06
2012,LUX,1.5273334412150469e-06
2013,LUX,1.6022279365689476e-06
2014,LUX,1.5234420274892149e-06
2015,LUX,2.314184128982834e-06
2016,LUX,2.611073518802409e-06
2017,LUX,3.986874033151656e-06
2018,LUX,2.8387128776327087e-06
2019,LUX,1.942399267140494e-06
2020,LUX,3.1893985826017213e-06
2010,LVA,3.794678600609008e-05
2011,LVA,3.4754042857123835e-05
2012,LVA,2.978252973229597e-05
2013,LVA,2.35709981277274e-05
2014,LVA,2.265627025215992e-05
2015,LVA,2.417465077624391e-05
2016,LVA,2.370685465791736e-05
2017,LVA,2.439067318948188e-05
2018,LVA,2.21563486023995e-05
2019,LVA,2.1282391561487685e-05
2020,LVA,1.922067833733265e-05
2010,MAC,0.0
2011,MAC,0.0
2012,MAC,0.0
2013,MAC,0.0
2014,MAC,0.0
2015,MAC,0.0
2016,MAC,0.0
2017,MAC,0.0
2018,MAC,0.0
2019,MAC,0.0
2020,MAC,0.0
2010,MAF,0.0
2011,MAF,0.0
2012,MAF,0.0
2013,MAF,0.0
2014,MAF,0.0
2015,MAF,0.0
2016,MAF,0.0
2017,MAF,0.0
2018,MAF,0.0
2019,MAF,0.0
2020,MAF,0.0
2010,MAR,3.162574065103539e-05
2011,MAR,2.230931985336533e-05
2012,MAR,1.7470298324409447e-05
2013,MAR,1.4824864621506252e-05
2014,MAR,1.6166751781799005e-05
2015,MAR,2.2201547640756422e-05
2016,MAR,2.0956462610315263e-05
2017,MAR,2.0315673089003504e-05
2018,MAR,1.916566770791735e-05
2019,MAR,1.78315259525162e-05
2020,MAR,1.937437038560733e-05
2010,MCO,1.853362605236535e-05
2011,MCO,1.9789007970946355e-05
2012,MCO,2.424533661882617e-05
2013,MCO,2.749178984421728e-05
2014,MCO,2.6860670461201952e-05
2015,MCO,3.077851507850277e-05
2016,MCO,3.402109999753377e-05
2017,MCO,3.887751982233021e-05
2018,MCO,4.0087436464708e-05
2019,MCO,3.954158774924343e-05
2020,MCO,4.200194511452335e-05
2010,MDA,6.675234684615819e-05
2011,MDA,5.732405740699781e-05
2012,MDA,6.46034146597485e-05
2013,MDA,6.903476876969103e-05
2014,MDA,7.452336628294122e-05
2015,MDA,8.58352332083625e-05
2016,MDA,8.571678133844612e-05
2017,MDA,6.953213761111652e-05
2018,MDA,4.92809787285613e-05
2019,MDA,4.6473381855196674e-05
2020,MDA,5.144861513574638e-05
2010,MDG,0.0004878287156229
2011,MDG,0.0003473353203005
2012,MDG,0.0002383201498472
2013,MDG,0.0002552567743185
2014,MDG,0.0002903751632496
2015,MDG,0.0003207152207094
2016,MDG,0.0003466796494754
2017,MDG,0.0003719400326007
2018,MDG,0.0003687560320042
2019,MDG,0.00037157568947
2020,MDG,0.0003469171760639
2010,MDV,0.0
2011,MDV,0.0
2012,MDV,0.0
2013,MDV,0.0
2014,MDV,0.0
2015,MDV,0.0
2016,MDV,0.0
2017,MDV,0.0
2018,MDV,0.0
2019,MDV,0.0
2020,MDV,0.0
2010,MEX,2.615390333915085e-06
2011,MEX,3.963345785305875e-06
2012,MEX,6.655070797544887e-06
2013,MEX,8.276688771593535e-06
2014,MEX,1.0557158316963926e-05
2015,MEX,1.3678243445471623e-05
2016,MEX,1.7256532984314414e-05
2017,MEX,1.849265676909372e-05
2018,MEX,2.148880331684959e-05
2019,MEX,2.04462255112806e-05
2020,MEX,2.300672757445567e-05
2010,MHL,0.0
2011,MHL,0.0
2012,MHL,0.0
2013,MHL,0.0
2014,MHL,0.0
2015,MHL,0.0
2016,MHL,0.0
2017,MHL,0.0
2018,MHL,0.0
2019,MHL,0.0
2020,MHL,0.0
2010,MKD,0.0
2011,MKD,0.0
2012,MKD,0.0
2013,MKD,0.0
2014,MKD,0.0
2015,MKD,0.0
2016,MKD,0.0
2017,MKD,0.0
2018,MKD,0.0
2019,MKD,0.0
2020,MKD,0.0
2010,MLI,0.0002628927645385
2011,MLI,0.0001618620642717
2012,MLI,0.0001097685545039
2013,MLI,0.0001261525505634
2014,MLI,0.0001644792933834
2015,MLI,0.0001840567600571
2016,MLI,0.0002174483053372
2017,MLI,0.0001976887356621
2018,MLI,0.0002013699076052
2019,MLI,0.0001901776385526
2020,MLI,0.0001593717695304
2010,MLT,2.558979975359375e-05
2011,MLT,3.1605371615658825e-05
2012,MLT,4.551689561571531e-05
2013,MLT,4.8264708648820543e-05
2014,MLT,5.759249404520148e-05
2015,MLT,9.439933340201956e-05
2016,MLT,0.0001148766965746
2017,MLT,0.000147521040583
2018,MLT,0.0001643203581514
2019,MLT,0.0001763131594962
2020,MLT,0.0001950357640515
2010,MMR,0.0
2011,MMR,0.0
2012,MMR,0.0
2013,MMR,0.0
2014,MMR,0.0
2015,MMR,0.0
2016,MMR,0.0
2017,MMR,0.0
2018,MMR,0.0
2019,MMR,0.0
2020,MMR,0.0
2010,MNE,6.4206842037181e-05
2011,MNE,5.38935834776833e-05
2012,MNE,4.643408224021879e-05
2013,MNE,4.3368145276647776e-05
2014,MNE,6.359766962854202e-05
2015,MNE,6.712013051770798e-05
2016,MNE,6.238979445817258e-05
2017,MNE,5.972572820497395e-05
2018,MNE,5.354646220830621e-05
2019,MNE,5.046013766613103e-05
2020,MNE,4.01191295146648e-05
2010,MNG,0.0
2011,MNG,0.0
2012,MNG,0.0
2013,MNG,0.0
2014,MNG,0.0
2015,MNG,0.0
2016,MNG,0.0
2017,MNG,0.0
2018,MNG,0.0
2019,MNG,0.0
2020,MNG,0.0
2010,MNP,1.8690828231637545e-05
2011,MNP,2.2609853612841907e-05
2012,MNP,2.637129031126352e-05
2013,MNP,3.751187138567039e-05
2014,MNP,4.980372744066625e-05
2015,MNP,6.087412719167924e-05
2016,MNP,6.147706670348428e-05
2017,MNP,7.206717941880096e-05
2018,MNP,8.363639705086102e-05
2019,MNP,8.160056307042181e-05
2020,MNP,7.749564695687563e-05
2010,MOZ,0.0001082380626784
2011,MOZ,7.174195469391293e-05
2012,MOZ,6.516579030805776e-05
2013,MOZ,5.224349403137024e-05
2014,MOZ,5.921846481457152e-05
2015,MOZ,6.884165086862815e-05
2016,MOZ,0.0001201731668413
2017,MOZ,0.0001060928522044
2018,MOZ,0.0001257767648546
2019,MOZ,0.0001161133192962
2020,MOZ,0.0001077482735157
2010,MRT,0.0008534291479361
2011,MRT,0.0005774143329485
2012,MRT,0.0003626863202799
2013,MRT,0.0003259634665442
2014,MRT,0.0003488267806952
2015,MRT,0.0005605909341273
2016,MRT,0.0004042847837852
2017,MRT,0.000381393971512
2018,MRT,0.000426828005167
2019,MRT,0.0004219589065018
2020,MRT,0.0004716230376272
2010,MUS,0.0
2011,MUS,0.0
2012,MUS,0.0
2013,MUS,0.0
2014,MUS,0.0
2015,MUS,0.0
2016,MUS,0.0
2017,MUS,0.0
2018,MUS,0.0
2019,MUS,0.0
2020,MUS,0.0
2010,MWI,0.0001082380626784
2011,MWI,7.174195469391293e-05
2012,MWI,6.516579030805776e-05
2013,MWI,5.224349403137024e-05
2014,MWI,5.921846481457152e-05
2015,MWI,6.884165086862815e-05
2016,MWI,0.0001201731668413
2017,MWI,0.0001060928522044
2018,MWI,0.0001257767648546
2019,MWI,0.0001161133192962
2020,MWI,0.0001077482735157
2010,MYS,0.0
2011,MYS,0.0
2012,MYS,0.0
2013,MYS,0.0
2014,MYS,0.0
2015,MYS,0.0
2016,MYS,0.0
2017,MYS,0.0
2018,MYS,0.0
2019,MYS,0.0
2020,MYS,0.0
2010,NAM,0.0001292024057222
2011,NAM,8.836165968729869e-05
2012,NAM,6.391045880429011e-05
2013,NAM,5.67267267428566e-05
2014,NAM,6.445370147018523e-05
2015,NAM,9.66206370622641e-05
2016,NAM,0.0001171254375979
2017,NAM,8.870289128035053e-05
2018,NAM,4.159313002625646e-05
2019,NAM,0.0001116119782388
2020,NAM,0.0001265326636857
2010,NCL,0.0
2011,NCL,0.0
2012,NCL,0.0
2013,NCL,0.0
2014,NCL,0.0
2015,NCL,0.0
2016,NCL,0.0
2017,NCL,0.0
2018,NCL,0.0
2019,NCL,0.0
2020,NCL,0.0
2010,NER,0.0004692735272252
2011,NER,0.0003267889512721
2012,NER,0.0003519512535752
2013,NER,0.0002626504590222
2014,NER,0.0002365769544497
2015,NER,0.0004375096059165
2016,NER,0.0004673595695474
2017,NER,0.0003543220714489
2018,NER,0.0004160707398868
2019,NER,0.0002774590749133
2020,NER,0.0003151343470696
2010,NGA,0.0001487132257443
2011,NGA,0.0001125646603646
2012,NGA,5.837130829216671e-05
2013,NGA,5.9764908901320105e-05
2014,NGA,6.745722085851162e-05
2015,NGA,9.443177224137472e-05
2016,NGA,0.0001407764642762
2017,NGA,0.0001529002585235
2018,NGA,0.0001911028662569
2019,NGA,0.0001615863967282
2020,NGA,7.419057339986911e-05
2010,NIC,5.339518418005305e-05
2011,NIC,3.9256073846529537e-05
2012,NIC,2.0973560538993925e-05
2013,NIC,1.20300597559341e-05
2014,NIC,1.758645222464959e-05
2015,NIC,2.005123820477974e-05
2016,NIC,1.71563998623826e-05
2017,NIC,2.5701298376314745e-05
2018,NIC,2.9859878216053885e-05
2019,NIC,3.2461290161794257e-05
2020,NIC,3.0374126770666024e-05
2010,NLD,5.050952661406286e-06
2011,NLD,5.074423370502974e-06
2012,NLD,5.450275137312199e-06
2013,NLD,5.4924696246234445e-06
2014,NLD,5.389177737835768e-06
2015,NLD,6.878242467054243e-06
2016,NLD,6.703768908428509e-06
2017,NLD,6.172209063335271e-06
2018,NLD,5.898454709026818e-06
2019,NLD,5.599771291365069e-06
2020,NLD,5.344524486313345e-06
2010,NOR,1.809452476892636e-05
2011,NOR,2.051007825779364e-05
2012,NOR,2.153005883757724e-05
2013,NOR,2.444024050545911e-05
2014,NOR,2.693658709418708e-05
2015,NOR,3.817624619528167e-05
2016,NOR,4.260542972220661e-05
2017,NOR,4.414034474359403e-05
2018,NOR,4.186730791624e-05
2019,NOR,4.096539835755639e-05
2020,NOR,4.338262543407496e-05
2010,NPL,0.0
2011,NPL,0.0
2012,NPL,0.0
2013,NPL,0.0
2014,NPL,0.0
2015,NPL,0.0
2016,NPL,0.0
2017,NPL,0.0
2018,NPL,0.0
2019,NPL,0.0
2020,NPL,0.0
2010,NRU,0.0
2011,NRU,0.0
2012,NRU,0.0
2013,NRU,0.0
2014,NRU,0.0
2015,NRU,0.0
2016,NRU,0.0
2017,NRU,0.0
2018,NRU,0.0
2019,NRU,0.0
2020,NRU,0.0
2010,NZL,8.468935520490847e-05
2011,NZL,0.0001095083489067
2012,NZL,0.0001041595881837
2013,NZL,0.000108622875029
2014,NZL,0.0001266627185818
2015,NZL,0.0001684544488368
2016,NZL,0.0002126111674384
2017,NZL,0.0002585147466578
2018,NZL,0.0003391639303488
2019,NZL,0.0003180781297488
2020,NZL,0.0002848356975513
2010,OMN,7.505806680778245e-05
2011,OMN,4.882715602541215e-05
2012,OMN,3.365028523863363e-05
2013,OMN,3.6456130518953e-05
2014,OMN,4.844123602905752e-05
2015,OMN,6.620831479182978e-05
2016,OMN,6.764931232713673e-05
2017,OMN,4.40863735475304e-05
2018,OMN,3.307927433094331e-05
2019,OMN,3.324407804898984e-05
2020,OMN,4.275926538507357e-05
2010,PAK,0.0001937832653492
2011,PAK,0.0001330930923347
2012,PAK,9.449848021018194e-05
2013,PAK,8.395959281654749e-05
2014,PAK,8.96822683869587e-05
2015,PAK,8.651329388083508e-05
2016,PAK,7.702241927787851e-05
2017,PAK,8.051354903775068e-05
2018,PAK,9.94244146645748e-05
2019,PAK,0.0001005563532439
2020,PAK,8.919342577190344e-05
2010,PAN,7.18336952386903e-05
2011,PAN,5.448154897171167e-05
2012,PAN,3.390283916242294e-05
2013,PAN,2.8057990016233557e-05
2014,PAN,3.984557896123314e-05
2015,PAN,4.907518199626993e-05
2016,PAN,4.516544844702987e-05
2017,PAN,4.10646207272026e-05
2018,PAN,5.835275599921801e-05
2019,PAN,4.60348749419167e-05
2020,PAN,3.786931161690424e-05
2010,PER,2.6165002894073403e-05
2011,PER,1.6720541348907144e-05
2012,PER,1.1088544633636851e-05
2013,PER,1.0425351376006973e-05
2014,PER,1.3432852042142935e-05
2015,PER,1.615703910593711e-05
2016,PER,1.7516081980242283e-05
2017,PER,1.691991320005702e-05
2018,PER,1.796182978730519e-05
2019,PER,1.736059997649598e-05
2020,PER,1.847054115785628e-05
2010,PHL,1.060533418554777e-05
2011,PHL,8.036253916660625e-06
2012,PHL,5.3101304841011495e-06
2013,PHL,4.947064046187467e-06
2014,PHL,6.334707303021467e-06
2015,PHL,7.94659593778848e-06
2016,PHL,8.046168182992536e-06
2017,PHL,7.4105029689316e-06
2018,PHL,7.199006778996086e-06
2019,PHL,7.357335098778931e-06
2020,PHL,6.899076745740024e-06
2010,PLW,1.060533418554777e-05
2011,PLW,8.036253916660625e-06
2012,PLW,5.3101304841011495e-06
2013,PLW,4.947064046187467e-06
2014,PLW,6.334707303021467e-06
2015,PLW,7.94659593778848e-06
2016,PLW,8.046168182992536e-06
2017,PLW,7.4105029689316e-06
2018,PLW,7.199006778996086e-06
2019,PLW,7.357335098778931e-06
2020,PLW,6.899076745740024e-06
2010,PNG,0.0
2011,PNG,0.0
2012,PNG,0.0
2013,PNG,0.0
2014,PNG,0.0
2015,PNG,0.0
2016,PNG,0.0
2017,PNG,0.0
2018,PNG,0.0
2019,PNG,0.0
2020,PNG,0.0
2010,POL,1.853905640683111e-05
2011,POL,2.096232330672972e-05
2012,POL,2.384594328966357e-05
2013,POL,2.291005581344701e-05
2014,POL,2.1362137683005798e-05
2015,POL,2.2808646200115728e-05
2016,POL,2.625700548554385e-05
2017,POL,3.1232331265044775e-05
2018,POL,2.303053750124008e-05
2019,POL,2.2436001402847463e-05
2020,POL,2.029087853913807e-05
2010,PRI,8.88375198085384e-05
2011,PRI,6.339820963440957e-05
2012,PRI,4.829175814096151e-05
2013,PRI,4.9901476968214655e-05
2014,PRI,6.0744865796619456e-05
2015,PRI,7.091652766813946e-05
2016,PRI,6.216147866144821e-05
2017,PRI,6.089579390174565e-05
2018,PRI,4.974579608176016e-05
2019,PRI,4.4836207555031466e-05
2020,PRI,4.507053251888983e-05
2010,PRK,0.0
2011,PRK,8.948377442092262e-10
2012,PRK,8.596129577311711e-10
2013,PRK,7.215871829507903e-10
2014,PRK,0.0
2015,PRK,5.68715487116335e-10
2016,PRK,5.578178919545821e-10
2017,PRK,7.87055853609879e-10
2018,PRK,1.201433870850275e-09
2019,PRK,1.2438061247315452e-09
2020,PRK,1.192155514268201e-09
2010,PRT,8.814201885102215e-05
2011,PRT,9.999775885364244e-05
2012,PRT,0.0001282122456955
2013,PRT,0.000146249089739
2014,PRT,0.0001635120641893
2015,PRT,0.0002099424640652
2016,PRT,0.0002051790688782
2017,PRT,0.0002169046047076
2018,PRT,0.0002112118976561
2019,PRT,0.0002055890134043
2020,PRT,0.0002021876926889
2010,PRY,5.2380863910395807e-05
2011,PRY,3.522349108284578e-05
2012,PRY,2.8352912040333544e-05
2013,PRY,2.2220582755513005e-05
2014,PRY,2.6412045171039883e-05
2015,PRY,3.528871373143889e-05
2016,PRY,2.764859565232504e-05
2017,PRY,2.2352447787711887e-05
2018,PRY,2.5032065640707483e-05
2019,PRY,2.489653673747994e-05
2020,PRY,3.3100816847281735e-05
2010,PYF,0.0
2011,PYF,0.0
2012,PYF,0.0
2013,PYF,0.0
2014,PYF,0.0
2015,PYF,0.0
2016,PYF,0.0
2017,PYF,0.0
2018,PYF,0.0
2019,PYF,0.0
2020,PYF,0.0
2010,QAT,9.692677150861132e-05
2011,QAT,9.401466516159336e-05
2012,QAT,7.721663879838263e-05
2013,QAT,7.621459290221425e-05
2014,QAT,7.998841986654089e-05
2015,QAT,0.0001236170106306
2016,QAT,0.0001561476316507
2017,QAT,0.0001387172113836
2018,QAT,0.0001026720433176
2019,QAT,8.274449709071736e-05
2020,QAT,0.0001586235150354
2010,ROU,4.530013754817761e-05
2011,ROU,4.4324165244387615e-05
2012,ROU,5.656175155320823e-05
2013,ROU,5.976654505363284e-05
2014,ROU,5.623606932443936e-05
2015,ROU,8.433010572798483e-05
2016,ROU,9.483833757698652e-05
2017,ROU,0.0001094139823522
2018,ROU,9.580729023810376e-05
2019,ROU,9.311550143116136e-05
2020,ROU,9.33645611643994e-05
2010,RUS,2.294612026784062e-05
2011,RUS,3.9039067274267866e-05
2012,RUS,4.993606683715522e-05
2013,RUS,6.48374588338796e-05
2014,RUS,8.403945928727682e-05
2015,RUS,0.0001613102937448
2016,RUS,0.0001725575620572
2017,RUS,0.0001749353826813
2018,RUS,0.0001918385923692
2019,RUS,0.0001824183144968
2020,RUS,0.000187531705493
2010,RWA,0.0
2011,RWA,0.0
2012,RWA,0.0
2013,RWA,0.0
2014,RWA,0.0
2015,RWA,0.0
2016,RWA,0.0
2017,RWA,0.0
2018,RWA,0.0
2019,RWA,0.0
2020,RWA,0.0
2010,SAU,0.0005813352278218
2011,SAU,0.0002976604043842
2012,SAU,0.0001718229335663
2013,SAU,0.000181106451778
2014,SAU,0.0002547146428269
2015,SAU,0.0003350662405762
2016,SAU,0.0003345132775708
2017,SAU,0.0003101009730174
2018,SAU,0.0002980128654344
2019,SAU,0.0002946178054573
2020,SAU,0.0003047975384582
2010,SDN,0.0001164876759274
2011,SDN,5.585318713532417e-05
2012,SDN,7.324455846959458e-05
2013,SDN,8.161037731177541e-05
2014,SDN,6.429725603835904e-06
2015,SDN,7.366505497247181e-06
2016,SDN,7.035456203567025e-06
2017,SDN,7.4861079481183905e-06
2018,SDN,7.4052301564959475e-06
2019,SDN,5.051157813020535e-06
2020,SDN,2.628082803503773e-06
2010,SEN,0.0003867430821616
2011,SEN,0.0002008160073152
2012,SEN,0.0001615521766008
2013,SEN,0.000152440146132
2014,SEN,0.0001539248042904
2015,SEN,0.0001834739027226
2016,SEN,0.0001676905924039
2017,SEN,0.0001492452290087
2018,SEN,0.0001543828524268
2019,SEN,0.0001515489272937
2020,SEN,0.0001660298549314
2010,SGP,3.060221903896835e-05
2011,SGP,2.197317778968718e-05
2012,SGP,1.59313965956765e-05
2013,SGP,1.5067576585397044e-05
2014,SGP,1.9508657125903737e-05
2015,SGP,2.3928006869736583e-05
2016,SGP,2.3201706721396973e-05
2017,SGP,1.730029445398901e-05
2018,SGP,2.2064218141664245e-05
2019,SGP,2.22523595208802e-05
2020,SGP,2.2289546522479595e-05
2010,SLB,0.0
2011,SLB,0.0
2012,SLB,0.0
2013,SLB,0.0
2014,SLB,0.0
2015,SLB,0.0
2016,SLB,0.0
2017,SLB,0.0
2018,SLB,0.0
2019,SLB,0.0
2020,SLB,0.0
2010,SLE,0.0
2011,SLE,0.0
2012,SLE,0.0
2013,SLE,0.0
2014,SLE,0.0
2015,SLE,0.0
2016,SLE,0.0
2017,SLE,0.0
2018,SLE,0.0
2019,SLE,0.0
2020,SLE,0.0
2010,SLV,7.764252538518521e-05
2011,SLV,6.056155590916957e-05
2012,SLV,4.061789684034706e-05
2013,SLV,3.8812409799201775e-05
2014,SLV,4.994197193348529e-05
2015,SLV,5.52418203478208e-05
2016,SLV,4.89859033498193e-05
2017,SLV,4.462021127633528e-05
2018,SLV,3.707248674050382e-05
2019,SLV,3.788746761230152e-05
2020,SLV,3.809725338474388e-05
2010,SMR,3.552846880249956e-05
2011,SMR,4.125513833960035e-05
2012,SMR,5.355883605609613e-05
2013,SMR,5.994649479866083e-05
2014,SMR,6.280537581577912e-05
2015,SMR,7.373198549453201e-05
2016,SMR,8.634596044774536e-05
2017,SMR,9.960718302171083e-05
2018,SMR,0.0001148393796912
2019,SMR,0.0001159371110696
2020,SMR,0.0001174105207471
2010,SOM,0.0019389726627415
2011,SOM,0.0015028873212808
2012,SOM,0.0011214936754192
2013,SOM,0.0012622682820353
2014,SOM,0.0026016914904986
2015,SOM,0.0024664246871788
2016,SOM,0.0025023063967993
2017,SOM,0.002057871265994
2018,SOM,0.0014301131696264
2019,SOM,0.0013885994714216
2020,SOM,0.001173421433083
2010,SRB,0.0
2011,SRB,0.0
2012,SRB,0.0
2013,SRB,0.0
2014,SRB,0.0
2015,SRB,0.0
2016,SRB,0.0
2017,SRB,0.0
2018,SRB,0.0
2019,SRB,0.0
2020,SRB,0.0
2010,SSD,0.0
2011,SSD,0.0
2012,SSD,0.0
2013,SSD,0.0
2014,SSD,0.0
2015,SSD,0.0
2016,SSD,0.0
2017,SSD,0.0
2018,SSD,0.0
2019,SSD,0.0
2020,SSD,0.0
2010,STP,0.0001278522761572
2011,STP,8.71371300500716e-05
2012,STP,7.365420021264666e-05
2013,STP,5.560818799054731e-05
2014,STP,9.963812647716648e-05
2015,STP,0.0001561143618871
2016,STP,0.0003098049059336
2017,STP,0.0003650236230202
2018,STP,0.0003001405361403
2019,STP,0.0003343139912192
2020,STP,0.0005453900016727
2010,SUR,0.0
2011,SUR,0.0
2012,SUR,0.0
2013,SUR,0.0
2014,SUR,0.0
2015,SUR,0.0
2016,SUR,0.0
2017,SUR,0.0
2018,SUR,0.0
2019,SUR,0.0
2020,SUR,0.0
2010,SVK,1.0721161883641843e-05
2011,SVK,1.3794478429299592e-05
2012,SVK,1.344864550804092e-05
2013,SVK,1.2336586308541526e-05
2014,SVK,1.2786150055642922e-05
2015,SVK,1.4962352851294109e-05
2016,SVK,1.560269331012312e-05
2017,SVK,2.037625034640275e-05
2018,SVK,1.9394576851168484e-05
2019,SVK,1.8994652396821426e-05
2020,SVK,1.836611710820532e-05
2010,SVN,1.564299940086792e-05
2011,SVN,1.6550645241693476e-05
2012,SVN,2.1729954424119877e-05
2013,SVN,2.269076577657647e-05
2014,SVN,2.652516416396071e-05
2015,SVN,3.147141894831544e-05
2016,SVN,2.999021265994055e-05
2017,SVN,3.158485255305997e-05
2018,SVN,3.0292825452111768e-05
2019,SVN,2.9159726470587408e-05
2020,SVN,2.8113596427379463e-05
2010,SWE,3.11623237223513e-06
2011,SWE,2.738629741895832e-06
2012,SWE,3.388947303712492e-06
2013,SWE,3.4776276488301337e-06
2014,SWE,3.85643995457243e-06
2015,SWE,5.170869884681459e-06
2016,SWE,5.844862026565922e-06
2017,SWE,6.907919194396403e-06
2018,SWE,8.254577407927092e-06
2019,SWE,8.432445952427755e-06
2020,SWE,7.760574142024354e-06
2010,SWZ,0.0
2011,SWZ,0.0
2012,SWZ,0.0
2013,SWZ,0.0
2014,SWZ,0.0
2015,SWZ,0.0
2016,SWZ,0.0
2017,SWZ,0.0
2018,SWZ,0.0
2019,SWZ,0.0
2020,SWZ,0.0
2010,SXM,0.0
2011,SXM,0.0
2012,SXM,0.0
2013,SXM,0.0
2014,SXM,0.0
2015,SXM,0.0
2016,SXM,0.0
2017,SXM,0.0
2018,SXM,0.0
2019,SXM,0.0
2020,SXM,0.0
2010,SYC,0.0
2011,SYC,0.0
2012,SYC,0.0
2013,SYC,0.0
2014,SYC,0.0
2015,SYC,0.0
2016,SYC,0.0
2017,SYC,0.0
2018,SYC,0.0
2019,SYC,0.0
2020,SYC,0.0
2010,SYR,0.0003407160003674
2011,SYR,0.0002647154640214
2012,SYR,0.0003163408747139
2013,SYR,0.0011141349683096
2014,SYR,0.0010861135419879
2015,SYR,0.0010290633863487
2016,SYR,0.0016558264504662
2017,SYR,0.0006238535490069
2018,SYR,0.0004889158295809
2019,SYR,0.0006109246739981
2020,SYR,0.0019529488529006
2010,TCA,0.0
2011,TCA,0.0
2012,TCA,0.0
2013,TCA,0.0
2014,TCA,0.0
2015,TCA,0.0
2016,TCA,0.0
2017,TCA,0.0
2018,TCA,0.0
2019,TCA,0.0
2020,TCA,0.0
2010,TCD,0.0004608106153171
2011,TCD,0.0004822777059569
2012,TCD,0.0005138439647143
2013,TCD,0.0003277973962067
2014,TCD,0.0003598418297813
2015,TCD,0.0006273049256071
2016,TCD,0.0012724937862479
2017,TCD,0.0007910170493803
2018,TCD,0.0006194883720484
2019,TCD,0.0004306035650991
2020,TCD,0.0005807708138306
2010,TGO,0.0005077667037936
2011,TGO,0.0005271764435113
2012,TGO,0.0002827210195546
2013,TGO,0.000279929080231
2014,TGO,0.0002154368157349
2015,TGO,0.0002734494434534
2016,TGO,0.0001829543568046
2017,TGO,0.0001490394044286
2018,TGO,0.0001303700327642
2019,TGO,9.80284637264668e-05
2020,TGO,8.572123118331127e-05
2010,THA,0.0001080403572537
2011,THA,8.392435460831772e-05
2012,THA,6.052799664483623e-05
2013,THA,5.758754496548043e-05
2014,THA,7.296560143754754e-05
2015,THA,8.709950196241395e-05
2016,THA,8.165321771072536e-05
2017,THA,7.408392925418333e-05
2018,THA,7.342353877499369e-05
2019,THA,7.06941463158247e-05
2020,THA,6.273852510367408e-05
2010,TJK,0.0
2011,TJK,0.0
2012,TJK,0.0
2013,TJK,0.0
2014,TJK,0.0
2015,TJK,0.0
2016,TJK,0.0
2017,TJK,0.0
2018,TJK,0.0
2019,TJK,0.0
2020,TJK,0.0
2010,TKM,7.702930609173427e-05
2011,TKM,3.9525055846428487e-05
2012,TKM,2.310495499308471e-05
2013,TKM,1.595874349927199e-05
2014,TKM,2.303751731102101e-05
2015,TKM,3.158987013514702e-05
2016,TKM,3.788035289697754e-05
2017,TKM,4.506433646859024e-05
2018,TKM,4.09582106606724e-05
2019,TKM,3.805058991668372e-05
2020,TKM,3.805058991668372e-05
2010,TLS,0.0
2011,TLS,0.0
2012,TLS,0.0
2013,TLS,0.0
2014,TLS,0.0
2015,TLS,0.0
2016,TLS,0.0
2017,TLS,0.0
2018,TLS,0.0
2019,TLS,0.0
2020,TLS,0.0
2010,TON,0.0
2011,TON,0.0
2012,TON,0.0
2013,TON,0.0
2014,TON,0.0
2015,TON,0.0
2016,TON,0.0
2017,TON,0.0
2018,TON,0.0
2019,TON,0.0
2020,TON,0.0
2010,TTO,0.0
2011,TTO,0.0
2012,TTO,0.0
2013,TTO,0.0
2014,TTO,0.0
2015,TTO,0.0
2016,TTO,0.0
2017,TTO,0.0
2018,TTO,0.0
2019,TTO,0.0
2020,TTO,0.0
2010,TUN,3.019211206382803e-05
2011,TUN,1.980102064561182e-05
2012,TUN,1.66442375656308e-05
2013,TUN,1.576455692871367e-05
2014,TUN,1.950767514683517e-05
2015,TUN,2.4778288634368253e-05
2016,TUN,2.487965502187378e-05
2017,TUN,2.5272554579527125e-05
2018,TUN,2.706492064524385e-05
2019,TUN,2.6107789770975383e-05
2020,TUN,2.568689096889181e-05
2010,TUR,0.0
2011,TUR,0.0
2012,TUR,2.5925658900135707e-09
2013,TUR,2.086841469492528e-09
2014,TUR,8.077142096975402e-08
2015,TUR,6.686667626713806e-08
2016,TUR,7.2414086322621455e-06
2017,TUR,2.539275790504938e-05
2018,TUR,5.786593571402013e-05
2019,TUR,5.826458828236948e-05
2020,TUR,5.872696099127074e-05
2010,TUV,0.0
2011,TUV,0.0
2012,TUV,0.0
2013,TUV,0.0
2014,TUV,0.0
2015,TUV,0.0
2016,TUV,0.0
2017,TUV,0.0
2018,TUV,0.0
2019,TUV,0.0
2020,TUV,0.0
2010,TZA,0.0
2011,TZA,0.0
2012,TZA,0.0
2013,TZA,0.0
2014,TZA,0.0
2015,TZA,0.0
2016,TZA,0.0
2017,TZA,0.0
2018,TZA,0.0
2019,TZA,0.0
2020,TZA,0.0
2010,UGA,0.0
2011,UGA,0.0
2012,UGA,0.0
2013,UGA,0.0
2014,UGA,0.0
2015,UGA,0.0
2016,UGA,0.0
2017,UGA,0.0
2018,UGA,0.0
2019,UGA,0.0
2020,UGA,0.0
2010,UKR,8.934230840957182e-06
2011,UKR,6.602976458900782e-05
2012,UKR,8.752059384141794e-05
2013,UKR,9.798494341282237e-05
2014,UKR,0.0001602472758158
2015,UKR,0.0002743407614362
2016,UKR,0.0002909572113028
2017,UKR,0.0002860750351394
2018,UKR,0.0003921312761526
2019,UKR,0.0003340553704755
2020,UKR,0.0003666097749625
2010,URY,1.5094657079970005e-06
2011,URY,6.335954637020518e-07
2012,URY,2.8064989185178267e-09
2013,URY,4.580489802153813e-06
2014,URY,6.838396171835534e-06
2015,URY,8.767086195545846e-06
2016,URY,1.1420100760590077e-05
2017,URY,1.656145799436389e-05
2018,URY,2.049741781717456e-05
2019,URY,2.1144049062635058e-05
2020,URY,2.428750770970152e-05
2010,USA,2.6078911875037888e-05
2011,USA,3.4325341236080524e-05
2012,USA,3.990103397033104e-05
2013,USA,4.660459850215616e-05
2014,USA,5.285101631112521e-05
2015,USA,5.6389669847503466e-05
2016,USA,6.257986304460193e-05
2017,USA,7.101829136349234e-05
2018,USA,8.058107622441275e-05
2019,USA,7.714759741596194e-05
2020,USA,7.248854195493109e-05
2010,UZB,4.750316859065944e-06
2011,UZB,1.2448971819817583e-05
2012,UZB,1.756308379681112e-06
2013,UZB,1.7327315175754583e-06
2014,UZB,1.2875423566566634e-06
2015,UZB,1.271087002468975e-06
2016,UZB,1.4846522688828377e-06
2017,UZB,2.3998515922933917e-06
2018,UZB,3.123399638143229e-06
2019,UZB,2.437340345999764e-06
2020,UZB,2.3166345356439623e-06
2010,VCT,0.0
2011,VCT,0.0
2012,VCT,0.0
2013,VCT,0.0
2014,VCT,0.0
2015,VCT,0.0
2016,VCT,0.0
2017,VCT,0.0
2018,VCT,0.0
2019,VCT,0.0
2020,VCT,0.0
2010,VEN,7.289536828397734e-05
2011,VEN,6.86456529999401e-05
2012,VEN,4.870576863515541e-05
2013,VEN,8.862001578205852e-05
2014,VEN,0.0001511750717547
2015,VEN,9.872261837789672e-05
2016,VEN,9.872261837789672e-05
2017,VEN,9.872261837789672e-05
2018,VEN,9.872261837789672e-05
2019,VEN,9.872261837789672e-05
2020,VEN,9.872261837789672e-05
2010,VGB,8.88375198085384e-05
2011,VGB,6.339820963440957e-05
2012,VGB,4.829175814096151e-05
2013,VGB,4.9901476968214655e-05
2014,VGB,6.0744865796619456e-05
2015,VGB,7.091652766813946e-05
2016,VGB,6.216147866144821e-05
2017,VGB,6.089579390174565e-05
2018,VGB,4.974579608176016e-05
2019,VGB,4.4836207555031466e-05
2020,VGB,4.507053251888983e-05
2010,VIR,8.88375198085384e-05
2011,VIR,6.339820963440957e-05
2012,VIR,4.829175814096151e-05
2013,VIR,4.9901476968214655e-05
2014,VIR,6.0744865796619456e-05
2015,VIR,7.091652766813946e-05
2016,VIR,6.216147866144821e-05
2017,VIR,6.089579390174565e-05
2018,VIR,4.974579608176016e-05
2019,VIR,4.4836207555031466e-05
2020,VIR,4.507053251888983e-05
2010,VNM,7.621617517555511e-05
2011,VNM,3.8992394848121744e-05
2012,VNM,1.5921858978379703e-05
2013,VNM,1.2316754828890924e-05
2014,VNM,1.5067558578323262e-05
2015,VNM,1.562789987813096e-05
2016,VNM,1.3522858380622438e-05
2017,VNM,1.0680986679923426e-05
2018,VNM,1.0378182991361736e-05
2019,VNM,8.829161799975671e-06
2020,VNM,7.953278253150772e-06
2010,VUT,0.0
2011,VUT,0.0
2012,VUT,0.0
2013,VUT,0.0
2014,VUT,0.0
2015,VUT,0.0
2016,VUT,0.0
2017,VUT,0.0
2018,VUT,0.0
2019,VUT,0.0
2020,VUT,0.0
2010,WSM,0.0
2011,WSM,0.0
2012,WSM,0.0
2013,WSM,0.0
2014,WSM,0.0
2015,WSM,0.0
2016,WSM,0.0
2017,WSM,0.0
2018,WSM,0.0
2019,WSM,0.0
2020,WSM,0.0
2010,XKX,0.0
2011,XKX,0.0
2012,XKX,0.0
2013,XKX,0.0
2014,XKX,0.0
2015,XKX,0.0
2016,XKX,0.0
2017,XKX,0.0
2018,XKX,0.0
2019,XKX,0.0
2020,XKX,0.0
2010,YEM,0.0010964548258882
2011,YEM,0.0011968316719634
2012,YEM,0.0005908511613909
2013,YEM,0.0004445017372585
2014,YEM,0.0004976258404143
2015,YEM,0.0015426498686478
2016,YEM,0.0018759423239052
2017,YEM,0.0028875968036242
2018,YEM,0.0021416731758876
2019,YEM,0.0011876078509655
2020,YEM,0.0011876078509655
2010,ZAF,9.51714350331231e-05
2011,ZAF,6.972551287489482e-05
2012,ZAF,5.349220281286631e-05
2013,ZAF,5.149555573889028e-05
2014,ZAF,7.275618057962786e-05
2015,ZAF,8.904040362063202e-05
2016,ZAF,0.0001027390591905
2017,ZAF,9.600922832948108e-05
2018,ZAF,9.702862833155328e-05
2019,ZAF,9.053748884171062e-05
2020,ZAF,0.0001035531719753
2010,ZMB,0.0
2011,ZMB,0.0
2012,ZMB,0.0
2013,ZMB,0.0
2014,ZMB,0.0
2015,ZMB,0.0
2016,ZMB,0.0
2017,ZMB,0.0
2018,ZMB,0.0
2019,ZMB,0.0
2020,ZMB,0.0
2010,ZWE,0.0002862920647871
2011,ZWE,0.0001994593312843
2012,ZWE,0.0001018797931505
2013,ZWE,0.0001166168283634
2014,ZWE,0.0001497389024955
2015,ZWE,0.0001628405146849
2016,ZWE,0.0001784294260869
2017,ZWE,0.00013382757876
2018,ZWE,0.0002042246358134
2019,ZWE,0.0002167982444951
2020,ZWE,0.0001955449251557
