,Nation,iso_code3,Year,Aviation (mtkm)
0,Aruba,ABW,2011,530.1507188002433
1,Aruba,ABW,2012,530.8128710187945
2,Aruba,ABW,2013,531.4730318271127
3,Aruba,ABW,2014,532.1323085486707
4,Aruba,ABW,2015,532.7917222412462
5,Aruba,ABW,2016,532.650740283414
6,Aruba,ABW,2017,532.5095509072318
7,Aruba,ABW,2018,532.3678379229374
8,Aruba,ABW,2019,532.2257573744771
9,Aruba,ABW,2020,532.0831295529166
10,Afghanistan,AFG,2011,109.421117469991
11,Afghanistan,AFG,2012,116.660723422675
12,Afghanistan,AFG,2013,84.621216
13,Afghanistan,AFG,2014,34.283472
14,Afghanistan,AFG,2015,33.102038592
15,Afghanistan,AFG,2016,29.010880897
16,Afghanistan,AFG,2017,21.462556513
17,Afghanistan,AFG,2018,29.5593487980126
18,Afghanistan,AFG,2019,20.0142059549175
19,Afghanistan,AFG,2020,19.878902393
20,Angola,AGO,2011,50.973
21,Angola,AGO,2012,70.977
22,Angola,AGO,2013,70.431
23,Angola,AGO,2014,65.517
24,Angola,AGO,2015,46.043
25,Angola,AGO,2016,43.940435
26,Angola,AGO,2017,67.32035
27,Angola,AGO,2018,78.15964
28,Angola,AGO,2019,68.04358
29,Angola,AGO,2020,28.89977
30,Albania,ALB,2011,531.325706337261
31,Albania,ALB,2012,532.5439219258623
32,Albania,ALB,2013,533.804538679319
33,Albania,ALB,2014,535.1061278354462
34,Albania,ALB,2015,536.4909080996105
35,Albania,ALB,2016,537.298206717531
36,Albania,ALB,2017,538.0918981544058
37,Albania,ALB,2018,539.01530739344
38,Albania,ALB,2019,540.0881301061879
39,Albania,ALB,2020,541.2942063352019
40,United Arab Emirates,ARE,2011,10434.8491894756
41,United Arab Emirates,ARE,2012,12032.543632735
42,United Arab Emirates,ARE,2013,14082.25474
43,United Arab Emirates,ARE,2014,15527.192868
44,United Arab Emirates,ARE,2015,15962.692
45,United Arab Emirates,ARE,2016,16138.874
46,United Arab Emirates,ARE,2017,16616.24461
47,United Arab Emirates,ARE,2018,15962.90443
48,United Arab Emirates,ARE,2019,14765.5995814573
49,United Arab Emirates,ARE,2020,12171.5568
50,Argentina,ARG,2011,192.20126
51,Argentina,ARG,2012,180.120460072137
52,Argentina,ARG,2013,268.710767897573
53,Argentina,ARG,2014,261.60894
54,Argentina,ARG,2015,243.7725665
55,Argentina,ARG,2016,254.181413504
56,Argentina,ARG,2017,305.102
57,Argentina,ARG,2018,311.720805
58,Argentina,ARG,2019,280.283172
59,Argentina,ARG,2020,81.12423
60,Armenia,ARM,2011,4.4857
61,Armenia,ARM,2012,3.0115
62,Armenia,ARM,2013,0.999996
63,Armenia,ARM,2014,1.7881231999999998
64,Armenia,ARM,2015,1.7881231999999998
65,Armenia,ARM,2016,1.7881231999999998
66,Armenia,ARM,2017,1.7881231999999998
67,Armenia,ARM,2018,1.7881231999999998
68,Armenia,ARM,2019,0.3265
69,Armenia,ARM,2020,0.11692
70,Australia,AUS,2011,2846.59879756427
71,Australia,AUS,2012,2731.69798
72,Australia,AUS,2013,1984.693734
73,Australia,AUS,2014,1925.77200862967
74,Australia,AUS,2015,1907.05190944687
75,Australia,AUS,2016,1868.73262766
76,Australia,AUS,2017,1982.586170817
77,Australia,AUS,2018,2027.63710989603
78,Australia,AUS,2019,1931.1555305
79,Australia,AUS,2020,1200.644145234
80,Austria,AUT,2011,383.371
81,Austria,AUT,2012,322.104
82,Austria,AUT,2013,326.399
83,Austria,AUT,2014,369.955
84,Austria,AUT,2015,351.379
85,Austria,AUT,2016,387.739
86,Austria,AUT,2017,391.268
87,Austria,AUT,2018,373.511
88,Austria,AUT,2019,320.036527
89,Austria,AUT,2020,74.560823
90,Azerbaijan,AZE,2011,9.5921
91,Azerbaijan,AZE,2012,13.0443
92,Azerbaijan,AZE,2013,17.9216
93,Azerbaijan,AZE,2014,385.14865
94,Azerbaijan,AZE,2015,686.94149
95,Azerbaijan,AZE,2016,732.789755
96,Azerbaijan,AZE,2017,61.6255
97,Azerbaijan,AZE,2018,44.0886
98,Azerbaijan,AZE,2019,1620.43791
99,Azerbaijan,AZE,2020,2030.37809
100,Burundi,BDI,2011,493.501854806979
101,Burundi,BDI,2012,492.00771366437897
102,Burundi,BDI,2013,490.3921065382021
103,Burundi,BDI,2014,488.64718285824625
104,Burundi,BDI,2015,486.7505653202772
105,Burundi,BDI,2016,484.0535593696161
106,Burundi,BDI,2017,481.1944959530406
107,Burundi,BDI,2018,478.17499623414443
108,Burundi,BDI,2019,475.0017551808261
109,Burundi,BDI,2020,471.67880362669297
110,Belgium,BEL,2011,1241.293
111,Belgium,BEL,2012,1369.89982037629
112,Belgium,BEL,2013,1560.81076
113,Belgium,BEL,2014,1596.3044
114,Belgium,BEL,2015,1479.9763156
115,Belgium,BEL,2016,1505.4059084
116,Belgium,BEL,2017,1574.378609
117,Belgium,BEL,2018,1285.344187
118,Belgium,BEL,2019,1353.426977272
119,Belgium,BEL,2020,1265.065943534
120,Benin,BEN,2011,0.441834952
121,Benin,BEN,2012,0.441834952
122,Benin,BEN,2013,1.265124
123,Benin,BEN,2014,0.553884
124,Benin,BEN,2015,0.805347336
125,Benin,BEN,2016,0.006442778
126,Benin,BEN,2017,0.5857446696666666
127,Benin,BEN,2018,0.5857446696666666
128,Benin,BEN,2019,0.5857446696666666
129,Benin,BEN,2020,0.5857446696666666
130,Burkina Faso,BFA,2011,0.0858059556370593
131,Burkina Faso,BFA,2012,0.0711111031412642
132,Burkina Faso,BFA,2013,0.062208
133,Burkina Faso,BFA,2014,0.05088
134,Burkina Faso,BFA,2015,0.055868736
135,Burkina Faso,BFA,2016,0.022020102
136,Burkina Faso,BFA,2017,0.022108182
137,Burkina Faso,BFA,2018,0.104614
138,Burkina Faso,BFA,2019,0.04808
139,Burkina Faso,BFA,2020,0.05807734208648038
140,Bangladesh,BGD,2011,159.692783547366
141,Bangladesh,BGD,2012,152.319036972822
142,Bangladesh,BGD,2013,225.1869
143,Bangladesh,BGD,2014,207.73842
144,Bangladesh,BGD,2015,57.0095471847824
145,Bangladesh,BGD,2016,53.97916179
146,Bangladesh,BGD,2017,61.74997781
147,Bangladesh,BGD,2018,50.616612
148,Bangladesh,BGD,2019,168.660713625
149,Bangladesh,BGD,2020,117.785203056
150,Bulgaria,BGR,2011,2.29862
151,Bulgaria,BGR,2012,1.93406
152,Bulgaria,BGR,2013,1.731
153,Bulgaria,BGR,2014,1.722
154,Bulgaria,BGR,2015,1.53095
155,Bulgaria,BGR,2016,1.76924764650873
156,Bulgaria,BGR,2017,1.71896
157,Bulgaria,BGR,2018,1.375
158,Bulgaria,BGR,2019,1.257
159,Bulgaria,BGR,2020,1.02489
160,Bahrain,BHR,2011,417.582988557635
161,Bahrain,BHR,2012,338.071008606076
162,Bahrain,BHR,2013,265.615452
163,Bahrain,BHR,2014,258.367992
164,Bahrain,BHR,2015,240.107004
165,Bahrain,BHR,2016,387.310813088
166,Bahrain,BHR,2017,390.39
167,Bahrain,BHR,2018,420.98375
168,Bahrain,BHR,2019,311.15413
169,Bahrain,BHR,2020,191.96251
170,"Bahamas, The",BHS,2011,0.0921231146396359
171,"Bahamas, The",BHS,2012,0.120103571080943
172,"Bahamas, The",BHS,2013,0.145272
173,"Bahamas, The",BHS,2014,0.176256
174,"Bahamas, The",BHS,2015,0.17273088
175,"Bahamas, The",BHS,2016,0.17480365
176,"Bahamas, The",BHS,2017,0.173580024
177,"Bahamas, The",BHS,2018,0.15069560567436843
178,"Bahamas, The",BHS,2019,0.15069560567436843
179,"Bahamas, The",BHS,2020,0.15069560567436843
180,Bosnia and Herzegovina,BIH,2011,0.0010713184678216
181,Bosnia and Herzegovina,BIH,2012,0.0007818579388069
182,Bosnia and Herzegovina,BIH,2013,0.000528
183,Bosnia and Herzegovina,BIH,2014,0.000408
184,Bosnia and Herzegovina,BIH,2015,8.7e-05
185,Bosnia and Herzegovina,BIH,2016,0.0005752352813256999
186,Bosnia and Herzegovina,BIH,2017,0.0005752352813256999
187,Bosnia and Herzegovina,BIH,2018,0.0005752352813256999
188,Bosnia and Herzegovina,BIH,2019,0.0005752352813256999
189,Bosnia and Herzegovina,BIH,2020,0.0005752352813256999
190,Belarus,BLR,2011,1.549
191,Belarus,BLR,2012,1.755
192,Belarus,BLR,2013,1.695996
193,Belarus,BLR,2014,1.821996
194,Belarus,BLR,2015,1.807
195,Belarus,BLR,2016,1.266
196,Belarus,BLR,2017,1.9151
197,Belarus,BLR,2018,1.9004
198,Belarus,BLR,2019,2.8839
199,Belarus,BLR,2020,1.882857
200,Belize,BLZ,2011,0.0750827301877635
201,Belize,BLZ,2012,0.0608348499918917
202,Belize,BLZ,2013,1.19620662
203,Belize,BLZ,2014,3.00429486
204,Belize,BLZ,2015,2.463420011
205,Belize,BLZ,2016,2.689022193
206,Belize,BLZ,2017,3.746059438
207,Belize,BLZ,2018,1.8907029574542364
208,Belize,BLZ,2019,1.8907029574542364
209,Belize,BLZ,2020,1.8907029574542364
210,Bolivia,BOL,2011,17.4124617143146
211,Bolivia,BOL,2012,12.3003149495376
212,Bolivia,BOL,2013,7.993202
213,Bolivia,BOL,2014,8.78072557707694
214,Bolivia,BOL,2015,9.93479748637544
215,Bolivia,BOL,2016,9.008756313
216,Bolivia,BOL,2017,9.48554381985556
217,Bolivia,BOL,2018,13.7284774028928
218,Bolivia,BOL,2019,22.980404
219,Bolivia,BOL,2020,17.95563766
220,Brazil,BRA,2011,1294.49545
221,Brazil,BRA,2012,1363.447091
222,Brazil,BRA,2013,1637.382
223,Brazil,BRA,2014,1596.774
224,Brazil,BRA,2015,1493.939
225,Brazil,BRA,2016,1513.832873341
226,Brazil,BRA,2017,1736.549227
227,Brazil,BRA,2018,1845.64776
228,Brazil,BRA,2019,1521.14944
229,Brazil,BRA,2020,1209.70683
230,Barbados,BRB,2011,536.7131461147285
231,Barbados,BRB,2012,537.2391038007279
232,Barbados,BRB,2013,537.7640850073329
233,Barbados,BRB,2014,538.2874660099964
234,Barbados,BRB,2015,538.8089058886446
235,Barbados,BRB,2016,538.743144185439
236,Barbados,BRB,2017,538.6755424793633
237,Barbados,BRB,2018,538.6058530038595
238,Barbados,BRB,2019,538.5340771121619
239,Barbados,BRB,2020,538.4603236126726
240,Brunei Darussalam,BRN,2011,149.579
241,Brunei Darussalam,BRN,2012,128.234
242,Brunei Darussalam,BRN,2013,127.595004
243,Brunei Darussalam,BRN,2014,115.389
244,Brunei Darussalam,BRN,2015,115.147
245,Brunei Darussalam,BRN,2016,124.259
246,Brunei Darussalam,BRN,2017,132.612
247,Brunei Darussalam,BRN,2018,129.352
248,Brunei Darussalam,BRN,2019,122.45694
249,Brunei Darussalam,BRN,2020,40.227
250,Bhutan,BTN,2011,0.483705822187223
251,Bhutan,BTN,2012,0.471
252,Bhutan,BTN,2013,0.635292
253,Bhutan,BTN,2014,0.922884
254,Bhutan,BTN,2015,0.538041372
255,Bhutan,BTN,2016,0.65910068
256,Bhutan,BTN,2017,0.530672
257,Bhutan,BTN,2018,0.690916
258,Bhutan,BTN,2019,0.318844
259,Bhutan,BTN,2020,0.510072
260,Botswana,BWA,2011,0.121
261,Botswana,BWA,2012,0.129878466595379
262,Botswana,BWA,2013,0.141492
263,Botswana,BWA,2014,0.107736
264,Botswana,BWA,2015,0.20497820951362553
265,Botswana,BWA,2016,0.20497820951362553
266,Botswana,BWA,2017,0.14564
267,Botswana,BWA,2018,0.113606
268,Botswana,BWA,2019,0.675495
269,Botswana,BWA,2020,0.20497820951362553
270,Central African Republic,CAF,2011,465.8940546332469
271,Central African Republic,CAF,2012,465.594964242027
272,Central African Republic,CAF,2013,465.34946029424634
273,Central African Republic,CAF,2014,464.9963385589314
274,Central African Republic,CAF,2015,464.40944824398804
275,Central African Republic,CAF,2016,463.55899462229377
276,Central African Republic,CAF,2017,462.44837546220344
277,Central African Republic,CAF,2018,461.0972155799832
278,Central African Republic,CAF,2019,459.5546318886114
279,Central African Republic,CAF,2020,457.8572958191707
280,Canada,CAN,2011,1980.0
281,Canada,CAN,2012,1960.0
282,Canada,CAN,2013,1946.30559714895
283,Canada,CAN,2014,2084.318163
284,Canada,CAN,2015,2074.830881067
285,Canada,CAN,2016,2246.22709557467
286,Canada,CAN,2017,2840.9851350232
287,Canada,CAN,2018,2482.0
288,Canada,CAN,2019,3109.04305844707
289,Canada,CAN,2020,2306.166349
290,Switzerland,CHE,2011,1354.590823
291,Switzerland,CHE,2012,1371.470116
292,Switzerland,CHE,2013,1444.374258
293,Switzerland,CHE,2014,1508.892548
294,Switzerland,CHE,2015,1409.329209
295,Switzerland,CHE,2016,1532.761243
296,Switzerland,CHE,2017,1581.35236
297,Switzerland,CHE,2018,1841.314
298,Switzerland,CHE,2019,1640.735
299,Switzerland,CHE,2020,842.992
300,Chile,CHL,2011,1422.29934
301,Chile,CHL,2012,1527.067
302,Chile,CHL,2013,1512.319
303,Chile,CHL,2014,1553.479
304,Chile,CHL,2015,1392.236
305,Chile,CHL,2016,1441.23
306,Chile,CHL,2017,1237.960141
307,Chile,CHL,2018,1226.44199
308,Chile,CHL,2019,1232.41109
309,Chile,CHL,2020,1458.39578
310,China,CHN,2011,16764.869
311,China,CHN,2012,15568.753
312,China,CHN,2013,16053.7331
313,China,CHN,2014,17822.581
314,China,CHN,2015,19805.63
315,China,CHN,2016,21304.5851
316,China,CHN,2017,23323.6147
317,China,CHN,2018,25256.2071
318,China,CHN,2019,25394.5878
319,China,CHN,2020,19264.2436
320,Cote d'Ivoire,CIV,2011,2.70860361698403
321,Cote d'Ivoire,CIV,2012,4.137960075464048
322,Cote d'Ivoire,CIV,2013,4.563948
323,Cote d'Ivoire,CIV,2014,4.71912
324,Cote d'Ivoire,CIV,2015,0.983368072842825
325,Cote d'Ivoire,CIV,2016,1.20223033825879
326,Cote d'Ivoire,CIV,2017,5.41940666666667
327,Cote d'Ivoire,CIV,2018,4.16026898442412
328,Cote d'Ivoire,CIV,2019,9.166862
329,Cote d'Ivoire,CIV,2020,4.317833
330,Cameroon,CMR,2011,0.041038
331,Cameroon,CMR,2012,0.041038
332,Cameroon,CMR,2013,0.041038
333,Cameroon,CMR,2014,0.041038
334,Cameroon,CMR,2015,0.041038
335,Cameroon,CMR,2016,0.041038
336,Cameroon,CMR,2017,0.041038
337,Cameroon,CMR,2018,0.066817
338,Cameroon,CMR,2019,0.031566
339,Cameroon,CMR,2020,0.024731
340,"Congo, Dem. Rep.",COD,2011,0.3749726504576528
341,"Congo, Dem. Rep.",COD,2012,0.206531325
342,"Congo, Dem. Rep.",COD,2013,0.081984
343,"Congo, Dem. Rep.",COD,2014,0.084444
344,"Congo, Dem. Rep.",COD,2015,0.0858397685950413
345,"Congo, Dem. Rep.",COD,2016,0.058456882
346,"Congo, Dem. Rep.",COD,2017,0.228606
347,"Congo, Dem. Rep.",COD,2018,0.915105
348,"Congo, Dem. Rep.",COD,2019,0.7512
349,"Congo, Dem. Rep.",COD,2020,0.962586878523834
350,"Congo, Rep.",COG,2011,1.43488058350513
351,"Congo, Rep.",COG,2012,1.59781520479946
352,"Congo, Rep.",COG,2013,2.384004
353,"Congo, Rep.",COG,2014,1.992936
354,"Congo, Rep.",COG,2015,4.36693937329617
355,"Congo, Rep.",COG,2016,4.52411089880374
356,"Congo, Rep.",COG,2017,4.59716061898045
357,"Congo, Rep.",COG,2018,4.59716061898045
358,"Congo, Rep.",COG,2019,4.15110874340146
359,"Congo, Rep.",COG,2020,1.437077376
360,Colombia,COL,2011,968.160358466796
361,Colombia,COL,2012,918.324091591658
362,Colombia,COL,2013,1222.15686718904
363,Colombia,COL,2014,1315.40395631937
364,Colombia,COL,2015,1316.795809466
365,Colombia,COL,2016,1142.854709203
366,Colombia,COL,2017,1273.568638
367,Colombia,COL,2018,1350.008974
368,Colombia,COL,2019,1547.674684
369,Colombia,COL,2020,1496.604491452
370,Comoros,COM,2011,515.671779479822
371,Comoros,COM,2012,515.56385134858
372,Comoros,COM,2013,515.4463545646652
373,Comoros,COM,2014,515.3208324895135
374,Comoros,COM,2015,515.1871052796213
375,Comoros,COM,2016,515.0180816017138
376,Comoros,COM,2017,514.8408057707594
377,Comoros,COM,2018,514.6548409414635
378,Comoros,COM,2019,514.4592238853123
379,Comoros,COM,2020,514.2538973154797
380,Cabo Verde,CPV,2011,1.95548997224695
381,Cabo Verde,CPV,2012,2.17938738529673
382,Cabo Verde,CPV,2013,1.941924
383,Cabo Verde,CPV,2014,1.882368
384,Cabo Verde,CPV,2015,1.155583765363383
385,Cabo Verde,CPV,2016,1.155583765363383
386,Cabo Verde,CPV,2017,1.155583765363383
387,Cabo Verde,CPV,2018,0.048636
388,Cabo Verde,CPV,2019,0.049965
389,Cabo Verde,CPV,2020,0.031316
390,Costa Rica,CRI,2011,16.867234240556
391,Costa Rica,CRI,2012,15.744
392,Costa Rica,CRI,2013,13.537781
393,Costa Rica,CRI,2014,11.8182973850146
394,Costa Rica,CRI,2015,9.28416
395,Costa Rica,CRI,2016,6.027344
396,Costa Rica,CRI,2017,10.552031
397,Costa Rica,CRI,2018,11.13032
398,Costa Rica,CRI,2019,10.8
399,Costa Rica,CRI,2020,1.613892
400,Cuba,CUB,2011,18.4269139282398
401,Cuba,CUB,2012,17.175734601839
402,Cuba,CUB,2013,16.930008
403,Cuba,CUB,2014,17.313204
404,Cuba,CUB,2015,20.9196451071138
405,Cuba,CUB,2016,26.0034145040302
406,Cuba,CUB,2017,47.76014
407,Cuba,CUB,2018,17.76123
408,Cuba,CUB,2019,13.708525
409,Cuba,CUB,2020,13.421754
410,Cyprus,CYP,2011,16.9749
411,Cyprus,CYP,2012,9.1093
412,Cyprus,CYP,2013,11.592996
413,Cyprus,CYP,2014,6.588588
414,Cyprus,CYP,2015,0.23060058
415,Cyprus,CYP,2016,0.285895446767606
416,Cyprus,CYP,2017,0.34031950189
417,Cyprus,CYP,2018,0.021
418,Cyprus,CYP,2019,0.14
419,Cyprus,CYP,2020,0.328962
420,Czech Republic,CZE,2011,16.721
421,Czech Republic,CZE,2012,11.102
422,Czech Republic,CZE,2013,19.929
423,Czech Republic,CZE,2014,30.81553
424,Czech Republic,CZE,2015,26.71765
425,Czech Republic,CZE,2016,25.294469
426,Czech Republic,CZE,2017,27.81465
427,Czech Republic,CZE,2018,25.22637
428,Czech Republic,CZE,2019,22.73254
429,Czech Republic,CZE,2020,4.323665454
430,Germany,DEU,2011,7716.76190298526
431,Germany,DEU,2012,7236.98063027006
432,Germany,DEU,2013,7335.69940204315
433,Germany,DEU,2014,7184.14620802563
434,Germany,DEU,2015,6986.405444999
435,Germany,DEU,2016,6942.706331998
436,Germany,DEU,2017,7901.65234423
437,Germany,DEU,2018,7969.86364
438,Germany,DEU,2019,7763.61921423928
439,Germany,DEU,2020,5454.642249
440,Djibouti,DJI,2011,502.6048402824716
441,Djibouti,DJI,2012,502.5050557753546
442,Djibouti,DJI,2013,502.3811674810006
443,Djibouti,DJI,2014,502.2464283538888
444,Djibouti,DJI,2015,502.1103872513759
445,Djibouti,DJI,2016,502.1634181225064
446,Djibouti,DJI,2017,502.2160048701986
447,Djibouti,DJI,2018,502.2687129893311
448,Djibouti,DJI,2019,502.3222610840239
449,Djibouti,DJI,2020,502.37653186478576
450,Denmark,DNK,2011,645.0370841762375
451,Denmark,DNK,2012,645.0370841762375
452,Denmark,DNK,2013,645.0370841762375
453,Denmark,DNK,2014,645.0370841762375
454,Denmark,DNK,2015,645.0370841762375
455,Denmark,DNK,2016,645.0370841762375
456,Denmark,DNK,2017,645.0370841762375
457,Denmark,DNK,2018,645.0370841762375
458,Denmark,DNK,2019,985.655671715528
459,Denmark,DNK,2020,304.418496636947
460,Dominican Republic,DOM,2011,539.8914526774633
461,Dominican Republic,DOM,2012,548.7631563741214
462,Dominican Republic,DOM,2013,557.6651466622241
463,Dominican Republic,DOM,2014,566.5929955201054
464,Dominican Republic,DOM,2015,575.5498337941467
465,Dominican Republic,DOM,2016,585.2319044136688
466,Dominican Republic,DOM,2017,594.972762467507
467,Dominican Republic,DOM,2018,604.8553580765213
468,Dominican Republic,DOM,2019,614.909626163974
469,Dominican Republic,DOM,2020,625.1583793281197
470,Algeria,DZA,2011,14.826
471,Algeria,DZA,2012,14.926
472,Algeria,DZA,2013,17.5024186277313
473,Algeria,DZA,2014,21.6623331878
474,Algeria,DZA,2015,21.9016451671492
475,Algeria,DZA,2016,21.591025
476,Algeria,DZA,2017,24.80375
477,Algeria,DZA,2018,28.28048
478,Algeria,DZA,2019,25.641745
479,Algeria,DZA,2020,15.638799
480,Ecuador,ECU,2011,126.4039
481,Ecuador,ECU,2012,121.402590579105
482,Ecuador,ECU,2013,112.059962
483,Ecuador,ECU,2014,82.101
484,Ecuador,ECU,2015,64.037777
485,Ecuador,ECU,2016,60.17416
486,Ecuador,ECU,2017,57.68029
487,Ecuador,ECU,2018,64.20469
488,Ecuador,ECU,2019,50.80511
489,Ecuador,ECU,2020,10.604353816
490,"Egypt, Arab Rep.",EGY,2011,333.306675121003
491,"Egypt, Arab Rep.",EGY,2012,356.265453827017
492,"Egypt, Arab Rep.",EGY,2013,386.683474639046
493,"Egypt, Arab Rep.",EGY,2014,418.691607425321
494,"Egypt, Arab Rep.",EGY,2015,377.360014527
495,"Egypt, Arab Rep.",EGY,2016,374.357162291
496,"Egypt, Arab Rep.",EGY,2017,403.828739
497,"Egypt, Arab Rep.",EGY,2018,437.625328
498,"Egypt, Arab Rep.",EGY,2019,483.4138791
499,"Egypt, Arab Rep.",EGY,2020,438.908903264
500,Spain,ESP,2011,1313.29316795807
501,Spain,ESP,2012,1131.85052008716
502,Spain,ESP,2013,957.997754181
503,Spain,ESP,2014,962.636446
504,Spain,ESP,2015,1035.487113
505,Spain,ESP,2016,1068.160640636
506,Spain,ESP,2017,1078.63356
507,Spain,ESP,2018,1118.73285
508,Spain,ESP,2019,1191.466578
509,Spain,ESP,2020,494.260587847
510,Estonia,EST,2011,4.871
511,Estonia,EST,2012,2.252
512,Estonia,EST,2013,0.108996
513,Estonia,EST,2014,0.900996
514,Estonia,EST,2015,0.870362136
515,Estonia,EST,2016,0.003
516,Estonia,EST,2017,1.5010590226666667
517,Estonia,EST,2018,1.5010590226666667
518,Estonia,EST,2019,1.5010590226666667
519,Estonia,EST,2020,1.5010590226666667
520,Ethiopia,ETH,2011,505.565
521,Ethiopia,ETH,2012,703.644
522,Ethiopia,ETH,2013,790.74339
523,Ethiopia,ETH,2014,950.1573
524,Ethiopia,ETH,2015,1228.73832
525,Ethiopia,ETH,2016,1500.14753
526,Ethiopia,ETH,2017,2076.18502
527,Ethiopia,ETH,2018,2089.27754
528,Ethiopia,ETH,2019,2450.27296
529,Ethiopia,ETH,2020,2897.1341
530,Finland,FIN,2011,740.085265
531,Finland,FIN,2012,690.866320824715
532,Finland,FIN,2013,660.802462
533,Finland,FIN,2014,667.07538
534,Finland,FIN,2015,713.484
535,Finland,FIN,2016,761.85394
536,Finland,FIN,2017,852.01263
537,Finland,FIN,2018,957.63859
538,Finland,FIN,2019,1067.31511
539,Finland,FIN,2020,480.37919
540,Fiji,FJI,2011,84.6407332797888
541,Fiji,FJI,2012,90.9405521462482
542,Fiji,FJI,2013,69.333
543,Fiji,FJI,2014,78.513996
544,Fiji,FJI,2015,83.6865043020511
545,Fiji,FJI,2016,86.955
546,Fiji,FJI,2017,102.59573
547,Fiji,FJI,2018,106.8282
548,Fiji,FJI,2019,108.9135
549,Fiji,FJI,2020,21.804
550,France,FRA,2011,5068.76226392762
551,France,FRA,2012,4626.15380961188
552,France,FRA,2013,4327.126
553,France,FRA,2014,4151.293
554,France,FRA,2015,4098.31
555,France,FRA,2016,4155.407
556,France,FRA,2017,4260.597
557,France,FRA,2018,4443.789
558,France,FRA,2019,4522.586
559,France,FRA,2020,2467.943
560,Gabon,GAB,2011,537.0906035646796
561,Gabon,GAB,2012,538.6707282761593
562,Gabon,GAB,2013,540.1619328073239
563,Gabon,GAB,2014,541.6675758642903
564,Gabon,GAB,2015,543.262409224611
565,Gabon,GAB,2016,542.3799883614611
566,Gabon,GAB,2017,541.6045595464312
567,Gabon,GAB,2018,540.9118630425879
568,Gabon,GAB,2019,540.2606176314114
569,Gabon,GAB,2020,539.6163521908153
570,United Kingdom,GBR,2011,6280.25098328964
571,United Kingdom,GBR,2012,6243.54285285133
572,United Kingdom,GBR,2013,6031.574712
573,United Kingdom,GBR,2014,5974.825151208
574,United Kingdom,GBR,2015,5423.17313862741
575,United Kingdom,GBR,2016,5512.672996428
576,United Kingdom,GBR,2017,5915.641
577,United Kingdom,GBR,2018,6198.37
578,United Kingdom,GBR,2019,5851.19
579,United Kingdom,GBR,2020,3675.244846532
580,Georgia,GEO,2011,0.929
581,Georgia,GEO,2012,0.43518
582,Georgia,GEO,2013,0.4
583,Georgia,GEO,2014,0.4162
584,Georgia,GEO,2015,0.18504
585,Georgia,GEO,2016,0.18050796
586,Georgia,GEO,2017,0.4784
587,Georgia,GEO,2018,0.7509
588,Georgia,GEO,2019,0.640604
589,Georgia,GEO,2020,0.1347
590,Ghana,GHA,2011,3.56603511599799
591,Ghana,GHA,2012,2.41801639475519
592,Ghana,GHA,2013,1.31802
593,Ghana,GHA,2014,1.332792
594,Ghana,GHA,2015,0.844630332
595,Ghana,GHA,2016,0.846429394
596,Ghana,GHA,2017,0.262714068
597,Ghana,GHA,2018,1.5126624721075967
598,Ghana,GHA,2019,1.5126624721075967
599,Ghana,GHA,2020,1.5126624721075967
600,Guinea,GIN,2011,422.5926767775802
601,Guinea,GIN,2012,419.9435084931607
602,Guinea,GIN,2013,417.1205530739687
603,Guinea,GIN,2014,414.0134668024243
604,Guinea,GIN,2015,410.48686202562726
605,Guinea,GIN,2016,408.0605837660603
606,Guinea,GIN,2017,405.19236370338496
607,Guinea,GIN,2018,401.93752988438865
608,Guinea,GIN,2019,398.3920818352379
609,Guinea,GIN,2020,394.6147536755494
610,"Gambia, The",GMB,2011,1.1618173349999998
611,"Gambia, The",GMB,2012,0.15528396
612,"Gambia, The",GMB,2013,2.172012
613,"Gambia, The",GMB,2014,2.24586
614,"Gambia, The",GMB,2015,0.07411338
615,"Gambia, The",GMB,2016,1.1618173349999998
616,"Gambia, The",GMB,2017,1.1618173349999998
617,"Gambia, The",GMB,2018,1.1618173349999998
618,"Gambia, The",GMB,2019,1.1618173349999998
619,"Gambia, The",GMB,2020,1.1618173349999998
620,Guinea-Bissau,GNB,2011,501.865389718436
621,Guinea-Bissau,GNB,2012,501.2067339087777
622,Guinea-Bissau,GNB,2013,500.51432254841666
623,Guinea-Bissau,GNB,2014,499.79308786875305
624,Guinea-Bissau,GNB,2015,499.0471710872261
625,Guinea-Bissau,GNB,2016,498.26387066221565
626,Guinea-Bissau,GNB,2017,497.4576554924098
627,Guinea-Bissau,GNB,2018,496.6281443556586
628,Guinea-Bissau,GNB,2019,495.7755408204614
629,Guinea-Bissau,GNB,2020,494.8993146611906
630,Equatorial Guinea,GNQ,2011,0.225400162
631,Equatorial Guinea,GNQ,2012,0.7676275685
632,Equatorial Guinea,GNQ,2013,0.36126
633,Equatorial Guinea,GNQ,2014,0.31788
634,Equatorial Guinea,GNQ,2015,0.46165020845874
635,Equatorial Guinea,GNQ,2016,0.358277746
636,Equatorial Guinea,GNQ,2017,0.418783315
637,Equatorial Guinea,GNQ,2018,0.6645646666620821
638,Equatorial Guinea,GNQ,2019,0.288954
639,Equatorial Guinea,GNQ,2020,2.781249
640,Greece,GRC,2011,4.18568526670255
641,Greece,GRC,2012,2.31403046797287
642,Greece,GRC,2013,0.593232
643,Greece,GRC,2014,19.359432
644,Greece,GRC,2015,26.10771098
645,Greece,GRC,2016,23.993
646,Greece,GRC,2017,23.525
647,Greece,GRC,2018,21.909
648,Greece,GRC,2019,23.90576
649,Greece,GRC,2020,10.09844
650,Guatemala,GTM,2011,4.18679866601752
651,Guatemala,GTM,2012,3.7122254448016
652,Guatemala,GTM,2013,1.0843874163132354
653,Guatemala,GTM,2014,0.09123
654,Guatemala,GTM,2015,0.45552
655,Guatemala,GTM,2016,0.63203
656,Guatemala,GTM,2017,0.546373
657,Guatemala,GTM,2018,0.107366
658,Guatemala,GTM,2019,0.0273
659,Guatemala,GTM,2020,0.000643636
660,Guyana,GUY,2011,1.23149676596269
661,Guyana,GUY,2012,0.941436372233282
662,Guyana,GUY,2013,0.48581666999395806
663,Guyana,GUY,2014,0.48581666999395806
664,Guyana,GUY,2015,0.48581666999395806
665,Guyana,GUY,2016,0.48581666999395806
666,Guyana,GUY,2017,0.48581666999395806
667,Guyana,GUY,2018,0.100011
668,Guyana,GUY,2019,0.0475892117738182
669,Guyana,GUY,2020,0.10855
670,"Hong Kong SAR, China",HKG,2011,10053.898445
671,"Hong Kong SAR, China",HKG,2012,9468.41800958361
672,"Hong Kong SAR, China",HKG,2013,9396.48053
673,"Hong Kong SAR, China",HKG,2014,10826.12281
674,"Hong Kong SAR, China",HKG,2015,11294.272491
675,"Hong Kong SAR, China",HKG,2016,11409.118758
676,"Hong Kong SAR, China",HKG,2017,12415.19932
677,"Hong Kong SAR, China",HKG,2018,12676.721747
678,"Hong Kong SAR, China",HKG,2019,11739.489567
679,"Hong Kong SAR, China",HKG,2020,8084.89962
680,Honduras,HND,2011,1.83021841731528
681,Honduras,HND,2012,2.04647355444776
682,Honduras,HND,2013,1.97274
683,Honduras,HND,2014,0.851628
684,Honduras,HND,2015,0.50237232
685,Honduras,HND,2016,0.399566257
686,Honduras,HND,2017,0.229947
687,Honduras,HND,2018,0.44987
688,Honduras,HND,2019,1.149492
689,Honduras,HND,2020,0.3671
690,Croatia,HRV,2011,1.67474
691,Croatia,HRV,2012,1.738189
692,Croatia,HRV,2013,1.47223
693,Croatia,HRV,2014,0.97639
694,Croatia,HRV,2015,0.77532
695,Croatia,HRV,2016,0.65658
696,Croatia,HRV,2017,0.58275
697,Croatia,HRV,2018,0.52979
698,Croatia,HRV,2019,0.4406
699,Croatia,HRV,2020,0.17935
700,Haiti,HTI,2011,375.8612363335054
701,Haiti,HTI,2012,372.2063810911347
702,Haiti,HTI,2013,368.465541026771
703,Haiti,HTI,2014,364.6391295067284
704,Haiti,HTI,2015,360.7440557202342
705,Haiti,HTI,2016,354.17410460271014
706,Haiti,HTI,2017,347.6194577310355
707,Haiti,HTI,2018,341.0714219519592
708,Haiti,HTI,2019,334.5206497688441
709,Haiti,HTI,2020,327.96064753348116
710,Hungary,HUN,2011,5.85295
711,Hungary,HUN,2012,0.467678756906942
712,Hungary,HUN,2013,3.160314378453471
713,Hungary,HUN,2014,3.160314378453471
714,Hungary,HUN,2015,3.160314378453471
715,Hungary,HUN,2016,3.160314378453471
716,Hungary,HUN,2017,3.160314378453471
717,Hungary,HUN,2018,3.160314378453471
718,Hungary,HUN,2019,3.160314378453471
719,Hungary,HUN,2020,3.160314378453471
720,Indonesia,IDN,2011,754.297938393013
721,Indonesia,IDN,2012,880.340263956616
722,Indonesia,IDN,2013,768.23502
723,Indonesia,IDN,2014,902.116486410853
724,Indonesia,IDN,2015,758.705163350469
725,Indonesia,IDN,2016,974.556289
726,Indonesia,IDN,2017,1052.36048
727,Indonesia,IDN,2018,1131.913455454
728,Indonesia,IDN,2019,981.74186
729,Indonesia,IDN,2020,674.799378544
730,India,IND,2011,1702.702702
731,India,IND,2012,1579.229879
732,India,IND,2013,1733.76172
733,India,IND,2014,1851.32674
734,India,IND,2015,1833.847614
735,India,IND,2016,1893.8815
736,India,IND,2017,2407.098107
737,India,IND,2018,2703.96417383
738,India,IND,2019,1938.232596
739,India,IND,2020,875.122843
740,Ireland,IRL,2011,123.452121701029
741,Ireland,IRL,2012,123.110099893906
742,Ireland,IRL,2013,118.253832
743,Ireland,IRL,2014,126.164748
744,Ireland,IRL,2015,138.58
745,Ireland,IRL,2016,118.207
746,Ireland,IRL,2017,154.38504
747,Ireland,IRL,2018,168.7117
748,Ireland,IRL,2019,174.5404
749,Ireland,IRL,2020,131.775022
750,"Iran, Islamic Rep.",IRN,2011,85.8763078604792
751,"Iran, Islamic Rep.",IRN,2012,66.2338138748408
752,"Iran, Islamic Rep.",IRN,2013,84.4590590839086
753,"Iran, Islamic Rep.",IRN,2014,96.4385837752481
754,"Iran, Islamic Rep.",IRN,2015,95.9107033490603
755,"Iran, Islamic Rep.",IRN,2016,139.17528859407
756,"Iran, Islamic Rep.",IRN,2017,325.668724283288
757,"Iran, Islamic Rep.",IRN,2018,169.797251
758,"Iran, Islamic Rep.",IRN,2019,152.258660678818
759,"Iran, Islamic Rep.",IRN,2020,202.106472273
760,Iraq,IRQ,2011,14.5213731897664
761,Iraq,IRQ,2012,15.3356283184479
762,Iraq,IRQ,2013,10.619112
763,Iraq,IRQ,2014,10.619112
764,Iraq,IRQ,2015,1.218202664
765,Iraq,IRQ,2016,0.9519664068
766,Iraq,IRQ,2017,15.587857428
767,Iraq,IRQ,2018,16.199317
768,Iraq,IRQ,2019,10.631571125876787
769,Iraq,IRQ,2020,10.631571125876787
770,Iceland,ISL,2011,82.068191
771,Iceland,ISL,2012,98.30421
772,Iceland,ISL,2013,99.153358
773,Iceland,ISL,2014,96.01941
774,Iceland,ISL,2015,107.696809
775,Iceland,ISL,2016,128.008190221
776,Iceland,ISL,2017,166.75235
777,Iceland,ISL,2018,163.646108143
778,Iceland,ISL,2019,138.653502
779,Iceland,ISL,2020,135.059286
780,Israel,ISR,2011,883.418
781,Israel,ISR,2012,810.909456005204
782,Israel,ISR,2013,801.730584
783,Israel,ISR,2014,651.238996
784,Israel,ISR,2015,758.633996
785,Israel,ISR,2016,783.925
786,Israel,ISR,2017,912.898
787,Israel,ISR,2018,994.542
788,Israel,ISR,2019,889.334
789,Israel,ISR,2020,816.628
790,Italy,ITA,2011,760.26837
791,Italy,ITA,2012,795.11615
792,Italy,ITA,2013,892.930674
793,Italy,ITA,2014,989.179882
794,Italy,ITA,2015,945.2649666
795,Italy,ITA,2016,1083.244836
796,Italy,ITA,2017,1437.245062
797,Italy,ITA,2018,1418.004731
798,Italy,ITA,2019,1344.955151
799,Italy,ITA,2020,978.76063
800,Jamaica,JAM,2011,3.332161
801,Jamaica,JAM,2012,3.332161
802,Jamaica,JAM,2013,3.332161
803,Jamaica,JAM,2014,3.332161
804,Jamaica,JAM,2015,1.396
805,Jamaica,JAM,2016,4.506984
806,Jamaica,JAM,2017,2.83938
807,Jamaica,JAM,2018,4.58628
808,Jamaica,JAM,2019,3.332161
809,Jamaica,JAM,2020,3.332161
810,Jordan,JOR,2011,196.184547
811,Jordan,JOR,2012,188.06493
812,Jordan,JOR,2013,172.126
813,Jordan,JOR,2014,171.97
814,Jordan,JOR,2015,169.105
815,Jordan,JOR,2016,144.211200649
816,Jordan,JOR,2017,158.95506
817,Jordan,JOR,2018,175.8386
818,Jordan,JOR,2019,153.56892
819,Jordan,JOR,2020,74.66289
820,Japan,JPN,2011,6545.945
821,Japan,JPN,2012,7045.781
822,Japan,JPN,2013,7715.927
823,Japan,JPN,2014,8661.758
824,Japan,JPN,2015,8661.758
825,Japan,JPN,2016,9360.888
826,Japan,JPN,2017,10684.574
827,Japan,JPN,2018,9420.659
828,Japan,JPN,2019,8919.48
829,Japan,JPN,2020,7841.508
830,Kazakhstan,KAZ,2011,50.977
831,Kazakhstan,KAZ,2012,53.977
832,Kazakhstan,KAZ,2013,58.199004
833,Kazakhstan,KAZ,2014,44.61
834,Kazakhstan,KAZ,2015,37.669008
835,Kazakhstan,KAZ,2016,38.89446
836,Kazakhstan,KAZ,2017,49.5077
837,Kazakhstan,KAZ,2018,49.64306
838,Kazakhstan,KAZ,2019,49.84901
839,Kazakhstan,KAZ,2020,23.53957
840,Kenya,KEN,2011,191.160655418998
841,Kenya,KEN,2012,234.568543129171
842,Kenya,KEN,2013,258.081012
843,Kenya,KEN,2014,248.56658
844,Kenya,KEN,2015,233.104791944
845,Kenya,KEN,2016,257.576935754
846,Kenya,KEN,2017,275.512276845
847,Kenya,KEN,2018,295.047760350297
848,Kenya,KEN,2019,320.952554616571
849,Kenya,KEN,2020,113.06282
850,Kyrgyz Republic,KGZ,2011,1.486294
851,Kyrgyz Republic,KGZ,2012,0.78235
852,Kyrgyz Republic,KGZ,2013,0.59035
853,Kyrgyz Republic,KGZ,2014,0.237168
854,Kyrgyz Republic,KGZ,2015,0.06929
855,Kyrgyz Republic,KGZ,2016,0.088343
856,Kyrgyz Republic,KGZ,2017,0.02165
857,Kyrgyz Republic,KGZ,2018,1.263266
858,Kyrgyz Republic,KGZ,2019,0.495853
859,Kyrgyz Republic,KGZ,2020,0.005855
860,Cambodia,KHM,2011,0.0951600512
861,Cambodia,KHM,2012,0.0681726118818161
862,Cambodia,KHM,2013,1.07095376052747
863,Cambodia,KHM,2014,1.75384
864,Cambodia,KHM,2015,2.30126
865,Cambodia,KHM,2016,1.441695
866,Cambodia,KHM,2017,0.876
867,Cambodia,KHM,2018,0.67645
868,Cambodia,KHM,2019,0.68860716
869,Cambodia,KHM,2020,0.9969042870676985
870,"Korea, Rep.",KOR,2011,12381.6339
871,"Korea, Rep.",KOR,2012,12290.68063
872,"Korea, Rep.",KOR,2013,11112.514602
873,"Korea, Rep.",KOR,2014,11124.72618
874,"Korea, Rep.",KOR,2015,11293.801266
875,"Korea, Rep.",KOR,2016,10805.992
876,"Korea, Rep.",KOR,2017,11511.801211
877,"Korea, Rep.",KOR,2018,11518.6260683819
878,"Korea, Rep.",KOR,2019,10664.3782296361
879,"Korea, Rep.",KOR,2020,12456.57079
880,Kuwait,KWT,2011,277.544065677216
881,Kuwait,KWT,2012,267.254
882,Kuwait,KWT,2013,245.968996
883,Kuwait,KWT,2014,267.877606
884,Kuwait,KWT,2015,216.335004
885,Kuwait,KWT,2016,223.005444
886,Kuwait,KWT,2017,309.864884
887,Kuwait,KWT,2018,392.363053
888,Kuwait,KWT,2019,364.649349
889,Kuwait,KWT,2020,119.717272
890,Lao PDR,LAO,2011,0.389
891,Lao PDR,LAO,2012,0.966483517914956
892,Lao PDR,LAO,2013,1.409832
893,Lao PDR,LAO,2014,1.37196
894,Lao PDR,LAO,2015,1.35649770065177
895,Lao PDR,LAO,2016,1.49602039
896,Lao PDR,LAO,2017,1.473259309
897,Lao PDR,LAO,2018,0.911447
898,Lao PDR,LAO,2019,0.910194
899,Lao PDR,LAO,2020,1.1427437686185253
900,Lebanon,LBN,2011,47.699
901,Lebanon,LBN,2012,50.619
902,Lebanon,LBN,2013,70.098
903,Lebanon,LBN,2014,59.58
904,Lebanon,LBN,2015,54.077
905,Lebanon,LBN,2016,45.558
906,Lebanon,LBN,2017,53.387
907,Lebanon,LBN,2018,56.569
908,Lebanon,LBN,2019,51.70094
909,Lebanon,LBN,2020,19.11662
910,Liberia,LBR,2011,453.38796095480075
911,Liberia,LBR,2012,451.11404479989386
912,Liberia,LBR,2013,448.888996855819
913,Liberia,LBR,2014,446.6421612645314
914,Liberia,LBR,2015,444.3142332824107
915,Liberia,LBR,2016,441.4435786238507
916,Liberia,LBR,2017,438.5037728038199
917,Liberia,LBR,2018,435.48123883539694
918,Liberia,LBR,2019,432.3693249540809
919,Liberia,LBR,2020,429.16080798213915
920,Libya,LBY,2011,5.72301943045061
921,Libya,LBY,2012,2.1282547665725
922,Libya,LBY,2013,3.672312
923,Libya,LBY,2014,2.90666681323636
924,Libya,LBY,2015,2.54943277629794
925,Libya,LBY,2016,1.37789973
926,Libya,LBY,2017,1.236961352
927,Libya,LBY,2018,0.711155
928,Libya,LBY,2019,0.758181
929,Libya,LBY,2020,0.617193348
930,St. Lucia,LCA,2011,525.567304564692
931,St. Lucia,LCA,2012,525.7443258488315
932,St. Lucia,LCA,2013,525.9225023450529
933,St. Lucia,LCA,2014,526.1003595537181
934,St. Lucia,LCA,2015,526.2772522983039
935,St. Lucia,LCA,2016,526.2969326966792
936,St. Lucia,LCA,2017,526.3156334855076
937,St. Lucia,LCA,2018,526.3334319699644
938,St. Lucia,LCA,2019,526.3507240213798
939,St. Lucia,LCA,2020,526.3677306209904
940,Sri Lanka,LKA,2011,364.50263
941,Sri Lanka,LKA,2012,405.42043
942,Sri Lanka,LKA,2013,385.12
943,Sri Lanka,LKA,2014,384.70865414
944,Sri Lanka,LKA,2015,381.6320526
945,Sri Lanka,LKA,2016,403.075583974751
946,Sri Lanka,LKA,2017,398.473464249
947,Sri Lanka,LKA,2018,436.198
948,Sri Lanka,LKA,2019,394.05
949,Sri Lanka,LKA,2020,226.479
950,Lesotho,LSO,2011,510.2720404325785
951,Lesotho,LSO,2012,510.07210558791303
952,Lesotho,LSO,2013,509.84339636836256
953,Lesotho,LSO,2014,509.5937918225273
954,Lesotho,LSO,2015,509.32937892046215
955,Lesotho,LSO,2016,508.92124703792103
956,Lesotho,LSO,2017,508.50031511530347
957,Lesotho,LSO,2018,508.06329224465367
958,Lesotho,LSO,2019,507.6123591026805
959,Lesotho,LSO,2020,507.1467910602945
960,Lithuania,LTU,2011,2.291
961,Lithuania,LTU,2012,3.056
962,Lithuania,LTU,2013,4.99992
963,Lithuania,LTU,2014,0.471265
964,Lithuania,LTU,2015,0.56564667
965,Lithuania,LTU,2016,0.472
966,Lithuania,LTU,2017,0.472
967,Lithuania,LTU,2018,1.8918781322930474
968,Lithuania,LTU,2019,1.8918781322930474
969,Lithuania,LTU,2020,2.80719338834438
970,Luxembourg,LUX,2011,4653.873
971,Luxembourg,LUX,2012,4402.974
972,Luxembourg,LUX,2013,5224.838626
973,Luxembourg,LUX,2014,5753.111628
974,Luxembourg,LUX,2015,6309.473324
975,Luxembourg,LUX,2016,6877.761503
976,Luxembourg,LUX,2017,7321.11217
977,Luxembourg,LUX,2018,7323.03958
978,Luxembourg,LUX,2019,7188.04334
979,Luxembourg,LUX,2020,7344.759036
980,Latvia,LVA,2011,5.313543
981,Latvia,LVA,2012,4.057
982,Latvia,LVA,2013,3.759996
983,Latvia,LVA,2014,3.510996
984,Latvia,LVA,2015,2.277996
985,Latvia,LVA,2016,2.157
986,Latvia,LVA,2017,2.83108
987,Latvia,LVA,2018,4.01487
988,Latvia,LVA,2019,5.1637624
989,Latvia,LVA,2020,4.32123
990,"Macao SAR, China",MAC,2011,25.09099
991,"Macao SAR, China",MAC,2012,19.06999
992,"Macao SAR, China",MAC,2013,20.07111
993,"Macao SAR, China",MAC,2014,23.87158
994,"Macao SAR, China",MAC,2015,25.435
995,"Macao SAR, China",MAC,2016,29.39461
996,"Macao SAR, China",MAC,2017,32.76585
997,"Macao SAR, China",MAC,2018,31.84376
998,"Macao SAR, China",MAC,2019,26.02953
999,"Macao SAR, China",MAC,2020,8.99441
1000,Morocco,MAR,2011,40.9843170717889
1001,Morocco,MAR,2012,38.8408635811992
1002,Morocco,MAR,2013,43.321464
1003,Morocco,MAR,2014,47.000251
1004,Morocco,MAR,2015,52.913598
1005,Morocco,MAR,2016,53.82625368
1006,Morocco,MAR,2017,77.93581
1007,Morocco,MAR,2018,97.71152
1008,Morocco,MAR,2019,102.19214
1009,Morocco,MAR,2020,46.244684
1010,Moldova,MDA,2011,1.18356
1011,Moldova,MDA,2012,1.07716
1012,Moldova,MDA,2013,0.831444
1013,Moldova,MDA,2014,0.628572
1014,Moldova,MDA,2015,0.48963
1015,Moldova,MDA,2016,0.486910181772908
1016,Moldova,MDA,2017,0.55191
1017,Moldova,MDA,2018,0.6445
1018,Moldova,MDA,2019,1.22908832
1019,Moldova,MDA,2020,0.45188
1020,Madagascar,MDG,2011,21.2715163636364
1021,Madagascar,MDG,2012,24.97688
1022,Madagascar,MDG,2013,34.55841
1023,Madagascar,MDG,2014,31.07096
1024,Madagascar,MDG,2015,25.62026
1025,Madagascar,MDG,2016,11.96217
1026,Madagascar,MDG,2017,15.02506
1027,Madagascar,MDG,2018,16.24747
1028,Madagascar,MDG,2019,16.18255
1029,Madagascar,MDG,2020,5.384373332
1030,Maldives,MDV,2011,6.832383868947921
1031,Maldives,MDV,2012,6.832383868947921
1032,Maldives,MDV,2013,6.832383868947921
1033,Maldives,MDV,2014,6.832383868947921
1034,Maldives,MDV,2015,5.87870598184376
1035,Maldives,MDV,2016,6.872800012
1036,Maldives,MDV,2017,7.745645613
1037,Maldives,MDV,2018,6.832383868947921
1038,Maldives,MDV,2019,6.832383868947921
1039,Maldives,MDV,2020,6.832383868947921
1040,Mexico,MEX,2011,774.603519631098
1041,Mexico,MEX,2012,763.886260561117
1042,Mexico,MEX,2013,677.139988908
1043,Mexico,MEX,2014,617.529552725
1044,Mexico,MEX,2015,714.003211
1045,Mexico,MEX,2016,760.849242
1046,Mexico,MEX,2017,928.83550977
1047,Mexico,MEX,2018,1062.987599
1048,Mexico,MEX,2019,1072.52473
1049,Mexico,MEX,2020,732.796479
1050,North Macedonia,MKD,2011,534.7833995947257
1051,North Macedonia,MKD,2012,536.7112140189267
1052,North Macedonia,MKD,2013,538.6049402454969
1053,North Macedonia,MKD,2014,540.465127839389
1054,North Macedonia,MKD,2015,542.3175544885862
1055,North Macedonia,MKD,2016,543.5253402447385
1056,North Macedonia,MKD,2017,544.7152786742414
1057,North Macedonia,MKD,2018,545.8883315704617
1058,North Macedonia,MKD,2019,547.0650292633063
1059,North Macedonia,MKD,2020,548.3209796653304
1060,Mali,MLI,2011,9.11551389645065
1061,Mali,MLI,2012,5.4487094452797
1062,Mali,MLI,2013,1.19358
1063,Mali,MLI,2014,5.252601113910117
1064,Mali,MLI,2015,5.252601113910117
1065,Mali,MLI,2016,5.252601113910117
1066,Mali,MLI,2017,5.252601113910117
1067,Mali,MLI,2018,5.252601113910117
1068,Mali,MLI,2019,5.252601113910117
1069,Mali,MLI,2020,5.252601113910117
1070,Malta,MLT,2011,6.352
1071,Malta,MLT,2012,5.266
1072,Malta,MLT,2013,3.541
1073,Malta,MLT,2014,3.422
1074,Malta,MLT,2015,3.352
1075,Malta,MLT,2016,2.442
1076,Malta,MLT,2017,2.63621
1077,Malta,MLT,2018,5.14323
1078,Malta,MLT,2019,6.727273
1079,Malta,MLT,2020,2.903530909
1080,Myanmar,MMR,2011,3.53038
1081,Myanmar,MMR,2012,3.82987504054834
1082,Myanmar,MMR,2013,2.861556
1083,Myanmar,MMR,2014,3.90162
1084,Myanmar,MMR,2015,3.3857879
1085,Myanmar,MMR,2016,5.065285902
1086,Myanmar,MMR,2017,4.83393550069972
1087,Myanmar,MMR,2018,4.74216559835534
1088,Myanmar,MMR,2019,8.30683
1089,Myanmar,MMR,2020,1.242318
1090,Montenegro,MNE,2011,0.11451250000000002
1091,Montenegro,MNE,2012,0.11451250000000002
1092,Montenegro,MNE,2013,0.11451250000000002
1093,Montenegro,MNE,2014,0.11451250000000002
1094,Montenegro,MNE,2015,0.11451250000000002
1095,Montenegro,MNE,2016,0.0587
1096,Montenegro,MNE,2017,0.1119
1097,Montenegro,MNE,2018,0.1345
1098,Montenegro,MNE,2019,0.15295
1099,Montenegro,MNE,2020,0.11451250000000002
1100,Mongolia,MNG,2011,7.14949812767493
1101,Mongolia,MNG,2012,9.49361123844254
1102,Mongolia,MNG,2013,8.869308
1103,Mongolia,MNG,2014,13.211711025
1104,Mongolia,MNG,2015,7.843989
1105,Mongolia,MNG,2016,8.02203384325573
1106,Mongolia,MNG,2017,8.36736
1107,Mongolia,MNG,2018,7.819001
1108,Mongolia,MNG,2019,7.38543
1109,Mongolia,MNG,2020,1.37475
1110,Mozambique,MOZ,2011,8.075
1111,Mozambique,MOZ,2012,4.92238023654571
1112,Mozambique,MOZ,2013,5.882496
1113,Mozambique,MOZ,2014,5.36650299100094
1114,Mozambique,MOZ,2015,4.86366165923809
1115,Mozambique,MOZ,2016,4.37
1116,Mozambique,MOZ,2017,3.557
1117,Mozambique,MOZ,2018,4.775
1118,Mozambique,MOZ,2019,6.347
1119,Mozambique,MOZ,2020,2.423532
1120,Mauritania,MRT,2011,0.13925043909506
1121,Mauritania,MRT,2012,0.13925043909506
1122,Mauritania,MRT,2013,0.13925043909506
1123,Mauritania,MRT,2014,0.13925043909506
1124,Mauritania,MRT,2015,0.13925043909506
1125,Mauritania,MRT,2016,0.13925043909506
1126,Mauritania,MRT,2017,0.13925043909506
1127,Mauritania,MRT,2018,0.13925043909506
1128,Mauritania,MRT,2019,0.13925043909506
1129,Mauritania,MRT,2020,0.13925043909506
1130,Mauritius,MUS,2011,178.132
1131,Mauritius,MUS,2012,172.006
1132,Mauritius,MUS,2013,171.534
1133,Mauritius,MUS,2014,192.99
1134,Mauritius,MUS,2015,168.773
1135,Mauritius,MUS,2016,157.239
1136,Mauritius,MUS,2017,196.047
1137,Mauritius,MUS,2018,233.717
1138,Mauritius,MUS,2019,213.641
1139,Mauritius,MUS,2020,62.063
1140,Malawi,MWI,2011,0.509
1141,Malawi,MWI,2012,0.317003019223559
1142,Malawi,MWI,2013,0.005484
1143,Malawi,MWI,2014,0.005484
1144,Malawi,MWI,2015,0.005467548
1145,Malawi,MWI,2016,0.007249968
1146,Malawi,MWI,2017,0.0108797367
1147,Malawi,MWI,2018,0.0108797367
1148,Malawi,MWI,2019,0.0024640038369081
1149,Malawi,MWI,2020,8.624e-05
1150,Malaysia,MYS,2011,2193.26000841583
1151,Malaysia,MYS,2012,1943.95888344729
1152,Malaysia,MYS,2013,2161.992838
1153,Malaysia,MYS,2014,2193.300634
1154,Malaysia,MYS,2015,2005.979379448
1155,Malaysia,MYS,2016,1149.876958418
1156,Malaysia,MYS,2017,1455.20982395985
1157,Malaysia,MYS,2018,1359.12559
1158,Malaysia,MYS,2019,1378.744705
1159,Malaysia,MYS,2020,816.74595
1160,Namibia,NAM,2011,0.692604
1161,Namibia,NAM,2012,0.88838849653504
1162,Namibia,NAM,2013,0.677064
1163,Namibia,NAM,2014,34.36805
1164,Namibia,NAM,2015,30.302405
1165,Namibia,NAM,2016,21.084889
1166,Namibia,NAM,2017,22.206886
1167,Namibia,NAM,2018,26.293869
1168,Namibia,NAM,2019,6.900144
1169,Namibia,NAM,2020,1.636713284
1170,New Caledonia,NCL,2011,550.9367237095762
1171,New Caledonia,NCL,2012,551.9339109183638
1172,New Caledonia,NCL,2013,552.9299084349304
1173,New Caledonia,NCL,2014,553.9310806086148
1174,New Caledonia,NCL,2015,555.0284508040917
1175,New Caledonia,NCL,2016,556.647744866908
1176,New Caledonia,NCL,2017,558.267525822213
1177,New Caledonia,NCL,2018,559.8878989030418
1178,New Caledonia,NCL,2019,561.5086690414748
1179,New Caledonia,NCL,2020,563.1296739339957
1180,Niger,NER,2011,1.27324551
1181,Niger,NER,2012,1.46578302
1182,Niger,NER,2013,1.080708
1183,Niger,NER,2014,1.27324551
1184,Niger,NER,2015,1.27324551
1185,Niger,NER,2016,1.27324551
1186,Niger,NER,2017,1.27324551
1187,Niger,NER,2018,1.27324551
1188,Niger,NER,2019,1.27324551
1189,Niger,NER,2020,1.27324551
1190,Nigeria,NGA,2011,14.716770843517512
1191,Nigeria,NGA,2012,14.716770843517512
1192,Nigeria,NGA,2013,12.1983521811429
1193,Nigeria,NGA,2014,12.1983521811429
1194,Nigeria,NGA,2015,24.8019639339246
1195,Nigeria,NGA,2016,24.161930857
1196,Nigeria,NGA,2017,22.0015460675581
1197,Nigeria,NGA,2018,19.7929720673716
1198,Nigeria,NGA,2019,1.84341946
1199,Nigeria,NGA,2020,0.73563
1200,Nicaragua,NIC,2011,441.71136072440663
1201,Nicaragua,NIC,2012,441.2170037808505
1202,Nicaragua,NIC,2013,440.7016981091666
1203,Nicaragua,NIC,2014,440.16971899793145
1204,Nicaragua,NIC,2015,439.62120735607505
1205,Nicaragua,NIC,2016,437.2749571980095
1206,Nicaragua,NIC,2017,434.8809745706714
1207,Nicaragua,NIC,2018,432.44566403315287
1208,Nicaragua,NIC,2019,429.97517288669826
1209,Nicaragua,NIC,2020,427.4772480085396
1210,Netherlands,NLD,2011,6347.25316032084
1211,Netherlands,NLD,2012,6014.58854749604
1212,Netherlands,NLD,2013,5753.728484
1213,Netherlands,NLD,2014,5726.179652
1214,Netherlands,NLD,2015,5292.794684592
1215,Netherlands,NLD,2016,4745.958515461
1216,Netherlands,NLD,2017,5855.480475616
1217,Netherlands,NLD,2018,5886.51490365179
1218,Netherlands,NLD,2019,5656.442
1219,Netherlands,NLD,2020,5305.43216
1220,Norway,NOR,2011,645.0370841762375
1221,Norway,NOR,2012,645.0370841762375
1222,Norway,NOR,2013,645.0370841762375
1223,Norway,NOR,2014,645.0370841762375
1224,Norway,NOR,2015,645.0370841762375
1225,Norway,NOR,2016,645.0370841762375
1226,Norway,NOR,2017,645.0370841762375
1227,Norway,NOR,2018,645.0370841762375
1228,Norway,NOR,2019,985.655671715528
1229,Norway,NOR,2020,304.418496636947
1230,Nepal,NPL,2011,6.48656488020303
1231,Nepal,NPL,2012,5.76237493105865
1232,Nepal,NPL,2013,5.759868
1233,Nepal,NPL,2014,4.5996
1234,Nepal,NPL,2015,4.536371616
1235,Nepal,NPL,2016,4.895080058
1236,Nepal,NPL,2017,4.5668399023
1237,Nepal,NPL,2018,8.84572
1238,Nepal,NPL,2019,5.847551
1239,Nepal,NPL,2020,13.689186
1240,New Zealand,NZL,2011,892.848
1241,New Zealand,NZL,2012,975.021
1242,New Zealand,NZL,2013,934.540524
1243,New Zealand,NZL,2014,999.3047112
1244,New Zealand,NZL,2015,1155.45872005615
1245,New Zealand,NZL,2016,1231.85419306685
1246,New Zealand,NZL,2017,1335.95320545677
1247,New Zealand,NZL,2018,1349.29523130803
1248,New Zealand,NZL,2019,1207.88220494
1249,New Zealand,NZL,2020,773.953135823
1250,Oman,OMN,2011,171.732
1251,Oman,OMN,2012,240.695
1252,Oman,OMN,2013,251.141
1253,Oman,OMN,2014,291.939
1254,Oman,OMN,2015,412.234008
1255,Oman,OMN,2016,425.202175
1256,Oman,OMN,2017,434.92173
1257,Oman,OMN,2018,510.425983
1258,Oman,OMN,2019,566.923
1259,Oman,OMN,2020,51.918137
1260,Pakistan,PAK,2011,297.683519787229
1261,Pakistan,PAK,2012,286.075685790508
1262,Pakistan,PAK,2013,292.760800570437
1263,Pakistan,PAK,2014,204.623134285262
1264,Pakistan,PAK,2015,183.17731267
1265,Pakistan,PAK,2016,175.4744
1266,Pakistan,PAK,2017,214.52857
1267,Pakistan,PAK,2018,217.534134
1268,Pakistan,PAK,2019,192.977927
1269,Pakistan,PAK,2020,95.88035
1270,Panama,PAN,2011,66.8221755258011
1271,Panama,PAN,2012,79.8959724316117
1272,Panama,PAN,2013,147.711511102115
1273,Panama,PAN,2014,134.10594055287
1274,Panama,PAN,2015,121.567074708
1275,Panama,PAN,2016,126.052370637
1276,Panama,PAN,2017,45.776862
1277,Panama,PAN,2018,64.710714
1278,Panama,PAN,2019,94.840477
1279,Panama,PAN,2020,73.431132
1280,Peru,PER,2011,107.179094
1281,Peru,PER,2012,122.151244
1282,Peru,PER,2013,334.880485681557
1283,Peru,PER,2014,295.31226543068
1284,Peru,PER,2015,329.568817319152
1285,Peru,PER,2016,276.1751
1286,Peru,PER,2017,316.825703
1287,Peru,PER,2018,313.264641181
1288,Peru,PER,2019,340.335049
1289,Peru,PER,2020,96.451838
1290,Philippines,PHL,2011,470.003413890059
1291,Philippines,PHL,2012,533.283614656041
1292,Philippines,PHL,2013,325.682352
1293,Philippines,PHL,2014,577.474932
1294,Philippines,PHL,2015,604.508812
1295,Philippines,PHL,2016,665.124567915
1296,Philippines,PHL,2017,753.351739
1297,Philippines,PHL,2018,835.904513
1298,Philippines,PHL,2019,926.888641
1299,Philippines,PHL,2020,360.696030889
1300,Papua New Guinea,PNG,2011,32.2014362461827
1301,Papua New Guinea,PNG,2012,28.5268065062122
1302,Papua New Guinea,PNG,2013,32.728836
1303,Papua New Guinea,PNG,2014,33.402132
1304,Papua New Guinea,PNG,2015,27.3706535806214
1305,Papua New Guinea,PNG,2016,26.9017828904392
1306,Papua New Guinea,PNG,2017,29.231317078
1307,Papua New Guinea,PNG,2018,31.036317
1308,Papua New Guinea,PNG,2019,30.685844
1309,Papua New Guinea,PNG,2020,42.460563688
1310,Poland,POL,2011,39.4180038679561
1311,Poland,POL,2012,91.8311627817047
1312,Poland,POL,2013,97.64576278
1313,Poland,POL,2014,120.85182858
1314,Poland,POL,2015,114.791591876
1315,Poland,POL,2016,155.552044
1316,Poland,POL,2017,221.814
1317,Poland,POL,2018,271.488
1318,Poland,POL,2019,317.866
1319,Poland,POL,2020,140.556639
1320,Puerto Rico,PRI,2011,690.4697891276794
1321,Puerto Rico,PRI,2012,700.0589806956319
1322,Puerto Rico,PRI,2013,709.5383594455168
1323,Puerto Rico,PRI,2014,719.5963502661771
1324,Puerto Rico,PRI,2015,729.7626006251769
1325,Puerto Rico,PRI,2016,725.26541512686
1326,Puerto Rico,PRI,2017,721.2758947602977
1327,Puerto Rico,PRI,2018,719.042071874494
1328,Puerto Rico,PRI,2019,712.1838966310435
1329,Puerto Rico,PRI,2020,702.2638917821291
1330,Portugal,PRT,2011,355.849353
1331,Portugal,PRT,2012,320.824462
1332,Portugal,PRT,2013,319.454636
1333,Portugal,PRT,2014,348.67247
1334,Portugal,PRT,2015,343.964162
1335,Portugal,PRT,2016,327.012274
1336,Portugal,PRT,2017,421.8294532
1337,Portugal,PRT,2018,454.209368
1338,Portugal,PRT,2019,536.98922
1339,Portugal,PRT,2020,280.010031636
1340,Paraguay,PRY,2011,1.6642592857142855
1341,Paraguay,PRY,2012,1.6642592857142855
1342,Paraguay,PRY,2013,1.6642592857142855
1343,Paraguay,PRY,2014,2.085996
1344,Paraguay,PRY,2015,1.641624
1345,Paraguay,PRY,2016,1.774534
1346,Paraguay,PRY,2017,1.857094
1347,Paraguay,PRY,2018,1.970266
1348,Paraguay,PRY,2019,1.842301
1349,Paraguay,PRY,2020,0.478
1350,West Bank and Gaza,PSE,2011,443.3161230230805
1351,West Bank and Gaza,PSE,2012,442.16017310933216
1352,West Bank and Gaza,PSE,2013,440.986522293005
1353,West Bank and Gaza,PSE,2014,439.7866950563466
1354,West Bank and Gaza,PSE,2015,438.56095758340166
1355,West Bank and Gaza,PSE,2016,436.21662905981543
1356,West Bank and Gaza,PSE,2017,434.10677055669885
1357,West Bank and Gaza,PSE,2018,431.2171576003987
1358,West Bank and Gaza,PSE,2019,428.2389965577148
1359,West Bank and Gaza,PSE,2020,425.18178378158086
1360,French Polynesia,PYF,2011,538.396840118623
1361,French Polynesia,PYF,2012,539.158189383878
1362,French Polynesia,PYF,2013,539.9625994974866
1363,French Polynesia,PYF,2014,540.7733130384809
1364,French Polynesia,PYF,2015,541.5833982322719
1365,French Polynesia,PYF,2016,542.6492550355865
1366,French Polynesia,PYF,2017,543.7134245095473
1367,French Polynesia,PYF,2018,544.7767734890945
1368,French Polynesia,PYF,2019,545.8376319540523
1369,French Polynesia,PYF,2020,546.8966932552863
1370,Qatar,QAT,2011,3637.131
1371,Qatar,QAT,2012,4306.922
1372,Qatar,QAT,2013,4960.582
1373,Qatar,QAT,2014,5993.108
1374,Qatar,QAT,2015,7563.30739
1375,Qatar,QAT,2016,9206.16533
1376,Qatar,QAT,2017,10970.08988
1377,Qatar,QAT,2018,12666.7094
1378,Qatar,QAT,2019,12739.81097
1379,Qatar,QAT,2020,13543.50932
1380,Romania,ROU,2011,6.0952
1381,Romania,ROU,2012,5.622633
1382,Romania,ROU,2013,5.25614
1383,Romania,ROU,2014,5.2917
1384,Romania,ROU,2015,4.7179
1385,Romania,ROU,2016,4.2237
1386,Romania,ROU,2017,2.8045
1387,Romania,ROU,2018,2.71
1388,Romania,ROU,2019,3.334
1389,Romania,ROU,2020,0.889334
1390,Russian Federation,RUS,2011,3900.12005
1391,Russian Federation,RUS,2012,4132.144
1392,Russian Federation,RUS,2013,4249.26882
1393,Russian Federation,RUS,2014,4413.55935
1394,Russian Federation,RUS,2015,4761.04707
1395,Russian Federation,RUS,2016,5863.19654
1396,Russian Federation,RUS,2017,6845.22951
1397,Russian Federation,RUS,2018,6810.61016
1398,Russian Federation,RUS,2019,6480.99978
1399,Russian Federation,RUS,2020,4314.60456
1400,Rwanda,RWA,2011,6.4364016948346
1401,Rwanda,RWA,2012,17.454286461742
1402,Rwanda,RWA,2013,19.999008
1403,Rwanda,RWA,2014,20.696268
1404,Rwanda,RWA,2015,16.146491039144152
1405,Rwanda,RWA,2016,16.146491039144152
1406,Rwanda,RWA,2017,16.146491039144152
1407,Rwanda,RWA,2018,16.146491039144152
1408,Rwanda,RWA,2019,16.146491039144152
1409,Rwanda,RWA,2020,16.146491039144152
1410,Saudi Arabia,SAU,2011,1501.275
1411,Saudi Arabia,SAU,2012,1815.016
1412,Saudi Arabia,SAU,2013,1694.372004
1413,Saudi Arabia,SAU,2014,1599.921996
1414,Saudi Arabia,SAU,2015,826.83
1415,Saudi Arabia,SAU,2016,833.991
1416,Saudi Arabia,SAU,2017,867.640758
1417,Saudi Arabia,SAU,2018,1085.47
1418,Saudi Arabia,SAU,2019,2043.245359
1419,Saudi Arabia,SAU,2020,649.331218399357
1420,Sudan,SDN,2011,22.7181682625349
1421,Sudan,SDN,2012,23.5445337567467
1422,Sudan,SDN,2013,12.415236
1423,Sudan,SDN,2014,11.895
1424,Sudan,SDN,2015,7.44532026283296
1425,Sudan,SDN,2016,5.1483685301
1426,Sudan,SDN,2017,5.6883385341
1427,Sudan,SDN,2018,0.85847
1428,Sudan,SDN,2019,0.0755
1429,Sudan,SDN,2020,9.97654837181273
1430,Senegal,SEN,2011,3.37578055142813
1431,Senegal,SEN,2012,4.57883176764346
1432,Senegal,SEN,2013,4.47306
1433,Senegal,SEN,2014,3.578448
1434,Senegal,SEN,2015,3.09552348483269
1435,Senegal,SEN,2016,0.133149772
1436,Senegal,SEN,2017,0.041650904321273
1437,Senegal,SEN,2018,2.660059942247284
1438,Senegal,SEN,2019,2.091018
1439,Senegal,SEN,2020,2.573077
1440,Singapore,SGP,2011,7300.79704802969
1441,Singapore,SGP,2012,6899.37316122711
1442,Singapore,SGP,2013,6360.12415
1443,Singapore,SGP,2014,6051.73592
1444,Singapore,SGP,2015,6331.93030364296
1445,Singapore,SGP,2016,6695.81127593532
1446,Singapore,SGP,2017,5062.992579
1447,Singapore,SGP,2018,6947.43532775345
1448,Singapore,SGP,2019,6411.98982815646
1449,Singapore,SGP,2020,3019.926083
1450,Solomon Islands,SLB,2011,2.81846979189063
1451,Solomon Islands,SLB,2012,3.0246638572357
1452,Solomon Islands,SLB,2013,3.077352
1453,Solomon Islands,SLB,2014,3.235068
1454,Solomon Islands,SLB,2015,3.69158478
1455,Solomon Islands,SLB,2016,3.595603574
1456,Solomon Islands,SLB,2017,3.842515754
1457,Solomon Islands,SLB,2018,3.842515754
1458,Solomon Islands,SLB,2019,3.390971688890791
1459,Solomon Islands,SLB,2020,3.390971688890791
1460,Sierra Leone,SLE,2011,441.2904173977841
1461,Sierra Leone,SLE,2012,439.14439544712013
1462,Sierra Leone,SLE,2013,436.9240408509167
1463,Sierra Leone,SLE,2014,434.62710192790644
1464,Sierra Leone,SLE,2015,432.25834964180365
1465,Sierra Leone,SLE,2016,429.0172341808203
1466,Sierra Leone,SLE,2017,425.6633969598892
1467,Sierra Leone,SLE,2018,422.1963409261127
1468,Sierra Leone,SLE,2019,418.62885294075244
1469,Sierra Leone,SLE,2020,414.9684313467246
1470,El Salvador,SLV,2011,14.662
1471,El Salvador,SLV,2012,17.065
1472,El Salvador,SLV,2013,15.65233
1473,El Salvador,SLV,2014,16.40872
1474,El Salvador,SLV,2015,13.873884
1475,El Salvador,SLV,2016,13.155752
1476,El Salvador,SLV,2017,13.765785
1477,El Salvador,SLV,2018,10.73322
1478,El Salvador,SLV,2019,13.107
1479,El Salvador,SLV,2020,7.144167272
1480,Somalia,SOM,2011,1.52106019
1481,Somalia,SOM,2012,1.275841047
1482,Somalia,SOM,2013,1.440588
1483,Somalia,SOM,2014,1.363692
1484,Somalia,SOM,2015,1.4002953092500001
1485,Somalia,SOM,2016,1.4002953092500001
1486,Somalia,SOM,2017,1.4002953092500001
1487,Somalia,SOM,2018,1.4002953092500001
1488,Somalia,SOM,2019,1.4002953092500001
1489,Somalia,SOM,2020,1.4002953092500001
1490,Serbia,SRB,2011,2.234
1491,Serbia,SRB,2012,1.45
1492,Serbia,SRB,2013,1.451004
1493,Serbia,SRB,2014,2.748
1494,Serbia,SRB,2015,3.217
1495,Serbia,SRB,2016,4.737729
1496,Serbia,SRB,2017,7.355192
1497,Serbia,SRB,2018,17.7117
1498,Serbia,SRB,2019,13.313
1499,Serbia,SRB,2020,8.101
1500,Sao Tome and Principe,STP,2011,0.5811153333333333
1501,Sao Tome and Principe,STP,2012,0.5811153333333333
1502,Sao Tome and Principe,STP,2013,0.5811153333333333
1503,Sao Tome and Principe,STP,2014,0.5811153333333333
1504,Sao Tome and Principe,STP,2015,0.5811153333333333
1505,Sao Tome and Principe,STP,2016,0.5811153333333333
1506,Sao Tome and Principe,STP,2017,0.5811153333333333
1507,Sao Tome and Principe,STP,2018,0.561943
1508,Sao Tome and Principe,STP,2019,0.572749
1509,Sao Tome and Principe,STP,2020,0.608654
1510,Suriname,SUR,2011,23.2325484474918
1511,Suriname,SUR,2012,24.8468140438477
1512,Suriname,SUR,2013,30.471996
1513,Suriname,SUR,2014,28.947996
1514,Suriname,SUR,2015,22.3450867609255
1515,Suriname,SUR,2016,23.184
1516,Suriname,SUR,2017,23.184
1517,Suriname,SUR,2018,33.201
1518,Suriname,SUR,2019,32.227
1519,Suriname,SUR,2020,5.750115
1520,Slovak Republic,SVK,2011,779.9360312926648
1521,Slovak Republic,SVK,2012,795.7560313770086
1522,Slovak Republic,SVK,2013,811.6456091626299
1523,Slovak Republic,SVK,2014,827.5470864220847
1524,Slovak Republic,SVK,2015,843.3929879064092
1525,Slovak Republic,SVK,2016,853.4364658045525
1526,Slovak Republic,SVK,2017,863.3950554441703
1527,Slovak Republic,SVK,2018,873.3115240409817
1528,Slovak Republic,SVK,2019,883.1748865736531
1529,Slovak Republic,SVK,2020,893.0359706871367
1530,Slovenia,SVN,2011,1.606
1531,Slovenia,SVN,2012,1.126
1532,Slovenia,SVN,2013,0.988
1533,Slovenia,SVN,2014,1.098
1534,Slovenia,SVN,2015,0.8
1535,Slovenia,SVN,2016,0.41874
1536,Slovenia,SVN,2017,0.5664
1537,Slovenia,SVN,2018,0.54284
1538,Slovenia,SVN,2019,0.35950656
1539,Slovenia,SVN,2020,0.8339429511111112
1540,Sweden,SWE,2011,645.0370841762375
1541,Sweden,SWE,2012,645.0370841762375
1542,Sweden,SWE,2013,645.0370841762375
1543,Sweden,SWE,2014,645.0370841762375
1544,Sweden,SWE,2015,645.0370841762375
1545,Sweden,SWE,2016,645.0370841762375
1546,Sweden,SWE,2017,645.0370841762375
1547,Sweden,SWE,2018,645.0370841762375
1548,Sweden,SWE,2019,985.655671715528
1549,Sweden,SWE,2020,304.418496636947
1550,Eswatini,SWZ,2011,0.038359333333333336
1551,Eswatini,SWZ,2012,0.038359333333333336
1552,Eswatini,SWZ,2013,0.038359333333333336
1553,Eswatini,SWZ,2014,0.038359333333333336
1554,Eswatini,SWZ,2015,0.038359333333333336
1555,Eswatini,SWZ,2016,0.038359333333333336
1556,Eswatini,SWZ,2017,0.038359333333333336
1557,Eswatini,SWZ,2018,0.056064
1558,Eswatini,SWZ,2019,0.043615
1559,Eswatini,SWZ,2020,0.015399
1560,Syrian Arab Republic,SYR,2011,6.46072795302386
1561,Syrian Arab Republic,SYR,2012,4.66339165780686
1562,Syrian Arab Republic,SYR,2013,1.517388
1563,Syrian Arab Republic,SYR,2014,1.517388
1564,Syrian Arab Republic,SYR,2015,0.0280427875669882
1565,Syrian Arab Republic,SYR,2016,0.028381977
1566,Syrian Arab Republic,SYR,2017,0.025670514
1567,Syrian Arab Republic,SYR,2018,0.0256386216924769
1568,Syrian Arab Republic,SYR,2019,0.024356690607853
1569,Syrian Arab Republic,SYR,2020,0.014248663
1570,Chad,TCD,2011,0.778287172
1571,Chad,TCD,2012,0.551042455537152
1572,Chad,TCD,2013,0.456396
1573,Chad,TCD,2014,0.471912
1574,Chad,TCD,2015,0.564409406884288
1575,Chad,TCD,2016,0.564409406884288
1576,Chad,TCD,2017,0.564409406884288
1577,Chad,TCD,2018,0.564409406884288
1578,Chad,TCD,2019,0.564409406884288
1579,Chad,TCD,2020,0.564409406884288
1580,Togo,TGO,2011,53.4358861080055
1581,Togo,TGO,2012,53.7197165076087
1582,Togo,TGO,2013,32.362596
1583,Togo,TGO,2014,41.4737598035943
1584,Togo,TGO,2015,7.3969052656347
1585,Togo,TGO,2016,8.3493888
1586,Togo,TGO,2017,8.56582776
1587,Togo,TGO,2018,10.89276
1588,Togo,TGO,2019,14.624076
1589,Togo,TGO,2020,9.830464
1590,Thailand,THA,2011,2870.78888291064
1591,Thailand,THA,2012,2758.43883609572
1592,Thailand,THA,2013,2640.367634
1593,Thailand,THA,2014,2524.64667
1594,Thailand,THA,2015,2136.72847939514
1595,Thailand,THA,2016,2160.069653102
1596,Thailand,THA,2017,2511.891367964
1597,Thailand,THA,2018,2666.263256
1598,Thailand,THA,2019,2327.667095
1599,Thailand,THA,2020,684.208676
1600,Tajikistan,TJK,2011,1.50102658477458
1601,Tajikistan,TJK,2012,1.64424342023971
1602,Tajikistan,TJK,2013,0.4757
1603,Tajikistan,TJK,2014,2.954004
1604,Tajikistan,TJK,2015,5.27238131829056
1605,Tajikistan,TJK,2016,4.92143181707628
1606,Tajikistan,TJK,2017,2.89861
1607,Tajikistan,TJK,2018,2.337
1608,Tajikistan,TJK,2019,2.5060054231253
1609,Tajikistan,TJK,2020,1.91818
1610,Turkmenistan,TKM,2011,3.1219583241899
1611,Turkmenistan,TKM,2012,2.77921377335453
1612,Turkmenistan,TKM,2013,8.68244030948618
1613,Turkmenistan,TKM,2014,4.17014507594203
1614,Turkmenistan,TKM,2015,4.81185528988917
1615,Turkmenistan,TKM,2016,5.953543762
1616,Turkmenistan,TKM,2017,19.484
1617,Turkmenistan,TKM,2018,16.916
1618,Turkmenistan,TKM,2019,16.55784
1619,Turkmenistan,TKM,2020,4.34740656
1620,Timor-Leste,TLS,2011,514.5559594646581
1621,Timor-Leste,TLS,2012,514.562422906543
1622,Timor-Leste,TLS,2013,514.5581263929648
1623,Timor-Leste,TLS,2014,514.5388754735498
1624,Timor-Leste,TLS,2015,514.5025475154312
1625,Timor-Leste,TLS,2016,514.0971363913412
1626,Timor-Leste,TLS,2017,513.6735115919942
1627,Timor-Leste,TLS,2018,513.2329742714896
1628,Timor-Leste,TLS,2019,512.7792687056209
1629,Timor-Leste,TLS,2020,512.3146449710609
1630,Tonga,TON,2011,521.8735937067099
1631,Tonga,TON,2012,521.9258557734166
1632,Tonga,TON,2013,521.9811116932449
1633,Tonga,TON,2014,522.0343839898478
1634,Tonga,TON,2015,522.0831353652828
1635,Tonga,TON,2016,522.1081669185253
1636,Tonga,TON,2017,522.1288313891412
1637,Tonga,TON,2018,522.1459775495935
1638,Tonga,TON,2019,522.1617265486199
1639,Tonga,TON,2020,522.1777351785015
1640,Trinidad and Tobago,TTO,2011,17.6483112392824
1641,Trinidad and Tobago,TTO,2012,17.6483112392824
1642,Trinidad and Tobago,TTO,2013,44.646
1643,Trinidad and Tobago,TTO,2014,43.736004
1644,Trinidad and Tobago,TTO,2015,43.198175952
1645,Trinidad and Tobago,TTO,2016,21.343723
1646,Trinidad and Tobago,TTO,2017,37.428
1647,Trinidad and Tobago,TTO,2018,41.138
1648,Trinidad and Tobago,TTO,2019,47.338148
1649,Trinidad and Tobago,TTO,2020,32.45122
1650,Tunisia,TUN,2011,12.7290692703312
1651,Tunisia,TUN,2012,15.5990812234352
1652,Tunisia,TUN,2013,14.683452
1653,Tunisia,TUN,2014,13.28618
1654,Tunisia,TUN,2015,10.35424112
1655,Tunisia,TUN,2016,8.096
1656,Tunisia,TUN,2017,12.124027
1657,Tunisia,TUN,2018,13.234265
1658,Tunisia,TUN,2019,13.092473
1659,Tunisia,TUN,2020,6.546656
1660,Turkey,TUR,2011,1544.26626010139
1661,Turkey,TUR,2012,1933.67835962636
1662,Turkey,TUR,2013,2296.03873424933
1663,Turkey,TUR,2014,2630.33
1664,Turkey,TUR,2015,2882.162
1665,Turkey,TUR,2016,3493.930482468
1666,Turkey,TUR,2017,4800.237745146
1667,Turkey,TUR,2018,5949.212205544
1668,Turkey,TUR,2019,6815.50975
1669,Turkey,TUR,2020,6870.46874
1670,Tanzania,TZA,2011,1.17475174011724
1671,Tanzania,TZA,2012,1.62798730741115
1672,Tanzania,TZA,2013,0.003641454
1673,Tanzania,TZA,2014,0.564368726
1674,Tanzania,TZA,2015,2.213882
1675,Tanzania,TZA,2016,0.536721
1676,Tanzania,TZA,2017,0.281228
1677,Tanzania,TZA,2018,0.487269
1678,Tanzania,TZA,2019,0.962933
1679,Tanzania,TZA,2020,1.78742354
1680,Uganda,UGA,2011,0.66585065462504
1681,Uganda,UGA,2012,0.803977562378779
1682,Uganda,UGA,2013,0.86022
1683,Uganda,UGA,2014,0.670884
1684,Uganda,UGA,2015,0.023472
1685,Uganda,UGA,2016,0.02300256
1686,Uganda,UGA,2017,0.39190909612547736
1687,Uganda,UGA,2018,0.39190909612547736
1688,Uganda,UGA,2019,0.055324647
1689,Uganda,UGA,2020,0.032541345
1690,Ukraine,UKR,2011,80.9200845454545
1691,Ukraine,UKR,2012,75.7839377415526
1692,Ukraine,UKR,2013,14.3835
1693,Ukraine,UKR,2014,22.0855
1694,Ukraine,UKR,2015,37.7408652
1695,Ukraine,UKR,2016,40.459830355
1696,Ukraine,UKR,2017,53.792982
1697,Ukraine,UKR,2018,75.26435
1698,Ukraine,UKR,2019,75.617661
1699,Ukraine,UKR,2020,13.338686666
1700,Uruguay,URY,2011,545.1432877787976
1701,Uruguay,URY,2012,550.6304510371609
1702,Uruguay,URY,2013,556.1309519550638
1703,Uruguay,URY,2014,561.6139770331149
1704,Uruguay,URY,2015,567.0784616141138
1705,Uruguay,URY,2016,568.2475467858635
1706,Uruguay,URY,2017,569.4060651378967
1707,Uruguay,URY,2018,570.5613073402342
1708,Uruguay,URY,2019,571.7254905949638
1709,Uruguay,URY,2020,572.908531754852
1710,United States,USA,2011,39621.9135350454
1711,United States,USA,2012,39111.3403776909
1712,United States,USA,2013,37113.5589216014
1713,United States,USA,2014,38225.1960889445
1714,United States,USA,2015,37866.224512
1715,United States,USA,2016,38657.919041
1716,United States,USA,2017,41591.551767
1717,United States,USA,2018,42985.299596
1718,United States,USA,2019,42498.262662
1719,United States,USA,2020,40793.094662
1720,Uzbekistan,UZB,2011,153.81637
1721,Uzbekistan,UZB,2012,110.70799
1722,Uzbekistan,UZB,2013,99.00415
1723,Uzbekistan,UZB,2014,110.23607
1724,Uzbekistan,UZB,2015,114.33452
1725,Uzbekistan,UZB,2016,112.28173
1726,Uzbekistan,UZB,2017,126.79762
1727,Uzbekistan,UZB,2018,89.43028
1728,Uzbekistan,UZB,2019,70.49835
1729,Uzbekistan,UZB,2020,20.00549
1730,St. Vincent and the Grenadines,VCT,2011,521.8474263709799
1731,St. Vincent and the Grenadines,VCT,2012,521.9155274407893
1732,St. Vincent and the Grenadines,VCT,2013,521.9822140900587
1733,St. Vincent and the Grenadines,VCT,2014,522.0476402440711
1734,St. Vincent and the Grenadines,VCT,2015,522.1124728512881
1735,St. Vincent and the Grenadines,VCT,2016,522.1099940034367
1736,St. Vincent and the Grenadines,VCT,2017,522.1068088709432
1737,St. Vincent and the Grenadines,VCT,2018,522.1029026958594
1738,St. Vincent and the Grenadines,VCT,2019,522.0988166915813
1739,St. Vincent and the Grenadines,VCT,2020,522.0951073066379
1740,"Venezuela, RB",VEN,2011,7.56177
1741,"Venezuela, RB",VEN,2012,5.67204073867983
1742,"Venezuela, RB",VEN,2013,5.198784
1743,"Venezuela, RB",VEN,2014,4.06835119546078
1744,"Venezuela, RB",VEN,2015,4.12577123012918
1745,"Venezuela, RB",VEN,2016,3.996713403
1746,"Venezuela, RB",VEN,2017,2.79291553183396
1747,"Venezuela, RB",VEN,2018,4.053757011011528
1748,"Venezuela, RB",VEN,2019,0.183573
1749,"Venezuela, RB",VEN,2020,2.883894
1750,Vietnam,VNM,2011,475.385659574604
1751,Vietnam,VNM,2012,503.550322720949
1752,Vietnam,VNM,2013,497.179820293424
1753,Vietnam,VNM,2014,450.220037899155
1754,Vietnam,VNM,2015,384.47024
1755,Vietnam,VNM,2016,451.25618
1756,Vietnam,VNM,2017,453.34954
1757,Vietnam,VNM,2018,762.66195
1758,Vietnam,VNM,2019,1022.84225
1759,Vietnam,VNM,2020,572.07627
1760,Vanuatu,VUT,2011,1.73013671184443
1761,Vanuatu,VUT,2012,1.909
1762,Vanuatu,VUT,2013,1.935996
1763,Vanuatu,VUT,2014,1.996584
1764,Vanuatu,VUT,2015,1.656
1765,Vanuatu,VUT,2016,1.211181
1766,Vanuatu,VUT,2017,1.628
1767,Vanuatu,VUT,2018,1.663
1768,Vanuatu,VUT,2019,2.10991073558386
1769,Vanuatu,VUT,2020,0.556399085
1770,Samoa,WSM,2011,0.012094275
1771,Samoa,WSM,2012,0.012094275
1772,Samoa,WSM,2013,0.012094275
1773,Samoa,WSM,2014,0.011652
1774,Samoa,WSM,2015,0.015066036
1775,Samoa,WSM,2016,0.017582064
1776,Samoa,WSM,2017,0.012094275
1777,Samoa,WSM,2018,0.012094275
1778,Samoa,WSM,2019,0.012094275
1779,Samoa,WSM,2020,0.004077
1780,"Yemen, Rep.",YEM,2011,2.87273184
1781,"Yemen, Rep.",YEM,2012,2.87273184
1782,"Yemen, Rep.",YEM,2013,2.87273184
1783,"Yemen, Rep.",YEM,2014,2.87273184
1784,"Yemen, Rep.",YEM,2015,2.87273184
1785,"Yemen, Rep.",YEM,2016,2.87273184
1786,"Yemen, Rep.",YEM,2017,2.87273184
1787,"Yemen, Rep.",YEM,2018,3.27
1788,"Yemen, Rep.",YEM,2019,2.87273184
1789,"Yemen, Rep.",YEM,2020,2.47546368
1790,South Africa,ZAF,2011,1072.91477981187
1791,South Africa,ZAF,2012,1174.66680577935
1792,South Africa,ZAF,2013,1122.986468
1793,South Africa,ZAF,2014,1042.73626391249
1794,South Africa,ZAF,2015,892.734324084
1795,South Africa,ZAF,2016,767.271186
1796,South Africa,ZAF,2017,833.347947527025
1797,South Africa,ZAF,2018,696.730006
1798,South Africa,ZAF,2019,565.20947
1799,South Africa,ZAF,2020,102.392463
1800,Zambia,ZMB,2011,80.31750804731591
1801,Zambia,ZMB,2012,80.31750804731591
1802,Zambia,ZMB,2013,93.4325445351864
1803,Zambia,ZMB,2014,83.431251799322
1804,Zambia,ZMB,2015,79.382095832289
1805,Zambia,ZMB,2016,80.3529469986506
1806,Zambia,ZMB,2017,81.5576096504393
1807,Zambia,ZMB,2018,75.077397732
1808,Zambia,ZMB,2019,79.335
1809,Zambia,ZMB,2020,69.97121783064
1810,Zimbabwe,ZWE,2011,44.6849213122918
1811,Zimbabwe,ZWE,2012,47.2882260415844
1812,Zimbabwe,ZWE,2013,32.681952
1813,Zimbabwe,ZWE,2014,0.710490455655202
1814,Zimbabwe,ZWE,2015,0.79610713578782
1815,Zimbabwe,ZWE,2016,0.804947441
1816,Zimbabwe,ZWE,2017,0.665035317
1817,Zimbabwe,ZWE,2018,0.665035317
1818,Zimbabwe,ZWE,2019,15.365995624479915
1819,Zimbabwe,ZWE,2020,9.9972456
