"year","location_code","prodinit_ippu_chemicals_tonne"
2010,"ABW",2013.27657153323
2011,"ABW",2142.63147429096
2012,"ABW",1693.33973779326
2013,"ABW",1374.08781145417
2014,"ABW",3879.70650725396
2015,"ABW",1196.76032561911
2016,"ABW",1541.36758532616
2017,"ABW",1308.08836086322
2018,"ABW",1100.70077550691
2019,"ABW",1738.21689023911
2020,"ABW",1327.43108854793
2010,"AGO",35523.0161822709
2011,"AGO",34522.0223353918
2012,"AGO",64438.1012198177
2013,"AGO",64282.6329241848
2014,"AGO",72991.0982953186
2015,"AGO",55404.7443955159
2016,"AGO",81722.7603032992
2017,"AGO",86777.3911497409
2018,"AGO",74853.32376909
2019,"AGO",114264.769021169
2020,"AGO",73045.7484733161
2010,"ALB",9868.41060822129
2011,"ALB",12083.796672529
2012,"ALB",15670.1199766341
2013,"ALB",14152.119995578
2014,"ALB",12853.2490706624
2015,"ALB",14798.9990424248
2016,"ALB",14871.3042918601
2017,"ALB",11197.3623217789
2018,"ALB",13922.8102098652
2019,"ALB",16324.0640755508
2020,"ALB",19346.2867625746
2010,"ARE",443431.461446991
2011,"ARE",509608.789572509
2012,"ARE",750772.232955719
2013,"ARE",743330.674365698
2014,"ARE",897537.304631348
2015,"ARE",868860.290262675
2016,"ARE",714853.085601359
2017,"ARE",929883.775028154
2018,"ARE",1254118.91476702
2019,"ARE",1100899.53122352
2020,"ARE",854514.877194679
2010,"ARG",2978679.06037937
2011,"ARG",3211355.57059913
2012,"ARG",3560861.20266688
2013,"ARG",3595200.34049784
2014,"ARG",3854525.80079305
2015,"ARG",4413318.9874297
2016,"ARG",3884765.09819544
2017,"ARG",3936470.15359493
2018,"ARG",3372509.58179115
2019,"ARG",3571377.79950367
2020,"ARG",3851302.29596548
2010,"ARM",8503.87420010981
2011,"ARM",8789.20782127866
2012,"ARM",11587.280826414
2013,"ARM",11099.0426932942
2014,"ARM",11409.4486695466
2015,"ARM",11819.2507675997
2016,"ARM",15775.9129681578
2017,"ARM",11327.9382286633
2018,"ARM",10920.3571899716
2019,"ARM",13430.9891082608
2020,"ARM",18768.5293424229
2010,"ASM",457.909085901822
2011,"ASM",1680.11700512636
2012,"ASM",399.949881664245
2013,"ASM",3981.3114306996
2014,"ASM",177.354327187362
2015,"ASM",51.2583072019637
2016,"ASM",55.1232379468603
2017,"ASM",35.5415194069704
2018,"ASM",31.6793049552519
2019,"ASM",69.3277510817026
2020,"ASM",103.975925745404
2010,"ATG",1494.29476722908
2011,"ATG",1546.9259237895
2012,"ATG",1167.93502032878
2013,"ATG",973.007820474958
2014,"ATG",674.892301072075
2015,"ATG",1128.71553262359
2016,"ATG",384.029148237615
2017,"ATG",331.82907795353
2018,"ATG",357.380349417628
2019,"ATG",545.811823155843
2020,"ATG",336.823608553686
2010,"AUS",6415080.07726142
2011,"AUS",6352907.17066642
2012,"AUS",7146815.12961504
2013,"AUS",8333683.15621094
2014,"AUS",7434655.85558036
2015,"AUS",7904795.8799791
2016,"AUS",7390837.95137156
2017,"AUS",6351412.9182836
2018,"AUS",6491320.78634813
2019,"AUS",5815514.91874239
2020,"AUS",5144778.25449074
2010,"AUT",1654679.02739029
2011,"AUT",1703528.71058129
2012,"AUT",1986922.05007771
2013,"AUT",2329111.41901195
2014,"AUT",2731849.93709084
2015,"AUT",2552667.09797217
2016,"AUT",2437857.53090443
2017,"AUT",2890032.43806203
2018,"AUT",1951472.01113506
2019,"AUT",2271211.32917361
2020,"AUT",2212046.43396652
2010,"AZE",54103.8836387065
2011,"AZE",55644.7029961329
2012,"AZE",76308.2404538577
2013,"AZE",99481.9884048549
2014,"AZE",107455.700362709
2015,"AZE",73706.1833771965
2016,"AZE",48162.0939989082
2017,"AZE",60609.4000162946
2018,"AZE",66230.2396764217
2019,"AZE",119841.406540888
2020,"AZE",104760.080136467
2010,"BDI",3439.60518969647
2011,"BDI",3372.19308577251
2012,"BDI",4368.40350347962
2013,"BDI",7011.73797314507
2014,"BDI",6642.04588236889
2015,"BDI",15382.6818097911
2016,"BDI",24119.5750240304
2017,"BDI",21261.8709478481
2018,"BDI",16049.7684010629
2019,"BDI",16373.8631317912
2020,"BDI",34240.9573741808
2010,"BEL",9085851.6927184
2011,"BEL",8829913.82971151
2012,"BEL",8702500.63069257
2013,"BEL",9507853.89317867
2014,"BEL",9892583.02519332
2015,"BEL",7828068.53174703
2016,"BEL",9087814.05718096
2017,"BEL",8737963.05394082
2018,"BEL",9866187.73364388
2019,"BEL",8700981.71259491
2020,"BEL",7997556.67895919
2010,"BEN",11479.8501044563
2011,"BEN",21920.8965875227
2012,"BEN",26988.7390533541
2013,"BEN",12017.2026706648
2014,"BEN",24252.5862165598
2015,"BEN",16535.2431138594
2016,"BEN",16397.083818709
2017,"BEN",24036.2849333266
2018,"BEN",23429.4302351536
2019,"BEN",41576.6758806744
2020,"BEN",38908.9764299295
2010,"BFA",34835.3485690273
2011,"BFA",43260.4384565749
2012,"BFA",55709.5613105757
2013,"BFA",56067.8109789498
2014,"BFA",40338.6694941022
2015,"BFA",44643.8514392998
2016,"BFA",59584.1646838506
2017,"BFA",56149.8251966787
2018,"BFA",41212.5718727546
2019,"BFA",43038.9513062795
2020,"BFA",47484.1193308093
2010,"BGD",748473.999028342
2011,"BGD",786337.291993411
2012,"BGD",632665.763377349
2013,"BGD",612658.103733112
2014,"BGD",747539.719830809
2015,"BGD",982136.680441074
2016,"BGD",1243240.28356122
2017,"BGD",1274921.19518534
2018,"BGD",1286347.77443641
2019,"BGD",1400270.20085307
2020,"BGD",1565352.16028117
2010,"BGR",205191.933944586
2011,"BGR",240622.443922131
2012,"BGR",228570.912440866
2013,"BGR",226071.336041024
2014,"BGR",232525.289120599
2015,"BGR",265195.067453965
2016,"BGR",256607.180530397
2017,"BGR",278766.861671002
2018,"BGR",272418.994252591
2019,"BGR",288572.006580755
2020,"BGR",288502.004295909
2010,"BHR",134554.643786614
2011,"BHR",58085.7313336731
2012,"BHR",83030.2455534071
2013,"BHR",66667.4961866654
2014,"BHR",76627.9675008025
2015,"BHR",147918.315896496
2016,"BHR",125747.928282383
2017,"BHR",130681.921013787
2018,"BHR",156427.041175368
2019,"BHR",165480.644903725
2020,"BHR",81549.2576568717
2010,"BHS",80207.1881134064
2011,"BHS",40372.36297222
2012,"BHS",127685.548145784
2013,"BHS",49871.8778163395
2014,"BHS",50622.8162144577
2015,"BHS",58362.1213884995
2016,"BHS",70479.8406404516
2017,"BHS",70333.7618564895
2018,"BHS",69487.6810942311
2019,"BHS",46568.4359985607
2020,"BHS",41801.7872614201
2010,"BIH",132290.99807265
2011,"BIH",141828.13686311
2012,"BIH",124676.429618014
2013,"BIH",131886.094779692
2014,"BIH",146369.030798563
2015,"BIH",152772.10512895
2016,"BIH",158407.272779653
2017,"BIH",173717.075344904
2018,"BIH",155261.675026863
2019,"BIH",139741.828578015
2020,"BIH",132240.465551956
2010,"BLR",609072.082492161
2011,"BLR",519633.052096512
2012,"BLR",517493.396279566
2013,"BLR",607139.647045941
2014,"BLR",758014.432954795
2015,"BLR",784395.645343752
2016,"BLR",581077.052490341
2017,"BLR",643696.540283877
2018,"BLR",659676.317709935
2019,"BLR",789023.498938577
2020,"BLR",698069.510399665
2010,"BLZ",7913.12204835902
2011,"BLZ",6210.34090961496
2012,"BLZ",5812.30914598203
2013,"BLZ",4706.32874847832
2014,"BLZ",5069.62386211354
2015,"BLZ",4956.05010461406
2016,"BLZ",5078.83614437317
2017,"BLZ",5813.82801685764
2018,"BLZ",5578.99028117686
2019,"BLZ",5148.8893530211
2020,"BLZ",13795.8885537747
2010,"BMU",1294.1110633874
2011,"BMU",1317.06495382826
2012,"BMU",1308.31703335538
2013,"BMU",1577.09986784628
2014,"BMU",1666.89937501083
2015,"BMU",1598.8630292243
2016,"BMU",2343.30950786157
2017,"BMU",1504.28548725242
2018,"BMU",1204.49339285602
2019,"BMU",1250.53528822111
2020,"BMU",1629.87304434203
2010,"BOL",51274.8757695624
2011,"BOL",52558.3880322597
2012,"BOL",87055.8173281363
2013,"BOL",62794.7814380807
2014,"BOL",55335.9255585382
2015,"BOL",68789.8279815004
2016,"BOL",72621.1296301929
2017,"BOL",82256.0889329591
2018,"BOL",117814.634951189
2019,"BOL",119136.890240634
2020,"BOL",88970.0358191038
2010,"BRA",19005282.9583538
2011,"BRA",20636289.1512285
2012,"BRA",20650914.6220811
2013,"BRA",20090607.7746562
2014,"BRA",21817099.511414
2015,"BRA",20054290.3089959
2016,"BRA",21678310.4743433
2017,"BRA",24240547.935411
2018,"BRA",21299704.2729466
2019,"BRA",21407625.8748449
2020,"BRA",17500919.0055442
2010,"BRB",7743.47864008528
2011,"BRB",4697.69646224135
2012,"BRB",5335.64729779573
2013,"BRB",3023.67954524947
2014,"BRB",4723.08573095764
2015,"BRB",4043.5388794931
2016,"BRB",4038.97681059136
2017,"BRB",3878.22577890816
2018,"BRB",3357.00789941284
2019,"BRB",4160.44729666058
2020,"BRB",3758.1477214911
2010,"BRN",35291.9086136942
2011,"BRN",44406.9626159733
2012,"BRN",49011.4272903844
2013,"BRN",23953.8812285502
2014,"BRN",56554.7393654519
2015,"BRN",41994.6024051882
2016,"BRN",65292.1873714424
2017,"BRN",54176.6128190182
2018,"BRN",78853.0401306448
2019,"BRN",62405.1704647289
2020,"BRN",246185.03057975
2010,"BTN",5599.28983504851
2011,"BTN",5796.0884639784
2012,"BTN",3438.73386320155
2013,"BTN",5812.23391042398
2014,"BTN",8358.46174843345
2015,"BTN",13297.0051093366
2016,"BTN",12037.6027539467
2017,"BTN",11335.102075528
2018,"BTN",6633.83581190633
2019,"BTN",4582.85390129622
2020,"BTN",3091.39281748511
2010,"BWA",22584.3866595545
2011,"BWA",17449.7568895584
2012,"BWA",15462.3313548499
2013,"BWA",18444.4422422817
2014,"BWA",21334.0313596919
2015,"BWA",20714.4956028912
2016,"BWA",19320.8949792523
2017,"BWA",24983.045646414
2018,"BWA",23992.5175592181
2019,"BWA",25456.4963647025
2020,"BWA",24789.6131278845
2010,"CAF",1993.90384980272
2011,"CAF",2787.65383904037
2012,"CAF",2781.90229529399
2013,"CAF",928.611037044405
2014,"CAF",599.902304072503
2015,"CAF",801.417385377805
2016,"CAF",634.372010856768
2017,"CAF",579.118595871235
2018,"CAF",761.121245155779
2019,"CAF",661.220410586386
2020,"CAF",4424.99750024633
2010,"CAN",9311843.21077194
2011,"CAN",9860575.82247283
2012,"CAN",9394590.0648481
2013,"CAN",9924212.90772686
2014,"CAN",9488484.7284891
2015,"CAN",9756894.60156892
2016,"CAN",8773402.03504981
2017,"CAN",9013198.97149959
2018,"CAN",9204330.32760816
2019,"CAN",9466432.59208354
2020,"CAN",9562838.39671796
2010,"CHE",4612401.75668308
2011,"CHE",4465708.73013305
2012,"CHE",4931166.15178366
2013,"CHE",4906018.76476221
2014,"CHE",5945873.5160437
2015,"CHE",6048213.58143157
2016,"CHE",6559160.75233664
2017,"CHE",6507001.88961674
2018,"CHE",6085694.62515773
2019,"CHE",6156856.70728235
2020,"CHE",6602898.33430664
2010,"CHL",1189132.8833831
2011,"CHL",1302442.87338348
2012,"CHL",1662837.3993685
2013,"CHL",1560589.56866708
2014,"CHL",1488490.15042484
2015,"CHL",1715363.78769978
2016,"CHL",1809594.04616983
2017,"CHL",2050466.00805584
2018,"CHL",2070857.60296403
2019,"CHL",2170375.02054607
2020,"CHL",1856357.95971313
2010,"CHN",44955043.9397673
2011,"CHN",51727976.2005691
2012,"CHN",54314021.7527761
2013,"CHN",61123799.3490908
2014,"CHN",68255072.85885
2015,"CHN",78585476.1435419
2016,"CHN",81199381.0257441
2017,"CHN",91406749.6839461
2018,"CHN",101256459.662841
2019,"CHN",101358188.183344
2020,"CHN",96077150.0060365
2010,"CIV",89401.4896503718
2011,"CIV",81375.7948296827
2012,"CIV",83034.5075864273
2013,"CIV",139911.046916159
2014,"CIV",146805.064962624
2015,"CIV",158706.342832282
2016,"CIV",163415.353686687
2017,"CIV",165716.15923843
2018,"CIV",162289.801257731
2019,"CIV",202186.400642507
2020,"CIV",176380.804321102
2010,"CMR",75981.808418796
2011,"CMR",84567.5313662216
2012,"CMR",76012.4130493084
2013,"CMR",82542.69518099
2014,"CMR",92786.1964802636
2015,"CMR",110487.158290478
2016,"CMR",100304.815912727
2017,"CMR",126019.364449855
2018,"CMR",118726.090017319
2019,"CMR",58024.9849624194
2020,"CMR",76356.98437434
2010,"COD",69036.2917678665
2011,"COD",82345.714691073
2012,"COD",102072.586244842
2013,"COD",164601.881202681
2014,"COD",121456.735735246
2015,"COD",263281.815858313
2016,"COD",213891.304967805
2017,"COD",322224.029372669
2018,"COD",628857.791681669
2019,"COD",394282.006595206
2020,"COD",669679.535284508
2010,"COG",6256.47826490092
2011,"COG",7563.5543289612
2012,"COG",10007.4908879681
2013,"COG",8651.99381291886
2014,"COG",9920.84289119582
2015,"COG",6022.17576624473
2016,"COG",4035.24099786626
2017,"COG",9214.5379569756
2018,"COG",9303.10580354815
2019,"COG",8272.13833268753
2020,"COG",7537.41969678086
2010,"COL",1680871.5676113
2011,"COL",1663583.11100851
2012,"COL",1797326.25335983
2013,"COL",1796253.75397039
2014,"COL",1909796.27491068
2015,"COL",1821270.34506842
2016,"COL",1794399.78037111
2017,"COL",1951613.44684265
2018,"COL",1944949.30753022
2019,"COL",1760487.89625172
2020,"COL",1749365.73264072
2010,"COM",118.356055453304
2011,"COM",217.893219665889
2012,"COM",478.148392353317
2013,"COM",289.940301806297
2014,"COM",231.360807685369
2015,"COM",219.612077970266
2016,"COM",3331.55798720777
2017,"COM",254.912132762568
2018,"COM",235.638319110149
2019,"COM",269.066065505474
2020,"COM",396.514723434851
2010,"CPV",5205.48400998978
2011,"CPV",8462.6591908207
2012,"CPV",4947.38419719608
2013,"CPV",8407.59376725838
2014,"CPV",723.434345459948
2015,"CPV",1194.13053991048
2016,"CPV",777.771950038659
2017,"CPV",990.059857549841
2018,"CPV",919.874526672418
2019,"CPV",923.683754161535
2020,"CPV",1008.1585265909
2010,"CRI",122163.167347718
2011,"CRI",136854.522003442
2012,"CRI",141893.522324305
2013,"CRI",141615.882295032
2014,"CRI",147843.396720386
2015,"CRI",168315.742466078
2016,"CRI",161357.051248769
2017,"CRI",177195.393132506
2018,"CRI",163841.954758891
2019,"CRI",165493.036178719
2020,"CRI",177589.058037976
2010,"CUB",158998.269918917
2011,"CUB",138923.568378441
2012,"CUB",146310.655344888
2013,"CUB",162265.885137576
2014,"CUB",152856.297611311
2015,"CUB",211921.123737626
2016,"CUB",175051.776765389
2017,"CUB",194681.590167465
2018,"CUB",180282.283399018
2019,"CUB",149156.512168826
2020,"CUB",173916.059158507
2010,"CUW",4107.01899112719
2011,"CUW",2775.37547726589
2012,"CUW",2522.49548801723
2013,"CUW",3053.6031108205
2014,"CUW",3677.13768353877
2015,"CUW",5764.40890090375
2016,"CUW",6528.11599584984
2017,"CUW",4427.99628149431
2018,"CUW",4107.01899112719
2019,"CUW",4107.01899112719
2020,"CUW",4107.01899112719
2010,"CYM",835.818091281637
2011,"CYM",835.818091281637
2012,"CYM",835.818091281637
2013,"CYM",835.818091281637
2014,"CYM",835.818091281637
2015,"CYM",835.818091281637
2016,"CYM",835.818091281637
2017,"CYM",626.662007346784
2018,"CYM",813.907412037735
2019,"CYM",478.024759349741
2020,"CYM",1424.67818639229
2010,"CYP",64123.0438250764
2011,"CYP",75741.811919304
2012,"CYP",72134.6705262792
2013,"CYP",64276.5987567949
2014,"CYP",52355.9759558847
2015,"CYP",51278.8720498863
2016,"CYP",50379.5664052109
2017,"CYP",40935.9790947384
2018,"CYP",42783.8432238111
2019,"CYP",54832.4675528891
2020,"CYP",37834.920474282
2010,"CZE",644209.207603373
2011,"CZE",720294.220120464
2012,"CZE",658169.584891437
2013,"CZE",698467.15748737
2014,"CZE",679846.311967532
2015,"CZE",624332.835866029
2016,"CZE",645807.043172345
2017,"CZE",697507.127711472
2018,"CZE",770005.657416811
2019,"CZE",782353.3614367
2020,"CZE",729227.115802705
2010,"DEU",21352469.4753591
2011,"DEU",20953275.3142865
2012,"DEU",20959061.9695267
2013,"DEU",21672867.6918339
2014,"DEU",23354195.5400043
2015,"DEU",21556527.2403355
2016,"DEU",23077009.3949017
2017,"DEU",23976122.1091616
2018,"DEU",25567479.7680687
2019,"DEU",25748148.6037674
2020,"DEU",26812486.0513516
2010,"DJI",19540.2649824616
2011,"DJI",19540.2649824616
2012,"DJI",19540.2649824616
2013,"DJI",8566.1616255699
2014,"DJI",11507.3387169115
2015,"DJI",13504.0402089242
2016,"DJI",20477.152433806
2017,"DJI",9627.88939583781
2018,"DJI",16026.4323695516
2019,"DJI",29918.0733570034
2020,"DJI",46695.0317520886
2010,"DMA",1024.17842125712
2011,"DMA",904.569792853414
2012,"DMA",882.28076942182
2013,"DMA",1236.08178517103
2014,"DMA",941.693236634084
2015,"DMA",623.570189579605
2016,"DMA",1036.93364202267
2017,"DMA",499.150264394912
2018,"DMA",955.01026356772
2019,"DMA",900.385373878041
2020,"DMA",900.385373878041
2010,"DNK",723226.231321902
2011,"DNK",652142.516549925
2012,"DNK",656456.357892059
2013,"DNK",745244.539482382
2014,"DNK",825586.580740399
2015,"DNK",836004.674734817
2016,"DNK",912619.604479082
2017,"DNK",926453.315349285
2018,"DNK",921907.449660682
2019,"DNK",993761.905614185
2020,"DNK",1211057.02603117
2010,"DOM",141790.539755417
2011,"DOM",134122.798645468
2012,"DOM",133014.774575557
2013,"DOM",141360.503952188
2014,"DOM",168245.797264751
2015,"DOM",178948.375716022
2016,"DOM",177754.925772729
2017,"DOM",180314.442487874
2018,"DOM",230718.134473586
2019,"DOM",236094.868192736
2020,"DOM",204269.118490759
2010,"DZA",352735.554760818
2011,"DZA",396365.86971998
2012,"DZA",494173.962480973
2013,"DZA",432481.853904292
2014,"DZA",731826.824471258
2015,"DZA",949041.613209139
2016,"DZA",880050.529094352
2017,"DZA",786111.737324605
2018,"DZA",924386.25460641
2019,"DZA",1017925.34757848
2020,"DZA",1110679.88022791
2010,"ECU",225715.03677493
2011,"ECU",239343.402778783
2012,"ECU",298635.613425271
2013,"ECU",254055.388149043
2014,"ECU",265063.922384845
2015,"ECU",333566.910296846
2016,"ECU",390123.440280114
2017,"ECU",388979.417198126
2018,"ECU",367934.630600687
2019,"ECU",373582.35988978
2020,"ECU",391247.602883924
2010,"EGY",1590887.09812851
2011,"EGY",1807819.95097532
2012,"EGY",2139960.16283819
2013,"EGY",2125462.77623137
2014,"EGY",2280362.59408976
2015,"EGY",1897245.31919863
2016,"EGY",2715130.82507618
2017,"EGY",2386339.85905822
2018,"EGY",2492781.95507545
2019,"EGY",2804529.05371959
2020,"EGY",3205669.16861813
2010,"ERI",3930.96616628874
2011,"ERI",2580.48792347319
2012,"ERI",3255.72704488097
2013,"ERI",3255.72704488097
2014,"ERI",3255.72704488097
2015,"ERI",3255.72704488097
2016,"ERI",3255.72704488097
2017,"ERI",3255.72704488097
2018,"ERI",3255.72704488097
2019,"ERI",3255.72704488097
2020,"ERI",3255.72704488097
2010,"ESP",8653920.38499919
2011,"ESP",7451493.46404583
2012,"ESP",7580274.3301579
2013,"ESP",7981861.92181161
2014,"ESP",8371208.26867239
2015,"ESP",7820533.3747548
2016,"ESP",7705159.08385395
2017,"ESP",7798209.63556269
2018,"ESP",8033009.17336771
2019,"ESP",8470095.33606848
2020,"ESP",8777365.38836683
2010,"EST",89155.3670223522
2011,"EST",127688.023004876
2012,"EST",139537.828037089
2013,"EST",117374.052677364
2014,"EST",126303.026393962
2015,"EST",118716.627152225
2016,"EST",128421.850232582
2017,"EST",154845.075403231
2018,"EST",178021.07032444
2019,"EST",222829.823543099
2020,"EST",211264.518954294
2010,"ETH",155193.039504197
2011,"ETH",90148.6228985625
2012,"ETH",116909.660073613
2013,"ETH",119991.392266953
2014,"ETH",213262.307401819
2015,"ETH",130024.880198567
2016,"ETH",188760.872882192
2017,"ETH",203295.125100071
2018,"ETH",148706.486238606
2019,"ETH",174668.505854963
2020,"ETH",166162.542126625
2010,"FIN",1531529.13322265
2011,"FIN",1481104.4472988
2012,"FIN",1564507.47264915
2013,"FIN",1710980.40480756
2014,"FIN",1816448.10521574
2015,"FIN",1439441.04186285
2016,"FIN",1422481.7864876
2017,"FIN",1530695.96567867
2018,"FIN",1563147.70209188
2019,"FIN",1491923.3947187
2020,"FIN",1459023.03963106
2010,"FJI",3711.32563573049
2011,"FJI",3437.48909813101
2012,"FJI",3858.92111813812
2013,"FJI",3548.70711447509
2014,"FJI",4739.26698889283
2015,"FJI",4441.17222237182
2016,"FJI",5327.12465136588
2017,"FJI",5063.84218909823
2018,"FJI",5635.65499086042
2019,"FJI",4029.95501236016
2020,"FJI",5125.2280608527
2010,"FRA",16908841.9592261
2011,"FRA",16294247.1025486
2012,"FRA",15861400.4054785
2013,"FRA",15811250.8553089
2014,"FRA",15482196.0836203
2015,"FRA",14215728.6304835
2016,"FRA",13970958.8699922
2017,"FRA",14472513.2728687
2018,"FRA",12937846.9957086
2019,"FRA",13584575.3728923
2020,"FRA",14110838.4667561
2010,"FRO",1147.48630125181
2011,"FRO",8312.1490920775
2012,"FRO",1781.5657155404
2013,"FRO",3064.87494589558
2014,"FRO",2581.67921328561
2015,"FRO",1965.59831431594
2016,"FRO",1822.24092350327
2017,"FRO",1808.46977370141
2018,"FRO",1205.48000203918
2019,"FRO",1498.9605335653
2020,"FRO",1631.34794311739
2010,"FSM",51.9325182994522
2011,"FSM",68.4716794468006
2012,"FSM",63.1171309025409
2013,"FSM",56.9008478244676
2014,"FSM",49.663708966121
2015,"FSM",85.7641371714564
2016,"FSM",63.2127482013485
2017,"FSM",36.7778484341201
2018,"FSM",52.1048619363036
2019,"FSM",43.6790688519653
2020,"FSM",37.4417898952066
2010,"GAB",4452.23365016366
2011,"GAB",5242.17011910696
2012,"GAB",6930.0216902149
2013,"GAB",6847.40905022812
2014,"GAB",8675.02394262671
2015,"GAB",9360.0152766268
2016,"GAB",9868.74530342934
2017,"GAB",14004.7806807838
2018,"GAB",13869.3799180293
2019,"GAB",14288.4730617629
2020,"GAB",8042.41301400581
2010,"GBR",14602956.1382809
2011,"GBR",13497707.30907
2012,"GBR",14089913.3006571
2013,"GBR",11577700.266143
2014,"GBR",11574144.2181763
2015,"GBR",13254257.4828314
2016,"GBR",10944936.5559775
2017,"GBR",10347018.537887
2018,"GBR",10385236.3479039
2019,"GBR",10792531.6174476
2020,"GBR",11631431.0127108
2010,"GEO",61182.3846389807
2011,"GEO",70458.539187799
2012,"GEO",80245.6295478227
2013,"GEO",76656.2538979105
2014,"GEO",66309.2410816043
2015,"GEO",70542.3652121339
2016,"GEO",68219.1184335297
2017,"GEO",63478.1224758023
2018,"GEO",57407.5074048413
2019,"GEO",69432.561787042
2020,"GEO",73327.9521922353
2010,"GHA",74236.4215465899
2011,"GHA",104863.10494332
2012,"GHA",96219.934851633
2013,"GHA",139907.223897962
2014,"GHA",79524.7626981609
2015,"GHA",95916.1159493302
2016,"GHA",173100.829762805
2017,"GHA",124317.481805232
2018,"GHA",121590.94312891
2019,"GHA",152872.895775442
2020,"GHA",254121.414614254
2010,"GIN",58935.6207319832
2011,"GIN",54727.4707214144
2012,"GIN",26921.582089298
2013,"GIN",11335.0571439051
2014,"GIN",9636.2516790636
2015,"GIN",8098.23992342074
2016,"GIN",6492.12732325565
2017,"GIN",19589.9687573427
2018,"GIN",32369.7196584334
2019,"GIN",45954.7265103611
2020,"GIN",27353.6973983371
2010,"GMB",3048.12490610839
2011,"GMB",2021.50570616974
2012,"GMB",3138.97714811981
2013,"GMB",2379.43336860859
2014,"GMB",2451.63526578364
2015,"GMB",1628.77590738891
2016,"GMB",2860.32102219877
2017,"GMB",2490.35597152843
2018,"GMB",2703.49044384557
2019,"GMB",3144.09114422689
2020,"GMB",3096.19467272232
2010,"GNB",292.208567399712
2011,"GNB",1975.58172265125
2012,"GNB",646.978565420783
2013,"GNB",514.684907934918
2014,"GNB",1998.68868952345
2015,"GNB",1443.80646164941
2016,"GNB",825.384397442502
2017,"GNB",614.788149877492
2018,"GNB",1241.49582757261
2019,"GNB",541.67327688025
2020,"GNB",594.48971557142
2010,"GNQ",18729.1933158521
2011,"GNQ",38005.7104965339
2012,"GNQ",45526.0325181025
2013,"GNQ",67892.1599037244
2014,"GNQ",64134.6982635747
2015,"GNQ",48905.0306959119
2016,"GNQ",55407.3730568919
2017,"GNQ",35716.1095255718
2018,"GNQ",71473.3041404347
2019,"GNQ",61005.9659592096
2020,"GNQ",25755.358795758
2010,"GRC",757677.722105059
2011,"GRC",706753.517063903
2012,"GRC",587189.862433676
2013,"GRC",646018.720117954
2014,"GRC",681762.989139459
2015,"GRC",665801.012097982
2016,"GRC",612511.970420887
2017,"GRC",646005.617535524
2018,"GRC",727145.394306108
2019,"GRC",907877.882377869
2020,"GRC",1320808.63904673
2010,"GRL",320.699562687965
2011,"GRL",453.255831675923
2012,"GRL",386.729450350538
2013,"GRL",346.569733367676
2014,"GRL",428.830750965194
2015,"GRL",410.039030942046
2016,"GRL",469.207961544585
2017,"GRL",350.54675903288
2018,"GRL",327.135639907612
2019,"GRL",830.008911970205
2020,"GRL",1165.80099914418
2010,"GTM",192042.890512434
2011,"GTM",209269.200861725
2012,"GTM",226005.500651426
2013,"GTM",236809.36274886
2014,"GTM",277196.104217975
2015,"GTM",337581.921941338
2016,"GTM",332394.876645159
2017,"GTM",337403.288161702
2018,"GTM",319596.450402898
2019,"GTM",330806.261606316
2020,"GTM",410761.57608924
2010,"GUM",177.219741884586
2011,"GUM",278.593711899791
2012,"GUM",296.698858785754
2013,"GUM",188.239028657765
2014,"GUM",131.695087126705
2015,"GUM",126.58129522014
2016,"GUM",240.465449133342
2017,"GUM",297.238467300189
2018,"GUM",318.243867736607
2019,"GUM",643.769643721549
2020,"GUM",306.056788275731
2010,"HKG",230794.050328296
2011,"HKG",224361.390296603
2012,"HKG",201645.160340809
2013,"HKG",172787.95109397
2014,"HKG",161490.439690099
2015,"HKG",160841.868579261
2016,"HKG",162115.104398956
2017,"HKG",153210.618208667
2018,"HKG",167669.570172555
2019,"HKG",160398.520598843
2020,"HKG",166681.347218654
2010,"HND",41466.9774857679
2011,"HND",49079.925941217
2012,"HND",53447.1376277067
2013,"HND",42718.4718222589
2014,"HND",54158.1997502572
2015,"HND",56417.7103924661
2016,"HND",59928.5924726295
2017,"HND",62328.1713375157
2018,"HND",52673.9304765382
2019,"HND",59796.3725708556
2020,"HND",67459.6929665381
2010,"HRV",270383.764546794
2011,"HRV",262642.987366243
2012,"HRV",241841.355539169
2013,"HRV",227254.195974627
2014,"HRV",261210.995681238
2015,"HRV",247982.013020945
2016,"HRV",239228.293554854
2017,"HRV",235973.630807102
2018,"HRV",229248.895032629
2019,"HRV",232140.106407787
2020,"HRV",232758.71234301
2010,"HTI",9677.37574952201
2011,"HTI",8878.12009249739
2012,"HTI",12320.0961743919
2013,"HTI",12346.7134183136
2014,"HTI",17927.4699109171
2015,"HTI",11605.6581648555
2016,"HTI",10014.3616741753
2017,"HTI",11009.6565235917
2018,"HTI",37093.6002325294
2019,"HTI",34973.4690684073
2020,"HTI",13701.6353923849
2010,"HUN",477177.810386487
2011,"HUN",512274.055285803
2012,"HUN",528604.011941332
2013,"HUN",576476.141039148
2014,"HUN",605263.588440611
2015,"HUN",558017.441318667
2016,"HUN",579196.662764923
2017,"HUN",698763.614051152
2018,"HUN",732245.909577657
2019,"HUN",694858.772739341
2020,"HUN",756133.691137826
2010,"IDN",5053781.2414027
2011,"IDN",5699937.02074402
2012,"IDN",5639498.25026399
2013,"IDN",5673520.59206321
2014,"IDN",6185650.50407598
2015,"IDN",6571233.22094642
2016,"IDN",7277839.97970225
2017,"IDN",7996508.78751073
2018,"IDN",7447689.30937736
2019,"IDN",8156053.90603194
2020,"IDN",8257957.97451342
2010,"IND",14510182.6802466
2011,"IND",13762475.5725396
2012,"IND",14506278.3558877
2013,"IND",16016446.95597
2014,"IND",18361180.5738462
2015,"IND",23369332.0925567
2016,"IND",23801391.6797406
2017,"IND",25808502.2776969
2018,"IND",28240890.876376
2019,"IND",32299074.9653791
2020,"IND",32311609.1644321
2010,"IRL",4079834.85422284
2011,"IRL",4068614.85560207
2012,"IRL",3909250.62470011
2013,"IRL",4032808.64647259
2014,"IRL",3556651.95875294
2015,"IRL",3458896.16147307
2016,"IRL",4150882.93295416
2017,"IRL",3407146.88087626
2018,"IRL",4051674.06827564
2019,"IRL",4358837.4809173
2020,"IRL",4602835.25597252
2010,"IRN",3012383.29976959
2011,"IRN",3351190.34665964
2012,"IRN",2556026.54467429
2013,"IRN",2648798.80666525
2014,"IRN",2729455.28870173
2015,"IRN",3481403.80987808
2016,"IRN",3128775.16795237
2017,"IRN",3364717.6269641
2018,"IRN",2165273.41308709
2019,"IRN",2124411.0309173
2020,"IRN",2109422.48500716
2010,"IRQ",52616.6644190738
2011,"IRQ",72120.5702426828
2012,"IRQ",90671.5650401368
2013,"IRQ",96200.6748879272
2014,"IRQ",104753.960807198
2015,"IRQ",141232.291608543
2016,"IRQ",195365.160469189
2017,"IRQ",165000.548143782
2018,"IRQ",239688.026908707
2019,"IRQ",133540.524389888
2020,"IRQ",110195.849183289
2010,"ISL",114321.73098019
2011,"ISL",122839.81906042
2012,"ISL",107594.368422606
2013,"ISL",132434.839341154
2014,"ISL",140510.59607382
2015,"ISL",175792.082315715
2016,"ISL",163567.176642203
2017,"ISL",189629.062022861
2018,"ISL",169001.663653954
2019,"ISL",158858.240599696
2020,"ISL",175085.011929425
2010,"ISR",2085209.78493665
2011,"ISR",2162536.21816651
2012,"ISR",2192620.68270479
2013,"ISR",2316961.25761941
2014,"ISR",2435473.87945776
2015,"ISR",2299663.84557415
2016,"ISR",2386464.57403209
2017,"ISR",2399328.16382189
2018,"ISR",2297635.71511834
2019,"ISR",2515683.29371623
2020,"ISR",2559773.34226584
2010,"ITA",11471593.9199647
2011,"ITA",11351529.9303614
2012,"ITA",11439568.27295
2013,"ITA",13008788.2747026
2014,"ITA",12617254.8675955
2015,"ITA",11609051.6020587
2016,"ITA",12321953.5176236
2017,"ITA",11864566.2041794
2018,"ITA",11808068.502276
2019,"ITA",12024156.5937738
2020,"ITA",13171656.3066176
2010,"JAM",155209.320276923
2011,"JAM",230387.67900927
2012,"JAM",191685.096196039
2013,"JAM",206246.666208776
2014,"JAM",231218.734621353
2015,"JAM",236567.586256145
2016,"JAM",204116.588128651
2017,"JAM",235223.687703097
2018,"JAM",298351.441278218
2019,"JAM",254931.648160624
2020,"JAM",206840.297546668
2010,"JOR",407530.623993068
2011,"JOR",467288.022128213
2012,"JOR",448825.743832351
2013,"JOR",485906.007322345
2014,"JOR",544180.363148156
2015,"JOR",671341.365521797
2016,"JOR",690834.225993644
2017,"JOR",714887.556751939
2018,"JOR",709212.37467665
2019,"JOR",830469.661910994
2020,"JOR",1238152.32117574
2010,"JPN",36806570.5929637
2011,"JPN",36344996.4301774
2012,"JPN",34183356.6688162
2013,"JPN",31840856.3800069
2014,"JPN",28432217.631869
2015,"JPN",27973041.1596085
2016,"JPN",32319768.242576
2017,"JPN",32489714.8983005
2018,"JPN",31359924.1768607
2019,"JPN",32502259.2712493
2020,"JPN",32413421.4666591
2010,"KAZ",644421.443840881
2011,"KAZ",798697.728622985
2012,"KAZ",873577.901448117
2013,"KAZ",1250340.05510237
2014,"KAZ",1265999.32393447
2015,"KAZ",1668155.56575846
2016,"KAZ",1258047.44055207
2017,"KAZ",1439451.20519431
2018,"KAZ",1079361.62669232
2019,"KAZ",1181998.02521656
2020,"KAZ",1434511.65081058
2010,"KEN",211030.605577403
2011,"KEN",171406.239666863
2012,"KEN",208004.220505974
2013,"KEN",301944.438667289
2014,"KEN",314922.753085713
2015,"KEN",353987.686182487
2016,"KEN",396151.537768588
2017,"KEN",386078.017546095
2018,"KEN",390056.689557973
2019,"KEN",442746.873876177
2020,"KEN",526572.580226577
2010,"KGZ",47291.4526884516
2011,"KGZ",18919.5457498296
2012,"KGZ",20795.0036457877
2013,"KGZ",30639.893376139
2014,"KGZ",33096.8544858479
2015,"KGZ",21204.2146356202
2016,"KGZ",15086.5250051297
2017,"KGZ",17884.6042416922
2018,"KGZ",17947.8237905716
2019,"KGZ",28710.916082028
2020,"KGZ",23321.245085248
2010,"KHM",28626.6218718588
2011,"KHM",41877.8601780714
2012,"KHM",60662.1134470778
2013,"KHM",56687.7094897521
2014,"KHM",54964.8572718987
2015,"KHM",60238.7017359641
2016,"KHM",52909.6831439477
2017,"KHM",67663.5552476951
2018,"KHM",71360.4679547347
2019,"KHM",75034.2402683372
2020,"KHM",76283.5685879279
2010,"KIR",9.76610991715603
2011,"KIR",72.4143515964173
2012,"KIR",57.8135217364709
2013,"KIR",16.6926143502584
2014,"KIR",19.1394551377116
2015,"KIR",63.4937628913079
2016,"KIR",180.70116280635
2017,"KIR",13.6723416066111
2018,"KIR",29.1227083569387
2019,"KIR",47.1624839646952
2020,"KIR",34.1539041991948
2010,"KOR",9029042.97466289
2011,"KOR",9073704.50989641
2012,"KOR",9258850.72778618
2013,"KOR",10709873.5462633
2014,"KOR",12279603.9920069
2015,"KOR",12907348.6646293
2016,"KOR",14026251.4818936
2017,"KOR",15956988.781186
2018,"KOR",16308325.480323
2019,"KOR",15689577.7660974
2020,"KOR",14512835.0974862
2010,"KWT",442692.165056753
2011,"KWT",482444.903190732
2012,"KWT",488415.431823482
2013,"KWT",674183.961726938
2014,"KWT",633696.467854227
2015,"KWT",676221.841179304
2016,"KWT",655636.83637114
2017,"KWT",655974.802125535
2018,"KWT",755339.791310132
2019,"KWT",693527.938755665
2020,"KWT",615813.413939391
2010,"LAO",23176.2714391357
2011,"LAO",31535.4719951108
2012,"LAO",48063.318115259
2013,"LAO",57337.013685704
2014,"LAO",70123.478259835
2015,"LAO",137924.145479643
2016,"LAO",127730.687229843
2017,"LAO",70841.4837435044
2018,"LAO",70841.4837435044
2019,"LAO",70841.4837435044
2020,"LAO",70841.4837435044
2010,"LBN",70606.9891323807
2011,"LBN",79661.0824928555
2012,"LBN",81574.9058846039
2013,"LBN",73991.0522799609
2014,"LBN",91509.5793700722
2015,"LBN",116193.382743943
2016,"LBN",82145.2733396559
2017,"LBN",93645.5268106509
2018,"LBN",111680.726822618
2019,"LBN",118694.384649196
2020,"LBN",110532.852860092
2010,"LBY",179021.696308978
2011,"LBY",63056.4939927545
2012,"LBY",68221.4568718406
2013,"LBY",85440.8527148155
2014,"LBY",90553.4794892267
2015,"LBY",122139.53271938
2016,"LBY",138293.836265251
2017,"LBY",94347.3984517008
2018,"LBY",85989.7221281647
2019,"LBY",46042.5062790709
2020,"LBY",97310.6975221183
2010,"LKA",243708.721389412
2011,"LKA",243708.721389412
2012,"LKA",243708.721389412
2013,"LKA",243708.721389412
2014,"LKA",243708.721389412
2015,"LKA",268413.167957429
2016,"LKA",208009.829179563
2017,"LKA",213289.560936928
2018,"LKA",219408.103459097
2019,"LKA",227490.820083021
2020,"LKA",325640.846720436
2010,"LSO",1262.13889800491
2011,"LSO",1400.59394625074
2012,"LSO",1715.80632768971
2013,"LSO",1659.36123695781
2014,"LSO",2057.26468631287
2015,"LSO",1676.26099232962
2016,"LSO",1042.46295124047
2017,"LSO",1780.63704756277
2018,"LSO",1438.70402041579
2019,"LSO",1614.23957982658
2020,"LSO",1372.36552038504
2010,"LTU",331210.757603062
2011,"LTU",390628.105673978
2012,"LTU",399254.964101895
2013,"LTU",379353.800791827
2014,"LTU",407910.18948341
2015,"LTU",443297.425236575
2016,"LTU",427471.361624922
2017,"LTU",419162.114953716
2018,"LTU",425758.110717467
2019,"LTU",483284.47390718
2020,"LTU",458197.33049664
2010,"LUX",38275.0532723142
2011,"LUX",43440.1723566949
2012,"LUX",35642.1621443254
2013,"LUX",37288.6723274449
2014,"LUX",37826.5806961999
2015,"LUX",31516.6647041117
2016,"LUX",31372.9572224189
2017,"LUX",31909.8947214454
2018,"LUX",32173.2203626749
2019,"LUX",32017.3662060708
2020,"LUX",31225.6770817322
2010,"LVA",120598.064087763
2011,"LVA",123457.292695471
2012,"LVA",120813.49868092
2013,"LVA",107707.336826971
2014,"LVA",125205.757025714
2015,"LVA",108767.477030316
2016,"LVA",124103.696122837
2017,"LVA",127103.184651538
2018,"LVA",141491.632313563
2019,"LVA",176415.067759048
2020,"LVA",153142.373394499
2010,"MAC",12480.6616748681
2011,"MAC",14123.0896805521
2012,"MAC",17989.2268418934
2013,"MAC",15050.7740406396
2014,"MAC",19380.8233872699
2015,"MAC",25943.8954489252
2016,"MAC",37753.2303111456
2017,"MAC",41531.9908850019
2018,"MAC",46974.6608437006
2019,"MAC",16710.2650009025
2020,"MAC",12818.1443364499
2010,"MAR",1152672.54512713
2011,"MAR",1384613.89637773
2012,"MAR",1310753.94094221
2013,"MAR",1202905.02950833
2014,"MAR",1407898.99393345
2015,"MAR",1627770.75729091
2016,"MAR",1592707.3064995
2017,"MAR",1729328.83227669
2018,"MAR",1751942.48459103
2019,"MAR",1884528.17064174
2020,"MAR",2127717.86592303
2010,"MDA",8224.41388791855
2011,"MDA",11982.5759392747
2012,"MDA",11238.7929423321
2013,"MDA",15277.0315919905
2014,"MDA",13377.1562611056
2015,"MDA",13309.6630485866
2016,"MDA",19623.4459894905
2017,"MDA",22680.6366281344
2018,"MDA",26376.4380438261
2019,"MDA",29717.7081706438
2020,"MDA",27992.9689444606
2010,"MDG",8583.88421440152
2011,"MDG",11544.3393654639
2012,"MDG",16843.9520046384
2013,"MDG",28174.3474439562
2014,"MDG",28343.0414148917
2015,"MDG",34556.7554372267
2016,"MDG",30205.803816346
2017,"MDG",26504.7065866463
2018,"MDG",32457.0549660071
2019,"MDG",30293.2510621923
2020,"MDG",32862.3884224157
2010,"MDV",1032.92261356891
2011,"MDV",1032.92261356891
2012,"MDV",1032.92261356891
2013,"MDV",1032.92261356891
2014,"MDV",582.800937683264
2015,"MDV",976.181443009531
2016,"MDV",1841.00302824793
2017,"MDV",911.918543121581
2018,"MDV",1147.81602468949
2019,"MDV",812.718164821729
2020,"MDV",958.020153408823
2010,"MEX",4530408.69797673
2011,"MEX",4728557.42149662
2012,"MEX",5163443.59421655
2013,"MEX",5315622.78741671
2014,"MEX",5198313.58500648
2015,"MEX",4701023.69539707
2016,"MEX",4189485.03955115
2017,"MEX",4582370.11767378
2018,"MEX",4447272.31301377
2019,"MEX",4556462.75055667
2020,"MEX",4145162.07494542
2010,"MHL",118.387827255561
2011,"MHL",1642.25125063838
2012,"MHL",41.6799413677688
2013,"MHL",44.7548392746889
2014,"MHL",54.5854800020587
2015,"MHL",71.5495163575477
2016,"MHL",624.292842662055
2017,"MHL",1246.90003839232
2018,"MHL",831.851364644122
2019,"MHL",1203.08654595863
2020,"MHL",469.800619668153
2010,"MKD",43295.7553917026
2011,"MKD",27952.9657797284
2012,"MKD",28870.4334467695
2013,"MKD",43682.9687180773
2014,"MKD",25395.2813449316
2015,"MKD",22664.289324928
2016,"MKD",22988.2555640708
2017,"MKD",21129.0704012441
2018,"MKD",23694.1273124402
2019,"MKD",35410.1052759264
2020,"MKD",63725.6606137837
2010,"MLI",43104.5005487855
2011,"MLI",69784.1706337318
2012,"MLI",84033.719910963
2013,"MLI",53707.3740626753
2014,"MLI",38792.0376580943
2015,"MLI",36275.170988694
2016,"MLI",90478.0556639716
2017,"MLI",84979.55684332
2018,"MLI",70299.853984615
2019,"MLI",81055.9594192075
2020,"MLI",42405.1876902918
2010,"MLT",24785.6865687774
2011,"MLT",21792.5235485731
2012,"MLT",29444.4166701596
2013,"MLT",27473.8257501176
2014,"MLT",27118.4740756648
2015,"MLT",26132.4542540475
2016,"MLT",19155.1553358688
2017,"MLT",17731.7383199364
2018,"MLT",15377.9346802138
2019,"MLT",37753.2976959416
2020,"MLT",23262.0562717952
2010,"MMR",284965.129017292
2011,"MMR",430198.538981228
2012,"MMR",622832.446213463
2013,"MMR",278992.533821381
2014,"MMR",237820.326293681
2015,"MMR",230926.062554199
2016,"MMR",211285.977953378
2017,"MMR",225082.962057753
2018,"MMR",287097.717276555
2019,"MMR",466924.566045855
2020,"MMR",575306.355886353
2010,"MNE",14290.1324514661
2011,"MNE",13931.4636867759
2012,"MNE",9129.81048314191
2013,"MNE",8460.86374046821
2014,"MNE",8047.83241240564
2015,"MNE",8619.45086213115
2016,"MNE",6845.64514626143
2017,"MNE",7942.53515379292
2018,"MNE",8934.29586958623
2019,"MNE",9257.48479697422
2020,"MNE",7986.93091159722
2010,"MNG",5424.8153852159
2011,"MNG",5392.61068141704
2012,"MNG",7845.66267139054
2013,"MNG",10956.8196236485
2014,"MNG",11294.6720322579
2015,"MNG",15821.4782018109
2016,"MNG",14615.4326736177
2017,"MNG",15379.3287620635
2018,"MNG",12306.4051857288
2019,"MNG",14260.964951269
2020,"MNG",14894.2328204747
2010,"MNP",13.3941058839044
2011,"MNP",3.25061581984065
2012,"MNP",1.50176802723193
2013,"MNP",5.85074891879992
2014,"MNP",13.2130915251618
2015,"MNP",133.72535718305
2016,"MNP",170.064558845096
2017,"MNP",158.362767792521
2018,"MNP",8.35798973379817
2019,"MNP",10.8281793800068
2020,"MNP",51.8549183109411
2010,"MOZ",38626.4619901322
2011,"MOZ",51254.1317270949
2012,"MOZ",43746.4360428069
2013,"MOZ",48238.4885950076
2014,"MOZ",66840.4358324316
2015,"MOZ",105806.45322691
2016,"MOZ",102496.130684997
2017,"MOZ",160427.832248688
2018,"MOZ",136708.796634769
2019,"MOZ",120287.479132615
2020,"MOZ",144529.552690712
2010,"MRT",9020.73469105173
2011,"MRT",8994.25399263439
2012,"MRT",11988.5301615136
2013,"MRT",12795.7392156223
2014,"MRT",9629.65586464088
2015,"MRT",8875.48879465158
2016,"MRT",11328.7829809667
2017,"MRT",15699.1594464212
2018,"MRT",14210.2696423928
2019,"MRT",14464.8518493614
2020,"MRT",21707.6545128413
2010,"MUS",10232.4695739196
2011,"MUS",17952.9019990291
2012,"MUS",12148.3032448544
2013,"MUS",11466.3110446637
2014,"MUS",15942.7651078046
2015,"MUS",14953.9268008043
2016,"MUS",15003.1735141429
2017,"MUS",18160.9372085455
2018,"MUS",23308.1938309497
2019,"MUS",24415.4382733709
2020,"MUS",25676.2178669325
2010,"MYS",1387398.81113703
2011,"MYS",1544403.93665011
2012,"MYS",1647036.22823571
2013,"MYS",1843673.03920363
2014,"MYS",2069975.10983162
2015,"MYS",2001051.69561166
2016,"MYS",2107228.97296532
2017,"MYS",2192469.01212281
2018,"MYS",2461626.20641272
2019,"MYS",2459461.01421337
2020,"MYS",2275854.51209304
2010,"NAM",105881.504987313
2011,"NAM",89124.1689709475
2012,"NAM",79019.4964433461
2013,"NAM",74054.2273399592
2014,"NAM",55636.0450511281
2015,"NAM",106468.302378181
2016,"NAM",73150.2521808239
2017,"NAM",86651.3153241096
2018,"NAM",91049.6804529479
2019,"NAM",89193.3282035108
2020,"NAM",211316.201639357
2010,"NCL",7148.06209888999
2011,"NCL",36135.7556926538
2012,"NCL",34268.2108513601
2013,"NCL",52702.8006703528
2014,"NCL",49664.9903746785
2015,"NCL",56056.0270515349
2016,"NCL",8531.69462365283
2017,"NCL",20379.8898639988
2018,"NCL",33110.9289033902
2019,"NCL",33110.9289033902
2020,"NCL",33110.9289033902
2010,"NER",137496.904045722
2011,"NER",282312.578269552
2012,"NER",323306.744083422
2013,"NER",510947.819293696
2014,"NER",202482.79560482
2015,"NER",310160.298804903
2016,"NER",210124.812503687
2017,"NER",170481.450145654
2018,"NER",14332.97136173
2019,"NER",34671.135850014
2020,"NER",140719.907472261
2010,"NGA",722792.021849349
2011,"NGA",421236.29061183
2012,"NGA",806164.85967095
2013,"NGA",997907.518202816
2014,"NGA",1028100.40684585
2015,"NGA",1004592.79656704
2016,"NGA",1019839.49581922
2017,"NGA",1099117.23357071
2018,"NGA",782984.196309201
2019,"NGA",726052.567832303
2020,"NGA",1748301.52048094
2010,"NIC",17564.8630204756
2011,"NIC",18361.3540148208
2012,"NIC",21456.7630831165
2013,"NIC",20887.8653180468
2014,"NIC",20508.94781835
2015,"NIC",27862.1278568579
2016,"NIC",24788.9903959027
2017,"NIC",30942.558746724
2018,"NIC",23404.9614863768
2019,"NIC",24454.2738572532
2020,"NIC",30290.6533790425
2010,"NLD",7897444.97580078
2011,"NLD",7874768.18759896
2012,"NLD",7713157.97001906
2013,"NLD",8166673.05545546
2014,"NLD",8099435.95594467
2015,"NLD",6518198.30150183
2016,"NLD",6636272.31089227
2017,"NLD",7048231.96006902
2018,"NLD",7154039.71061934
2019,"NLD",6987728.33838815
2020,"NLD",6475914.54702524
2010,"NOR",1764021.7986093
2011,"NOR",1907480.06753989
2012,"NOR",1841742.90716449
2013,"NOR",1953876.09868591
2014,"NOR",2021389.98093428
2015,"NOR",1887479.76367376
2016,"NOR",2025268.99624989
2017,"NOR",2097091.89524566
2018,"NOR",2119479.22298797
2019,"NOR",2220804.96106933
2020,"NOR",2068527.20713561
2010,"NPL",19701.3988334159
2011,"NPL",31442.4410550767
2012,"NPL",28623.6202320355
2013,"NPL",38539.7187794546
2014,"NPL",42692.3157320693
2015,"NPL",58894.1239411536
2016,"NPL",48418.6477037911
2017,"NPL",52687.8402861612
2018,"NPL",66564.0841693631
2019,"NPL",77875.8657430729
2020,"NPL",49033.6173284881
2010,"NRU",23.7426789038475
2011,"NRU",9.18324714501079
2012,"NRU",26.1908393621134
2013,"NRU",4.3030441052099
2014,"NRU",24.6577088426456
2015,"NRU",29.087259724365
2016,"NRU",21.2858229344862
2017,"NRU",210.161845442948
2018,"NRU",31.5846047087189
2019,"NRU",16.9583523111638
2020,"NRU",147.599813703119
2010,"NZL",467881.226183771
2011,"NZL",601123.106797577
2012,"NZL",573360.50231633
2013,"NZL",566414.939275497
2014,"NZL",785222.389027562
2015,"NZL",634113.411521143
2016,"NZL",596061.070170353
2017,"NZL",791971.802543062
2018,"NZL",790003.57434154
2019,"NZL",723863.884318014
2020,"NZL",738858.45203676
2010,"OMN",441437.560944223
2011,"OMN",596231.022884872
2012,"OMN",661480.976039506
2013,"OMN",732908.777015886
2014,"OMN",811425.908598946
2015,"OMN",758830.699971117
2016,"OMN",784850.839664282
2017,"OMN",771388.59944487
2018,"OMN",801833.186424996
2019,"OMN",884253.43423398
2020,"OMN",820482.930744826
2010,"PAK",1499645.34826616
2011,"PAK",1909600.53672138
2012,"PAK",1698764.72428935
2013,"PAK",1745359.30635569
2014,"PAK",2107501.23473172
2015,"PAK",2479395.56858788
2016,"PAK",2415864.29374385
2017,"PAK",2830251.86348772
2018,"PAK",2597718.65250879
2019,"PAK",2207278.96081263
2020,"PAK",2137340.17304167
2010,"PAN",415459.631552022
2011,"PAN",649759.934240297
2012,"PAN",562594.374882436
2013,"PAN",593675.624534552
2014,"PAN",452641.178099916
2015,"PAN",491442.787335911
2016,"PAN",657447.610667842
2017,"PAN",621888.534085691
2018,"PAN",458692.122418468
2019,"PAN",287100.091807648
2020,"PAN",245150.937646115
2010,"PER",626267.536373346
2011,"PER",687370.141553575
2012,"PER",763486.321466224
2013,"PER",745754.662950979
2014,"PER",792708.491333054
2015,"PER",852872.099516197
2016,"PER",860298.351874753
2017,"PER",929757.423772548
2018,"PER",915785.743949109
2019,"PER",950156.14250452
2020,"PER",939774.902194865
2010,"PHL",1012428.51515028
2011,"PHL",1209813.73188108
2012,"PHL",1200680.33667197
2013,"PHL",1200018.57616742
2014,"PHL",1235255.65484365
2015,"PHL",1146671.70786524
2016,"PHL",1092051.4212338
2017,"PHL",1112121.55773467
2018,"PHL",944604.480046964
2019,"PHL",986974.027794383
2020,"PHL",1112033.70991463
2010,"POL",1856829.36208903
2011,"POL",2004930.47702863
2012,"POL",2048395.20203507
2013,"POL",2239975.52465305
2014,"POL",2297757.89041682
2015,"POL",2181260.62927889
2016,"POL",2127335.77513509
2017,"POL",2395305.22582826
2018,"POL",2343193.30400287
2019,"POL",2457162.0844216
2020,"POL",2873123.13951731
2010,"PRT",847000.000457459
2011,"PRT",924401.279055025
2012,"PRT",966476.415203352
2013,"PRT",970551.280246139
2014,"PRT",874240.904663121
2015,"PRT",852847.504221955
2016,"PRT",845731.382414342
2017,"PRT",843010.752275978
2018,"PRT",950454.461989326
2019,"PRT",1079833.03873339
2020,"PRT",1084427.37577226
2010,"PRY",128669.481473171
2011,"PRY",159245.979534579
2012,"PRY",163316.512536252
2013,"PRY",204391.221854697
2014,"PRY",202801.015504268
2015,"PRY",200985.875179983
2016,"PRY",171013.883486288
2017,"PRY",176181.042500502
2018,"PRY",188110.565785273
2019,"PRY",173759.385957897
2020,"PRY",177210.556906891
2010,"PSE",5985.82044794627
2011,"PSE",7437.29466738983
2012,"PSE",7436.69186328278
2013,"PSE",8886.584936143
2014,"PSE",7488.10093756056
2015,"PSE",6958.53335410714
2016,"PSE",8207.76909048933
2017,"PSE",9321.37751502789
2018,"PSE",10865.6876968279
2019,"PSE",8191.91651650945
2020,"PSE",13379.8274896408
2010,"PYF",1778.51873295175
2011,"PYF",1778.51873295175
2012,"PYF",1778.51873295175
2013,"PYF",1778.51873295175
2014,"PYF",1778.51873295175
2015,"PYF",1778.51873295175
2016,"PYF",1778.51873295175
2017,"PYF",1491.25590729742
2018,"PYF",1778.51873295175
2019,"PYF",1966.36122015353
2020,"PYF",1877.93907140432
2010,"QAT",500296.574715086
2011,"QAT",481679.710404688
2012,"QAT",492062.94512582
2013,"QAT",640143.370929986
2014,"QAT",709510.980156386
2015,"QAT",896067.817158581
2016,"QAT",734373.71100003
2017,"QAT",787400.955610678
2018,"QAT",802202.944963471
2019,"QAT",790016.282457759
2020,"QAT",695248.809253557
2010,"ROU",632015.785767909
2011,"ROU",734710.255531775
2012,"ROU",715455.138201478
2013,"ROU",622029.115073668
2014,"ROU",621472.908877084
2015,"ROU",572719.88548003
2016,"ROU",533850.625766129
2017,"ROU",608900.417001553
2018,"ROU",637251.565993369
2019,"ROU",673431.16665203
2020,"ROU",705038.556358572
2010,"RUS",8384520.44517635
2011,"RUS",10507963.8326544
2012,"RUS",11014274.5753609
2013,"RUS",11806803.075349
2014,"RUS",11426212.0050978
2015,"RUS",10404212.8446368
2016,"RUS",10470334.2484634
2017,"RUS",11212042.2467683
2018,"RUS",10441602.7813286
2019,"RUS",11703653.6854409
2020,"RUS",10714131.0993075
2010,"RWA",25021.8623216239
2011,"RWA",13167.8596282981
2012,"RWA",21698.7043203284
2013,"RWA",18421.4459770785
2014,"RWA",9230.06184598584
2015,"RWA",11168.5853008618
2016,"RWA",8544.16753565051
2017,"RWA",10201.6632742637
2018,"RWA",12826.4422729024
2019,"RWA",17445.2498415019
2020,"RWA",12814.4940729686
2010,"SAU",3349719.30012624
2011,"SAU",3955224.04945867
2012,"SAU",4612766.2096408
2013,"SAU",5089246.2381621
2014,"SAU",5950892.56632534
2015,"SAU",6838625.47706684
2016,"SAU",6556074.49573821
2017,"SAU",6420458.42861753
2018,"SAU",6962240.6777843
2019,"SAU",6639606.37413157
2020,"SAU",6960462.56892904
2010,"SDN",117346.941558455
2011,"SDN",174737.977070592
2012,"SDN",178154.014224088
2013,"SDN",128875.097930927
2014,"SDN",4461221.41117918
2015,"SDN",2902027.22527455
2016,"SDN",3906008.82136634
2017,"SDN",3209728.48944328
2018,"SDN",4868855.42803826
2019,"SDN",4525008.48426307
2020,"SDN",5499734.71238449
2010,"SEN",122636.855703904
2011,"SEN",172987.993724304
2012,"SEN",177850.429480882
2013,"SEN",110092.120336866
2014,"SEN",152139.256776999
2015,"SEN",142476.186297955
2016,"SEN",216417.511100113
2017,"SEN",304483.218402017
2018,"SEN",305917.31928659
2019,"SEN",252162.140836442
2020,"SEN",244810.038115542
2010,"SGP",1466031.32688139
2011,"SGP",1691117.45690071
2012,"SGP",1854416.95360509
2013,"SGP",1728257.22891043
2014,"SGP",1823896.65974563
2015,"SGP",1841439.87371953
2016,"SGP",2049008.66891768
2017,"SGP",1839654.11774821
2018,"SGP",2047424.00805971
2019,"SGP",1766996.94754313
2020,"SGP",1518202.98291027
2010,"SLB",419.172413148183
2011,"SLB",939.804858881309
2012,"SLB",1334.97083575513
2013,"SLB",955.594911414788
2014,"SLB",556.356542524513
2015,"SLB",487.786472807296
2016,"SLB",836.048580023703
2017,"SLB",931.10971267478
2018,"SLB",801.191364713212
2019,"SLB",433.637923146941
2020,"SLB",509.18415694965
2010,"SLE",3650.41003785054
2011,"SLE",1646.85007000905
2012,"SLE",3382.02077752573
2013,"SLE",3795.69732011418
2014,"SLE",4222.0082315001
2015,"SLE",3328.11627524927
2016,"SLE",2565.5781606988
2017,"SLE",4768.14922348621
2018,"SLE",3724.34704062767
2019,"SLE",3626.60456606514
2020,"SLE",3023.47540947939
2010,"SLV",46860.814186852
2011,"SLV",51101.3058689569
2012,"SLV",59953.2608641289
2013,"SLV",53436.8790988678
2014,"SLV",53507.426219532
2015,"SLV",63860.6356247595
2016,"SLV",62774.0764733532
2017,"SLV",67726.4549433253
2018,"SLV",60733.722558311
2019,"SLV",57053.8711792603
2020,"SLV",64326.1192831146
2010,"SMR",246.993067467242
2011,"SMR",246.993067467242
2012,"SMR",246.993067467242
2013,"SMR",246.993067467242
2014,"SMR",246.993067467242
2015,"SMR",249.761926941644
2016,"SMR",262.921971114373
2017,"SMR",236.099737819356
2018,"SMR",183.843420877339
2019,"SMR",296.119426944073
2020,"SMR",253.211921106668
2010,"SOM",1262.05597227109
2011,"SOM",1262.05597227109
2012,"SOM",1262.05597227109
2013,"SOM",531.888196021762
2014,"SOM",507.685561812259
2015,"SOM",1344.0411684379
2016,"SOM",1123.24934176624
2017,"SOM",1846.08677113113
2018,"SOM",1523.22414932159
2019,"SOM",1616.26111108381
2020,"SOM",1604.01147859403
2010,"SRB",145408.964518539
2011,"SRB",141579.027191452
2012,"SRB",146109.329371568
2013,"SRB",166572.068286188
2014,"SRB",152958.813755938
2015,"SRB",152493.810786933
2016,"SRB",170699.566202978
2017,"SRB",197478.687385587
2018,"SRB",207849.968711256
2019,"SRB",209894.808905296
2020,"SRB",225276.090982589
2010,"SSD",500.485111699037
2011,"SSD",500.485111699037
2012,"SSD",100.027957165927
2013,"SSD",301.256442454658
2014,"SSD",384.779651502467
2015,"SSD",1215.8763956731
2016,"SSD",500.485111699037
2017,"SSD",500.485111699037
2018,"SSD",500.485111699037
2019,"SSD",500.485111699037
2020,"SSD",500.485111699037
2010,"SUR",87225.7437529925
2011,"SUR",87225.7437529925
2012,"SUR",87225.7437529925
2013,"SUR",87225.7437529925
2014,"SUR",87225.7437529925
2015,"SUR",87225.7437529925
2016,"SUR",87225.7437529925
2017,"SUR",87225.7437529925
2018,"SUR",87225.7437529925
2019,"SUR",87225.7437529925
2020,"SUR",87225.7437529925
2010,"SVK",244604.344422847
2011,"SVK",264253.178187247
2012,"SVK",242274.969026923
2013,"SVK",249327.378335435
2014,"SVK",263852.557439525
2015,"SVK",245848.919785773
2016,"SVK",221919.896817201
2017,"SVK",242920.671158743
2018,"SVK",260012.182505826
2019,"SVK",250821.369194001
2020,"SVK",237558.471015227
2010,"SVN",220738.728181165
2011,"SVN",220900.784244515
2012,"SVN",233554.640406833
2013,"SVN",231125.854274911
2014,"SVN",271476.077409825
2015,"SVN",254931.973203734
2016,"SVN",267034.915684271
2017,"SVN",275798.402475618
2018,"SVN",294115.952950692
2019,"SVN",311569.147110725
2020,"SVN",419870.805409651
2010,"SWE",2029444.17582139
2011,"SWE",2158130.75598671
2012,"SWE",2209009.054251
2013,"SWE",2372743.37286995
2014,"SWE",2395817.21605139
2015,"SWE",2169031.61291764
2016,"SWE",2029678.27970349
2017,"SWE",2047448.28069803
2018,"SWE",1896424.71530854
2019,"SWE",1918003.56325169
2020,"SWE",1987464.77749671
2010,"SWZ",83342.5587205987
2011,"SWZ",81150.5173001041
2012,"SWZ",45988.3636311332
2013,"SWZ",30775.6251395803
2014,"SWZ",30893.6655762885
2015,"SWZ",30762.610848127
2016,"SWZ",23594.1847178492
2017,"SWZ",26515.7265185655
2018,"SWZ",24328.3495119383
2019,"SWZ",33041.2174599708
2020,"SWZ",28219.436021408
2010,"SXM",77.0916041533894
2011,"SXM",36.4870811760892
2012,"SXM",29.7747977408074
2013,"SXM",56.9790572688653
2014,"SXM",70.8677670283111
2015,"SXM",80.1238435134526
2016,"SXM",116.842933697373
2017,"SXM",121.669547406209
2018,"SXM",103.987805396007
2019,"SXM",77.0916041533894
2020,"SXM",77.0916041533894
2010,"SYC",282.156135622496
2011,"SYC",196.78590418678
2012,"SYC",411.046826875741
2013,"SYC",610.834751660896
2014,"SYC",575.101998517832
2015,"SYC",992.807734294268
2016,"SYC",372.194583589426
2017,"SYC",954.696914209089
2018,"SYC",470.224662552365
2019,"SYC",558.150352007415
2020,"SYC",814.467369332017
2010,"SYR",177732.591675456
2011,"SYR",171884.090871214
2012,"SYR",144990.795768718
2013,"SYR",60284.0443482766
2014,"SYR",64811.6452812569
2015,"SYR",61080.2061856406
2016,"SYR",42463.8339720644
2017,"SYR",61755.6073244205
2018,"SYR",57658.9767843895
2019,"SYR",66908.445811712
2020,"SYR",41758.8725704501
2010,"TCD",25765.7621456146
2011,"TCD",3687.40203962678
2012,"TCD",1506.73401050393
2013,"TCD",4508.87566796407
2014,"TCD",5399.96483339263
2015,"TCD",5419.47016650264
2016,"TCD",14070.2786977656
2017,"TCD",1151.69659969712
2018,"TCD",5648.31271818049
2019,"TCD",1917.45344485648
2020,"TCD",3421.88225234986
2010,"TGO",14336.0403735536
2011,"TGO",25875.353040034
2012,"TGO",21356.1099456829
2013,"TGO",22045.0666714943
2014,"TGO",12825.3298282549
2015,"TGO",20039.7672375251
2016,"TGO",75274.7629211219
2017,"TGO",29958.2659272894
2018,"TGO",32742.9492832427
2019,"TGO",34482.9121717364
2020,"TGO",38890.9120719148
2010,"THA",2090314.86778814
2011,"THA",2291698.01001579
2012,"THA",2326460.46546969
2013,"THA",2516605.49177725
2014,"THA",2567273.84536832
2015,"THA",2436241.81683369
2016,"THA",2464661.44411745
2017,"THA",2799026.21109344
2018,"THA",3074385.87579086
2019,"THA",3043807.7458537
2020,"THA",3020916.00994166
2010,"TJK",11193.4435440881
2011,"TJK",5219.05694008072
2012,"TJK",11378.9339078251
2013,"TJK",6086.5817578335
2014,"TJK",12294.0733749615
2015,"TJK",25259.1560316676
2016,"TJK",25259.1560316676
2017,"TJK",36865.6876509583
2018,"TJK",36728.0649319095
2019,"TJK",57198.1546629673
2020,"TJK",50368.4075143845
2010,"TKM",7741.84771794861
2011,"TKM",11064.1576909489
2012,"TKM",12238.9105576988
2013,"TKM",26894.9045682504
2014,"TKM",17995.6835863856
2015,"TKM",15011.00221682
2016,"TKM",29493.599618737
2017,"TKM",59261.9774598175
2018,"TKM",87411.6313152995
2019,"TKM",29679.3016368785
2020,"TKM",29679.3016368785
2010,"TLS",89.9247272241962
2011,"TLS",148.986239366169
2012,"TLS",91.9157539867299
2013,"TLS",321.413132509909
2014,"TLS",264.275850844624
2015,"TLS",230.205297789621
2016,"TLS",163.43207942806
2017,"TLS",1037.25661766754
2018,"TLS",109.860825099937
2019,"TLS",352.950408276231
2020,"TLS",836.075027058228
2010,"TON",115.272228380542
2011,"TON",204.54483089511
2012,"TON",189.276559015879
2013,"TON",97.0623270446876
2014,"TON",103.542521623843
2015,"TON",84.3674387471261
2016,"TON",133.048430425346
2017,"TON",108.61800013681
2018,"TON",115.72807444173
2019,"TON",171.966366127183
2020,"TON",136.552972653177
2010,"TUN",433007.830207543
2011,"TUN",298582.304108176
2012,"TUN",343569.440934233
2013,"TUN",363824.305044728
2014,"TUN",367683.926258736
2015,"TUN",307389.425430352
2016,"TUN",355066.055422446
2017,"TUN",264528.527708299
2018,"TUN",237666.371398853
2019,"TUN",263298.920125047
2020,"TUN",185416.881358767
2010,"TUR",3482308.45830944
2011,"TUR",3322567.52362594
2012,"TUR",3634001.2424667
2013,"TUR",3946881.87436515
2014,"TUR",4301588.80817794
2015,"TUR",4306358.65121017
2016,"TUR",4364749.48339993
2017,"TUR",4484673.46131635
2018,"TUR",4183176.65126137
2019,"TUR",4433387.61985158
2020,"TUR",4098728.64821331
2010,"TZA",141833.250621708
2011,"TZA",129832.385862228
2012,"TZA",126104.811577812
2013,"TZA",160114.87002274
2014,"TZA",177556.130827949
2015,"TZA",227602.4373765
2016,"TZA",205638.262218442
2017,"TZA",259919.456787039
2018,"TZA",255068.236324607
2019,"TZA",276742.71134293
2020,"TZA",396084.724394585
2010,"UGA",32297.6084576436
2011,"UGA",28710.3882129718
2012,"UGA",40197.6646094297
2013,"UGA",41569.223761548
2014,"UGA",43444.381028032
2015,"UGA",50906.9639320344
2016,"UGA",85320.0963379993
2017,"UGA",76640.8396357448
2018,"UGA",78776.0137548417
2019,"UGA",70335.7275019426
2020,"UGA",91462.62343827
2010,"UKR",1070887.78146744
2011,"UKR",1380782.76927467
2012,"UKR",1237081.69123587
2013,"UKR",1223348.73936063
2014,"UKR",943370.678668414
2015,"UKR",876164.859740609
2016,"UKR",815196.333877664
2017,"UKR",822802.255445361
2018,"UKR",785772.616280062
2019,"UKR",928068.348003643
2020,"UKR",959136.294198219
2010,"URY",249764.108980626
2011,"URY",259719.309982796
2012,"URY",265031.914631542
2013,"URY",290642.302303664
2014,"URY",272001.412088092
2015,"URY",316495.135174047
2016,"URY",313703.903806125
2017,"URY",354868.034857225
2018,"URY",357764.019752273
2019,"URY",374375.834073448
2020,"URY",366967.728716802
2010,"USA",96280975.4411142
2011,"USA",90264077.4132473
2012,"USA",91451875.6823321
2013,"USA",94069327.7884373
2014,"USA",95960283.698101
2015,"USA",109204020.411036
2016,"USA",108303868.703694
2017,"USA",103174530.408088
2018,"USA",106752515.178272
2019,"USA",115669061.485025
2020,"USA",123283815.475017
2010,"UZB",372084.766578753
2011,"UZB",292895.326426561
2012,"UZB",316081.25845209
2013,"UZB",402690.617284456
2014,"UZB",408926.456258009
2015,"UZB",593044.18168452
2016,"UZB",501394.57626396
2017,"UZB",313354.889141554
2018,"UZB",187270.464125409
2019,"UZB",211668.438428429
2020,"UZB",277344.651970304
2010,"VEN",1461456.82001058
2011,"VEN",2003980.60533724
2012,"VEN",2085357.77589046
2013,"VEN",1508463.04659767
2014,"VEN",1466631.93928304
2015,"VEN",1705178.0374238
2016,"VEN",1705178.0374238
2017,"VEN",1705178.0374238
2018,"VEN",1705178.0374238
2019,"VEN",1705178.0374238
2020,"VEN",1705178.0374238
2010,"VNM",726755.495179055
2011,"VNM",811946.340604619
2012,"VNM",900600.913663629
2013,"VNM",948343.690048055
2014,"VNM",1035294.23674436
2015,"VNM",1092581.3629114
2016,"VNM",1091834.21011218
2017,"VNM",1120104.95202682
2018,"VNM",1294604.32042123
2019,"VNM",1356331.95971289
2020,"VNM",1305853.52824117
2010,"VUT",134.772654272095
2011,"VUT",201.860952354354
2012,"VUT",239.137687499174
2013,"VUT",1623.39918865341
2014,"VUT",64.0107737420366
2015,"VUT",56.4880955098084
2016,"VUT",122.392916543355
2017,"VUT",96.5701095717113
2018,"VUT",126.519200492299
2019,"VUT",248.136061386267
2020,"VUT",188.486034801135
2010,"WSM",286.229798416881
2011,"WSM",587.76790609674
2012,"WSM",256.637548515664
2013,"WSM",339.780025970327
2014,"WSM",698.181232312652
2015,"WSM",427.742615171882
2016,"WSM",316.136701786478
2017,"WSM",253.282537159863
2018,"WSM",672.66292862182
2019,"WSM",356.972490398854
2020,"WSM",217.399997746711
2010,"YEM",22974.8184051628
2011,"YEM",19112.5202755601
2012,"YEM",30751.2592723729
2013,"YEM",49533.6355735635
2014,"YEM",48052.5177929432
2015,"YEM",15817.6855224951
2016,"YEM",25813.7413383459
2017,"YEM",15924.4459856806
2018,"YEM",18030.831355472
2019,"YEM",27334.6061690663
2020,"YEM",27334.6061690663
2010,"ZAF",2446995.13249118
2011,"ZAF",2497258.83873773
2012,"ZAF",2384550.16000795
2013,"ZAF",2144618.98110494
2014,"ZAF",2308609.33132528
2015,"ZAF",2449032.28162139
2016,"ZAF",2220618.30434316
2017,"ZAF",2682334.57427971
2018,"ZAF",2740495.29876618
2019,"ZAF",2675911.90382762
2020,"ZAF",2557258.94000144
2010,"ZMB",134950.035496419
2011,"ZMB",154725.159616009
2012,"ZMB",143398.175604826
2013,"ZMB",244015.981947439
2014,"ZMB",175261.412932575
2015,"ZMB",169824.586202064
2016,"ZMB",136162.472142398
2017,"ZMB",181848.764008962
2018,"ZMB",197378.107554242
2019,"ZMB",186639.251930671
2020,"ZMB",135960.970802214
2010,"ZWE",37357.7654966496
2011,"ZWE",62563.9836911431
2012,"ZWE",42692.5944360666
2013,"ZWE",81116.2301426678
2014,"ZWE",74296.744343798
2015,"ZWE",82610.5746948955
2016,"ZWE",63305.5138966848
2017,"ZWE",95716.6513454105
2018,"ZWE",122183.287656452
2019,"ZWE",98543.6743106066
2020,"ZWE",106628.669946276
