,Nation,iso_code3,Year,consumpinit_inen_energy_tj_per_tonne_production_cement
0,Aruba,ABW,2011,0.04199110539916054
1,Aruba,ABW,2012,0.03839097537278959
2,Aruba,ABW,2013,0.06625757318300574
3,Aruba,ABW,2014,0.04053922377394693
4,Aruba,ABW,2015,0.02749390898803309
5,Aruba,ABW,2016,0.02769761028576171
6,Aruba,ABW,2017,0.02763395883119332
7,Aruba,ABW,2018,0.03091784594397241
8,Aruba,ABW,2019,0.026429913379013768
9,Aruba,ABW,2020,0.04974472050642442
10,Angola,AGO,2011,0.002869940754604348
11,Angola,AGO,2012,0.002100094944521612
12,Angola,AGO,2013,0.00277600628147843
13,Angola,AGO,2014,0.004559567507750525
14,Angola,AGO,2015,0.006509157432607863
15,Angola,AGO,2016,0.005526813163930136
16,Angola,AGO,2017,0.012328947655761415
17,Angola,AGO,2018,0.01683353608766639
18,Angola,AGO,2019,0.016673655177111984
19,Angola,AGO,2020,0.0421413836660215
20,Albania,ALB,2011,0.0014288648388936062
21,Albania,ALB,2012,0.000715507437608274
22,Albania,ALB,2013,0.0006395720780158132
23,Albania,ALB,2014,0.0015887630423320406
24,Albania,ALB,2015,0.0012419947804676935
25,Albania,ALB,2016,0.001104162357744906
26,Albania,ALB,2017,0.0022264557873048073
27,Albania,ALB,2018,0.0034137270567947482
28,Albania,ALB,2019,0.002106238218353966
29,Albania,ALB,2020,0.0015925187336428108
30,United Arab Emirates,ARE,2011,0.0014327818196538456
31,United Arab Emirates,ARE,2012,0.0012657092719007724
32,United Arab Emirates,ARE,2013,0.0009207384118911461
33,United Arab Emirates,ARE,2014,0.0011518384003610265
34,United Arab Emirates,ARE,2015,0.0012411509294365445
35,United Arab Emirates,ARE,2016,0.0013548652775316552
36,United Arab Emirates,ARE,2017,0.0016615583166037272
37,United Arab Emirates,ARE,2018,0.0012461197192634816
38,United Arab Emirates,ARE,2019,0.0013428400480137404
39,United Arab Emirates,ARE,2020,0.0016641753634014306
40,Argentina,ARG,2011,0.003639926773719887
41,Argentina,ARG,2012,0.003413098401987787
42,Argentina,ARG,2013,0.0030897493577010907
43,Argentina,ARG,2014,0.004181404580824358
44,Argentina,ARG,2015,0.001859004418393338
45,Argentina,ARG,2016,0.0020005585898819553
46,Argentina,ARG,2017,0.002055646243636132
47,Argentina,ARG,2018,0.004028824934684278
48,Argentina,ARG,2019,0.008097702241786455
49,Argentina,ARG,2020,0.011983292106524449
50,Armenia,ARM,2011,0.000621647041721602
51,Armenia,ARM,2012,0.00047033072759772174
52,Armenia,ARM,2013,0.0004103007522077296
53,Armenia,ARM,2014,0.007344441013224949
54,Armenia,ARM,2015,0.023621078133586704
55,Armenia,ARM,2016,0.015114934131658125
56,Armenia,ARM,2017,0.014921938600316131
57,Armenia,ARM,2018,0.005136352731463272
58,Armenia,ARM,2019,0.0023011406419754126
59,Armenia,ARM,2020,0.008774488320369467
60,Australia,AUS,2011,0.002238308669185987
61,Australia,AUS,2012,0.0016709670424857378
62,Australia,AUS,2013,0.001520618565764517
63,Australia,AUS,2014,0.0011629391123557744
64,Australia,AUS,2015,0.0015201895128088491
65,Australia,AUS,2016,0.0012352714763268408
66,Australia,AUS,2017,0.0010256203259954595
67,Australia,AUS,2018,0.0009994545779177621
68,Australia,AUS,2019,0.0010981957699599829
69,Australia,AUS,2020,0.0011022428043074353
70,Austria,AUT,2011,0.0009276839438706816
71,Austria,AUT,2012,0.0009495384988161793
72,Austria,AUT,2013,0.0010602831066673295
73,Austria,AUT,2014,0.0009595234663383979
74,Austria,AUT,2015,0.0011281019013495985
75,Austria,AUT,2016,0.0010469732899854982
76,Austria,AUT,2017,0.0009814441198176648
77,Austria,AUT,2018,0.0009970532624742749
78,Austria,AUT,2019,0.0010233509925120466
79,Austria,AUT,2020,0.0011047562132145772
80,Azerbaijan,AZE,2011,0.00036364687074661833
81,Azerbaijan,AZE,2012,0.00043581443531887456
82,Azerbaijan,AZE,2013,0.0004869149827289824
83,Azerbaijan,AZE,2014,0.0007993588604274872
84,Azerbaijan,AZE,2015,0.0028301751361642126
85,Azerbaijan,AZE,2016,0.005869218980296418
86,Azerbaijan,AZE,2017,0.0052687667744512985
87,Azerbaijan,AZE,2018,0.004741871830503064
88,Azerbaijan,AZE,2019,0.004323138649263682
89,Azerbaijan,AZE,2020,0.011528288219491737
90,Burundi,BDI,2011,0.008661492259116183
91,Burundi,BDI,2012,0.011171688725617806
92,Burundi,BDI,2013,0.016871480582529363
93,Burundi,BDI,2014,0.015966004336397926
94,Burundi,BDI,2015,0.01626833158013181
95,Burundi,BDI,2016,0.016008360623623125
96,Burundi,BDI,2017,0.01153438511657975
97,Burundi,BDI,2018,0.013342026298984604
98,Burundi,BDI,2019,0.00681000873638246
99,Burundi,BDI,2020,0.008916561791878145
100,Belgium,BEL,2011,0.0011074362445825544
101,Belgium,BEL,2012,0.001243125691328802
102,Belgium,BEL,2013,0.0012703633122796239
103,Belgium,BEL,2014,0.0012338555500792236
104,Belgium,BEL,2015,0.0013917087703287363
105,Belgium,BEL,2016,0.0014132544318311761
106,Belgium,BEL,2017,0.0013096232897614596
107,Belgium,BEL,2018,0.0013990257007518282
108,Belgium,BEL,2019,0.0013686678319520275
109,Belgium,BEL,2020,0.0014465227913999
110,Benin,BEN,2011,0.003475643425645574
111,Benin,BEN,2012,0.0033708492998086427
112,Benin,BEN,2013,0.003827396430580938
113,Benin,BEN,2014,0.0035139931699739715
114,Benin,BEN,2015,0.003220881549566028
115,Benin,BEN,2016,0.005752702523106377
116,Benin,BEN,2017,0.006235357838140029
117,Benin,BEN,2018,0.004770091056301874
118,Benin,BEN,2019,0.005180261778938551
119,Benin,BEN,2020,0.005284073788954358
120,Burkina Faso,BFA,2011,0.0043442607785851815
121,Burkina Faso,BFA,2012,0.0033698997078541416
122,Burkina Faso,BFA,2013,0.0037508099466039718
123,Burkina Faso,BFA,2014,0.004031932815738815
124,Burkina Faso,BFA,2015,0.005545260396200785
125,Burkina Faso,BFA,2016,0.00499684212879615
126,Burkina Faso,BFA,2017,0.004216963975271946
127,Burkina Faso,BFA,2018,0.005117558179952733
128,Burkina Faso,BFA,2019,0.006676565972889889
129,Burkina Faso,BFA,2020,0.0051491332334089035
130,Bangladesh,BGD,2011,0.006463607634525712
131,Bangladesh,BGD,2012,0.004545545613930858
132,Bangladesh,BGD,2013,0.004375221811142742
133,Bangladesh,BGD,2014,0.004006027843481475
134,Bangladesh,BGD,2015,0.003834973444703992
135,Bangladesh,BGD,2016,0.0027986226372636643
136,Bangladesh,BGD,2017,0.002617831564864953
137,Bangladesh,BGD,2018,0.00255716657757183
138,Bangladesh,BGD,2019,0.0022660434410876184
139,Bangladesh,BGD,2020,0.0028345972132329134
140,Bulgaria,BGR,2011,0.004976396923439368
141,Bulgaria,BGR,2012,0.004092328781904529
142,Bulgaria,BGR,2013,0.005508495331406907
143,Bulgaria,BGR,2014,0.00588977648421268
144,Bulgaria,BGR,2015,0.005243815393336818
145,Bulgaria,BGR,2016,0.00514903880931696
146,Bulgaria,BGR,2017,0.005954723463131818
147,Bulgaria,BGR,2018,0.006235874326807724
148,Bulgaria,BGR,2019,0.006590981087583436
149,Bulgaria,BGR,2020,0.0050574473401047175
150,Bahrain,BHR,2011,0.003661061143746842
151,Bahrain,BHR,2012,0.00404480536705913
152,Bahrain,BHR,2013,0.00400480483502492
153,Bahrain,BHR,2014,0.0038224513425934438
154,Bahrain,BHR,2015,0.003551078329371525
155,Bahrain,BHR,2016,0.002067970849831717
156,Bahrain,BHR,2017,0.002623841867757851
157,Bahrain,BHR,2018,0.0021387822706197017
158,Bahrain,BHR,2019,0.0035678348393107647
159,Bahrain,BHR,2020,0.0044859615507665445
160,"Bahamas, The",BHS,2011,0.006110851034905806
161,"Bahamas, The",BHS,2012,0.006072540282121671
162,"Bahamas, The",BHS,2013,0.00412317031838234
163,"Bahamas, The",BHS,2014,0.006913865202879408
164,"Bahamas, The",BHS,2015,0.006257523403542235
165,"Bahamas, The",BHS,2016,0.006544914118622599
166,"Bahamas, The",BHS,2017,0.007867292235135583
167,"Bahamas, The",BHS,2018,0.004303626142623143
168,"Bahamas, The",BHS,2019,0.006388999370001631
169,"Bahamas, The",BHS,2020,0.009568894253621741
170,Bosnia and Herzegovina,BIH,2011,0.0006741368294148423
171,Bosnia and Herzegovina,BIH,2012,0.0008032353517462953
172,Bosnia and Herzegovina,BIH,2013,0.0008797528627177248
173,Bosnia and Herzegovina,BIH,2014,0.0007371763304870527
174,Bosnia and Herzegovina,BIH,2015,0.0008979138192094389
175,Bosnia and Herzegovina,BIH,2016,0.0008202770843505988
176,Bosnia and Herzegovina,BIH,2017,0.0009512576021170394
177,Bosnia and Herzegovina,BIH,2018,0.0010561737333336914
178,Bosnia and Herzegovina,BIH,2019,0.0005043669471177546
179,Bosnia and Herzegovina,BIH,2020,0.0007833062238019082
180,Belarus,BLR,2011,0.007700617802501679
181,Belarus,BLR,2012,0.005475482833308637
182,Belarus,BLR,2013,0.0033347106407278474
183,Belarus,BLR,2014,0.0026701381711766795
184,Belarus,BLR,2015,0.004115351648871618
185,Belarus,BLR,2016,0.004097884441916526
186,Belarus,BLR,2017,0.004187855766071068
187,Belarus,BLR,2018,0.004672717499735179
188,Belarus,BLR,2019,0.004424510526376727
189,Belarus,BLR,2020,0.0029354920867573895
190,Belize,BLZ,2011,0.01771659181772264
191,Belize,BLZ,2012,0.014809444466707077
192,Belize,BLZ,2013,0.013502795050050035
193,Belize,BLZ,2014,0.013703658837214056
194,Belize,BLZ,2015,0.01447710058223082
195,Belize,BLZ,2016,0.013058772570523364
196,Belize,BLZ,2017,0.0023291399742303015
197,Belize,BLZ,2018,0.010627424880226785
198,Belize,BLZ,2019,0.01155744623485638
199,Belize,BLZ,2020,0.01184944328457541
200,Bolivia,BOL,2011,0.012609991911233073
201,Bolivia,BOL,2012,0.008281900787367964
202,Bolivia,BOL,2013,0.008545260347629077
203,Bolivia,BOL,2014,0.009323573286893254
204,Bolivia,BOL,2015,0.006673306473534804
205,Bolivia,BOL,2016,0.005430391172279548
206,Bolivia,BOL,2017,0.006504247202223153
207,Bolivia,BOL,2018,0.0096840290302973
208,Bolivia,BOL,2019,0.012545574720186704
209,Bolivia,BOL,2020,0.028029082252633106
210,Brazil,BRA,2011,0.00533232229439576
211,Brazil,BRA,2012,0.005163364810000386
212,Brazil,BRA,2013,0.006427192498663454
213,Brazil,BRA,2014,0.006387335939664351
214,Brazil,BRA,2015,0.008367976608710971
215,Brazil,BRA,2016,0.008937315783951261
216,Brazil,BRA,2017,0.0071520241852307065
217,Brazil,BRA,2018,0.009738781628767568
218,Brazil,BRA,2019,0.010644198882593086
219,Brazil,BRA,2020,0.012512934665535828
220,Barbados,BRB,2011,0.009026372973931003
221,Barbados,BRB,2012,0.008416382754703166
222,Barbados,BRB,2013,0.004056683433390403
223,Barbados,BRB,2014,0.004067522236960875
224,Barbados,BRB,2015,0.005068726625798164
225,Barbados,BRB,2016,0.0035164493891699637
226,Barbados,BRB,2017,0.004165356787102934
227,Barbados,BRB,2018,0.0032580137407849236
228,Barbados,BRB,2019,0.002937711601023846
229,Barbados,BRB,2020,0.004036340152894388
230,Brunei Darussalam,BRN,2011,0.002980977952904819
231,Brunei Darussalam,BRN,2012,0.0029836558834834825
232,Brunei Darussalam,BRN,2013,0.004140542843852682
233,Brunei Darussalam,BRN,2014,0.0041616301469671775
234,Brunei Darussalam,BRN,2015,0.003413969932268492
235,Brunei Darussalam,BRN,2016,0.0030834864437461434
236,Brunei Darussalam,BRN,2017,0.0015518561510158874
237,Brunei Darussalam,BRN,2018,0.0022360339283656223
238,Brunei Darussalam,BRN,2019,0.004047341602823995
239,Brunei Darussalam,BRN,2020,0.015202284967623407
240,Bhutan,BTN,2011,0.042282520521860115
241,Bhutan,BTN,2012,0.026889099034058613
242,Bhutan,BTN,2013,0.024208044142750042
243,Bhutan,BTN,2014,0.03346963669216765
244,Bhutan,BTN,2015,0.05443628718940667
245,Bhutan,BTN,2016,0.17491280451020033
246,Bhutan,BTN,2017,0.0822122696013254
247,Bhutan,BTN,2018,0.03507492462308288
248,Bhutan,BTN,2019,0.005626611530644762
249,Bhutan,BTN,2020,0.006999976821161335
250,Botswana,BWA,2011,0.0025408318819143128
251,Botswana,BWA,2012,0.0028347575377828354
252,Botswana,BWA,2013,0.004370285248136121
253,Botswana,BWA,2014,0.004041065618265154
254,Botswana,BWA,2015,0.004209800207191217
255,Botswana,BWA,2016,0.003658196349563693
256,Botswana,BWA,2017,0.0031975154384743425
257,Botswana,BWA,2018,0.0032928690455201665
258,Botswana,BWA,2019,0.003361092260730961
259,Botswana,BWA,2020,0.004007978234521462
260,Central African Republic,CAF,2011,0.022465719645963108
261,Central African Republic,CAF,2012,0.022584721029605938
262,Central African Republic,CAF,2013,0.045058955492768726
263,Central African Republic,CAF,2014,0.2614512615996196
264,Central African Republic,CAF,2015,0.23901484217606173
265,Central African Republic,CAF,2016,0.0913789336006388
266,Central African Republic,CAF,2017,0.061785483907293624
267,Central African Republic,CAF,2018,0.05903114274825692
268,Central African Republic,CAF,2019,0.12436703965156166
269,Central African Republic,CAF,2020,0.10972895629052991
270,Canada,CAN,2011,0.0010915160973396362
271,Canada,CAN,2012,0.0008697300599488991
272,Canada,CAN,2013,0.0009132515715008507
273,Canada,CAN,2014,0.000819477946787625
274,Canada,CAN,2015,0.0007216405172306847
275,Canada,CAN,2016,0.0007321059877168177
276,Canada,CAN,2017,0.0007272596514360161
277,Canada,CAN,2018,0.000652212961419979
278,Canada,CAN,2019,0.0006379936619001274
279,Canada,CAN,2020,0.0006240679928442168
280,Switzerland,CHE,2011,0.0010020793150203387
281,Switzerland,CHE,2012,0.0009197646196323774
282,Switzerland,CHE,2013,0.0008925156620879772
283,Switzerland,CHE,2014,0.0008794298962342684
284,Switzerland,CHE,2015,0.0009037002497536446
285,Switzerland,CHE,2016,0.000991871298754588
286,Switzerland,CHE,2017,0.0009109790260906434
287,Switzerland,CHE,2018,0.000957724033959412
288,Switzerland,CHE,2019,0.001012751066074337
289,Switzerland,CHE,2020,0.0010684285655845577
290,Chile,CHL,2011,0.0014060276265582781
291,Chile,CHL,2012,0.0009358072052158168
292,Chile,CHL,2013,0.0010457114086059728
293,Chile,CHL,2014,0.0010675114367886623
294,Chile,CHL,2015,0.0008527471404926697
295,Chile,CHL,2016,0.0008479933191063972
296,Chile,CHL,2017,0.0008499327485177082
297,Chile,CHL,2018,0.0008407120620580573
298,Chile,CHL,2019,0.0009211184074793482
299,Chile,CHL,2020,0.0010687605868679065
300,China,CHN,2011,0.008603715601974617
301,China,CHN,2012,0.007559460668923216
302,China,CHN,2013,0.005890059360142079
303,China,CHN,2014,0.005634751211357039
304,China,CHN,2015,0.004428343255254735
305,China,CHN,2016,0.004327078678958933
306,China,CHN,2017,0.004000270324698181
307,China,CHN,2018,0.003314546948504726
308,China,CHN,2019,0.0031967758576722486
309,China,CHN,2020,0.003378238502673588
310,Cote d'Ivoire,CIV,2011,0.006042332042942264
311,Cote d'Ivoire,CIV,2012,0.00588803175858136
312,Cote d'Ivoire,CIV,2013,0.004075865019366191
313,Cote d'Ivoire,CIV,2014,0.0033174020606204
314,Cote d'Ivoire,CIV,2015,0.002607680447652701
315,Cote d'Ivoire,CIV,2016,0.0031871453382808766
316,Cote d'Ivoire,CIV,2017,0.003828607152107373
317,Cote d'Ivoire,CIV,2018,0.003208015357571031
318,Cote d'Ivoire,CIV,2019,0.0029648143122413834
319,Cote d'Ivoire,CIV,2020,0.0033734411002925074
320,Cameroon,CMR,2011,0.005386233141745481
321,Cameroon,CMR,2012,0.0034309285781093882
322,Cameroon,CMR,2013,0.002917898476707981
323,Cameroon,CMR,2014,0.0037607655071698635
324,Cameroon,CMR,2015,0.004453499025500306
325,Cameroon,CMR,2016,0.0043385089068507885
326,Cameroon,CMR,2017,0.004080724993237695
327,Cameroon,CMR,2018,0.0030541751245832497
328,Cameroon,CMR,2019,0.00535882170901658
329,Cameroon,CMR,2020,0.005942092313696598
330,"Congo, Dem. Rep.",COD,2011,0.014710902099480037
331,"Congo, Dem. Rep.",COD,2012,0.010647936931483436
332,"Congo, Dem. Rep.",COD,2013,0.006298807938979772
333,"Congo, Dem. Rep.",COD,2014,0.012662839038025417
334,"Congo, Dem. Rep.",COD,2015,0.01112710112454559
335,"Congo, Dem. Rep.",COD,2016,0.017392120526516
336,"Congo, Dem. Rep.",COD,2017,0.039250465963797374
337,"Congo, Dem. Rep.",COD,2018,0.027370864222778325
338,"Congo, Dem. Rep.",COD,2019,0.01753049042511942
339,"Congo, Dem. Rep.",COD,2020,0.02128598970492158
340,"Congo, Rep.",COG,2011,0.005135085558218213
341,"Congo, Rep.",COG,2012,0.0028126476603191914
342,"Congo, Rep.",COG,2013,0.003071068192038789
343,"Congo, Rep.",COG,2014,0.004133330403400866
344,"Congo, Rep.",COG,2015,0.009535931007028951
345,"Congo, Rep.",COG,2016,0.023023416325290317
346,"Congo, Rep.",COG,2017,0.03054939765429738
347,"Congo, Rep.",COG,2018,0.04802315911994581
348,"Congo, Rep.",COG,2019,0.02038675785486298
349,"Congo, Rep.",COG,2020,0.04560636555728691
350,Colombia,COL,2011,0.0019324921566029796
351,Colombia,COL,2012,0.0025603974781276233
352,Colombia,COL,2013,0.002218030632459387
353,Colombia,COL,2014,0.002081715368116174
354,Colombia,COL,2015,0.001544243605876757
355,Colombia,COL,2016,0.0015682826709691193
356,Colombia,COL,2017,0.0020045085772287244
357,Colombia,COL,2018,0.0033194569918225856
358,Colombia,COL,2019,0.0029973709245275392
359,Colombia,COL,2020,0.006267951853325465
360,Comoros,COM,2011,0.006462601708223532
361,Comoros,COM,2012,0.006376370512221259
362,Comoros,COM,2013,0.006246952009896359
363,Comoros,COM,2014,0.007734714613543346
364,Comoros,COM,2015,0.005025031008926158
365,Comoros,COM,2016,0.007273651028488464
366,Comoros,COM,2017,0.008331276042763932
367,Comoros,COM,2018,0.009997967628935792
368,Comoros,COM,2019,0.009607662427285297
369,Comoros,COM,2020,0.00867130286314344
370,Cabo Verde,CPV,2011,0.010563712129079847
371,Cabo Verde,CPV,2012,0.012164958612057502
372,Cabo Verde,CPV,2013,0.011982851527240174
373,Cabo Verde,CPV,2014,0.013543788291653223
374,Cabo Verde,CPV,2015,0.015032944454355462
375,Cabo Verde,CPV,2016,0.013518237309571876
376,Cabo Verde,CPV,2017,0.01806379313098825
377,Cabo Verde,CPV,2018,0.016009667443576424
378,Cabo Verde,CPV,2019,0.014868583233558628
379,Cabo Verde,CPV,2020,0.014356630784183873
380,Costa Rica,CRI,2011,0.002860511870140503
381,Costa Rica,CRI,2012,0.0022122485436990758
382,Costa Rica,CRI,2013,0.0032865061667350266
383,Costa Rica,CRI,2014,0.0040274175515750505
384,Costa Rica,CRI,2015,0.0035155074327790237
385,Costa Rica,CRI,2016,0.002505978305714084
386,Costa Rica,CRI,2017,0.0024841381488993493
387,Costa Rica,CRI,2018,0.0030616726746010695
388,Costa Rica,CRI,2019,0.0031345691218352713
389,Costa Rica,CRI,2020,0.00358652104339006
390,Cuba,CUB,2011,0.009647085918201544
391,Cuba,CUB,2012,0.0058568638957549185
392,Cuba,CUB,2013,0.0057387776310106105
393,Cuba,CUB,2014,0.020835793674315914
394,Cuba,CUB,2015,0.013964901678553701
395,Cuba,CUB,2016,0.01229497500920427
396,Cuba,CUB,2017,0.013906203576310316
397,Cuba,CUB,2018,0.008952376440488703
398,Cuba,CUB,2019,0.010799056488507043
399,Cuba,CUB,2020,0.012131339513327895
400,Cyprus,CYP,2011,0.0030239575262511185
401,Cyprus,CYP,2012,0.0019341230257296105
402,Cyprus,CYP,2013,0.001353701637898381
403,Cyprus,CYP,2014,0.0019103362422771399
404,Cyprus,CYP,2015,0.00164307005168696
405,Cyprus,CYP,2016,0.001874059509377718
406,Cyprus,CYP,2017,0.002810648965080233
407,Cyprus,CYP,2018,0.0021932655461082327
408,Cyprus,CYP,2019,0.002108159902188528
409,Cyprus,CYP,2020,0.0026575652515421874
410,Czech Republic,CZE,2011,0.0019390987276210838
411,Czech Republic,CZE,2012,0.0023536607128666932
412,Czech Republic,CZE,2013,0.0025279555741294646
413,Czech Republic,CZE,2014,0.002161115271189001
414,Czech Republic,CZE,2015,0.002547975370497442
415,Czech Republic,CZE,2016,0.0026312859375076545
416,Czech Republic,CZE,2017,0.002625397077419762
417,Czech Republic,CZE,2018,0.0025656960688025246
418,Czech Republic,CZE,2019,0.002469749150167721
419,Czech Republic,CZE,2020,0.0024069972909238416
420,Germany,DEU,2011,0.001267191975444617
421,Germany,DEU,2012,0.001426607723719172
422,Germany,DEU,2013,0.0014504463598196122
423,Germany,DEU,2014,0.001423055332949232
424,Germany,DEU,2015,0.0016344276830195853
425,Germany,DEU,2016,0.0015490362203140502
426,Germany,DEU,2017,0.0015456787156017699
427,Germany,DEU,2018,0.0015617872917956625
428,Germany,DEU,2019,0.0015891015077853113
429,Germany,DEU,2020,0.0016618463338005174
430,Djibouti,DJI,2011,0.03145507586865675
431,Djibouti,DJI,2012,0.03152670535931239
432,Djibouti,DJI,2013,0.061381869493739354
433,Djibouti,DJI,2014,0.024921361161675534
434,Djibouti,DJI,2015,0.03127406557203342
435,Djibouti,DJI,2016,0.02935833851095119
436,Djibouti,DJI,2017,0.03535713888511537
437,Djibouti,DJI,2018,0.01814257134531258
438,Djibouti,DJI,2019,0.03901908407981581
439,Djibouti,DJI,2020,0.0512244185939343
440,Denmark,DNK,2011,0.0005747006558561472
441,Denmark,DNK,2012,0.0006367900216717285
442,Denmark,DNK,2013,0.0006386555173719682
443,Denmark,DNK,2014,0.0005743650928054465
444,Denmark,DNK,2015,0.0006328976907513952
445,Denmark,DNK,2016,0.0005734586367495492
446,Denmark,DNK,2017,0.0006582495872597945
447,Denmark,DNK,2018,0.0007185401334733722
448,Denmark,DNK,2019,0.000782603768474871
449,Denmark,DNK,2020,0.0008512795561303331
450,Dominican Republic,DOM,2011,0.001830368164725267
451,Dominican Republic,DOM,2012,0.00145047516088336
452,Dominican Republic,DOM,2013,0.001710351371889039
453,Dominican Republic,DOM,2014,0.0015716485408163124
454,Dominican Republic,DOM,2015,0.0016879522106857325
455,Dominican Republic,DOM,2016,0.0020497890073768875
456,Dominican Republic,DOM,2017,0.002154431895744317
457,Dominican Republic,DOM,2018,0.002298694774374262
458,Dominican Republic,DOM,2019,0.002187198478262933
459,Dominican Republic,DOM,2020,0.002483754231554338
460,Algeria,DZA,2011,0.003176517459439687
461,Algeria,DZA,2012,0.002756626656515516
462,Algeria,DZA,2013,0.002181507962958058
463,Algeria,DZA,2014,0.001667157131214133
464,Algeria,DZA,2015,0.0021320390488672627
465,Algeria,DZA,2016,0.003340684294438974
466,Algeria,DZA,2017,0.008809448821004203
467,Algeria,DZA,2018,0.010379785728572153
468,Algeria,DZA,2019,0.006500846330863089
469,Algeria,DZA,2020,0.00863159600356521
470,Ecuador,ECU,2011,0.00653738388857945
471,Ecuador,ECU,2012,0.005972826913663904
472,Ecuador,ECU,2013,0.003989390523352387
473,Ecuador,ECU,2014,0.003943927433261883
474,Ecuador,ECU,2015,0.008183217701720123
475,Ecuador,ECU,2016,0.008401865886139387
476,Ecuador,ECU,2017,0.01132741981752775
477,Ecuador,ECU,2018,0.011650548900951537
478,Ecuador,ECU,2019,0.010598137522520411
479,Ecuador,ECU,2020,0.008554812630174876
480,"Egypt, Arab Rep.",EGY,2011,0.005085437433809634
481,"Egypt, Arab Rep.",EGY,2012,0.0028634029441609787
482,"Egypt, Arab Rep.",EGY,2013,0.0031265721353520228
483,"Egypt, Arab Rep.",EGY,2014,0.0023755049399408128
484,"Egypt, Arab Rep.",EGY,2015,0.005072129971756402
485,"Egypt, Arab Rep.",EGY,2016,0.005763542065216395
486,"Egypt, Arab Rep.",EGY,2017,0.0062595660270752486
487,"Egypt, Arab Rep.",EGY,2018,0.006102683087890088
488,"Egypt, Arab Rep.",EGY,2019,0.005374972051404319
489,"Egypt, Arab Rep.",EGY,2020,0.005196502314669355
490,Spain,ESP,2011,0.00194207788958356
491,Spain,ESP,2012,0.001445315228102782
492,Spain,ESP,2013,0.0014005443218143882
493,Spain,ESP,2014,0.0012887624210179375
494,Spain,ESP,2015,0.0014471567818559413
495,Spain,ESP,2016,0.0015102743964065459
496,Spain,ESP,2017,0.0015673054013057904
497,Spain,ESP,2018,0.0014923507637815386
498,Spain,ESP,2019,0.0015297084878744755
499,Spain,ESP,2020,0.0015211404001618163
500,Estonia,EST,2011,0.0015213255526463198
501,Estonia,EST,2012,0.0016408806150847866
502,Estonia,EST,2013,0.002077351694882725
503,Estonia,EST,2014,0.0015298519275682907
504,Estonia,EST,2015,0.0013461418354214576
505,Estonia,EST,2016,0.0010068107901530737
506,Estonia,EST,2017,0.001059980942801942
507,Estonia,EST,2018,0.000940237088284386
508,Estonia,EST,2019,0.0008158536965773759
509,Estonia,EST,2020,0.00032063996835881794
510,Ethiopia,ETH,2011,0.05159283897539568
511,Ethiopia,ETH,2012,0.09387603954250287
512,Ethiopia,ETH,2013,0.08848198032702086
513,Ethiopia,ETH,2014,0.019826166429355696
514,Ethiopia,ETH,2015,0.1026035998945092
515,Ethiopia,ETH,2016,0.04755616520038239
516,Ethiopia,ETH,2017,0.027847544684060612
517,Ethiopia,ETH,2018,0.02341986857129572
518,Ethiopia,ETH,2019,0.049967722459533334
519,Ethiopia,ETH,2020,0.12321973971708988
520,Finland,FIN,2011,0.0008068181637203336
521,Finland,FIN,2012,0.000785912240290305
522,Finland,FIN,2013,0.0007938248340433446
523,Finland,FIN,2014,0.0006798511030011957
524,Finland,FIN,2015,0.0009207638660397
525,Finland,FIN,2016,0.0009316865717773781
526,Finland,FIN,2017,0.001113998603440452
527,Finland,FIN,2018,0.0009464715497259925
528,Finland,FIN,2019,0.001071162480485967
529,Finland,FIN,2020,0.0009978101391209528
530,Fiji,FJI,2011,0.021136329247443894
531,Fiji,FJI,2012,0.01922384046212138
532,Fiji,FJI,2013,0.016890736880384644
533,Fiji,FJI,2014,0.011252208996136517
534,Fiji,FJI,2015,0.0090345681976591
535,Fiji,FJI,2016,0.008340155142504795
536,Fiji,FJI,2017,0.00941709832369629
537,Fiji,FJI,2018,0.008498608403174289
538,Fiji,FJI,2019,0.014313383758643891
539,Fiji,FJI,2020,0.012638124846073172
540,France,FRA,2011,0.0009637187939079435
541,France,FRA,2012,0.0009261522692103474
542,France,FRA,2013,0.0010143896346889898
543,France,FRA,2014,0.0010106627282722009
544,France,FRA,2015,0.0011288554871888678
545,France,FRA,2016,0.0011025001349593872
546,France,FRA,2017,0.0010579454756142364
547,France,FRA,2018,0.0011058820720441984
548,France,FRA,2019,0.0011186204909053588
549,France,FRA,2020,0.0011176674021446743
550,Gabon,GAB,2011,0.0040873686199023335
551,Gabon,GAB,2012,0.003261224001593143
552,Gabon,GAB,2013,0.002990925396117688
553,Gabon,GAB,2014,0.0025982804303266447
554,Gabon,GAB,2015,0.003089909397870683
555,Gabon,GAB,2016,0.004898041239791552
556,Gabon,GAB,2017,0.004207421110642636
557,Gabon,GAB,2018,0.008098985052655803
558,Gabon,GAB,2019,0.004960959764139034
559,Gabon,GAB,2020,0.008287104709790204
560,United Kingdom,GBR,2011,0.0014430740114203516
561,United Kingdom,GBR,2012,0.0014432980130932773
562,United Kingdom,GBR,2013,0.0014070295320150043
563,United Kingdom,GBR,2014,0.0010302779491042121
564,United Kingdom,GBR,2015,0.000990729791654218
565,United Kingdom,GBR,2016,0.000812956066720904
566,United Kingdom,GBR,2017,0.0008489275899355692
567,United Kingdom,GBR,2018,0.0007842212032408818
568,United Kingdom,GBR,2019,0.0007792746653650362
569,United Kingdom,GBR,2020,0.0009282289633517237
570,Georgia,GEO,2011,0.0016024468137047802
571,Georgia,GEO,2012,0.0010500778570776742
572,Georgia,GEO,2013,0.002206067685012165
573,Georgia,GEO,2014,0.0031885076281801777
574,Georgia,GEO,2015,0.007699648616945655
575,Georgia,GEO,2016,0.005229915483014918
576,Georgia,GEO,2017,0.005388132208703532
577,Georgia,GEO,2018,0.0047240934787150714
578,Georgia,GEO,2019,0.004018141236135191
579,Georgia,GEO,2020,0.003982846914671539
580,Ghana,GHA,2011,0.0033931359730934867
581,Ghana,GHA,2012,0.0034852180236717998
582,Ghana,GHA,2013,0.002773646263889486
583,Ghana,GHA,2014,0.0033451867078826522
584,Ghana,GHA,2015,0.0026459475290761636
585,Ghana,GHA,2016,0.002479357740900596
586,Ghana,GHA,2017,0.0028507282315696943
587,Ghana,GHA,2018,0.0033168781380269034
588,Ghana,GHA,2019,0.004479757858467969
589,Ghana,GHA,2020,0.0022524637815806697
590,Guinea,GIN,2011,0.012653037985450902
591,Guinea,GIN,2012,0.0061567334343482095
592,Guinea,GIN,2013,0.006849698632010264
593,Guinea,GIN,2014,0.009871960911070834
594,Guinea,GIN,2015,0.0089452150819465
595,Guinea,GIN,2016,0.015260776133878915
596,Guinea,GIN,2017,0.010820074578343426
597,Guinea,GIN,2018,0.008704747329889276
598,Guinea,GIN,2019,0.007689879198925185
599,Guinea,GIN,2020,0.013814594456585914
600,"Gambia, The",GMB,2011,0.0049047777781657505
601,"Gambia, The",GMB,2012,0.005550687450360538
602,"Gambia, The",GMB,2013,0.005106440007837985
603,"Gambia, The",GMB,2014,0.006729034406067299
604,"Gambia, The",GMB,2015,0.006500549738056511
605,"Gambia, The",GMB,2016,0.0028472673782469478
606,"Gambia, The",GMB,2017,0.004091357112757726
607,"Gambia, The",GMB,2018,0.006810920401176587
608,"Gambia, The",GMB,2019,0.005823813009658194
609,"Gambia, The",GMB,2020,0.004078706653743482
610,Guinea-Bissau,GNB,2011,0.008316917652626592
611,Guinea-Bissau,GNB,2012,0.00786938380385323
612,Guinea-Bissau,GNB,2013,0.00784691862971863
613,Guinea-Bissau,GNB,2014,0.012875924808886307
614,Guinea-Bissau,GNB,2015,0.014215177942788723
615,Guinea-Bissau,GNB,2016,0.014200004479079773
616,Guinea-Bissau,GNB,2017,0.011738745944817754
617,Guinea-Bissau,GNB,2018,0.014606320015001662
618,Guinea-Bissau,GNB,2019,0.01958212063422219
619,Guinea-Bissau,GNB,2020,0.021555873380048458
620,Equatorial Guinea,GNQ,2011,0.0026610970296572227
621,Equatorial Guinea,GNQ,2012,0.003032826343261724
622,Equatorial Guinea,GNQ,2013,0.0027150683994913685
623,Equatorial Guinea,GNQ,2014,0.0027335206005795784
624,Equatorial Guinea,GNQ,2015,0.003916940584562017
625,Equatorial Guinea,GNQ,2016,0.00789884841659527
626,Equatorial Guinea,GNQ,2017,0.013673635413102946
627,Equatorial Guinea,GNQ,2018,0.013354956007726697
628,Equatorial Guinea,GNQ,2019,0.021585589988003265
629,Equatorial Guinea,GNQ,2020,0.017194789758227618
630,Greece,GRC,2011,0.0011929827845903126
631,Greece,GRC,2012,0.0008386462700494908
632,Greece,GRC,2013,0.0008146194141316485
633,Greece,GRC,2014,0.0009851120981507137
634,Greece,GRC,2015,0.0010634618328685384
635,Greece,GRC,2016,0.0010577758921614705
636,Greece,GRC,2017,0.0011164442934473808
637,Greece,GRC,2018,0.001218415742206077
638,Greece,GRC,2019,0.00132576337901513
639,Greece,GRC,2020,0.001259356281637285
640,Guatemala,GTM,2011,0.00979467096654216
641,Guatemala,GTM,2012,0.008320759639756726
642,Guatemala,GTM,2013,0.008091819003709385
643,Guatemala,GTM,2014,0.009261687256110158
644,Guatemala,GTM,2015,0.0070884122540750575
645,Guatemala,GTM,2016,0.006529031654924715
646,Guatemala,GTM,2017,0.004895563894399153
647,Guatemala,GTM,2018,0.004882308734019994
648,Guatemala,GTM,2019,0.00479593313017155
649,Guatemala,GTM,2020,0.00427330160599515
650,"Hong Kong SAR, China",HKG,2011,0.005567914921501957
651,"Hong Kong SAR, China",HKG,2012,0.0048023466456363715
652,"Hong Kong SAR, China",HKG,2013,0.0043242071779654645
653,"Hong Kong SAR, China",HKG,2014,0.003652270600367187
654,"Hong Kong SAR, China",HKG,2015,0.0029970347970669146
655,"Hong Kong SAR, China",HKG,2016,0.002688855579637102
656,"Hong Kong SAR, China",HKG,2017,0.002458657236434918
657,"Hong Kong SAR, China",HKG,2018,0.003095260790885094
658,"Hong Kong SAR, China",HKG,2019,0.0035034407745198628
659,"Hong Kong SAR, China",HKG,2020,0.003095770509966133
660,Honduras,HND,2011,0.02685546945335755
661,Honduras,HND,2012,0.01549293030291645
662,Honduras,HND,2013,0.015826451810795047
663,Honduras,HND,2014,0.01226998400042571
664,Honduras,HND,2015,0.010338873216736098
665,Honduras,HND,2016,0.010783560540601702
666,Honduras,HND,2017,0.009437533739394129
667,Honduras,HND,2018,0.011627287399409355
668,Honduras,HND,2019,0.010215705578600753
669,Honduras,HND,2020,0.011389656245953877
670,Croatia,HRV,2011,0.0009394074581462509
671,Croatia,HRV,2012,0.0009317171949348675
672,Croatia,HRV,2013,0.0009537360734833828
673,Croatia,HRV,2014,0.0009195256593461092
674,Croatia,HRV,2015,0.0010877676201087102
675,Croatia,HRV,2016,0.0010912639200660803
676,Croatia,HRV,2017,0.001247996597236961
677,Croatia,HRV,2018,0.001130460118421913
678,Croatia,HRV,2019,0.001137166915006629
679,Croatia,HRV,2020,0.001087851125172512
680,Haiti,HTI,2011,0.0036304963123487046
681,Haiti,HTI,2012,0.0032643850222742947
682,Haiti,HTI,2013,0.003305536288786254
683,Haiti,HTI,2014,0.003109962671288686
684,Haiti,HTI,2015,0.002886964671657535
685,Haiti,HTI,2016,0.003289964064526757
686,Haiti,HTI,2017,0.00318661944330073
687,Haiti,HTI,2018,0.003740144382556112
688,Haiti,HTI,2019,0.004202684725476586
689,Haiti,HTI,2020,0.0033956798738509018
690,Hungary,HUN,2011,0.0021018796455102274
691,Hungary,HUN,2012,0.0021239215896434547
692,Hungary,HUN,2013,0.002302223487189517
693,Hungary,HUN,2014,0.0025905141744383083
694,Hungary,HUN,2015,0.002966524978742921
695,Hungary,HUN,2016,0.0028507222784046825
696,Hungary,HUN,2017,0.0024657940358342977
697,Hungary,HUN,2018,0.0024021269035757733
698,Hungary,HUN,2019,0.0023736138523330935
699,Hungary,HUN,2020,0.002314168962579141
700,Indonesia,IDN,2011,0.010838564106662752
701,Indonesia,IDN,2012,0.008965441805217515
702,Indonesia,IDN,2013,0.007223503322358378
703,Indonesia,IDN,2014,0.006969770638896833
704,Indonesia,IDN,2015,0.006358481467955268
705,Indonesia,IDN,2016,0.0099517764260343
706,Indonesia,IDN,2017,0.008462051189548077
707,Indonesia,IDN,2018,0.006838173079247446
708,Indonesia,IDN,2019,0.00490020529782167
709,Indonesia,IDN,2020,0.004682254506006954
710,India,IND,2011,0.032232404982323846
711,India,IND,2012,0.037518164365207426
712,India,IND,2013,0.03493808843114523
713,India,IND,2014,0.027685344157960208
714,India,IND,2015,0.026146342485390977
715,India,IND,2016,0.021199309662541434
716,India,IND,2017,0.021519559124470133
717,India,IND,2018,0.020487608958350164
718,India,IND,2019,0.01927810048091784
719,India,IND,2020,0.027058845059918752
720,Ireland,IRL,2011,0.0010898886123670295
721,Ireland,IRL,2012,0.00123488547564408
722,Ireland,IRL,2013,0.0011448537737917411
723,Ireland,IRL,2014,0.0012408033346528486
724,Ireland,IRL,2015,0.0014905447361987369
725,Ireland,IRL,2016,0.0014616113626352257
726,Ireland,IRL,2017,0.0015424790934752827
727,Ireland,IRL,2018,0.0016214220873540493
728,Ireland,IRL,2019,0.0017399525292074046
729,Ireland,IRL,2020,0.0019453773254122792
730,"Iran, Islamic Rep.",IRN,2011,0.0015455630646673772
731,"Iran, Islamic Rep.",IRN,2012,0.005807541453525092
732,"Iran, Islamic Rep.",IRN,2013,0.0009559386944946864
733,"Iran, Islamic Rep.",IRN,2014,0.0012343021688180434
734,"Iran, Islamic Rep.",IRN,2015,0.0011379269234909738
735,"Iran, Islamic Rep.",IRN,2016,0.0018762805550328518
736,"Iran, Islamic Rep.",IRN,2017,0.0021492436452496527
737,"Iran, Islamic Rep.",IRN,2018,0.0036130801659427225
738,"Iran, Islamic Rep.",IRN,2019,0.005652076154167528
739,"Iran, Islamic Rep.",IRN,2020,0.008380420733171853
740,Iraq,IRQ,2011,0.0006213855304574459
741,Iraq,IRQ,2012,0.0021670918908507507
742,Iraq,IRQ,2013,0.0005571049775342394
743,Iraq,IRQ,2014,0.0011551711955729012
744,Iraq,IRQ,2015,0.0012996343953109682
745,Iraq,IRQ,2016,0.001927016546150624
746,Iraq,IRQ,2017,0.0024020581754148292
747,Iraq,IRQ,2018,0.003994454667188431
748,Iraq,IRQ,2019,0.02170945222513915
749,Iraq,IRQ,2020,0.02609435451321349
750,Iceland,ISL,2011,0.018690650645939805
751,Iceland,ISL,2012,0.013003486469114804
752,Iceland,ISL,2013,0.011286710265475015
753,Iceland,ISL,2014,0.009791500587432615
754,Iceland,ISL,2015,0.009205619489970836
755,Iceland,ISL,2016,0.0069396082558667
756,Iceland,ISL,2017,0.0056932741597641775
757,Iceland,ISL,2018,0.005375122242009157
758,Iceland,ISL,2019,0.005876933523579497
759,Iceland,ISL,2020,0.00651862290162166
760,Israel,ISR,2011,0.0008098840273116848
761,Israel,ISR,2012,0.0006165244967364256
762,Israel,ISR,2013,0.0005589690285385208
763,Israel,ISR,2014,0.0004645133675589871
764,Israel,ISR,2015,0.00044573725969539825
765,Israel,ISR,2016,0.0003585035324557324
766,Israel,ISR,2017,0.0003656961564728924
767,Israel,ISR,2018,0.0005110091069260901
768,Israel,ISR,2019,0.00048503018553157037
769,Israel,ISR,2020,0.0004429292024589754
770,Italy,ITA,2011,0.002009391132218425
771,Italy,ITA,2012,0.0020111493868337276
772,Italy,ITA,2013,0.0018841410727899264
773,Italy,ITA,2014,0.0016214792949692542
774,Italy,ITA,2015,0.002139187486738126
775,Italy,ITA,2016,0.0019967788410404155
776,Italy,ITA,2017,0.0020657374940740137
777,Italy,ITA,2018,0.0019594308376086724
778,Italy,ITA,2019,0.0019922523377927485
779,Italy,ITA,2020,0.002205724128946876
780,Jamaica,JAM,2011,0.005594018078785763
781,Jamaica,JAM,2012,0.0055951516694146865
782,Jamaica,JAM,2013,0.006014314196544201
783,Jamaica,JAM,2014,0.003145226266510454
784,Jamaica,JAM,2015,0.003522121063285828
785,Jamaica,JAM,2016,0.009043056963578915
786,Jamaica,JAM,2017,0.013202267853567075
787,Jamaica,JAM,2018,0.011103760609326142
788,Jamaica,JAM,2019,0.01061953427371752
789,Jamaica,JAM,2020,0.014965169858563285
790,Jordan,JOR,2011,0.004966474211189417
791,Jordan,JOR,2012,0.006977872104394636
792,Jordan,JOR,2013,0.007290268072890935
793,Jordan,JOR,2014,0.006219566947021548
794,Jordan,JOR,2015,0.00775013270397308
795,Jordan,JOR,2016,0.008659932314485403
796,Jordan,JOR,2017,0.00647946250419987
797,Jordan,JOR,2018,0.004005475557428791
798,Jordan,JOR,2019,0.004031971279439064
799,Jordan,JOR,2020,0.004583435037757144
800,Japan,JPN,2011,0.002715836198236854
801,Japan,JPN,2012,0.0024810982214376436
802,Japan,JPN,2013,0.0031595490549393406
803,Japan,JPN,2014,0.0033643464198209404
804,Japan,JPN,2015,0.0030612493246542564
805,Japan,JPN,2016,0.0026720543389528203
806,Japan,JPN,2017,0.003101065585732996
807,Japan,JPN,2018,0.0036250185893743087
808,Japan,JPN,2019,0.003212772357420983
809,Japan,JPN,2020,0.002980815573467267
810,Kazakhstan,KAZ,2011,0.0002533180767131249
811,Kazakhstan,KAZ,2012,0.00037456905724504757
812,Kazakhstan,KAZ,2013,0.00012302882446192973
813,Kazakhstan,KAZ,2014,0.0007323286259547613
814,Kazakhstan,KAZ,2015,0.0033494905036659125
815,Kazakhstan,KAZ,2016,0.0034499362443726565
816,Kazakhstan,KAZ,2017,0.0034172021271908883
817,Kazakhstan,KAZ,2018,0.003102781405161679
818,Kazakhstan,KAZ,2019,0.0027364996745008977
819,Kazakhstan,KAZ,2020,0.002188258021089628
820,Kenya,KEN,2011,0.004385014747939249
821,Kenya,KEN,2012,0.0031106420847150647
822,Kenya,KEN,2013,0.0029892623112585193
823,Kenya,KEN,2014,0.0031215040842600236
824,Kenya,KEN,2015,0.0025438985073076947
825,Kenya,KEN,2016,0.00303399917768192
826,Kenya,KEN,2017,0.004357323582539405
827,Kenya,KEN,2018,0.0041630867251428744
828,Kenya,KEN,2019,0.006372144776898156
829,Kenya,KEN,2020,0.00517301807499659
830,Kyrgyz Republic,KGZ,2011,0.018288573788066243
831,Kyrgyz Republic,KGZ,2012,0.011565366396814767
832,Kyrgyz Republic,KGZ,2013,0.009832097595502992
833,Kyrgyz Republic,KGZ,2014,0.01423528369303843
834,Kyrgyz Republic,KGZ,2015,0.046937515655527645
835,Kyrgyz Republic,KGZ,2016,0.02219556808509376
836,Kyrgyz Republic,KGZ,2017,0.015276431537689752
837,Kyrgyz Republic,KGZ,2018,0.005599621553020985
838,Kyrgyz Republic,KGZ,2019,0.00529677733493797
839,Kyrgyz Republic,KGZ,2020,0.00716170878740196
840,Cambodia,KHM,2011,0.004089220712193126
841,Cambodia,KHM,2012,0.0033016526307123838
842,Cambodia,KHM,2013,0.0033051620183933263
843,Cambodia,KHM,2014,0.002809557759724693
844,Cambodia,KHM,2015,0.0029457411075662072
845,Cambodia,KHM,2016,0.0031983984565212824
846,Cambodia,KHM,2017,0.0034904249036022228
847,Cambodia,KHM,2018,0.004047364074068034
848,Cambodia,KHM,2019,0.002912316695555425
849,Cambodia,KHM,2020,0.005076860427567267
850,"Korea, Rep.",KOR,2011,0.0032494372123597804
851,"Korea, Rep.",KOR,2012,0.0029366493817747264
852,"Korea, Rep.",KOR,2013,0.0029085158922353216
853,"Korea, Rep.",KOR,2014,0.0026250367875776002
854,"Korea, Rep.",KOR,2015,0.0028532161527637825
855,"Korea, Rep.",KOR,2016,0.0029997624552643007
856,"Korea, Rep.",KOR,2017,0.0038143462872824606
857,"Korea, Rep.",KOR,2018,0.0032295902285316156
858,"Korea, Rep.",KOR,2019,0.002677817288903501
859,"Korea, Rep.",KOR,2020,0.002871987417691165
860,Kuwait,KWT,2011,0.000943700434939897
861,Kuwait,KWT,2012,0.0010952571103821384
862,Kuwait,KWT,2013,0.0007872238644941469
863,Kuwait,KWT,2014,0.0008469474066544749
864,Kuwait,KWT,2015,0.0011248082081156967
865,Kuwait,KWT,2016,0.0015655414194920448
866,Kuwait,KWT,2017,0.002040398369336271
867,Kuwait,KWT,2018,0.0014535788946923444
868,Kuwait,KWT,2019,0.0015773906213273597
869,Kuwait,KWT,2020,0.0012630854274772291
870,Lao PDR,LAO,2011,0.0037687053878136516
871,Lao PDR,LAO,2012,0.0033945262926312067
872,Lao PDR,LAO,2013,0.0032467625706876562
873,Lao PDR,LAO,2014,0.002872958669340552
874,Lao PDR,LAO,2015,0.002433095365685053
875,Lao PDR,LAO,2016,0.0021156643121831077
876,Lao PDR,LAO,2017,0.0031301706980830534
877,Lao PDR,LAO,2018,0.0031601112621640016
878,Lao PDR,LAO,2019,0.0031900036283665912
879,Lao PDR,LAO,2020,0.003219536272577227
880,Lebanon,LBN,2011,0.006437924373541076
881,Lebanon,LBN,2012,0.003632239914211584
882,Lebanon,LBN,2013,0.006369176356802603
883,Lebanon,LBN,2014,0.010401643155427796
884,Lebanon,LBN,2015,0.013224847546271071
885,Lebanon,LBN,2016,0.014217843368460157
886,Lebanon,LBN,2017,0.015610105401851277
887,Lebanon,LBN,2018,0.012491392492204201
888,Lebanon,LBN,2019,0.013688053972690736
889,Lebanon,LBN,2020,0.011711835300312473
890,Libya,LBY,2011,0.002903442193211305
891,Libya,LBY,2012,0.0007919479877761507
892,Libya,LBY,2013,0.0008905509064948969
893,Libya,LBY,2014,0.0012452133266937589
894,Libya,LBY,2015,0.0014893640547753194
895,Libya,LBY,2016,0.0027605293583519543
896,Libya,LBY,2017,0.004020642788996141
897,Libya,LBY,2018,0.0034213467577410422
898,Libya,LBY,2019,0.0020832245467194348
899,Libya,LBY,2020,0.0015157916705319683
900,Sri Lanka,LKA,2011,0.0014286030612338928
901,Sri Lanka,LKA,2012,0.0014340546489123994
902,Sri Lanka,LKA,2013,0.0014462820610478622
903,Sri Lanka,LKA,2014,0.0014602102742368173
904,Sri Lanka,LKA,2015,0.001447133452967264
905,Sri Lanka,LKA,2016,0.0012047316990732252
906,Sri Lanka,LKA,2017,0.0013439870219237127
907,Sri Lanka,LKA,2018,0.0016489981647410325
908,Sri Lanka,LKA,2019,0.0016539664904260658
909,Sri Lanka,LKA,2020,0.0019529157956222286
910,Lesotho,LSO,2011,0.013282605663494932
911,Lesotho,LSO,2012,0.012535374740682038
912,Lesotho,LSO,2013,0.01283352650178764
913,Lesotho,LSO,2014,0.01120102859250476
914,Lesotho,LSO,2015,0.013762016161908457
915,Lesotho,LSO,2016,0.016550200443469738
916,Lesotho,LSO,2017,0.018807699865323338
917,Lesotho,LSO,2018,0.01618743796331137
918,Lesotho,LSO,2019,0.017130557619200033
919,Lesotho,LSO,2020,0.021215053518663724
920,Lithuania,LTU,2011,0.0015287078032427425
921,Lithuania,LTU,2012,0.0015334375978282007
922,Lithuania,LTU,2013,0.0017373335226122106
923,Lithuania,LTU,2014,0.0014063039076773743
924,Lithuania,LTU,2015,0.0014662530907048167
925,Lithuania,LTU,2016,0.0010774191300571318
926,Lithuania,LTU,2017,0.0010649065080557687
927,Lithuania,LTU,2018,0.00102644557145283
928,Lithuania,LTU,2019,0.0010842293242464983
929,Lithuania,LTU,2020,0.0010351143670530674
930,Luxembourg,LUX,2011,0.0015954583286458648
931,Luxembourg,LUX,2012,0.0016807848086393465
932,Luxembourg,LUX,2013,0.0015432909054115878
933,Luxembourg,LUX,2014,0.0017199787985717327
934,Luxembourg,LUX,2015,0.0021129192902909788
935,Luxembourg,LUX,2016,0.0019137074812286806
936,Luxembourg,LUX,2017,0.0017876596796131327
937,Luxembourg,LUX,2018,0.0018015684260261943
938,Luxembourg,LUX,2019,0.001984939349928654
939,Luxembourg,LUX,2020,0.0019983093701211128
940,Latvia,LVA,2011,0.00114082830899378
941,Latvia,LVA,2012,0.0010401091280199818
942,Latvia,LVA,2013,0.0010839115825976172
943,Latvia,LVA,2014,0.0010835057542015229
944,Latvia,LVA,2015,0.0011434115694224875
945,Latvia,LVA,2016,0.0007467754753685602
946,Latvia,LVA,2017,0.0008409849428722935
947,Latvia,LVA,2018,0.0009123610228922019
948,Latvia,LVA,2019,0.0007640984609729812
949,Latvia,LVA,2020,0.0008918776912896013
950,"Macao SAR, China",MAC,2011,0.0031027212472517656
951,"Macao SAR, China",MAC,2012,0.001293953319151179
952,"Macao SAR, China",MAC,2013,0.0008482728312709518
953,"Macao SAR, China",MAC,2014,0.0007564660031000054
954,"Macao SAR, China",MAC,2015,0.0004978350316264454
955,"Macao SAR, China",MAC,2016,0.0008148766709642813
956,"Macao SAR, China",MAC,2017,0.0007610766051671182
957,"Macao SAR, China",MAC,2018,0.0014072342665612753
958,"Macao SAR, China",MAC,2019,0.001996923029769977
959,"Macao SAR, China",MAC,2020,0.0029906747200901117
960,Morocco,MAR,2011,0.018871726402742792
961,Morocco,MAR,2012,0.010326222968887749
962,Morocco,MAR,2013,0.007171112445708633
963,Morocco,MAR,2014,0.00535156043339939
964,Morocco,MAR,2015,0.004671984506221681
965,Morocco,MAR,2016,0.005397772156633657
966,Morocco,MAR,2017,0.005815138997976163
967,Morocco,MAR,2018,0.006812081908201248
968,Morocco,MAR,2019,0.008540616934854875
969,Morocco,MAR,2020,0.00802751901990869
970,Moldova,MDA,2011,0.010603340885274594
971,Moldova,MDA,2012,0.009937587324526468
972,Moldova,MDA,2013,0.010257372655697122
973,Moldova,MDA,2014,0.014545507730442348
974,Moldova,MDA,2015,0.014241050261945208
975,Moldova,MDA,2016,0.014438339062791617
976,Moldova,MDA,2017,0.011716153664396548
977,Moldova,MDA,2018,0.008723764042672909
978,Moldova,MDA,2019,0.009471789295905047
979,Moldova,MDA,2020,0.010383803403238297
980,Madagascar,MDG,2011,0.02141177012285986
981,Madagascar,MDG,2012,0.015396234215938
982,Madagascar,MDG,2013,0.014656509257738492
983,Madagascar,MDG,2014,0.013040244029764858
984,Madagascar,MDG,2015,0.0193709410039082
985,Madagascar,MDG,2016,0.01566936819471928
986,Madagascar,MDG,2017,0.017131402956455984
987,Madagascar,MDG,2018,0.015636150741796424
988,Madagascar,MDG,2019,0.014791107716571541
989,Madagascar,MDG,2020,0.01604703787282035
990,Maldives,MDV,2011,0.010370867984010056
991,Maldives,MDV,2012,0.010398512852427447
992,Maldives,MDV,2013,0.01042865112658851
993,Maldives,MDV,2014,0.01981426428371124
994,Maldives,MDV,2015,0.012747653471958931
995,Maldives,MDV,2016,0.009262292492818288
996,Maldives,MDV,2017,0.008440259461261949
997,Maldives,MDV,2018,0.0074942368555455325
998,Maldives,MDV,2019,0.009679686518119072
999,Maldives,MDV,2020,0.014155425701781826
1000,Mexico,MEX,2011,0.004674293796610871
1001,Mexico,MEX,2012,0.004323452621351903
1002,Mexico,MEX,2013,0.00425060433402754
1003,Mexico,MEX,2014,0.0052867798556525646
1004,Mexico,MEX,2015,0.0063393560430621936
1005,Mexico,MEX,2016,0.007347327919010661
1006,Mexico,MEX,2017,0.006630814207000043
1007,Mexico,MEX,2018,0.0056297929181642475
1008,Mexico,MEX,2019,0.005042482538076412
1009,Mexico,MEX,2020,0.00502769248952477
1010,North Macedonia,MKD,2011,0.004758230124916967
1011,North Macedonia,MKD,2012,0.005285488982456798
1012,North Macedonia,MKD,2013,0.0064064816843841365
1013,North Macedonia,MKD,2014,0.007529517579215599
1014,North Macedonia,MKD,2015,0.007200514124846796
1015,North Macedonia,MKD,2016,0.006697383977562787
1016,North Macedonia,MKD,2017,0.01427780984353134
1017,North Macedonia,MKD,2018,0.007720736949882736
1018,North Macedonia,MKD,2019,0.007723283805417641
1019,North Macedonia,MKD,2020,0.007460811857151472
1020,Mali,MLI,2011,0.00161323161878137
1021,Mali,MLI,2012,0.0019406349442004282
1022,Mali,MLI,2013,0.0034166581422117627
1023,Mali,MLI,2014,0.0031653818666578294
1024,Mali,MLI,2015,0.0030702086970703832
1025,Mali,MLI,2016,0.0027101432642194574
1026,Mali,MLI,2017,0.0024340522876694
1027,Mali,MLI,2018,0.002696582832806726
1028,Mali,MLI,2019,0.00309991393133202
1029,Mali,MLI,2020,0.004083134581524684
1030,Malta,MLT,2011,3.0424615405615728e-05
1031,Malta,MLT,2012,2.956458888908747e-05
1032,Malta,MLT,2013,2.3530882166592833e-05
1033,Malta,MLT,2014,2.3897112926594343e-05
1034,Malta,MLT,2015,3.8591872109594024e-05
1035,Malta,MLT,2016,2.323346022330148e-05
1036,Malta,MLT,2017,3.052147238382781e-05
1037,Malta,MLT,2018,2.147994354920611e-05
1038,Malta,MLT,2019,2.0033952187691205e-05
1039,Malta,MLT,2020,1.819430075306112e-05
1040,Myanmar,MMR,2011,0.0011068873240763248
1041,Myanmar,MMR,2012,0.0007432191928267772
1042,Myanmar,MMR,2013,0.0015001366684942302
1043,Myanmar,MMR,2014,0.0017565107363361782
1044,Myanmar,MMR,2015,0.002015906522785197
1045,Myanmar,MMR,2016,0.0035480402685940096
1046,Myanmar,MMR,2017,0.006807854308936948
1047,Myanmar,MMR,2018,0.007577679689664591
1048,Myanmar,MMR,2019,0.005567924818567877
1049,Myanmar,MMR,2020,0.004866599908308578
1050,Montenegro,MNE,2011,0.006534459981703904
1051,Montenegro,MNE,2012,0.006068450746530791
1052,Montenegro,MNE,2013,0.006866640480383894
1053,Montenegro,MNE,2014,0.0075032163113170885
1054,Montenegro,MNE,2015,0.0075387474443771845
1055,Montenegro,MNE,2016,0.0060051546853329444
1056,Montenegro,MNE,2017,0.003984725449547375
1057,Montenegro,MNE,2018,0.00405084244374771
1058,Montenegro,MNE,2019,0.004073692733914352
1059,Montenegro,MNE,2020,0.005217504157161899
1060,Mongolia,MNG,2011,0.004910096605039638
1061,Mongolia,MNG,2012,0.0033051644537133856
1062,Mongolia,MNG,2013,0.0029739682453859325
1063,Mongolia,MNG,2014,0.00336059141248478
1064,Mongolia,MNG,2015,0.004199468493523369
1065,Mongolia,MNG,2016,0.017035659159842592
1066,Mongolia,MNG,2017,0.03254614819198684
1067,Mongolia,MNG,2018,0.04878697189626719
1068,Mongolia,MNG,2019,0.03662429825638161
1069,Mongolia,MNG,2020,0.008827670322692232
1070,Mozambique,MOZ,2011,0.009786788727946966
1071,Mozambique,MOZ,2012,0.014308735651094343
1072,Mozambique,MOZ,2013,0.008662353856150261
1073,Mozambique,MOZ,2014,0.00999119567393025
1074,Mozambique,MOZ,2015,0.008345812781049726
1075,Mozambique,MOZ,2016,0.01586836059202022
1076,Mozambique,MOZ,2017,0.018930200626567726
1077,Mozambique,MOZ,2018,0.02530191559801371
1078,Mozambique,MOZ,2019,0.01613415186712847
1079,Mozambique,MOZ,2020,0.018395775731294584
1080,Mauritania,MRT,2011,0.006483026144978592
1081,Mauritania,MRT,2012,0.00753297620720748
1082,Mauritania,MRT,2013,0.007833573820561974
1083,Mauritania,MRT,2014,0.007433058838521301
1084,Mauritania,MRT,2015,0.008801851141043825
1085,Mauritania,MRT,2016,0.005114448713019616
1086,Mauritania,MRT,2017,0.005901688867094075
1087,Mauritania,MRT,2018,0.00817644350230605
1088,Mauritania,MRT,2019,0.010520433552914129
1089,Mauritania,MRT,2020,0.01327946879409902
1090,Mauritius,MUS,2011,0.007358795763077046
1091,Mauritius,MUS,2012,0.005758885109376803
1092,Mauritius,MUS,2013,0.006218160280796261
1093,Mauritius,MUS,2014,0.0073804224439868735
1094,Mauritius,MUS,2015,0.007018086469435523
1095,Mauritius,MUS,2016,0.00636031897453366
1096,Mauritius,MUS,2017,0.007348502641533227
1097,Mauritius,MUS,2018,0.006950861125621073
1098,Mauritius,MUS,2019,0.005458026476703787
1099,Mauritius,MUS,2020,0.006190885278967586
1100,Malaysia,MYS,2011,0.0023190651515395113
1101,Malaysia,MYS,2012,0.00180457343783624
1102,Malaysia,MYS,2013,0.001736824920118458
1103,Malaysia,MYS,2014,0.001621797210742363
1104,Malaysia,MYS,2015,0.001609844192540187
1105,Malaysia,MYS,2016,0.0020956998846291207
1106,Malaysia,MYS,2017,0.0026285575888639946
1107,Malaysia,MYS,2018,0.0021106369361467347
1108,Malaysia,MYS,2019,0.0014299556674321862
1109,Malaysia,MYS,2020,0.0014807044457975174
1110,Namibia,NAM,2011,0.008835952450980981
1111,Namibia,NAM,2012,0.008157784428688204
1112,Namibia,NAM,2013,0.009293841605429341
1113,Namibia,NAM,2014,0.011759576683632781
1114,Namibia,NAM,2015,0.013687522564430626
1115,Namibia,NAM,2016,0.020333957703276437
1116,Namibia,NAM,2017,0.01886297267019255
1117,Namibia,NAM,2018,0.01733303524035312
1118,Namibia,NAM,2019,0.020981094716637755
1119,Namibia,NAM,2020,0.01738347655721978
1120,New Caledonia,NCL,2011,0.013846635772545997
1121,New Caledonia,NCL,2012,0.01255037022517139
1122,New Caledonia,NCL,2013,0.017480353172348084
1123,New Caledonia,NCL,2014,0.017159022617664936
1124,New Caledonia,NCL,2015,0.014657502036296824
1125,New Caledonia,NCL,2016,0.013059941947838468
1126,New Caledonia,NCL,2017,0.010613100985342268
1127,New Caledonia,NCL,2018,0.01428797169085558
1128,New Caledonia,NCL,2019,0.014302691615711384
1129,New Caledonia,NCL,2020,0.014317428630310401
1130,Niger,NER,2011,0.007087997092725343
1131,Niger,NER,2012,0.00611576985821472
1132,Niger,NER,2013,0.005240060004955781
1133,Niger,NER,2014,0.0038167194097723793
1134,Niger,NER,2015,0.00582436244851064
1135,Niger,NER,2016,0.006273782518766557
1136,Niger,NER,2017,0.006969651864729254
1137,Niger,NER,2018,0.005127864444333628
1138,Niger,NER,2019,0.006724206937786771
1139,Niger,NER,2020,0.014155553537128615
1140,Nigeria,NGA,2011,0.007729636355251053
1141,Nigeria,NGA,2012,0.008829034885704476
1142,Nigeria,NGA,2013,0.01302804687169798
1143,Nigeria,NGA,2014,0.01585113250351498
1144,Nigeria,NGA,2015,0.015535631710368071
1145,Nigeria,NGA,2016,0.016675178710781908
1146,Nigeria,NGA,2017,0.019843348477525922
1147,Nigeria,NGA,2018,0.019889439305367233
1148,Nigeria,NGA,2019,0.0312395647745532
1149,Nigeria,NGA,2020,0.030088191980809642
1150,Nicaragua,NIC,2011,0.008981239878261268
1151,Nicaragua,NIC,2012,0.007894361002904504
1152,Nicaragua,NIC,2013,0.006929380780092366
1153,Nicaragua,NIC,2014,0.006598194383200758
1154,Nicaragua,NIC,2015,0.005683700679047313
1155,Nicaragua,NIC,2016,0.005291102233405673
1156,Nicaragua,NIC,2017,0.005327354101606374
1157,Nicaragua,NIC,2018,0.006745490712491038
1158,Nicaragua,NIC,2019,0.007554025167316029
1159,Nicaragua,NIC,2020,0.006832648573523284
1160,Netherlands,NLD,2011,0.0004056065642477761
1161,Netherlands,NLD,2012,0.00047096862978938226
1162,Netherlands,NLD,2013,0.0004689097534344655
1163,Netherlands,NLD,2014,0.0004690648238774394
1164,Netherlands,NLD,2015,0.0005237957517777254
1165,Netherlands,NLD,2016,0.0004644112223232863
1166,Netherlands,NLD,2017,0.0004643848317038517
1167,Netherlands,NLD,2018,0.00047294544290820556
1168,Netherlands,NLD,2019,0.00038737116235162717
1169,Netherlands,NLD,2020,0.00043657191899340716
1170,Norway,NOR,2011,0.0005612873612253814
1171,Norway,NOR,2012,0.00048227552538930444
1172,Norway,NOR,2013,0.0005104150094331927
1173,Norway,NOR,2014,0.00047523585441333876
1174,Norway,NOR,2015,0.0005685040618443122
1175,Norway,NOR,2016,0.0005805372238182231
1176,Norway,NOR,2017,0.0006499418355911226
1177,Norway,NOR,2018,0.0006636581736576164
1178,Norway,NOR,2019,0.0007228582914417226
1179,Norway,NOR,2020,0.0009019112161418834
1180,Nepal,NPL,2011,0.0035808194660450474
1181,Nepal,NPL,2012,0.010358357607514234
1182,Nepal,NPL,2013,0.009963795619968768
1183,Nepal,NPL,2014,0.009701606145053741
1184,Nepal,NPL,2015,0.012936181216220529
1185,Nepal,NPL,2016,0.006755397099696847
1186,Nepal,NPL,2017,0.005168355795716023
1187,Nepal,NPL,2018,0.004666234004252724
1188,Nepal,NPL,2019,0.015300181025925008
1189,Nepal,NPL,2020,0.017705418967621137
1190,New Zealand,NZL,2011,0.0011098461527034144
1191,New Zealand,NZL,2012,0.0010643211896824557
1192,New Zealand,NZL,2013,0.0014336817081254452
1193,New Zealand,NZL,2014,0.0011171791858527028
1194,New Zealand,NZL,2015,0.0012547193885965393
1195,New Zealand,NZL,2016,0.0007118365060387065
1196,New Zealand,NZL,2017,0.0006446488794078971
1197,New Zealand,NZL,2018,0.0006363821683139236
1198,New Zealand,NZL,2019,0.0008190685952151859
1199,New Zealand,NZL,2020,0.00047448142087060536
1200,Oman,OMN,2011,0.0007926476086820263
1201,Oman,OMN,2012,0.0009756358840540098
1202,Oman,OMN,2013,0.0006580125744799835
1203,Oman,OMN,2014,0.0009661648191771003
1204,Oman,OMN,2015,0.0008210053681555671
1205,Oman,OMN,2016,0.0006587112634735788
1206,Oman,OMN,2017,0.0011491787828101872
1207,Oman,OMN,2018,0.0006254344775231586
1208,Oman,OMN,2019,0.0010589434604658214
1209,Oman,OMN,2020,0.0012962654972856302
1210,Pakistan,PAK,2011,0.0026928345122461993
1211,Pakistan,PAK,2012,0.002006665432334469
1212,Pakistan,PAK,2013,0.0026150370955093966
1213,Pakistan,PAK,2014,0.0023868996175415683
1214,Pakistan,PAK,2015,0.0029701370961800625
1215,Pakistan,PAK,2016,0.002827681647465633
1216,Pakistan,PAK,2017,0.003645360154785534
1217,Pakistan,PAK,2018,0.0036970984599788933
1218,Pakistan,PAK,2019,0.004305426169043746
1219,Pakistan,PAK,2020,0.004465127992848517
1220,Panama,PAN,2011,0.011307303807417473
1221,Panama,PAN,2012,0.009249320685790655
1222,Panama,PAN,2013,0.008388632412499708
1223,Panama,PAN,2014,0.010454195032427742
1224,Panama,PAN,2015,0.009194885434166095
1225,Panama,PAN,2016,0.008502361433443833
1226,Panama,PAN,2017,0.007546864194521568
1227,Panama,PAN,2018,0.007186167378900433
1228,Panama,PAN,2019,0.00695119670189388
1229,Panama,PAN,2020,0.009460936713413784
1230,Peru,PER,2011,0.005611349371850311
1231,Peru,PER,2012,0.0037896584917192495
1232,Peru,PER,2013,0.0031279034348961733
1233,Peru,PER,2014,0.0032055901816794258
1234,Peru,PER,2015,0.003107000488072318
1235,Peru,PER,2016,0.003953282473230532
1236,Peru,PER,2017,0.004076785524368992
1237,Peru,PER,2018,0.0031035351934574364
1238,Peru,PER,2019,0.0037969122553534
1239,Peru,PER,2020,0.0048515487704381514
1240,Philippines,PHL,2011,0.013454273422229126
1241,Philippines,PHL,2012,0.009084072323856196
1242,Philippines,PHL,2013,0.007943738304830292
1243,Philippines,PHL,2014,0.007963875471798594
1244,Philippines,PHL,2015,0.0059258585868226955
1245,Philippines,PHL,2016,0.0043006886970539775
1246,Philippines,PHL,2017,0.004462368653977522
1247,Philippines,PHL,2018,0.004153962532134262
1248,Philippines,PHL,2019,0.0035113621078616416
1249,Philippines,PHL,2020,0.00344135634999023
1250,Poland,POL,2011,0.0030099668433478154
1251,Poland,POL,2012,0.003028016965654471
1252,Poland,POL,2013,0.002757273911425272
1253,Poland,POL,2014,0.002577458246100025
1254,Poland,POL,2015,0.003023852592271001
1255,Poland,POL,2016,0.003407183684587097
1256,Poland,POL,2017,0.0038023866902344157
1257,Poland,POL,2018,0.0032268814611630943
1258,Poland,POL,2019,0.0031029235011677775
1259,Poland,POL,2020,0.0032660016834423033
1260,Portugal,PRT,2011,0.002059628346567314
1261,Portugal,PRT,2012,0.0014929147888995374
1262,Portugal,PRT,2013,0.0014211752877198863
1263,Portugal,PRT,2014,0.0014247757091473134
1264,Portugal,PRT,2015,0.0015740148551433891
1265,Portugal,PRT,2016,0.0018377889509521592
1266,Portugal,PRT,2017,0.0018913821606973678
1267,Portugal,PRT,2018,0.0019000273498682022
1268,Portugal,PRT,2019,0.0023056980246959563
1269,Portugal,PRT,2020,0.0022114562221301867
1270,Paraguay,PRY,2011,0.004023827531576959
1271,Paraguay,PRY,2012,0.004547771819980082
1272,Paraguay,PRY,2013,0.00535262442496452
1273,Paraguay,PRY,2014,0.004771971435870589
1274,Paraguay,PRY,2015,0.006348209381645599
1275,Paraguay,PRY,2016,0.006317064844883351
1276,Paraguay,PRY,2017,0.006889236182347599
1277,Paraguay,PRY,2018,0.009757535356015763
1278,Paraguay,PRY,2019,0.009495269620828724
1279,Paraguay,PRY,2020,0.00566649126752229
1280,West Bank and Gaza,PSE,2011,0.0020309372278613865
1281,West Bank and Gaza,PSE,2012,0.001607550766499873
1282,West Bank and Gaza,PSE,2013,0.0018954024552394842
1283,West Bank and Gaza,PSE,2014,0.0016064960391610776
1284,West Bank and Gaza,PSE,2015,0.0016432873149167379
1285,West Bank and Gaza,PSE,2016,0.0013999777928402264
1286,West Bank and Gaza,PSE,2017,0.0016137260113689
1287,West Bank and Gaza,PSE,2018,0.001916684100836648
1288,West Bank and Gaza,PSE,2019,0.0020122680594262146
1289,West Bank and Gaza,PSE,2020,0.002320276530346411
1290,French Polynesia,PYF,2011,0.01508251413588727
1291,French Polynesia,PYF,2012,0.015093028544284634
1292,French Polynesia,PYF,2013,0.015103193584735284
1293,French Polynesia,PYF,2014,0.015113385164059186
1294,French Polynesia,PYF,2015,0.015123634875025422
1295,French Polynesia,PYF,2016,0.01513611443584856
1296,French Polynesia,PYF,2017,0.016545126151608996
1297,French Polynesia,PYF,2018,0.01516149494597014
1298,French Polynesia,PYF,2019,0.01381077588891883
1299,French Polynesia,PYF,2020,0.015408110188778872
1300,Qatar,QAT,2011,0.0032389723517139263
1301,Qatar,QAT,2012,0.003627057272949588
1302,Qatar,QAT,2013,0.003176107231570427
1303,Qatar,QAT,2014,0.0028627395952963547
1304,Qatar,QAT,2015,0.002291688982989152
1305,Qatar,QAT,2016,0.0033649874997084125
1306,Qatar,QAT,2017,0.004027371612424292
1307,Qatar,QAT,2018,0.005688732239602171
1308,Qatar,QAT,2019,0.007034577616187018
1309,Qatar,QAT,2020,0.010310647229737534
1310,Romania,ROU,2011,0.002710734151883401
1311,Romania,ROU,2012,0.003392342461766833
1312,Romania,ROU,2013,0.00402073438014273
1313,Romania,ROU,2014,0.004914337980341323
1314,Romania,ROU,2015,0.006752245454467879
1315,Romania,ROU,2016,0.007188020574753763
1316,Romania,ROU,2017,0.00670683496157484
1317,Romania,ROU,2018,0.0067561065039317665
1318,Romania,ROU,2019,0.005686858580383078
1319,Romania,ROU,2020,0.005133204600452795
1320,Russian Federation,RUS,2011,0.0022243677403415833
1321,Russian Federation,RUS,2012,0.0017205801093624908
1322,Russian Federation,RUS,2013,0.0016796225965788503
1323,Russian Federation,RUS,2014,0.0017912521300137414
1324,Russian Federation,RUS,2015,0.00329726504892601
1325,Russian Federation,RUS,2016,0.004118455586328855
1326,Russian Federation,RUS,2017,0.003579615702924546
1327,Russian Federation,RUS,2018,0.0035749875493340023
1328,Russian Federation,RUS,2019,0.004230781160155729
1329,Russian Federation,RUS,2020,0.004381076543244608
1330,Rwanda,RWA,2011,0.0034824627399116016
1331,Rwanda,RWA,2012,0.0027361785542227425
1332,Rwanda,RWA,2013,0.002952045609192276
1333,Rwanda,RWA,2014,0.0030039478718719226
1334,Rwanda,RWA,2015,0.004092269914200167
1335,Rwanda,RWA,2016,0.00658558114394931
1336,Rwanda,RWA,2017,0.008783315054648395
1337,Rwanda,RWA,2018,0.008049332048288142
1338,Rwanda,RWA,2019,0.009255716887157806
1339,Rwanda,RWA,2020,0.010261601709499446
1340,Saudi Arabia,SAU,2011,0.0026477934987517056
1341,Saudi Arabia,SAU,2012,0.0029927930968892567
1342,Saudi Arabia,SAU,2013,0.001552543622756774
1343,Saudi Arabia,SAU,2014,0.0031771771357750798
1344,Saudi Arabia,SAU,2015,0.0038855832850848314
1345,Saudi Arabia,SAU,2016,0.0036213823213716453
1346,Saudi Arabia,SAU,2017,0.003850314714213551
1347,Saudi Arabia,SAU,2018,0.0027921849199842455
1348,Saudi Arabia,SAU,2019,0.0023647708306838446
1349,Saudi Arabia,SAU,2020,0.0023214843593212793
1350,Sudan,SDN,2011,0.008981289302264297
1351,Sudan,SDN,2012,0.010704873301310897
1352,Sudan,SDN,2013,0.01316357311417347
1353,Sudan,SDN,2014,0.0005961700070605613
1354,Sudan,SDN,2015,0.0017808051916350606
1355,Sudan,SDN,2016,0.0015365827438072214
1356,Sudan,SDN,2017,0.0032768153036584246
1357,Sudan,SDN,2018,0.0026150531423645863
1358,Sudan,SDN,2019,0.002061054215234189
1359,Sudan,SDN,2020,0.00037087960013904123
1360,Senegal,SEN,2011,0.0008021956947203373
1361,Senegal,SEN,2012,0.0009387009333311082
1362,Senegal,SEN,2013,0.0013606903172511584
1363,Senegal,SEN,2014,0.001202069878155754
1364,Senegal,SEN,2015,0.0011352524019370806
1365,Senegal,SEN,2016,0.0009293395549790568
1366,Senegal,SEN,2017,0.0010613410255699608
1367,Senegal,SEN,2018,0.001352899600027866
1368,Senegal,SEN,2019,0.0018401802876480992
1369,Senegal,SEN,2020,0.0019192862315802882
1370,Singapore,SGP,2011,0.002784417668732209
1371,Singapore,SGP,2012,0.0019699111348757533
1372,Singapore,SGP,2013,0.0017400293983748725
1373,Singapore,SGP,2014,0.0016808320279678602
1374,Singapore,SGP,2015,0.0014161563962421613
1375,Singapore,SGP,2016,0.001727232499226177
1376,Singapore,SGP,2017,0.002701680403666623
1377,Singapore,SGP,2018,0.0020531117345379156
1378,Singapore,SGP,2019,0.0016425313098537499
1379,Singapore,SGP,2020,0.0024973542323382457
1380,Solomon Islands,SLB,2011,0.0768935553332857
1381,Solomon Islands,SLB,2012,0.0606486732560375
1382,Solomon Islands,SLB,2013,0.09378712619055352
1383,Solomon Islands,SLB,2014,0.08883059277588894
1384,Solomon Islands,SLB,2015,0.030326743552054468
1385,Solomon Islands,SLB,2016,0.028659909948587334
1386,Solomon Islands,SLB,2017,0.030025000678016656
1387,Solomon Islands,SLB,2018,0.04205320323005074
1388,Solomon Islands,SLB,2019,0.058612505130205585
1389,Solomon Islands,SLB,2020,0.03481459011020404
1390,Sierra Leone,SLE,2011,0.014366452311831555
1391,Sierra Leone,SLE,2012,0.013476825025384023
1392,Sierra Leone,SLE,2013,0.01677581905447626
1393,Sierra Leone,SLE,2014,0.014566076595807925
1394,Sierra Leone,SLE,2015,0.014723203221458881
1395,Sierra Leone,SLE,2016,0.015346542668574645
1396,Sierra Leone,SLE,2017,0.012497067078214375
1397,Sierra Leone,SLE,2018,0.013863211512919806
1398,Sierra Leone,SLE,2019,0.01325273284703934
1399,Sierra Leone,SLE,2020,0.01227317783365301
1400,El Salvador,SLV,2011,0.004437862329586964
1401,El Salvador,SLV,2012,0.0034179368665395765
1402,El Salvador,SLV,2013,0.0029196219406099023
1403,El Salvador,SLV,2014,0.0028404521753551
1404,El Salvador,SLV,2015,0.002800504622904197
1405,El Salvador,SLV,2016,0.0025989972720834825
1406,El Salvador,SLV,2017,0.0025045614153124127
1407,El Salvador,SLV,2018,0.003286157917271828
1408,El Salvador,SLV,2019,0.0029200943554146676
1409,El Salvador,SLV,2020,0.0028205007069212816
1410,Somalia,SOM,2011,0.01748376054831246
1411,Somalia,SOM,2012,0.017812017698163186
1412,Somalia,SOM,2013,0.016297415593610788
1413,Somalia,SOM,2014,0.02115508303303023
1414,Somalia,SOM,2015,0.017443412524797686
1415,Somalia,SOM,2016,0.009099616032465806
1416,Somalia,SOM,2017,0.01607918926997686
1417,Somalia,SOM,2018,0.02506022388687819
1418,Somalia,SOM,2019,0.22012796109489316
1419,Somalia,SOM,2020,0.029686540540356608
1420,Serbia,SRB,2011,0.0026727011221425612
1421,Serbia,SRB,2012,0.0027239475544910343
1422,Serbia,SRB,2013,0.001800189181499084
1423,Serbia,SRB,2014,0.0025461531712886896
1424,Serbia,SRB,2015,0.003507351600419691
1425,Serbia,SRB,2016,0.0036652553109088317
1426,Serbia,SRB,2017,0.0037621213972377355
1427,Serbia,SRB,2018,0.0033512846061283254
1428,Serbia,SRB,2019,0.0030795888141236876
1429,Serbia,SRB,2020,0.0018678330431818315
1430,Suriname,SUR,2011,0.00703847895696918
1431,Suriname,SUR,2012,0.007048129530374347
1432,Suriname,SUR,2013,0.007057755721916626
1433,Suriname,SUR,2014,0.0070673286557512505
1434,Suriname,SUR,2015,0.007076787167872421
1435,Suriname,SUR,2016,0.007081679538350255
1436,Suriname,SUR,2017,0.007086453416367681
1437,Suriname,SUR,2018,0.007091107137542314
1438,Suriname,SUR,2019,0.007095662187644754
1439,Suriname,SUR,2020,0.007100127205645592
1440,Slovak Republic,SVK,2011,0.0009668716347666797
1441,Slovak Republic,SVK,2012,0.0011173740062627548
1442,Slovak Republic,SVK,2013,0.0013654671481682591
1443,Slovak Republic,SVK,2014,0.0012269601910999347
1444,Slovak Republic,SVK,2015,0.001553064110850094
1445,Slovak Republic,SVK,2016,0.0016862712274744176
1446,Slovak Republic,SVK,2017,0.0017543257704154913
1447,Slovak Republic,SVK,2018,0.0014017047892602187
1448,Slovak Republic,SVK,2019,0.0015328960478579116
1449,Slovak Republic,SVK,2020,0.0014945282858880205
1450,Slovenia,SVN,2011,0.0011450369166200757
1451,Slovenia,SVN,2012,0.001233662995582399
1452,Slovenia,SVN,2013,0.0013021913711230852
1453,Slovenia,SVN,2014,0.0011385122829051459
1454,Slovenia,SVN,2015,0.0012479710668363943
1455,Slovenia,SVN,2016,0.001041203780157222
1456,Slovenia,SVN,2017,0.0012807356634495757
1457,Slovenia,SVN,2018,0.0012323509672652712
1458,Slovenia,SVN,2019,0.0011444490839253375
1459,Slovenia,SVN,2020,0.0010644519058872239
1460,Sweden,SWE,2011,0.0006194552489652481
1461,Sweden,SWE,2012,0.0006040129440415596
1462,Sweden,SWE,2013,0.00048696409871317695
1463,Sweden,SWE,2014,0.0004575856123075251
1464,Sweden,SWE,2015,0.0005411077605804231
1465,Sweden,SWE,2016,0.0004711226680849368
1466,Sweden,SWE,2017,0.0005368102335811483
1467,Sweden,SWE,2018,0.0005067917941488645
1468,Sweden,SWE,2019,0.0005431801890997988
1469,Sweden,SWE,2020,0.0005476087543421544
1470,Eswatini,SWZ,2011,0.004794983666085089
1471,Eswatini,SWZ,2012,0.0047290152611784535
1472,Eswatini,SWZ,2013,0.003520130203053419
1473,Eswatini,SWZ,2014,0.0037199248014653033
1474,Eswatini,SWZ,2015,0.005049061735521772
1475,Eswatini,SWZ,2016,0.006634405347714773
1476,Eswatini,SWZ,2017,0.006288962403194354
1477,Eswatini,SWZ,2018,0.0059191623729929095
1478,Eswatini,SWZ,2019,0.00552080444747349
1479,Eswatini,SWZ,2020,0.00709674872682265
1480,Syrian Arab Republic,SYR,2011,0.0022103038374910225
1481,Syrian Arab Republic,SYR,2012,0.005190650726162922
1482,Syrian Arab Republic,SYR,2013,0.0104954987489482
1483,Syrian Arab Republic,SYR,2014,0.008594784673275907
1484,Syrian Arab Republic,SYR,2015,0.00653704466214442
1485,Syrian Arab Republic,SYR,2016,0.011458773395590203
1486,Syrian Arab Republic,SYR,2017,0.008168686479952917
1487,Syrian Arab Republic,SYR,2018,0.009126766127056884
1488,Syrian Arab Republic,SYR,2019,0.008848889357015513
1489,Syrian Arab Republic,SYR,2020,0.010985994971712158
1490,Chad,TCD,2011,0.22979334762914497
1491,Chad,TCD,2012,0.03411541705687084
1492,Chad,TCD,2013,0.040284735537025516
1493,Chad,TCD,2014,0.06494288151866717
1494,Chad,TCD,2015,0.08350091954131195
1495,Chad,TCD,2016,0.07614165629544913
1496,Chad,TCD,2017,0.05761468647972068
1497,Chad,TCD,2018,0.05978811651252778
1498,Chad,TCD,2019,0.20751560178275813
1499,Chad,TCD,2020,0.3267748970192704
1500,Togo,TGO,2011,0.0010006804555261508
1501,Togo,TGO,2012,0.0008967663138767925
1502,Togo,TGO,2013,0.0010031477971786783
1503,Togo,TGO,2014,0.0013747376313495117
1504,Togo,TGO,2015,0.0013778506841147348
1505,Togo,TGO,2016,0.0015426655120028782
1506,Togo,TGO,2017,0.001136644580350858
1507,Togo,TGO,2018,0.0013196183415291646
1508,Togo,TGO,2019,0.001847611850793532
1509,Togo,TGO,2020,0.0014688463123589187
1510,Thailand,THA,2011,0.003914047060934811
1511,Thailand,THA,2012,0.0029881207936048346
1512,Thailand,THA,2013,0.0034098536692142136
1513,Thailand,THA,2014,0.0025585363546066354
1514,Thailand,THA,2015,0.0028427057518612326
1515,Thailand,THA,2016,0.0029188489688167997
1516,Thailand,THA,2017,0.0030452642535624456
1517,Thailand,THA,2018,0.0026864239737492777
1518,Thailand,THA,2019,0.002410607602957335
1519,Thailand,THA,2020,0.002654003670723596
1520,Tajikistan,TJK,2011,0.0071856480207861855
1521,Tajikistan,TJK,2012,0.007712787220556392
1522,Tajikistan,TJK,2013,0.005919821190289863
1523,Tajikistan,TJK,2014,0.00673088086873598
1524,Tajikistan,TJK,2015,0.003686253935985526
1525,Tajikistan,TJK,2016,0.0037408848669183755
1526,Tajikistan,TJK,2017,0.0073176769546505005
1527,Tajikistan,TJK,2018,0.0017392858960464574
1528,Tajikistan,TJK,2019,0.0018076035630275739
1529,Tajikistan,TJK,2020,0.002505222059664615
1530,Turkmenistan,TKM,2011,0.0035178161337090863
1531,Turkmenistan,TKM,2012,0.011814779052471427
1532,Turkmenistan,TKM,2013,0.007699399650956582
1533,Turkmenistan,TKM,2014,0.0037105094704481074
1534,Turkmenistan,TKM,2015,0.005266917379814832
1535,Turkmenistan,TKM,2016,0.010657333747487707
1536,Turkmenistan,TKM,2017,0.016461918974358253
1537,Turkmenistan,TKM,2018,0.005054870532109985
1538,Turkmenistan,TKM,2019,0.005895947781010655
1539,Turkmenistan,TKM,2020,0.00595435983225062
1540,Timor-Leste,TLS,2011,0.03075245130534181
1541,Timor-Leste,TLS,2012,0.02667398774099726
1542,Timor-Leste,TLS,2013,0.017214791754707363
1543,Timor-Leste,TLS,2014,0.017897698221980878
1544,Timor-Leste,TLS,2015,0.01255692081913205
1545,Timor-Leste,TLS,2016,0.010113553271480866
1546,Timor-Leste,TLS,2017,0.009373816400525559
1547,Timor-Leste,TLS,2018,0.015829657317406553
1548,Timor-Leste,TLS,2019,0.012327046924094741
1549,Timor-Leste,TLS,2020,0.01377783373532324
1550,Tonga,TON,2011,0.05172116853115487
1551,Tonga,TON,2012,0.07088148286060598
1552,Tonga,TON,2013,0.0445598600385691
1553,Tonga,TON,2014,0.019981345335086605
1554,Tonga,TON,2015,0.09146426715142049
1555,Tonga,TON,2016,0.056579389781273186
1556,Tonga,TON,2017,0.10274594416278857
1557,Tonga,TON,2018,0.0965129594670537
1558,Tonga,TON,2019,0.08930365711698782
1559,Tonga,TON,2020,0.11258099613651128
1560,Tunisia,TUN,2011,0.0058430802126751315
1561,Tunisia,TUN,2012,0.005992890143241773
1562,Tunisia,TUN,2013,0.004028231209252324
1563,Tunisia,TUN,2014,0.002730946995643102
1564,Tunisia,TUN,2015,0.0022845351532120085
1565,Tunisia,TUN,2016,0.0033719003506264386
1566,Tunisia,TUN,2017,0.00717272429694863
1567,Tunisia,TUN,2018,0.004799170915083181
1568,Tunisia,TUN,2019,0.00451824634181926
1569,Tunisia,TUN,2020,0.013863442609460212
1570,Turkey,TUR,2011,0.0008642718250194385
1571,Turkey,TUR,2012,0.0009948884681738332
1572,Turkey,TUR,2013,0.0011183143484102768
1573,Turkey,TUR,2014,0.0013420983396595927
1574,Turkey,TUR,2015,0.0015247718732609367
1575,Turkey,TUR,2016,0.0014316899340021155
1576,Turkey,TUR,2017,0.0016099464672368862
1577,Turkey,TUR,2018,0.0018910083963481895
1578,Turkey,TUR,2019,0.0014946123287874538
1579,Turkey,TUR,2020,0.001233672807978514
1580,Tanzania,TZA,2011,0.01055962657198869
1581,Tanzania,TZA,2012,0.007363992451678006
1582,Tanzania,TZA,2013,0.006412734748033824
1583,Tanzania,TZA,2014,0.004929703722387837
1584,Tanzania,TZA,2015,0.007383952445631249
1585,Tanzania,TZA,2016,0.011958318855997048
1586,Tanzania,TZA,2017,0.014609579403039129
1587,Tanzania,TZA,2018,0.012788376924682437
1588,Tanzania,TZA,2019,0.007605129491844728
1589,Tanzania,TZA,2020,0.007382141015933862
1590,Uganda,UGA,2011,0.0016917974537995545
1591,Uganda,UGA,2012,0.0018102337930648233
1592,Uganda,UGA,2013,0.002198161433055959
1593,Uganda,UGA,2014,0.002162008868781505
1594,Uganda,UGA,2015,0.0021492013818792117
1595,Uganda,UGA,2016,0.002467024204294792
1596,Uganda,UGA,2017,0.004041632792657394
1597,Uganda,UGA,2018,0.003968398222813153
1598,Uganda,UGA,2019,0.0048607055486971805
1599,Uganda,UGA,2020,0.004659204860271445
1600,Ukraine,UKR,2011,0.005551383049430363
1601,Ukraine,UKR,2012,0.004357927061451928
1602,Ukraine,UKR,2013,0.004158143978435716
1603,Ukraine,UKR,2014,0.006033515113236214
1604,Ukraine,UKR,2015,0.009075256109906369
1605,Ukraine,UKR,2016,0.008387438749487067
1606,Ukraine,UKR,2017,0.00585926046965591
1607,Ukraine,UKR,2018,0.00580786229601814
1608,Ukraine,UKR,2019,0.005867253603710031
1609,Ukraine,UKR,2020,0.007268426076063879
1610,Uruguay,URY,2011,0.0035590313192687705
1611,Uruguay,URY,2012,0.006406718555013541
1612,Uruguay,URY,2013,0.001191198733645916
1613,Uruguay,URY,2014,0.0005527689867045407
1614,Uruguay,URY,2015,0.0006214840911117406
1615,Uruguay,URY,2016,0.0005221774356154095
1616,Uruguay,URY,2017,0.0003050654354360186
1617,Uruguay,URY,2018,0.000302343904314908
1618,Uruguay,URY,2019,0.0004750410528331175
1619,Uruguay,URY,2020,0.006745693585047591
1620,United States,USA,2011,0.0015483632512358844
1621,United States,USA,2012,0.0014333719319143548
1622,United States,USA,2013,0.0014553079233401334
1623,United States,USA,2014,0.0013357882815936022
1624,United States,USA,2015,0.0009767767329767769
1625,United States,USA,2016,0.0008611024381746313
1626,United States,USA,2017,0.0007572348953569955
1627,United States,USA,2018,0.000875470785675697
1628,United States,USA,2019,0.000908280191519359
1629,United States,USA,2020,0.0008487814418340822
1630,Uzbekistan,UZB,2011,0.011569112793751559
1631,Uzbekistan,UZB,2012,0.010219042537948947
1632,Uzbekistan,UZB,2013,0.010971480939288885
1633,Uzbekistan,UZB,2014,0.011824098564291629
1634,Uzbekistan,UZB,2015,0.030157899939331084
1635,Uzbekistan,UZB,2016,0.015017556453434732
1636,Uzbekistan,UZB,2017,0.0025965770913975697
1637,Uzbekistan,UZB,2018,0.0050339240983102935
1638,Uzbekistan,UZB,2019,0.005297112093735257
1639,Uzbekistan,UZB,2020,0.005622931193906567
1640,"Venezuela, RB",VEN,2011,0.006250135199289969
1641,"Venezuela, RB",VEN,2012,0.004378509115219365
1642,"Venezuela, RB",VEN,2013,0.005480308863267767
1643,"Venezuela, RB",VEN,2014,0.009881861631004405
1644,"Venezuela, RB",VEN,2015,0.006437826892736627
1645,"Venezuela, RB",VEN,2016,0.006401925557288334
1646,"Venezuela, RB",VEN,2017,0.00633045397722157
1647,"Venezuela, RB",VEN,2018,0.006248157657368561
1648,"Venezuela, RB",VEN,2019,0.006189429793719058
1649,"Venezuela, RB",VEN,2020,0.006178328425552432
1650,Vietnam,VNM,2011,0.005729173232593505
1651,Vietnam,VNM,2012,0.0036830272914161674
1652,Vietnam,VNM,2013,0.0029439111731480623
1653,Vietnam,VNM,2014,0.0027748821080306454
1654,Vietnam,VNM,2015,0.0035363294277280448
1655,Vietnam,VNM,2016,0.003872353641957889
1656,Vietnam,VNM,2017,0.0038711203605462804
1657,Vietnam,VNM,2018,0.002619509547352034
1658,Vietnam,VNM,2019,0.0022260162679971158
1659,Vietnam,VNM,2020,0.0023169057124052214
1660,Vanuatu,VUT,2011,0.049441145197789596
1661,Vanuatu,VUT,2012,0.043912753087594555
1662,Vanuatu,VUT,2013,0.04686817796367089
1663,Vanuatu,VUT,2014,0.043118407718958036
1664,Vanuatu,VUT,2015,0.0447851473867186
1665,Vanuatu,VUT,2016,0.025244330077673703
1666,Vanuatu,VUT,2017,0.030668786285078544
1667,Vanuatu,VUT,2018,0.07493126485665429
1668,Vanuatu,VUT,2019,0.06925900484463512
1669,Vanuatu,VUT,2020,0.08825515584799432
1670,Samoa,WSM,2011,0.027200402453680054
1671,Samoa,WSM,2012,0.024926776882757327
1672,Samoa,WSM,2013,0.028143205858157057
1673,Samoa,WSM,2014,0.03164946448150432
1674,Samoa,WSM,2015,0.026806101281236165
1675,Samoa,WSM,2016,0.024718746418405657
1676,Samoa,WSM,2017,0.020754027373730416
1677,Samoa,WSM,2018,0.03072061749424162
1678,Samoa,WSM,2019,0.020866946434366457
1679,Samoa,WSM,2020,0.03336153093084766
1680,"Yemen, Rep.",YEM,2011,0.015510432958578074
1681,"Yemen, Rep.",YEM,2012,0.0070663290243882905
1682,"Yemen, Rep.",YEM,2013,0.006038022894526083
1683,"Yemen, Rep.",YEM,2014,0.0066052829575542656
1684,"Yemen, Rep.",YEM,2015,0.013768494710945711
1685,"Yemen, Rep.",YEM,2016,0.005412109611572788
1686,"Yemen, Rep.",YEM,2017,0.015224019828930076
1687,"Yemen, Rep.",YEM,2018,0.004883706924987338
1688,"Yemen, Rep.",YEM,2019,0.00863674916602213
1689,"Yemen, Rep.",YEM,2020,0.008793781169098052
1690,South Africa,ZAF,2011,0.0023360352112796437
1691,South Africa,ZAF,2012,0.002194901633637439
1692,South Africa,ZAF,2013,0.0022572437340878065
1693,South Africa,ZAF,2014,0.0017362895334197043
1694,South Africa,ZAF,2015,0.002316635237729736
1695,South Africa,ZAF,2016,0.003412383459560271
1696,South Africa,ZAF,2017,0.0025659421155762086
1697,South Africa,ZAF,2018,0.0025750008091456247
1698,South Africa,ZAF,2019,0.0026429579651009493
1699,South Africa,ZAF,2020,0.005124334067821008
1700,Zambia,ZMB,2011,0.0038910200549290273
1701,Zambia,ZMB,2012,0.0036438621839599257
1702,Zambia,ZMB,2013,0.001798914672405309
1703,Zambia,ZMB,2014,0.004385293654080936
1704,Zambia,ZMB,2015,0.006919054951778641
1705,Zambia,ZMB,2016,0.008839127001735968
1706,Zambia,ZMB,2017,0.008989790392905072
1707,Zambia,ZMB,2018,0.00791967108400007
1708,Zambia,ZMB,2019,0.004585409327141018
1709,Zambia,ZMB,2020,0.007498371982294535
1710,Zimbabwe,ZWE,2011,0.01139617183115299
1711,Zimbabwe,ZWE,2012,0.014894386348760436
1712,Zimbabwe,ZWE,2013,0.007569147797638735
1713,Zimbabwe,ZWE,2014,0.010386635474192487
1714,Zimbabwe,ZWE,2015,0.01149111515308203
1715,Zimbabwe,ZWE,2016,0.01953997140538522
1716,Zimbabwe,ZWE,2017,0.043731528555643606
1717,Zimbabwe,ZWE,2018,0.018354710757060525
1718,Zimbabwe,ZWE,2019,0.013253158180102158
1719,Zimbabwe,ZWE,2020,0.017595925950954456
