Year,iso_code3,ef_ippu_tonne_chf2cf3_per_mmm_gdp_product_use_ods_refrigeration
2010,ABW,0.0
2011,ABW,0.0
2012,ABW,0.0
2013,ABW,0.0
2014,ABW,0.0
2015,ABW,0.0
2016,ABW,0.0
2017,ABW,0.0
2018,ABW,0.0
2019,ABW,0.0
2020,ABW,0.0
2010,AFG,0.0
2011,AFG,0.0
2012,AFG,0.0
2013,AFG,0.0
2014,AFG,0.0
2015,AFG,0.0
2016,AFG,0.0
2017,AFG,0.0
2018,AFG,0.0
2019,AFG,0.0
2020,AFG,0.0
2010,AGO,0.2560935506480224
2011,AGO,0.2434512677119537
2012,AGO,0.2324008632549299
2013,AGO,0.2226594787567981
2014,AGO,0.2442863990091458
2015,AGO,0.2759440481736286
2016,AGO,0.3257560113906418
2017,AGO,0.369203303486666
2018,AGO,0.4246570760655642
2019,AGO,0.4271377123973618
2020,AGO,0.429647500316181
2010,ALB,0.583901075316401
2011,ALB,0.5752126279850651
2012,ALB,0.5670850074887358
2013,ALB,0.5594655906275205
2014,ALB,0.6304515143538244
2015,ALB,0.7298488386345278
2016,ALB,0.8377057116257061
2017,ALB,0.9235290050395016
2018,ALB,1.0337100176146818
2019,ALB,1.0122421224501637
2020,ALB,0.9916477681685872
2010,AND,0.8763331996245886
2011,AND,0.8840964804237207
2012,AND,0.892684052714361
2013,AND,0.8929305273718453
2014,AND,0.8899797011946291
2015,AND,0.8611550752600688
2016,AND,0.8639138340206163
2017,AND,0.8279265171580881
2018,AND,0.7794923122279855
2019,AND,0.775060955423747
2020,AND,0.7706796976888496
2010,ARE,2.925031815060335
2011,ARE,2.8692275861985284
2012,ARE,2.817454156492752
2013,ARE,2.7692900230422133
2014,ARE,3.1098283030638174
2015,ARE,3.588400860036871
2016,ARE,4.16212023717532
2017,ARE,4.635286379514507
2018,ARE,5.239419052175102
2019,ARE,5.179524493140595
2020,ARE,5.1209838295216565
2010,ARG,1.4373081725936006
2011,ARG,1.414455906757765
2012,ARG,1.3931214338787812
2013,ARG,1.3731584018565786
2014,ARG,1.54607157966033
2015,ARG,1.7883951544281114
2016,ARG,2.130917923685162
2017,ARG,2.4381290730332625
2018,ARG,2.8316151177386044
2019,ARG,2.876467505398941
2020,ARG,2.922763673440806
2010,ARM,0.957031205167645
2011,ARM,0.9335271053830658
2012,ARM,0.9119544502729168
2013,ARM,0.8920845046186006
2014,ARM,0.9973421981922052
2015,ARM,1.146073457005928
2016,ARM,1.292836631136583
2017,ARM,1.4022376830617935
2018,ARM,1.5455947246781192
2019,ARM,1.491692079481882
2020,ARM,1.4414224445223287
2010,ASM,0.0
2011,ASM,0.0
2012,ASM,0.0
2013,ASM,0.0
2014,ASM,0.0
2015,ASM,0.0
2016,ASM,0.0
2017,ASM,0.0
2018,ASM,0.0
2019,ASM,0.0
2020,ASM,0.0
2010,ATG,0.0
2011,ATG,0.0
2012,ATG,0.0
2013,ATG,0.0
2014,ATG,0.0
2015,ATG,0.0
2016,ATG,0.0
2017,ATG,0.0
2018,ATG,0.0
2019,ATG,0.0
2020,ATG,0.0
2010,AUS,0.8742245987409409
2011,AUS,0.976721811151106
2012,AUS,0.8338002327172745
2013,AUS,0.8214020337830774
2014,AUS,0.9417874409253374
2015,AUS,1.061954785983889
2016,AUS,1.0871798194807265
2017,AUS,1.0512970327621556
2018,AUS,1.0362588455769042
2019,AUS,1.019470572694909
2020,AUS,1.0032175961000784
2010,AUT,0.5824103542727551
2011,AUT,0.6046860707662405
2012,AUT,0.6325148132419186
2013,AUT,0.6568667180463654
2014,AUT,0.6821924255735744
2015,AUT,0.7007828126445875
2016,AUT,0.7377661555079063
2017,AUT,0.7487599887520809
2018,AUT,0.728515898118143
2019,AUT,0.7206850939723225
2020,AUT,0.7130208458615372
2010,AZE,4.643188252610921
2011,AZE,3.745014778826232
2012,AZE,3.804613944052097
2013,AZE,3.7723796593038457
2014,AZE,3.892516293925853
2015,AZE,3.870767886885443
2016,AZE,4.032920338383265
2017,AZE,4.528770171049108
2018,AZE,4.662801449648628
2019,AZE,4.652549510443002
2020,AZE,4.642342553500034
2010,BDI,4.4287462211337845
2011,BDI,4.232414723620714
2012,BDI,4.0590934756078
2013,BDI,3.904961170895775
2014,BDI,4.29997234194369
2015,BDI,4.8732053530598565
2016,BDI,5.696786704978559
2017,BDI,6.393516609677348
2018,BDI,7.281853618186604
2019,BDI,7.252592404042755
2020,BDI,7.223565413727366
2010,BEL,0.9492726390958286
2011,BEL,0.947787229205044
2012,BEL,0.9328757775383156
2013,BEL,0.8720630820358507
2014,BEL,0.905712479404392
2015,BEL,0.8952455507639946
2016,BEL,0.9348809154780824
2017,BEL,0.9265971906161397
2018,BEL,0.8283021271412424
2019,BEL,0.8224750243336767
2020,BEL,0.8167293360741471
2010,BEN,3.918331819423389
2011,BEN,3.775151786519944
2012,BEN,3.646798581001824
2013,BEN,3.5310825825847485
2014,BEN,3.910984760032697
2015,BEN,4.455793248768081
2016,BEN,4.952859760237854
2017,BEN,5.3002521134894245
2018,BEN,5.7706426375766
2019,BEN,5.506716417506259
2020,BEN,5.265876204500812
2010,BFA,3.441879717302138
2011,BFA,3.2665066354421524
2012,BFA,3.1136948197069145
2013,BFA,2.9793537657365383
2014,BFA,3.2650188250222048
2015,BFA,3.684391707213365
2016,BFA,4.113178308484138
2017,BFA,4.418922718383891
2018,BFA,4.828201282832575
2019,BFA,4.622309058993763
2020,BFA,4.433258639059116
2010,BGD,0.6831770917910879
2011,BGD,0.6508888577860792
2012,BGD,0.6225489724994625
2013,BGD,0.5974749332258099
2014,BGD,0.6565057136615641
2015,BGD,0.7425947006792037
2016,BGD,0.8091156924419624
2017,BGD,0.8507407381583211
2018,BGD,0.9118405343631756
2019,BGD,0.8580154879630563
2020,BGD,0.8101907291939507
2010,BGR,1.405743465682121
2011,BGR,1.480458288211285
2012,BGR,1.4909002521205088
2013,BGR,1.6428033765670678
2014,BGR,1.8235526634586292
2015,BGR,1.900222913667453
2016,BGR,1.9512258048058528
2017,BGR,1.9724015756972288
2018,BGR,1.9981568327225356
2019,BGR,1.9502918123877773
2020,BGR,1.904666318642849
2010,BHR,3.328080291666297
2011,BHR,3.2207538388224624
2012,BHR,3.1237253229868944
2013,BHR,3.0355804546385183
2014,BHR,3.3732626936587
2015,BHR,3.854740573323309
2016,BHR,4.442704314313838
2017,BHR,4.917330461230491
2018,BHR,5.525019942101523
2019,BHR,5.4301641749185405
2020,BHR,5.338510477330444
2010,BHS,0.0
2011,BHS,0.0
2012,BHS,0.0
2013,BHS,0.0
2014,BHS,0.0
2015,BHS,0.0
2016,BHS,0.0
2017,BHS,0.0
2018,BHS,0.0
2019,BHS,0.0
2020,BHS,0.0
2010,BIH,0.0
2011,BIH,0.0
2012,BIH,0.0
2013,BIH,0.0
2014,BIH,0.0
2015,BIH,0.0
2016,BIH,0.0
2017,BIH,0.0
2018,BIH,0.0
2019,BIH,0.0
2020,BIH,0.0
2010,BLR,0.0
2011,BLR,0.0
2012,BLR,0.0
2013,BLR,0.0
2014,BLR,0.0
2015,BLR,0.0
2016,BLR,0.0
2017,BLR,0.0
2018,BLR,0.0
2019,BLR,0.0
2020,BLR,0.0
2010,BLZ,0.0
2011,BLZ,0.0
2012,BLZ,0.0
2013,BLZ,0.0
2014,BLZ,0.0
2015,BLZ,0.0
2016,BLZ,0.0
2017,BLZ,0.0
2018,BLZ,0.0
2019,BLZ,0.0
2020,BLZ,0.0
2010,BMU,0.0
2011,BMU,0.0
2012,BMU,0.0
2013,BMU,0.0
2014,BMU,0.0
2015,BMU,0.0
2016,BMU,0.0
2017,BMU,0.0
2018,BMU,0.0
2019,BMU,0.0
2020,BMU,0.0
2010,BOL,0.1936431232135451
2011,BOL,0.193863809812514
2012,BOL,0.2037376536509541
2013,BOL,0.2044374307729855
2014,BOL,0.2132625379719
2015,BOL,0.2142054146048205
2016,BOL,0.2178362252105515
2017,BOL,0.2389250474180911
2018,BOL,0.2404242097684917
2019,BOL,0.2346050313265044
2020,BOL,0.2290608883929689
2010,BRA,0.693568541952222
2011,BRA,0.6355022432496297
2012,BRA,0.6810714252560068
2013,BRA,0.7268302590376587
2014,BRA,0.7727564056472621
2015,BRA,0.8188309019764971
2016,BRA,0.9014885784151708
2017,BRA,0.955114696361976
2018,BRA,1.0091950551138869
2019,BRA,1.0134874350781669
2020,BRA,1.0178164843164244
2010,BRB,0.0
2011,BRB,0.0
2012,BRB,0.0
2013,BRB,0.0
2014,BRB,0.0
2015,BRB,0.0
2016,BRB,0.0
2017,BRB,0.0
2018,BRB,0.0
2019,BRB,0.0
2020,BRB,0.0
2010,BRN,0.7108501051132428
2011,BRN,0.7226263362645963
2012,BRN,0.7343440105994329
2013,BRN,0.7460035637915472
2014,BRN,0.8647953143286288
2015,BRN,1.0289445936225026
2016,BRN,1.1977491065739705
2017,BRN,1.3386188355454287
2018,BRN,1.5183170922495832
2019,BRN,1.5060485020900798
2020,BRN,1.4939765925950197
2010,BTN,0.0
2011,BTN,0.0
2012,BTN,0.0
2013,BTN,0.0
2014,BTN,0.0
2015,BTN,0.0
2016,BTN,0.0
2017,BTN,0.0
2018,BTN,0.0
2019,BTN,0.0
2020,BTN,0.0
2010,BWA,0.9056335540832874
2011,BWA,0.8618163251622815
2012,BWA,0.8234421488091822
2013,BWA,0.7895561169760676
2014,BWA,0.8668601640354042
2015,BWA,0.9798199991865056
2016,BWA,1.1268402916416642
2017,BWA,1.244638867190182
2018,BWA,1.3956613905050734
2019,BWA,1.3690612088745455
2020,BWA,1.3434560195529428
2010,CAF,7.9189098556834
2011,CAF,7.771671617889795
2012,CAF,7.634938461026343
2013,CAF,7.507624563906032
2014,CAF,8.43419286704811
2015,CAF,9.7357600776731
2016,CAF,11.05354738488542
2017,CAF,12.061087711584674
2018,CAF,13.368816041974226
2019,CAF,12.970347738283936
2020,CAF,12.594945274603818
2010,CAN,1.0248488081247382
2011,CAN,1.097915206686493
2012,CAN,1.1206510858774723
2013,CAN,1.0698021706482308
2014,CAN,1.0669095401962772
2015,CAN,1.0368903766834097
2016,CAN,1.0414239037230175
2017,CAN,1.0671527391030828
2018,CAN,1.1110168669400322
2019,CAN,1.0990292162532858
2020,CAN,1.087297492887813
2010,CHE,0.6512743573801384
2011,CHE,0.6864218810500188
2012,CHE,0.7047653744326976
2013,CHE,0.7033593545983193
2014,CHE,0.6928387171027661
2015,CHE,0.6740717813859954
2016,CHE,0.660667174934501
2017,CHE,0.6466498400622007
2018,CHE,0.6430527141707034
2019,CHE,0.6358199214849934
2020,CHE,0.6287480220976358
2010,CHL,1.1690144815998509
2011,CHL,1.8123618561880133
2012,CHL,1.893472722779139
2013,CHL,1.5035547809705196
2014,CHL,1.5906432413320069
2015,CHL,1.670907246529441
2016,CHL,1.7888392513744225
2017,CHL,1.930135659864885
2018,CHL,2.067691793195572
2019,CHL,2.0406822142665604
2020,CHL,2.0143691712386853
2010,CHN,0.9012689883260376
2011,CHN,1.0081266564521891
2012,CHN,1.228116576914758
2013,CHN,1.3323879470748297
2014,CHN,1.3455966102826875
2015,CHN,1.3663425631873127
2016,CHN,1.3924054624641933
2017,CHN,1.4250272365237893
2018,CHN,1.4538847820314085
2019,CHN,1.3745784361120792
2020,CHN,1.3034765421862633
2010,CIV,4.258406685086273
2011,CIV,4.137139369024923
2012,CIV,4.026691198482609
2013,CIV,3.925676120594617
2014,CIV,4.375238355351278
2015,CIV,5.013275772828009
2016,CIV,5.486892150199867
2017,CIV,5.791694629925653
2018,CIV,6.228923669094753
2019,CIV,5.879004123395485
2020,CIV,5.566308048286621
2010,CMR,4.627555779930567
2011,CMR,4.503329426877283
2012,CMR,4.389822439339442
2013,CMR,4.285704757372687
2014,CMR,4.782660045447857
2015,CMR,5.486633821085713
2016,CMR,6.221466639175812
2017,CMR,6.78059381490869
2018,CMR,7.507515328267691
2019,CMR,7.276221275917631
2020,CMR,7.058752848678975
2010,COD,7.346636764520232
2011,COD,6.908163522031531
2012,COD,6.532623930452959
2013,COD,6.207376005571578
2014,COD,6.760960623037515
2015,COD,7.587979656229893
2016,COD,8.555539314078219
2017,COD,9.275370195143893
2018,COD,10.21939579431976
2019,COD,9.85919322511264
2020,COD,9.52351822045102
2010,COG,1.3221586736787223
2011,COG,1.296944587612511
2012,COG,1.2735513844539643
2013,COG,1.2517886905459406
2014,COG,1.405729519000574
2015,COG,1.622067384281504
2016,COG,1.982705621858302
2017,COG,2.330659568321533
2018,COG,2.7854418429558887
2019,COG,2.9169949410309983
2020,COG,3.06159019669206
2010,COL,1.197134916856464
2011,COL,1.1666189930566937
2012,COL,1.1386619143422465
2013,COL,1.1129547834551292
2014,COL,1.2433472293721566
2015,COL,1.4277798936807409
2016,COL,1.653447750390317
2017,COL,1.838590547624076
2018,COL,2.0751075450083274
2019,COL,2.0483879512284995
2020,COL,2.022347706076904
2010,COM,0.0
2011,COM,0.0
2012,COM,0.0
2013,COM,0.0
2014,COM,0.0
2015,COM,0.0
2016,COM,0.0
2017,COM,0.0
2018,COM,0.0
2019,COM,0.0
2020,COM,0.0
2010,CPV,0.0
2011,CPV,0.0
2012,CPV,0.0
2013,CPV,0.0
2014,CPV,0.0
2015,CPV,0.0
2016,CPV,0.0
2017,CPV,0.0
2018,CPV,0.0
2019,CPV,0.0
2020,CPV,0.0
2010,CRI,0.5987925224231213
2011,CRI,0.5848079053046029
2012,CRI,0.5719420263719218
2013,CRI,0.5600657862733639
2014,CRI,0.626754351915864
2015,CRI,0.7208673625980928
2016,CRI,0.8287362354255754
2017,CRI,0.915057584884574
2018,CRI,1.0257512805835365
2019,CRI,1.0058826160034735
2020,CRI,0.986769032337888
2010,CUB,0.3235688528796837
2011,CUB,0.3211183376252001
2012,CUB,0.3187928518301791
2013,CUB,0.3165830687910856
2014,CUB,0.3589748803342526
2015,CUB,0.4180227978424907
2016,CUB,0.4892120304794823
2017,CUB,0.5496490989739957
2018,CUB,0.6267045835167121
2019,CUB,0.6248648557086722
2020,CUB,0.6230358975419981
2010,CUW,0.0
2011,CUW,0.0
2012,CUW,0.0
2013,CUW,0.0
2014,CUW,0.0
2015,CUW,0.0
2016,CUW,0.0
2017,CUW,0.0
2018,CUW,0.0
2019,CUW,0.0
2020,CUW,0.0
2010,CYM,0.3235688528796837
2011,CYM,0.3211183376252001
2012,CYM,0.3187928518301791
2013,CYM,0.3165830687910856
2014,CYM,0.3589748803342526
2015,CYM,0.4180227978424907
2016,CYM,0.4892120304794823
2017,CYM,0.5496490989739957
2018,CYM,0.6267045835167121
2019,CYM,0.6248648557086722
2020,CYM,0.6230358975419981
2010,CYP,1.421261497734713
2011,CYP,1.4304475801140613
2012,CYP,1.4060133133032466
2013,CYP,1.4547901436640545
2014,CYP,1.4638395491316474
2015,CYP,1.441670203968558
2016,CYP,1.4228838457054125
2017,CYP,1.433375206938031
2018,CYP,1.448691889917188
2019,CYP,1.4117502623689024
2020,CYP,1.3766458091033351
2010,CZE,1.550654249096418
2011,CZE,1.6005052334650949
2012,CZE,1.609390613372424
2013,CZE,1.5908302592750398
2014,CZE,1.5749097624281585
2015,CZE,1.642349620155951
2016,CZE,1.6984327295921713
2017,CZE,1.7201200452275562
2018,CZE,1.7246366670260502
2019,CZE,1.6854751449329433
2020,CZE,1.6480526254333412
2010,DEU,0.6890696979751514
2011,DEU,0.7014977660790377
2012,DEU,0.6931758552984826
2013,DEU,0.6776006576553764
2014,DEU,0.6772103176709525
2015,DEU,0.6738880172446147
2016,DEU,0.6608821394997079
2017,DEU,0.6366209461244563
2018,DEU,0.5919694478918867
2019,DEU,0.5865501600692008
2020,DEU,0.5812291957626754
2010,DJI,0.0
2011,DJI,0.0
2012,DJI,0.0
2013,DJI,0.0
2014,DJI,0.0
2015,DJI,0.0
2016,DJI,0.0
2017,DJI,0.0
2018,DJI,0.0
2019,DJI,0.0
2020,DJI,0.0
2010,DMA,0.0
2011,DMA,0.0
2012,DMA,0.0
2013,DMA,0.0
2014,DMA,0.0
2015,DMA,0.0
2016,DMA,0.0
2017,DMA,0.0
2018,DMA,0.0
2019,DMA,0.0
2020,DMA,0.0
2010,DNK,0.5788482527389666
2011,DNK,0.489754502592661
2012,DNK,0.5185610071964117
2013,DNK,0.4235641199470257
2014,DNK,0.3611727717373899
2015,DNK,0.2483722248544232
2016,DNK,0.2801182789030244
2017,DNK,0.2075620213248969
2018,DNK,0.2661145248677873
2019,DNK,0.2619252309124492
2020,DNK,0.2578657921986733
2010,DOM,1.1986305401780366
2011,DOM,1.15597725873672
2012,DOM,1.1176688742968968
2013,DOM,1.0830736694282663
2014,DOM,1.2004733183349854
2015,DOM,1.3686094538521547
2016,DOM,1.5356228375553165
2017,DOM,1.6573790112368791
2018,DOM,1.818524722775113
2019,DOM,1.7477208310762224
2020,DOM,1.682223788637225
2010,DZA,0.5121150108639052
2011,DZA,0.4971763368608589
2012,DZA,0.4835889925498597
2013,DZA,0.4711775549655425
2014,DZA,0.5248499450407418
2015,DZA,0.6010866516144797
2016,DZA,0.6977111004177855
2017,DZA,0.7775979243705415
2018,DZA,0.8795733235022264
2019,DZA,0.870126340867503
2020,DZA,0.8608801308816934
2010,ECU,0.4492053807519057
2011,ECU,0.4476659544334121
2012,ECU,0.4461931364825978
2013,ECU,0.4447826867592357
2014,ECU,0.5061695729872834
2015,ECU,0.5914724810560594
2016,ECU,0.6964065772663355
2017,ECU,0.7871958033740294
2018,ECU,0.9030089185404298
2019,ECU,0.9058319638749928
2020,ECU,0.9086727157415028
2010,EGY,1.710205265600676
2011,EGY,1.632325186019668
2012,EGY,1.563736074194962
2013,EGY,1.502868925580281
2014,EGY,1.6534288281699057
2015,EGY,1.8723568761231295
2016,EGY,2.0961977228404365
2017,EGY,2.257829568298689
2018,EGY,2.472765317220168
2019,EGY,2.372434221683964
2020,EGY,2.279927418064372
2010,ERI,0.0
2011,ERI,0.0
2012,ERI,0.0
2013,ERI,0.0
2014,ERI,0.0
2015,ERI,0.0
2016,ERI,0.0
2017,ERI,0.0
2018,ERI,0.0
2019,ERI,0.0
2020,ERI,0.0
2010,ESP,1.0242027101234867
2011,ESP,1.0097118620092012
2012,ESP,1.010629653460575
2013,ESP,0.9984430083305836
2014,ESP,0.979436859419755
2015,ESP,0.6606422351840239
2016,ESP,0.6747095773015325
2017,ESP,0.5828765487305984
2018,ESP,0.4405113964781215
2019,ESP,0.4360193147422291
2020,ESP,0.4316179235258936
2010,EST,0.8206347059396114
2011,EST,0.8206445679680406
2012,EST,0.8013811930398937
2013,EST,0.8560932437356588
2014,EST,0.8567731339868367
2015,EST,0.8323754174703782
2016,EST,0.8363140386275629
2017,EST,0.7494563761945577
2018,EST,0.6932167847484252
2019,EST,0.6735109993174523
2020,EST,0.6548945831832149
2010,ETH,0.0
2011,ETH,0.0
2012,ETH,0.0
2013,ETH,0.0
2014,ETH,0.0
2015,ETH,0.0
2016,ETH,0.0
2017,ETH,0.0
2018,ETH,0.0
2019,ETH,0.0
2020,ETH,0.0
2010,FIN,0.7857852666244008
2011,FIN,0.769205662019823
2012,FIN,0.7442702716494556
2013,FIN,0.6927619052278371
2014,FIN,0.6400871385907412
2015,FIN,0.5758963139936035
2016,FIN,0.5451242365069967
2017,FIN,0.5097437652703751
2018,FIN,0.4619219050858643
2019,FIN,0.4563722597626625
2020,FIN,0.4509543810172831
2010,FJI,3.203799259897776
2011,FJI,3.162555265703931
2012,FJI,3.123821017837161
2013,FJI,3.0873741988446293
2014,FJI,3.484974526066295
2015,FJI,4.040833005237622
2016,FJI,4.713120825705001
2017,FJI,5.277775906516322
2018,FJI,5.9978492836437685
2019,FJI,5.960725341007116
2020,FJI,5.924058131835622
2010,FRA,0.8763331996245886
2011,FRA,0.8840964804237207
2012,FRA,0.892684052714361
2013,FRA,0.8929305273718453
2014,FRA,0.8899797011946291
2015,FRA,0.8611550752600688
2016,FRA,0.8639138340206163
2017,FRA,0.8279265171580881
2018,FRA,0.7794923122279855
2019,FRA,0.775060955423747
2020,FRA,0.7706796976888496
2010,FRO,0.503732621066007
2011,FRO,0.5526795170593048
2012,FRO,0.6100481272326269
2013,FRO,0.6598435790766852
2014,FRO,0.6748659253908168
2015,FRO,0.6527139161187494
2016,FRO,0.6706854826438112
2017,FRO,0.7345149702668881
2018,FRO,0.787412218740874
2019,FRO,0.7684808572120713
2020,FRO,0.7504384379607388
2010,FSM,0.0
2011,FSM,0.0
2012,FSM,0.0
2013,FSM,0.0
2014,FSM,0.0
2015,FSM,0.0
2016,FSM,0.0
2017,FSM,0.0
2018,FSM,0.0
2019,FSM,0.0
2020,FSM,0.0
2010,GAB,2.9525353609770955
2011,GAB,2.837092614650713
2012,GAB,2.734124374886153
2013,GAB,2.6417123141259906
2014,GAB,2.920275331511527
2015,GAB,3.32123368658945
2016,GAB,3.835229841289995
2017,GAB,4.252896116970245
2018,GAB,4.78711337246527
2019,GAB,4.713154952221954
2020,GAB,4.64144700189891
2010,GBR,0.5791749771527732
2011,GBR,0.6071829182628962
2012,GBR,0.6321069277670724
2013,GBR,0.6470036643218817
2014,GBR,0.6503308913102642
2015,GBR,0.6420887462614325
2016,GBR,0.6408348005689052
2017,GBR,0.6344236732697531
2018,GBR,0.6184176242082201
2019,GBR,0.6143024142966308
2020,GBR,0.6102416110016511
2010,GEO,0.579791762098593
2011,GEO,1.537103418507317
2012,GEO,2.197672237287184
2013,GEO,1.3687943604872672
2014,GEO,1.45059864805488
2015,GEO,1.4788302171429588
2016,GEO,1.4914264413090257
2017,GEO,1.623038672766724
2018,GEO,1.6211913247872063
2019,GEO,1.5709400812361054
2020,GEO,1.523710404236277
2010,GHA,3.375861941786557
2011,GHA,3.199152348742293
2012,GHA,3.0455981755270862
2013,GHA,2.9109279700113917
2014,GHA,3.1868666147730385
2015,GHA,3.593020242596905
2016,GHA,4.002198601036437
2017,GHA,4.290988140093038
2018,GHA,4.679786599117087
2019,GHA,4.472691803204524
2020,GHA,4.283149409745473
2010,GIB,0.8010179311713017
2011,GIB,0.7711459640843497
2012,GIB,0.7444069390345792
2013,GIB,0.7203325476170405
2014,GIB,0.7973768566302042
2015,GIB,0.907981908157333
2016,GIB,1.045681205125848
2017,GIB,1.1565465528502803
2018,GIB,1.2985561655831364
2019,GIB,1.2753921998733004
2020,GIB,1.2530401599179457
2010,GIN,4.318962527717123
2011,GIN,4.220170244716998
2012,GIN,4.1291951397624205
2013,GIN,4.045144736709902
2014,GIN,4.528565106156351
2015,GIN,5.2104459407769
2016,GIN,5.698930146416387
2017,GIN,6.012049978923163
2018,GIN,6.46263799933166
2019,GIN,6.096847080992157
2020,GIN,5.770246142530279
2010,GMB,0.0
2011,GMB,0.0
2012,GMB,0.0
2013,GMB,0.0
2014,GMB,0.0
2015,GMB,0.0
2016,GMB,0.0
2017,GMB,0.0
2018,GMB,0.0
2019,GMB,0.0
2020,GMB,0.0
2010,GNB,0.0
2011,GNB,0.0
2012,GNB,0.0
2013,GNB,0.0
2014,GNB,0.0
2015,GNB,0.0
2016,GNB,0.0
2017,GNB,0.0
2018,GNB,0.0
2019,GNB,0.0
2020,GNB,0.0
2010,GNQ,0.5976303293321723
2011,GNQ,0.5875330523802842
2012,GNQ,0.5781248458639252
2013,GNQ,0.5693375006364348
2014,GNQ,0.6405004352009473
2015,GNQ,0.7403140171104177
2016,GNQ,0.9151875468275228
2017,GNQ,1.0892368617482893
2018,GNQ,1.3197534235722497
2019,GNQ,1.403288890047013
2020,GNQ,1.4981139096609992
2010,GRC,2.16766310405426
2011,GRC,2.203866156848433
2012,GRC,2.148342513375938
2013,GRC,2.273270422251017
2014,GRC,2.1597847711259903
2015,GRC,2.1750608051454448
2016,GRC,2.090190512579632
2017,GRC,1.9148443115745557
2018,GRC,1.7121935958034316
2019,GRC,1.7080042555647628
2020,GRC,1.7038353659741017
2010,GRD,0.0
2011,GRD,0.0
2012,GRD,0.0
2013,GRD,0.0
2014,GRD,0.0
2015,GRD,0.0
2016,GRD,0.0
2017,GRD,0.0
2018,GRD,0.0
2019,GRD,0.0
2020,GRD,0.0
2010,GRL,0.503732621066007
2011,GRL,0.5526795170593048
2012,GRL,0.6100481272326269
2013,GRL,0.6598435790766852
2014,GRL,0.6748659253908168
2015,GRL,0.6527139161187494
2016,GRL,0.6706854826438112
2017,GRL,0.7345149702668881
2018,GRL,0.787412218740874
2019,GRL,0.7684808572120713
2020,GRL,0.7504384379607388
2010,GTM,0.2276858009253464
2011,GTM,0.2249199679793398
2012,GTM,0.222318732727267
2013,GTM,0.2198678328984375
2014,GTM,0.2483353194325363
2015,GTM,0.2881121361007052
2016,GTM,0.3285817722018188
2017,GTM,0.3600499353478459
2018,GTM,0.4006803445485675
2019,GTM,0.3902013657865537
2020,GTM,0.3802565303099729
2010,GUM,1.073016398254574
2011,GUM,1.0467291393983014
2012,GUM,1.0225991060616313
2013,GUM,1.000371220203872
2014,GUM,1.118460309821897
2015,GUM,1.285311731323698
2016,GUM,1.4356426719039266
2017,GUM,1.543086915655884
2018,GUM,1.6867329154562334
2019,GUM,1.6154407227646286
2020,GUM,1.5499306735876086
2010,GUY,0.0
2011,GUY,0.0
2012,GUY,0.0
2013,GUY,0.0
2014,GUY,0.0
2015,GUY,0.0
2016,GUY,0.0
2017,GUY,0.0
2018,GUY,0.0
2019,GUY,0.0
2020,GUY,0.0
2010,HKG,0.0
2011,HKG,0.0
2012,HKG,0.0
2013,HKG,0.0
2014,HKG,0.0
2015,HKG,0.0
2016,HKG,0.0
2017,HKG,0.0
2018,HKG,0.0
2019,HKG,0.0
2020,HKG,0.0
2010,HND,1.3140845807537809
2011,HND,1.2807988704001187
2012,HND,1.2502946289207153
2013,HND,1.222237168118299
2014,HND,1.3656082398900886
2015,HND,1.5683628534192295
2016,HND,1.7939002185972412
2017,HND,1.9711546404488385
2018,HND,2.1993664943990647
2019,HND,2.147202579487164
2020,HND,2.0974557529767184
2010,HRV,1.054188297790839
2011,HRV,1.0456660237061264
2012,HRV,1.0335672866153045
2013,HRV,0.6957481265001619
2014,HRV,0.6886453470182163
2015,HRV,0.6817017279975709
2016,HRV,0.6730078684953776
2017,HRV,0.6652107959687056
2018,HRV,0.6574534478244572
2019,HRV,0.6472149642613287
2020,HRV,0.637290477440544
2010,HTI,0.0
2011,HTI,0.0
2012,HTI,0.0
2013,HTI,0.0
2014,HTI,0.0
2015,HTI,0.0
2016,HTI,0.0
2017,HTI,0.0
2018,HTI,0.0
2019,HTI,0.0
2020,HTI,0.0
2010,HUN,0.9257190738660974
2011,HUN,0.9494212323961472
2012,HUN,0.983701026858894
2013,HUN,1.0097429619025555
2014,HUN,1.104504967003368
2015,HUN,1.1862028721025015
2016,HUN,1.134660496750515
2017,HUN,1.1386469401647612
2018,HUN,1.1639312047937909
2019,HUN,1.1320660976042112
2020,HUN,1.1018992479623892
2010,IDN,0.8229994982166654
2011,IDN,0.7828231141218434
2012,IDN,0.7476676030575837
2013,IDN,0.7166471244786317
2014,IDN,0.7865661610404752
2015,IDN,0.8888135332646213
2016,IDN,0.9963689708439372
2017,IDN,1.0744734530003826
2018,IDN,1.178042245862263
2019,IDN,1.1313776936763618
2020,IDN,1.088269225990328
2010,IMN,0.6612881989098042
2011,IMN,0.6667988660216633
2012,IMN,0.6387719775238658
2013,IMN,0.6276913193329612
2014,IMN,0.6472432694185442
2015,IMN,0.5879539983707581
2016,IMN,0.563421845714764
2017,IMN,0.5207804829784042
2018,IMN,0.4406128220603144
2019,IMN,0.4149797504164343
2020,IMN,0.3921651673459556
2010,IND,0.4855612272604858
2011,IND,0.5305862521442934
2012,IND,0.5688888470547502
2013,IND,0.6018699598088671
2014,IND,0.6305665482088
2015,IND,0.6557625840301733
2016,IND,0.6858273827197352
2017,IND,0.7132098554134585
2018,IND,0.7382536409793177
2019,IND,0.7080183615197421
2020,IND,0.6801622240352428
2010,IRL,0.6612881989098042
2011,IRL,0.6667988660216633
2012,IRL,0.6387719775238658
2013,IRL,0.6276913193329612
2014,IRL,0.6472432694185442
2015,IRL,0.5879539983707581
2016,IRL,0.563421845714764
2017,IRL,0.5207804829784042
2018,IRL,0.4406128220603144
2019,IRL,0.4149797504164343
2020,IRL,0.3921651673459556
2010,IRN,0.9868075417564504
2011,IRN,0.9778699235797716
2012,IRN,0.9694130121159836
2013,IRN,0.9613990415712236
2014,IRN,1.088741754094187
2015,IRN,1.26628825388036
2016,IRN,1.4941255219891478
2017,IRN,1.692547742384493
2018,IRN,1.945772166554108
2019,IRN,1.956128285973616
2020,IRN,1.9665952334598744
2010,IRQ,1.8911624239187548
2011,IRQ,1.6932190452506073
2012,IRQ,1.5381502254428632
2013,IRQ,1.4133872118817994
2014,IRQ,1.4963005165579544
2015,IRQ,1.638835125916137
2016,IRQ,1.905267624767607
2017,IRQ,2.1266875399399967
2018,IRQ,2.4092139418598872
2019,IRQ,2.386861678179451
2020,IRQ,2.3649203625459987
2010,ISL,0.503732621066007
2011,ISL,0.5526795170593048
2012,ISL,0.6100481272326269
2013,ISL,0.6598435790766852
2014,ISL,0.6748659253908168
2015,ISL,0.6527139161187494
2016,ISL,0.6706854826438112
2017,ISL,0.7345149702668881
2018,ISL,0.787412218740874
2019,ISL,0.7684808572120713
2020,ISL,0.7504384379607388
2010,ISR,2.551166478955479
2011,ISR,3.4422541058393694
2012,ISR,3.6445212398184808
2013,ISR,4.429438708327291
2014,ISR,3.519012154175257
2015,ISR,5.582416520321544
2016,ISR,6.492532923593324
2017,ISR,5.580611079653419
2018,ISR,6.457783692212177
2019,ISR,6.308742827447959
2020,ISR,6.166426276059432
2010,ITA,0.6527826840822794
2011,ITA,0.7004752201310351
2012,ITA,0.6974037580883878
2013,ITA,0.6934707791255816
2014,ITA,0.6952897514848102
2015,ITA,0.7031718748625941
2016,ITA,0.7222558094911128
2017,ITA,0.7199747554379796
2018,ITA,0.7258205682655176
2019,ITA,0.7268033659264638
2020,ITA,0.7277888287113358
2010,JAM,1.6836588789849711
2011,JAM,1.6249593987443804
2012,JAM,1.5683333498013574
2013,JAM,1.6094335719988289
2014,JAM,1.7148933716471495
2015,JAM,1.757405960620393
2016,JAM,1.83019400203833
2017,JAM,2.0542876139121558
2018,JAM,2.114133103033882
2019,JAM,2.1085397412285896
2020,JAM,2.1029758980397824
2010,JOR,4.6476403404310025
2011,JOR,4.338844278013696
2012,JOR,4.077876504635513
2013,JOR,3.854423776460516
2014,JOR,4.178907519203383
2015,JOR,4.671183213537741
2016,JOR,5.407413001236618
2017,JOR,6.010657442167614
2018,JOR,6.78140591298465
2019,JOR,6.691718142535524
2020,JOR,6.604371744956201
2010,JPN,0.3116775701535396
2011,JPN,0.2908693669208378
2012,JPN,0.2869094205259158
2013,JPN,0.2845883946621219
2014,JPN,0.270981635954194
2015,JPN,0.2577109058585283
2016,JPN,0.2495038798599503
2017,JPN,0.2447341328235369
2018,JPN,0.2329291481467806
2019,JPN,0.2322774981113908
2020,JPN,0.2316294840578277
2010,KAZ,0.2056218594104202
2011,KAZ,0.206608227291766
2012,KAZ,0.1962712642571291
2013,KAZ,0.1864697821335079
2014,KAZ,0.1773150916390081
2015,KAZ,0.1749215226130396
2016,KAZ,0.2278799666669378
2017,KAZ,0.1653749638581594
2018,KAZ,0.1640393918784581
2019,KAZ,0.1599126271669277
2020,KAZ,0.1559884024590421
2010,KEN,0.4555747149546355
2011,KEN,0.4400632909753648
2012,KEN,0.4480134363408437
2013,KEN,0.4369574483083598
2014,KEN,0.4443102060363947
2015,KEN,0.4360634571046788
2016,KEN,0.43164352511153
2017,KEN,0.4617580014670835
2018,KEN,0.4540162713605369
2019,KEN,0.43358035541297
2020,KEN,0.4149048978289127
2010,KGZ,0.0
2011,KGZ,0.0
2012,KGZ,0.0
2013,KGZ,0.0
2014,KGZ,0.0
2015,KGZ,0.0
2016,KGZ,0.0
2017,KGZ,0.0
2018,KGZ,0.0
2019,KGZ,0.0
2020,KGZ,0.0
2010,KHM,1.1411737081943147
2011,KHM,1.077012301326063
2012,KHM,1.0216833868587727
2013,KHM,0.9734806147356247
2014,KHM,1.062848786075152
2015,KHM,1.195396191122485
2016,KHM,1.3170395627598874
2017,KHM,1.398334646909989
2018,KHM,1.5116884923707148
2019,KHM,1.4333576095763292
2020,KHM,1.3627445285838375
2010,KIR,0.0
2011,KIR,0.0
2012,KIR,0.0
2013,KIR,0.0
2014,KIR,0.0
2015,KIR,0.0
2016,KIR,0.0
2017,KIR,0.0
2018,KIR,0.0
2019,KIR,0.0
2020,KIR,0.0
2010,KNA,0.0
2011,KNA,0.0
2012,KNA,0.0
2013,KNA,0.0
2014,KNA,0.0
2015,KNA,0.0
2016,KNA,0.0
2017,KNA,0.0
2018,KNA,0.0
2019,KNA,0.0
2020,KNA,0.0
2010,KOR,2.2792528047770624
2011,KOR,2.124241540388915
2012,KOR,2.227996138333028
2013,KOR,1.9781391078416797
2014,KOR,1.9742450974025667
2015,KOR,1.79874963179196
2016,KOR,1.622893640808957
2017,KOR,2.0652741171092543
2018,KOR,1.9090195025610128
2019,KOR,1.8684167960432747
2020,KOR,1.8295052682255823
2010,KWT,6.687907576505565
2011,KWT,6.179252878801052
2012,KWT,5.757479859111527
2013,KWT,5.402080039811025
2014,KWT,5.819894683528657
2015,KWT,6.4697841470139466
2016,KWT,7.658907535655669
2017,KWT,8.704882855239838
2018,KWT,10.040986995220276
2019,KWT,10.128957594900982
2020,KWT,10.218483266150072
2010,LAO,0.0
2011,LAO,0.0
2012,LAO,0.0
2013,LAO,0.0
2014,LAO,0.0
2015,LAO,0.0
2016,LAO,0.0
2017,LAO,0.0
2018,LAO,0.0
2019,LAO,0.0
2020,LAO,0.0
2010,LBN,2.542880305400371
2011,LBN,2.3352963377445626
2012,LBN,2.165060323173477
2013,LBN,2.022924820772922
2014,LBN,2.171632669725271
2015,LBN,2.406735593831263
2016,LBN,2.7661949038841707
2017,LBN,3.0536033238071965
2018,LBN,3.42222116580872
2019,LBN,3.3552040911602514
2020,LBN,3.2907613825968283
2010,LBR,0.0
2011,LBR,0.0
2012,LBR,0.0
2013,LBR,0.0
2014,LBR,0.0
2015,LBR,0.0
2016,LBR,0.0
2017,LBR,0.0
2018,LBR,0.0
2019,LBR,0.0
2020,LBR,0.0
2010,LBY,2.3004163036612417
2011,LBY,2.223924173596492
2012,LBY,2.154907735622668
2013,LBY,2.0923221236700007
2014,LBY,2.3232743650006014
2015,LBY,2.65300141741744
2016,LBY,3.0862593062507813
2017,LBY,3.447063643005743
2018,LBY,3.9073768095108825
2019,LBY,3.87343918847696
2020,LBY,3.840086023284731
2010,LCA,0.0
2011,LCA,0.0
2012,LCA,0.0
2013,LCA,0.0
2014,LCA,0.0
2015,LCA,0.0
2016,LCA,0.0
2017,LCA,0.0
2018,LCA,0.0
2019,LCA,0.0
2020,LCA,0.0
2010,LIE,0.6512743573801384
2011,LIE,0.6864218810500188
2012,LIE,0.7047653744326976
2013,LIE,0.7033593545983193
2014,LIE,0.6928387171027661
2015,LIE,0.6740717813859954
2016,LIE,0.660667174934501
2017,LIE,0.6466498400622007
2018,LIE,0.6430527141707034
2019,LIE,0.6358199214849934
2020,LIE,0.6287480220976358
2010,LKA,0.3071391809328417
2011,LKA,0.2917511984351811
2012,LKA,0.2783202998514583
2013,LKA,0.2664954512586667
2014,LKA,0.2922257024050523
2015,LKA,0.3299400754740706
2016,LKA,0.3763866952214799
2017,LKA,0.4125383756083722
2018,LKA,0.4592028318267943
2019,LKA,0.4472957188260288
2020,LKA,0.435990500739899
2010,LSO,0.0
2011,LSO,0.0
2012,LSO,0.0
2013,LSO,0.0
2014,LSO,0.0
2015,LSO,0.0
2016,LSO,0.0
2017,LSO,0.0
2018,LSO,0.0
2019,LSO,0.0
2020,LSO,0.0
2010,LTU,0.6687947799970425
2011,LTU,0.743527302818601
2012,LTU,0.864279655476433
2013,LTU,0.9844185679866868
2014,LTU,0.9825861746159092
2015,LTU,1.1088267672490306
2016,LTU,1.2034031369475755
2017,LTU,1.4005555894560309
2018,LTU,1.243317113111861
2019,LTU,1.2095383469332426
2020,LTU,1.1775464552768151
2010,LUX,0.425924152385786
2011,LUX,0.4300112663962203
2012,LUX,0.4321677054874245
2013,LUX,0.4241875777204448
2014,LUX,0.4233309354738351
2015,LUX,0.4240267397244827
2016,LUX,0.414382307728296
2017,LUX,0.3977261474663847
2018,LUX,0.3748192700449632
2019,LUX,0.3669505094652763
2020,LUX,0.3594053408879803
2010,LVA,1.0008513049920078
2011,LVA,0.9890754664358578
2012,LVA,0.959350335992392
2013,LVA,1.049510062437704
2014,LVA,1.1210282048280704
2015,LVA,1.1476448424873604
2016,LVA,1.202524544808436
2017,LVA,1.1724844934201335
2018,LVA,1.1950567527597875
2019,LVA,1.169832516166419
2020,LVA,1.1456510920355396
2010,MAC,0.0
2011,MAC,0.0
2012,MAC,0.0
2013,MAC,0.0
2014,MAC,0.0
2015,MAC,0.0
2016,MAC,0.0
2017,MAC,0.0
2018,MAC,0.0
2019,MAC,0.0
2020,MAC,0.0
2010,MAF,0.0
2011,MAF,0.0
2012,MAF,0.0
2013,MAF,0.0
2014,MAF,0.0
2015,MAF,0.0
2016,MAF,0.0
2017,MAF,0.0
2018,MAF,0.0
2019,MAF,0.0
2020,MAF,0.0
2010,MAR,0.8010179311713017
2011,MAR,0.7711459640843497
2012,MAR,0.7444069390345792
2013,MAR,0.7203325476170405
2014,MAR,0.7973768566302042
2015,MAR,0.907981908157333
2016,MAR,1.045681205125848
2017,MAR,1.1565465528502803
2018,MAR,1.2985561655831364
2019,MAR,1.2753921998733004
2020,MAR,1.2530401599179457
2010,MCO,0.6512743573801384
2011,MCO,0.6864218810500188
2012,MCO,0.7047653744326976
2013,MCO,0.7033593545983193
2014,MCO,0.6928387171027661
2015,MCO,0.6740717813859954
2016,MCO,0.660667174934501
2017,MCO,0.6466498400622007
2018,MCO,0.6430527141707034
2019,MCO,0.6358199214849934
2020,MCO,0.6287480220976358
2010,MDA,3.7297229198723314
2011,MDA,3.927002444846886
2012,MDA,4.249889479160143
2013,MDA,4.63706680193688
2014,MDA,4.891036015479816
2015,MDA,4.963855918904676
2016,MDA,5.038779274111199
2017,MDA,5.517027126117507
2018,MDA,5.542533694429593
2019,MDA,5.399950659937395
2020,MDA,5.26451960585101
2010,MDG,2.916766328851928
2011,MDG,2.8245776644067457
2012,MDG,2.7411290600785945
2013,MDG,2.665233896292593
2014,MDG,2.96319370204132
2015,MDG,3.387687085955984
2016,MDG,3.8457947909580064
2017,MDG,4.195898967653348
2018,MDG,4.65037992558824
2019,MDG,4.511351010456152
2020,MDG,4.380393671539677
2010,MDV,0.0
2011,MDV,0.0
2012,MDV,0.0
2013,MDV,0.0
2014,MDV,0.0
2015,MDV,0.0
2016,MDV,0.0
2017,MDV,0.0
2018,MDV,0.0
2019,MDV,0.0
2020,MDV,0.0
2010,MEX,1.1493714474627823
2011,MEX,1.1846831044715715
2012,MEX,1.1961869204689592
2013,MEX,1.2099748505486183
2014,MEX,1.2374410052003293
2015,MEX,1.238889640897122
2016,MEX,1.3144401555312415
2017,MEX,1.393475524233831
2018,MEX,1.4762957321627763
2019,MEX,1.4668785255682208
2020,MEX,1.4575807010934965
2010,MHL,0.0
2011,MHL,0.0
2012,MHL,0.0
2013,MHL,0.0
2014,MHL,0.0
2015,MHL,0.0
2016,MHL,0.0
2017,MHL,0.0
2018,MHL,0.0
2019,MHL,0.0
2020,MHL,0.0
2010,MKD,7.924884851192173
2011,MKD,7.999332741887746
2012,MKD,8.470903700470625
2013,MKD,8.560203987818024
2014,MKD,8.988596819584306
2015,MKD,9.083871458346431
2016,MKD,9.291860855446354
2017,MKD,10.248286554079057
2018,MKD,10.36757994952504
2019,MKD,10.16824023120111
2020,MKD,9.976421403458447
2010,MLI,1.853182376667654
2011,MLI,1.7737697107352977
2012,MLI,1.703459692078389
2013,MLI,1.6407721231405197
2014,MLI,1.808718686222263
2015,MLI,2.051857072189416
2016,MLI,2.297976691154401
2017,MLI,2.4759723899434016
2018,MLI,2.7124822175072936
2019,MLI,2.603137298619595
2020,MLI,2.502266542541055
2010,MLT,2.284950790968358
2011,MLT,2.3981002285579778
2012,MLT,2.5484855535725908
2013,MLT,2.6145998532043606
2014,MLT,2.703577947007274
2015,MLT,2.8202830430972408
2016,MLT,2.799440246662506
2017,MLT,2.85732478062018
2018,MLT,2.9021834630619283
2019,MLT,2.7926009582133693
2020,MLT,2.690992728588602
2010,MMR,1.811825781710624
2011,MMR,1.8201009528945264
2012,MMR,1.9188360622296632
2013,MMR,1.9310411606989268
2014,MMR,2.0198458622869397
2015,MMR,2.033875174254008
2016,MMR,1.9935069315412848
2017,MMR,2.1138993987998567
2018,MMR,2.0620909272046104
2019,MMR,1.9552622246525029
2020,MMR,1.8589570763459216
2010,MNE,0.583901075316401
2011,MNE,0.5752126279850651
2012,MNE,0.5670850074887358
2013,MNE,0.5594655906275205
2014,MNE,0.6304515143538244
2015,MNE,0.7298488386345278
2016,MNE,0.8377057116257061
2017,MNE,0.9235290050395016
2018,MNE,1.0337100176146818
2019,MNE,1.0122421224501637
2020,MNE,0.9916477681685872
2010,MNG,0.0
2011,MNG,0.0
2012,MNG,0.0
2013,MNG,0.0
2014,MNG,0.0
2015,MNG,0.0
2016,MNG,0.0
2017,MNG,0.0
2018,MNG,0.0
2019,MNG,0.0
2020,MNG,0.0
2010,MNP,0.3116775701535396
2011,MNP,0.2908693669208378
2012,MNP,0.2869094205259158
2013,MNP,0.2845883946621219
2014,MNP,0.270981635954194
2015,MNP,0.2577109058585283
2016,MNP,0.2495038798599503
2017,MNP,0.2447341328235369
2018,MNP,0.2329291481467806
2019,MNP,0.2322774981113908
2020,MNP,0.2316294840578277
2010,MOZ,0.8593926243670664
2011,MOZ,0.7968687425692619
2012,MOZ,0.7446844099278296
2013,MOZ,0.7004707087445254
2014,MOZ,0.7562693578581302
2015,MOZ,0.8422837531035835
2016,MOZ,0.9563084026068264
2017,MOZ,1.043494141943639
2018,MOZ,1.156653535188254
2019,MOZ,1.1221950735497013
2020,MOZ,1.089730354870096
2010,MRT,6.43944211550134
2011,MRT,6.122171803740177
2012,MRT,5.844798713402718
2013,MRT,5.600242397631878
2014,MRT,6.144618940783444
2015,MRT,6.941343671688547
2016,MRT,7.933572026566215
2017,MRT,8.711263580210831
2018,MRT,9.713221725405642
2019,MRT,9.476721697868756
2020,MRT,9.25146465067118
2010,MUS,16.097572162256284
2011,MUS,16.628702347755162
2012,MUS,17.120655683587117
2013,MUS,17.577612624059334
2014,MUS,18.399988291345707
2015,MUS,18.540966247592944
2016,MUS,18.9892307309426
2017,MUS,20.969020107594805
2018,MUS,21.237656352838595
2019,MUS,20.85252000516647
2020,MUS,20.481103439980597
2010,MWI,0.8593926243670664
2011,MWI,0.7968687425692619
2012,MWI,0.7446844099278296
2013,MWI,0.7004707087445254
2014,MWI,0.7562693578581302
2015,MWI,0.8422837531035835
2016,MWI,0.9563084026068264
2017,MWI,1.043494141943639
2018,MWI,1.156653535188254
2019,MWI,1.1221950735497013
2020,MWI,1.089730354870096
2010,MYS,0.6658012001969307
2011,MYS,0.5983848915988919
2012,MYS,0.5936146799667932
2013,MYS,0.5852673515281548
2014,MYS,0.5762050295683153
2015,MYS,0.5461630240211106
2016,MYS,0.520274329892143
2017,MYS,0.5634153503214542
2018,MYS,0.5602077072381834
2019,MYS,0.5405311082065716
2020,MYS,0.5221898394995254
2010,NAM,1.3463438195626878
2011,NAM,1.2896418928161515
2012,NAM,1.2393665694871474
2013,NAM,1.1944837959229362
2014,NAM,1.3174680337864482
2015,NAM,1.4953062951024352
2016,NAM,1.7521795691813415
2017,NAM,1.9711320894494369
2018,NAM,2.250294018207683
2019,NAM,2.2464986062062478
2020,NAM,2.242715975554183
2010,NCL,0.0
2011,NCL,0.0
2012,NCL,0.0
2013,NCL,0.0
2014,NCL,0.0
2015,NCL,0.0
2016,NCL,0.0
2017,NCL,0.0
2018,NCL,0.0
2019,NCL,0.0
2020,NCL,0.0
2010,NER,3.2183684253165588
2011,NER,3.026261765578763
2012,NER,2.8617302704159293
2013,NER,2.719234349764508
2014,NER,2.9617257453283643
2015,NER,3.3239975612023467
2016,NER,3.6712660566739257
2017,NER,3.906385164355938
2018,NER,4.231276462892628
2019,NER,4.019042664544123
2020,NER,3.827082560870896
2010,NGA,2.055593891229469
2011,NGA,1.9495845233365492
2012,NGA,1.8573255676669829
2013,NGA,1.7763046282005968
2014,NGA,1.9457597903516928
2015,NGA,2.19481667435858
2016,NGA,2.5548342368913803
2017,NGA,2.8552527647421533
2018,NGA,3.238478452347196
2019,NGA,3.2122441406400517
2020,NGA,3.1864314520039008
2010,NIC,0.9627992596419636
2011,NIC,0.9470974685685426
2012,NIC,0.9324502995190296
2013,NIC,0.9187550141341744
2014,NIC,1.0340961208581796
2015,NIC,1.1957929568999934
2016,NIC,1.4072651444587532
2017,NIC,1.589960238384574
2018,NIC,1.822991923752024
2019,NIC,1.827798639308676
2020,NIC,1.8326307697838276
2010,NLD,0.2979616859638322
2011,NLD,0.294602964751155
2012,NLD,0.2920784028002968
2013,NLD,0.3000264992885471
2014,NLD,0.2826332331836778
2015,NLD,0.2826964140217413
2016,NLD,0.278539280012775
2017,NLD,0.2703280740898408
2018,NLD,0.2583045468777945
2019,NLD,0.254787792729897
2020,NLD,0.2513655118711344
2010,NOR,0.4828540447324851
2011,NOR,0.5072466796924883
2012,NOR,0.5349257540645305
2013,NOR,0.5490887140008557
2014,NOR,0.5629581355597043
2015,NOR,0.5472145470806098
2016,NOR,0.5728789111273036
2017,NOR,0.5571460891439485
2018,NOR,0.5360689843306115
2019,NOR,0.5296553065253561
2020,NOR,0.5233932843060237
2010,NPL,0.0
2011,NPL,0.0
2012,NPL,0.0
2013,NPL,0.0
2014,NPL,0.0
2015,NPL,0.0
2016,NPL,0.0
2017,NPL,0.0
2018,NPL,0.0
2019,NPL,0.0
2020,NPL,0.0
2010,NRU,0.0
2011,NRU,0.0
2012,NRU,0.0
2013,NRU,0.0
2014,NRU,0.0
2015,NRU,0.0
2016,NRU,0.0
2017,NRU,0.0
2018,NRU,0.0
2019,NRU,0.0
2020,NRU,0.0
2010,NZL,0.9891667073410632
2011,NZL,1.1009499939059717
2012,NZL,1.09658726064579
2013,NZL,1.0887910363418185
2014,NZL,1.0907020577954163
2015,NZL,1.1140126115944535
2016,NZL,1.1283906667074208
2017,NZL,1.1732031166278023
2018,NZL,1.210244213452791
2019,NZL,1.1845956410731475
2020,NZL,1.1600116420491464
2010,OMN,0.9177533255750504
2011,OMN,0.856016218321895
2012,OMN,0.8039267068558903
2013,OMN,0.759387241100935
2014,OMN,0.8228592279689732
2015,OMN,0.9193461040377122
2016,OMN,1.076747027863201
2017,OMN,1.2107035524482468
2018,OMN,1.3814945910597225
2019,OMN,1.3784935383368344
2020,OMN,1.3755054958642654
2010,PAK,1.18679158362875
2011,PAK,1.1452269694562207
2012,PAK,1.1078550174170496
2013,PAK,1.0740718077805158
2014,PAK,1.1910073989403176
2015,PAK,1.3583500130470991
2016,PAK,1.5379976016293817
2017,PAK,1.6739051500712174
2018,PAK,1.8509660756802204
2019,PAK,1.7917708313303924
2020,PAK,1.7362444676315247
2010,PAN,1.2007177957659303
2011,PAN,1.1422186750301395
2012,PAN,1.091020446102661
2013,PAN,1.0458366314187977
2014,PAN,1.14795301523386
2015,PAN,1.2972589827959196
2016,PAN,1.4810603559987645
2017,PAN,1.6245422382124517
2018,PAN,1.8095980818833848
2019,PAN,1.763872986582629
2020,PAN,1.7204017135441887
2010,PER,0.2258125212509852
2011,PER,0.2172339640501375
2012,PER,0.2095656497971149
2013,PER,0.2026700029392723
2014,PER,0.2242285876622654
2015,PER,0.2552092038223666
2016,PER,0.2955638678706808
2017,PER,0.3286782779707862
2018,PER,0.3709804722218069
2019,PER,0.3662237325137905
2020,PER,0.3615874310904656
2010,PHL,1.073016398254574
2011,PHL,1.0467291393983014
2012,PHL,1.0225991060616313
2013,PHL,1.000371220203872
2014,PHL,1.118460309821897
2015,PHL,1.285311731323698
2016,PHL,1.4356426719039266
2017,PHL,1.543086915655884
2018,PHL,1.6867329154562334
2019,PHL,1.6154407227646286
2020,PHL,1.5499306735876086
2010,PLW,1.073016398254574
2011,PLW,1.0467291393983014
2012,PLW,1.0225991060616313
2013,PLW,1.000371220203872
2014,PLW,1.118460309821897
2015,PLW,1.285311731323698
2016,PLW,1.4356426719039266
2017,PLW,1.543086915655884
2018,PLW,1.6867329154562334
2019,PLW,1.6154407227646286
2020,PLW,1.5499306735876086
2010,PNG,0.0
2011,PNG,0.0
2012,PNG,0.0
2013,PNG,0.0
2014,PNG,0.0
2015,PNG,0.0
2016,PNG,0.0
2017,PNG,0.0
2018,PNG,0.0
2019,PNG,0.0
2020,PNG,0.0
2010,POL,0.8226021552677836
2011,POL,0.8380985686246738
2012,POL,0.8369892729406763
2013,POL,0.8557922187302404
2014,POL,0.8697768759806942
2015,POL,0.6986055698871187
2016,POL,0.5251447288522314
2017,POL,0.4960737855195396
2018,POL,0.3589067686477465
2019,POL,0.3475041235669228
2020,POL,0.3368037037605262
2010,PRI,1.1986305401780366
2011,PRI,1.15597725873672
2012,PRI,1.1176688742968968
2013,PRI,1.0830736694282663
2014,PRI,1.2004733183349854
2015,PRI,1.3686094538521547
2016,PRI,1.5356228375553165
2017,PRI,1.6573790112368791
2018,PRI,1.818524722775113
2019,PRI,1.7477208310762224
2020,PRI,1.682223788637225
2010,PRK,2.2792528047770624
2011,PRK,2.124241540388915
2012,PRK,2.227996138333028
2013,PRK,1.9781391078416797
2014,PRK,1.9742450974025667
2015,PRK,1.79874963179196
2016,PRK,1.622893640808957
2017,PRK,2.0652741171092543
2018,PRK,1.9090195025610128
2019,PRK,1.8684167960432747
2020,PRK,1.8295052682255823
2010,PRT,1.4028562781893437
2011,PRT,1.4718928946104597
2012,PRT,1.518519884802675
2013,PRT,1.568648832093189
2014,PRT,1.6222901499414588
2015,PRT,1.6603709456079327
2016,PRT,1.6810172455486234
2017,PRT,1.7041773751940292
2018,PRT,1.7276972932776795
2019,PRT,1.7062986596009606
2020,PRT,1.685423612442481
2010,PRY,1.371198690440472
2011,PRY,1.3450101193901405
2012,PRY,1.320714155706139
2013,PRY,1.2981128227920002
2014,PRY,1.4577161526602314
2015,PRY,1.682017660374494
2016,PRY,1.9235461455350624
2017,PRY,2.113242444976828
2018,PRY,2.357513702477409
2019,PRY,2.3012354795923837
2020,PRY,2.2475815412099416
2010,PYF,0.0
2011,PYF,0.0
2012,PYF,0.0
2013,PYF,0.0
2014,PYF,0.0
2015,PYF,0.0
2016,PYF,0.0
2017,PYF,0.0
2018,PYF,0.0
2019,PYF,0.0
2020,PYF,0.0
2010,QAT,1.0666459019602723
2011,QAT,0.9543442661020268
2012,QAT,0.8664752899722152
2013,QAT,0.7958477840351534
2014,QAT,0.8422339405367414
2015,QAT,0.9221883036300498
2016,QAT,1.0730945798284082
2017,QAT,1.1988813477748872
2018,QAT,1.3593503887503973
2019,QAT,1.3479073582758314
2020,QAT,1.3366553747447445
2010,ROU,0.7980513361210881
2011,ROU,0.8115820324721452
2012,ROU,0.8479742622189067
2013,ROU,0.8644810828278605
2014,ROU,0.8730047452346794
2015,ROU,0.9223428540379724
2016,ROU,0.9688307431333965
2017,ROU,1.0407255412854557
2018,ROU,1.093176497911041
2019,ROU,1.0569801607169165
2020,ROU,1.0231040047517814
2010,RUS,0.3710222865800756
2011,RUS,0.4448405395539034
2012,RUS,0.5366524826708805
2013,RUS,0.5925147377501672
2014,RUS,0.633220207704932
2015,RUS,0.6476842777593669
2016,RUS,0.6942051794690024
2017,RUS,0.7532886721897759
2018,RUS,0.818780292415635
2019,RUS,0.8130308153194049
2020,RUS,0.8073615208632742
2010,RWA,0.0
2011,RWA,0.0
2012,RWA,0.0
2013,RWA,0.0
2014,RWA,0.0
2015,RWA,0.0
2016,RWA,0.0
2017,RWA,0.0
2018,RWA,0.0
2019,RWA,0.0
2020,RWA,0.0
2010,SAU,4.968014107346681
2011,SAU,4.785133399686169
2012,SAU,4.62127800622382
2013,SAU,4.473625876658663
2014,SAU,4.953916108561344
2015,SAU,5.64295137885096
2016,SAU,6.571203986876162
2017,SAU,7.346798804361556
2018,SAU,8.336106002311709
2019,SAU,8.271737146401831
2020,SAU,8.208354746539039
2010,SDN,1.4094448563205544
2011,SDN,1.3568420376524843
2012,SDN,1.3097588577609505
2013,SDN,1.267369846601273
2014,SDN,1.4028924170498425
2015,SDN,1.5974571371481148
2016,SDN,1.89256283865924
2017,SDN,2.152765262428822
2018,SDN,2.485231147477459
2019,SDN,2.5091020451376824
2020,SDN,2.5334359548703143
2010,SEN,3.4865503773263526
2011,SEN,3.354984818957396
2012,SEN,3.237320283040236
2013,SEN,3.1314642151834544
2014,SEN,3.465233631292285
2015,SEN,3.944698317293498
2016,SEN,4.370885692147322
2017,SEN,4.664195892289373
2018,SEN,5.065152002748533
2019,SEN,4.822289037708642
2020,SEN,4.601649981284645
2010,SGP,1.6475227636406662
2011,SGP,1.6052795427271191
2012,SGP,1.5665899196742927
2013,SGP,1.5310235883010277
2014,SGP,1.710192403967416
2015,SGP,1.9636579955978968
2016,SGP,2.2580047423898573
2017,SGP,2.493739280381865
2018,SGP,2.79598664245796
2019,SGP,2.742377557617302
2020,SGP,2.690785554673504
2010,SLB,0.0
2011,SLB,0.0
2012,SLB,0.0
2013,SLB,0.0
2014,SLB,0.0
2015,SLB,0.0
2016,SLB,0.0
2017,SLB,0.0
2018,SLB,0.0
2019,SLB,0.0
2020,SLB,0.0
2010,SLE,0.0
2011,SLE,0.0
2012,SLE,0.0
2013,SLE,0.0
2014,SLE,0.0
2015,SLE,0.0
2016,SLE,0.0
2017,SLE,0.0
2018,SLE,0.0
2019,SLE,0.0
2020,SLE,0.0
2010,SLV,0.5965874210481332
2011,SLV,0.587827115838966
2012,SLV,0.5796291090334041
2013,SLV,0.5719409237001868
2014,SLV,0.6446154221144358
2015,SLV,0.7463609937531375
2016,SLV,0.8663910152040918
2017,SLV,0.9656489617612736
2018,SLV,1.0923493419640355
2019,SLV,1.0806787039711447
2020,SLV,1.0692548075112582
2010,SMR,0.6527826840822794
2011,SMR,0.7004752201310351
2012,SMR,0.6974037580883878
2013,SMR,0.6934707791255816
2014,SMR,0.6952897514848102
2015,SMR,0.7031718748625941
2016,SMR,0.7222558094911128
2017,SMR,0.7199747554379796
2018,SMR,0.7258205682655176
2019,SMR,0.7268033659264638
2020,SMR,0.7277888287113358
2010,SOM,11.78211897197034
2011,SOM,11.593613853739052
2012,SOM,11.417663337100723
2013,SOM,11.253053621380127
2014,SOM,12.669026363367752
2015,SOM,14.653561871488789
2016,SOM,16.815672584455843
2017,SOM,18.53487209318836
2018,SOM,20.742334134872465
2019,SOM,20.30796947888256
2020,SOM,19.89142371489623
2010,SRB,0.0
2011,SRB,0.0
2012,SRB,0.0
2013,SRB,0.0
2014,SRB,0.0
2015,SRB,0.0
2016,SRB,0.0
2017,SRB,0.0
2018,SRB,0.0
2019,SRB,0.0
2020,SRB,0.0
2010,SSD,0.0
2011,SSD,0.0
2012,SSD,0.0
2013,SSD,0.0
2014,SSD,0.0
2015,SSD,0.0
2016,SSD,0.0
2017,SSD,0.0
2018,SSD,0.0
2019,SSD,0.0
2020,SSD,0.0
2010,STP,0.5976303293321723
2011,STP,0.5875330523802842
2012,STP,0.5781248458639252
2013,STP,0.5693375006364348
2014,STP,0.6405004352009473
2015,STP,0.7403140171104177
2016,STP,0.9151875468275228
2017,STP,1.0892368617482893
2018,STP,1.3197534235722497
2019,STP,1.403288890047013
2020,STP,1.4981139096609992
2010,SUR,0.0
2011,SUR,0.0
2012,SUR,0.0
2013,SUR,0.0
2014,SUR,0.0
2015,SUR,0.0
2016,SUR,0.0
2017,SUR,0.0
2018,SUR,0.0
2019,SUR,0.0
2020,SUR,0.0
2010,SVK,0.8323462231810765
2011,SVK,0.7625386305533715
2012,SVK,0.6822424324128696
2013,SVK,0.6566438508819629
2014,SVK,0.6850386179897648
2015,SVK,0.739408499787471
2016,SVK,0.5851513563776907
2017,SVK,0.6386702853710005
2018,SVK,0.5810144148312267
2019,SVK,0.5686888679092428
2020,SVK,0.5568754021438259
2010,SVN,1.0501072687994115
2011,SVN,1.0253487323618562
2012,SVN,0.9950179008713076
2013,SVN,0.9423544447444648
2014,SVN,0.8979938010586553
2015,SVN,0.8475694886253908
2016,SVN,0.7764706933225776
2017,SVN,0.7380118875267921
2018,SVN,0.7110447720301059
2019,SVN,0.6952589287804217
2020,SVN,0.680158782698317
2010,SWE,0.8077807947258948
2011,SWE,0.7553276493697304
2012,SWE,0.7076532517393882
2013,SWE,0.662496184866115
2014,SWE,0.6447439375088737
2015,SWE,0.6095923836052923
2016,SWE,0.5820925743472276
2017,SWE,0.5322044477038179
2018,SWE,0.4797429054427031
2019,SWE,0.4727535057131398
2020,SWE,0.465964839356153
2010,SWZ,0.0
2011,SWZ,0.0
2012,SWZ,0.0
2013,SWZ,0.0
2014,SWZ,0.0
2015,SWZ,0.0
2016,SWZ,0.0
2017,SWZ,0.0
2018,SWZ,0.0
2019,SWZ,0.0
2020,SWZ,0.0
2010,SXM,0.0
2011,SXM,0.0
2012,SXM,0.0
2013,SXM,0.0
2014,SXM,0.0
2015,SXM,0.0
2016,SXM,0.0
2017,SXM,0.0
2018,SXM,0.0
2019,SXM,0.0
2020,SXM,0.0
2010,SYC,0.0
2011,SYC,0.0
2012,SYC,0.0
2013,SYC,0.0
2014,SYC,0.0
2015,SYC,0.0
2016,SYC,0.0
2017,SYC,0.0
2018,SYC,0.0
2019,SYC,0.0
2020,SYC,0.0
2010,SYR,2.948608672613799
2011,SYR,2.985652210241287
2012,SYR,3.0222230844449745
2013,SYR,3.0583302949940685
2014,SYR,3.5317350349640027
2015,SYR,4.186129404093487
2016,SYR,4.811351054028309
2017,SYR,5.311251765486191
2018,SYR,5.952403196486926
2019,SYR,5.83583777653402
2020,SYR,5.723750052211962
2010,TCA,0.0
2011,TCA,0.0
2012,TCA,0.0
2013,TCA,0.0
2014,TCA,0.0
2015,TCA,0.0
2016,TCA,0.0
2017,TCA,0.0
2018,TCA,0.0
2019,TCA,0.0
2020,TCA,0.0
2010,TCD,2.040381899728676
2011,TCD,1.9771346187181824
2012,TCD,1.9198150205213904
2013,TCD,1.867627022707649
2014,TCD,2.0774013662881763
2015,TCD,2.376031712681957
2016,TCD,2.764942619820579
2017,TCD,3.0891539691148706
2018,TCD,3.5027548270087974
2019,TCD,3.473386328578697
2020,TCD,3.444506209868426
2010,TGO,8.078632358839002
2011,TGO,7.879930401090945
2012,TGO,7.69756968824163
2013,TGO,7.529613904506906
2014,TGO,8.417791691092166
2015,TGO,9.672853976808724
2016,TGO,10.851096829130404
2017,TGO,11.70933337688938
2018,TGO,12.845682882270378
2019,TGO,12.343642787785882
2020,TGO,11.879368573955176
2010,THA,3.50051548657906
2011,THA,3.427927797453481
2012,THA,3.36080230121642
2013,THA,3.2985448139992988
2014,THA,3.699147197454383
2015,THA,4.263011425918262
2016,THA,4.895280447916235
2017,THA,5.399213131280806
2018,THA,6.045947081166894
2019,THA,5.922813719597018
2020,THA,5.804595782577765
2010,TJK,0.0
2011,TJK,0.0
2012,TJK,0.0
2013,TJK,0.0
2014,TJK,0.0
2015,TJK,0.0
2016,TJK,0.0
2017,TJK,0.0
2018,TJK,0.0
2019,TJK,0.0
2020,TJK,0.0
2010,TKM,0.4059041106263445
2011,TKM,0.3852786178023431
2012,TKM,0.3673016150534755
2013,TKM,0.3514937337020046
2014,TKM,0.3852338045612002
2015,TKM,0.4347534307396966
2016,TKM,0.4799547667602679
2017,TKM,0.5104859129728359
2018,TKM,0.5527426598262302
2019,TKM,0.5248472054109733
2020,TKM,0.4996320999357793
2010,TLS,0.0
2011,TLS,0.0
2012,TLS,0.0
2013,TLS,0.0
2014,TLS,0.0
2015,TLS,0.0
2016,TLS,0.0
2017,TLS,0.0
2018,TLS,0.0
2019,TLS,0.0
2020,TLS,0.0
2010,TON,0.0
2011,TON,0.0
2012,TON,0.0
2013,TON,0.0
2014,TON,0.0
2015,TON,0.0
2016,TON,0.0
2017,TON,0.0
2018,TON,0.0
2019,TON,0.0
2020,TON,0.0
2010,TTO,0.0
2011,TTO,0.0
2012,TTO,0.0
2013,TTO,0.0
2014,TTO,0.0
2015,TTO,0.0
2016,TTO,0.0
2017,TTO,0.0
2018,TTO,0.0
2019,TTO,0.0
2020,TTO,0.0
2010,TUN,1.0111172741645065
2011,TUN,0.9733218461759104
2012,TUN,0.9394961824724808
2013,TUN,0.909046055843778
2014,TUN,1.0062079257688514
2015,TUN,1.1457112237545872
2016,TUN,1.332566311944057
2017,TUN,1.4880787068514068
2018,TUN,1.686488913062985
2019,TUN,1.6715443720458625
2020,TUN,1.656862361785587
2010,TUR,1.244108530479889
2011,TUR,1.3172168795962438
2012,TUR,1.5312092970696896
2013,TUR,1.5277538340428485
2014,TUR,1.6056101419328384
2015,TUR,1.4764648185871367
2016,TUR,1.557132521089543
2017,TUR,1.5702788179807856
2018,TUR,1.477895432713975
2019,TUR,1.437808614375912
2020,TUR,1.3998390184274463
2010,TUV,0.0
2011,TUV,0.0
2012,TUV,0.0
2013,TUV,0.0
2014,TUV,0.0
2015,TUV,0.0
2016,TUV,0.0
2017,TUV,0.0
2018,TUV,0.0
2019,TUV,0.0
2020,TUV,0.0
2010,TZA,0.0
2011,TZA,0.0
2012,TZA,0.0
2013,TZA,0.0
2014,TZA,0.0
2015,TZA,0.0
2016,TZA,0.0
2017,TZA,0.0
2018,TZA,0.0
2019,TZA,0.0
2020,TZA,0.0
2010,UGA,0.0
2011,UGA,0.0
2012,UGA,0.0
2013,UGA,0.0
2014,UGA,0.0
2015,UGA,0.0
2016,UGA,0.0
2017,UGA,0.0
2018,UGA,0.0
2019,UGA,0.0
2020,UGA,0.0
2010,UKR,0.4905115408317208
2011,UKR,0.3825447983357759
2012,UKR,0.3820555965708229
2013,UKR,0.371139334976769
2014,UKR,0.3286493431155692
2015,UKR,0.2824715249812816
2016,UKR,0.3065489515936937
2017,UKR,0.3050677057608809
2018,UKR,0.402054549480085
2019,UKR,0.4012789021595867
2020,UKR,0.4005062418483572
2010,URY,0.2124559072816529
2011,URY,0.101951391105172
2012,URY,0.0003364615897395
2013,URY,0.2036231455137708
2014,URY,0.3917739512760562
2015,URY,0.4551919906715364
2016,URY,0.5272337425912368
2017,URY,0.5978194926176359
2018,URY,0.6107002662323773
2019,URY,0.6046512327739106
2020,URY,0.5987208562990838
2010,USA,2.018963519479692
2011,USA,1.831505310755757
2012,USA,1.6607093189721087
2013,USA,1.4941907666562289
2014,USA,1.4048695491484688
2015,USA,1.3290400602651051
2016,USA,1.242784577581154
2017,USA,1.1499743908086228
2018,USA,1.100959328338543
2019,USA,1.0829861206461286
2020,USA,1.0655903136179232
2010,UZB,0.0882427314627805
2011,UZB,0.2301320545657845
2012,UZB,0.2173319283226063
2013,UZB,0.2151768479164681
2014,UZB,0.221737679543475
2015,UZB,0.2202359410998203
2016,UZB,0.2180056219965703
2017,UZB,0.2332171339074696
2018,UZB,0.2293087673278622
2019,UZB,0.218988734554041
2020,UZB,0.2095576022496755
2010,VCT,0.0
2011,VCT,0.0
2012,VCT,0.0
2013,VCT,0.0
2014,VCT,0.0
2015,VCT,0.0
2016,VCT,0.0
2017,VCT,0.0
2018,VCT,0.0
2019,VCT,0.0
2020,VCT,0.0
2010,VEN,1.4042609488847837
2011,VEN,1.4183851574947597
2012,VEN,1.432260765504176
2013,VEN,1.4458942758458135
2014,VEN,1.6657600422627208
2015,VEN,1.969810284680196
2016,VEN,2.305268757619122
2017,VEN,2.590060783765867
2018,VEN,2.9531622300499505
2019,VEN,2.944493050719004
2020,VEN,2.9358746201714183
2010,VGB,1.1986305401780366
2011,VGB,1.15597725873672
2012,VGB,1.1176688742968968
2013,VGB,1.0830736694282663
2014,VGB,1.2004733183349854
2015,VGB,1.3686094538521547
2016,VGB,1.5356228375553165
2017,VGB,1.6573790112368791
2018,VGB,1.818524722775113
2019,VGB,1.7477208310762224
2020,VGB,1.682223788637225
2010,VIR,1.1986305401780366
2011,VIR,1.15597725873672
2012,VIR,1.1176688742968968
2013,VIR,1.0830736694282663
2014,VIR,1.2004733183349854
2015,VIR,1.3686094538521547
2016,VIR,1.5356228375553165
2017,VIR,1.6573790112368791
2018,VIR,1.818524722775113
2019,VIR,1.7477208310762224
2020,VIR,1.682223788637225
2010,VNM,1.7427233447139512
2011,VNM,1.649291438761978
2012,VNM,1.56830525618396
2013,VNM,1.4974333090639476
2014,VNM,1.637908098093862
2015,VNM,1.8451767253099376
2016,VNM,2.0226749675870668
2017,VNM,2.1379769892784184
2018,VNM,2.302171155120615
2019,VNM,2.175188472064725
2020,VNM,2.061481689071366
2010,VUT,0.0
2011,VUT,0.0
2012,VUT,0.0
2013,VUT,0.0
2014,VUT,0.0
2015,VUT,0.0
2016,VUT,0.0
2017,VUT,0.0
2018,VUT,0.0
2019,VUT,0.0
2020,VUT,0.0
2010,WSM,0.0
2011,WSM,0.0
2012,WSM,0.0
2013,WSM,0.0
2014,WSM,0.0
2015,WSM,0.0
2016,WSM,0.0
2017,WSM,0.0
2018,WSM,0.0
2019,WSM,0.0
2020,WSM,0.0
2010,XKX,7.924884851192173
2011,XKX,7.999332741887746
2012,XKX,8.470903700470625
2013,XKX,8.560203987818024
2014,XKX,8.988596819584306
2015,XKX,9.083871458346431
2016,XKX,9.291860855446354
2017,XKX,10.248286554079057
2018,XKX,10.36757994952504
2019,XKX,10.16824023120111
2020,XKX,9.976421403458447
2010,YEM,5.687444688366144
2011,YEM,5.551583851239736
2012,YEM,5.426722436500191
2013,YEM,5.31157662112117
2014,YEM,5.941492605033264
2015,YEM,6.830944019038876
2016,YEM,8.394328273451574
2017,YEM,9.925133817295686
2018,YEM,11.937861054821363
2019,YEM,12.589995276065318
2020,YEM,13.317495319783758
2010,ZAF,1.6144474441408918
2011,ZAF,1.5729098252849782
2012,ZAF,1.5348730478171002
2013,ZAF,1.4999124254768637
2014,ZAF,1.6753226296223158
2015,ZAF,1.9234950597678668
2016,ZAF,2.259414184458634
2017,ZAF,2.5479346238623584
2018,ZAF,2.91585629186409
2019,ZAF,2.918006816143703
2020,ZAF,2.920160514906291
2010,ZMB,0.0
2011,ZMB,0.0
2012,ZMB,0.0
2013,ZMB,0.0
2014,ZMB,0.0
2015,ZMB,0.0
2016,ZMB,0.0
2017,ZMB,0.0
2018,ZMB,0.0
2019,ZMB,0.0
2020,ZMB,0.0
2010,ZWE,7.270312142953164
2011,ZWE,6.889063672773317
2012,ZWE,6.557834142913461
2013,ZWE,6.267385970022086
2014,ZWE,6.8610380600930725
2015,ZWE,7.734989912745328
2016,ZWE,9.097076067963672
2017,ZWE,10.271479775463348
2018,ZWE,11.769311964760057
2019,ZWE,11.792692010925569
2020,ZWE,11.816165132133998
