Year,iso_code3,ef_ippu_tonne_c2f6_per_mmm_gdp_product_use_ods_other
2010,ABW,0.0
2011,ABW,0.0
2012,ABW,0.0
2013,ABW,0.0
2014,ABW,0.0
2015,ABW,0.0
2016,ABW,0.0
2017,ABW,0.0
2018,ABW,0.0
2019,ABW,0.0
2020,ABW,0.0
2010,AFG,0.0
2011,AFG,0.0
2012,AFG,0.0
2013,AFG,0.0
2014,AFG,0.0
2015,AFG,0.0
2016,AFG,0.0
2017,AFG,0.0
2018,AFG,0.0
2019,AFG,0.0
2020,AFG,0.0
2010,AGO,0.0
2011,AGO,0.0
2012,AGO,0.0
2013,AGO,0.0
2014,AGO,0.0
2015,AGO,0.0
2016,AGO,0.0
2017,AGO,0.0
2018,AGO,0.0
2019,AGO,0.0
2020,AGO,0.0
2010,ALB,0.0
2011,ALB,0.0
2012,ALB,0.0
2013,ALB,0.0
2014,ALB,0.0
2015,ALB,0.0
2016,ALB,0.0
2017,ALB,0.0
2018,ALB,0.0
2019,ALB,0.0
2020,ALB,0.0
2010,AND,0.0034884474668363
2011,AND,0.0039229408373401
2012,AND,0.0033644795635883
2013,AND,0.0020983537145871
2014,AND,0.0017585610123519
2015,AND,0.001697369379174
2016,AND,0.0023968814096018
2017,AND,0.0022953635481104
2018,AND,0.0013788483301756
2019,AND,0.0013719208799972
2020,AND,0.0013641656977434
2010,ARE,0.0
2011,ARE,0.0
2012,ARE,0.0
2013,ARE,0.0
2014,ARE,0.0
2015,ARE,0.0
2016,ARE,0.0
2017,ARE,0.0
2018,ARE,0.0
2019,ARE,0.0
2020,ARE,0.0
2010,ARG,5.319136591964935e-06
2011,ARG,5.136426840337366e-06
2012,ARG,4.965852234351837e-06
2013,ARG,4.806242651271015e-06
2014,ARG,4.656573721313227e-06
2015,ARG,4.515944818897319e-06
2016,ARG,4.584231785566945e-06
2017,ARG,4.654615635572415e-06
2018,ARG,4.727194458209802e-06
2019,ARG,4.830681201687639e-06
2020,ARG,4.908430047537713e-06
2010,ARM,0.0
2011,ARM,0.0
2012,ARM,0.0
2013,ARM,0.0
2014,ARM,0.0
2015,ARM,0.0
2016,ARM,0.0
2017,ARM,0.0
2018,ARM,0.0
2019,ARM,0.0
2020,ARM,0.0
2010,ASM,0.0
2011,ASM,0.0
2012,ASM,0.0
2013,ASM,0.0
2014,ASM,0.0
2015,ASM,0.0
2016,ASM,0.0
2017,ASM,0.0
2018,ASM,0.0
2019,ASM,0.0
2020,ASM,0.0
2010,ATG,0.0
2011,ATG,0.0
2012,ATG,0.0
2013,ATG,0.0
2014,ATG,0.0
2015,ATG,0.0
2016,ATG,0.0
2017,ATG,0.0
2018,ATG,0.0
2019,ATG,0.0
2020,ATG,0.0
2010,AUS,4.586818226419612e-05
2011,AUS,4.409415445064591e-05
2012,AUS,4.245224371051081e-05
2013,AUS,4.0928221156310616e-05
2014,AUS,3.950983034136405e-05
2015,AUS,3.818645692735101e-05
2016,AUS,3.753619975793837e-05
2017,AUS,3.690771757110119e-05
2018,AUS,3.62999346192134e-05
2019,AUS,3.645584163480474e-05
2020,AUS,3.587464198402027e-05
2010,AUT,0.0080327551762603
2011,AUT,0.0073880117184338
2012,AUT,0.0049926364210296
2013,AUT,0.0047372141024471
2014,AUT,0.0045998034617803
2015,AUT,0.0042072154543002
2016,AUT,0.0042303386745396
2017,AUT,0.0033899164101368
2018,AUT,0.0023622206648123
2019,AUT,0.0024276378398032
2020,AUT,0.0024018207126238
2010,AZE,0.0
2011,AZE,0.0
2012,AZE,0.0
2013,AZE,0.0
2014,AZE,0.0
2015,AZE,0.0
2016,AZE,0.0
2017,AZE,0.0
2018,AZE,0.0
2019,AZE,0.0
2020,AZE,0.0
2010,BDI,0.0
2011,BDI,0.0
2012,BDI,0.0
2013,BDI,0.0
2014,BDI,0.0
2015,BDI,0.0
2016,BDI,0.0
2017,BDI,0.0
2018,BDI,0.0
2019,BDI,0.0
2020,BDI,0.0
2010,BEL,0.00044013176849
2011,BEL,0.0004410101286786
2012,BEL,0.0007378866653269
2013,BEL,0.0007587318018554
2014,BEL,0.0007594105656402
2015,BEL,0.0008938823578933
2016,BEL,0.0011600729052922
2017,BEL,0.0012779722134399
2018,BEL,0.0011928593503802
2019,BEL,0.0011856673032993
2020,BEL,0.0011773844077673
2010,BEN,0.0
2011,BEN,0.0
2012,BEN,0.0
2013,BEN,0.0
2014,BEN,0.0
2015,BEN,0.0
2016,BEN,0.0
2017,BEN,0.0
2018,BEN,0.0
2019,BEN,0.0
2020,BEN,0.0
2010,BFA,0.0
2011,BFA,0.0
2012,BFA,0.0
2013,BFA,0.0
2014,BFA,0.0
2015,BFA,0.0
2016,BFA,0.0
2017,BFA,0.0
2018,BFA,0.0
2019,BFA,0.0
2020,BFA,0.0
2010,BGD,0.0
2011,BGD,0.0
2012,BGD,0.0
2013,BGD,0.0
2014,BGD,0.0
2015,BGD,0.0
2016,BGD,0.0
2017,BGD,0.0
2018,BGD,0.0
2019,BGD,0.0
2020,BGD,0.0
2010,BGR,0.0
2011,BGR,0.0
2012,BGR,0.0
2013,BGR,0.0
2014,BGR,0.0
2015,BGR,0.0
2016,BGR,0.0
2017,BGR,0.0
2018,BGR,0.0
2019,BGR,0.0
2020,BGR,0.0
2010,BHR,0.0
2011,BHR,0.0
2012,BHR,0.0
2013,BHR,0.0
2014,BHR,0.0
2015,BHR,0.0
2016,BHR,0.0
2017,BHR,0.0
2018,BHR,0.0
2019,BHR,0.0
2020,BHR,0.0
2010,BHS,0.0
2011,BHS,0.0
2012,BHS,0.0
2013,BHS,0.0
2014,BHS,0.0
2015,BHS,0.0
2016,BHS,0.0
2017,BHS,0.0
2018,BHS,0.0
2019,BHS,0.0
2020,BHS,0.0
2010,BIH,0.0
2011,BIH,0.0
2012,BIH,0.0
2013,BIH,0.0
2014,BIH,0.0
2015,BIH,0.0
2016,BIH,0.0
2017,BIH,0.0
2018,BIH,0.0
2019,BIH,0.0
2020,BIH,0.0
2010,BLR,0.0
2011,BLR,0.0
2012,BLR,0.0
2013,BLR,0.0
2014,BLR,0.0
2015,BLR,0.0
2016,BLR,0.0
2017,BLR,0.0
2018,BLR,0.0
2019,BLR,0.0
2020,BLR,0.0
2010,BLZ,0.0
2011,BLZ,0.0
2012,BLZ,0.0
2013,BLZ,0.0
2014,BLZ,0.0
2015,BLZ,0.0
2016,BLZ,0.0
2017,BLZ,0.0
2018,BLZ,0.0
2019,BLZ,0.0
2020,BLZ,0.0
2010,BMU,0.0
2011,BMU,0.0
2012,BMU,0.0
2013,BMU,0.0
2014,BMU,0.0
2015,BMU,0.0
2016,BMU,0.0
2017,BMU,0.0
2018,BMU,0.0
2019,BMU,0.0
2020,BMU,0.0
2010,BOL,0.0
2011,BOL,0.0
2012,BOL,0.0
2013,BOL,0.0
2014,BOL,0.0
2015,BOL,0.0
2016,BOL,0.0
2017,BOL,0.0
2018,BOL,0.0
2019,BOL,0.0
2020,BOL,0.0
2010,BRA,7.626161520785964e-06
2011,BRA,7.286756541944572e-06
2012,BRA,6.976274989872063e-06
2013,BRA,6.691170763871058e-06
2014,BRA,6.428454686806262e-06
2015,BRA,6.18558930295149e-06
2016,BRA,6.211566821683501e-06
2017,BRA,6.237763455354281e-06
2018,BRA,6.264181987988203e-06
2019,BRA,6.411187212785551e-06
2020,BRA,6.438572204606091e-06
2010,BRB,0.0
2011,BRB,0.0
2012,BRB,0.0
2013,BRB,0.0
2014,BRB,0.0
2015,BRB,0.0
2016,BRB,0.0
2017,BRB,0.0
2018,BRB,0.0
2019,BRB,0.0
2020,BRB,0.0
2010,BRN,0.0
2011,BRN,0.0
2012,BRN,0.0
2013,BRN,0.0
2014,BRN,0.0
2015,BRN,0.0
2016,BRN,0.0
2017,BRN,0.0
2018,BRN,0.0
2019,BRN,0.0
2020,BRN,0.0
2010,BTN,0.0
2011,BTN,0.0
2012,BTN,0.0
2013,BTN,0.0
2014,BTN,0.0
2015,BTN,0.0
2016,BTN,0.0
2017,BTN,0.0
2018,BTN,0.0
2019,BTN,0.0
2020,BTN,0.0
2010,BWA,0.0
2011,BWA,0.0
2012,BWA,0.0
2013,BWA,0.0
2014,BWA,0.0
2015,BWA,0.0
2016,BWA,0.0
2017,BWA,0.0
2018,BWA,0.0
2019,BWA,0.0
2020,BWA,0.0
2010,CAF,0.0
2011,CAF,0.0
2012,CAF,0.0
2013,CAF,0.0
2014,CAF,0.0
2015,CAF,0.0
2016,CAF,0.0
2017,CAF,0.0
2018,CAF,0.0
2019,CAF,0.0
2020,CAF,0.0
2010,CAN,0.0001817996408996
2011,CAN,0.0002780172459109
2012,CAN,0.000369665480892
2013,CAN,0.0004570622949351
2014,CAN,0.0004943807440043
2015,CAN,0.000564851420641
2016,CAN,0.0006007134142207
2017,CAN,0.0006989192769015
2018,CAN,0.0006999761205701
2019,CAN,0.0006935302605455
2020,CAN,0.0006861270859602
2010,CHE,0.0022380751552347
2011,CHE,0.0024398526147201
2012,CHE,0.0025331426244336
2013,CHE,0.0022915368257179
2014,CHE,0.0021248055923129
2015,CHE,0.0018751938964986
2016,CHE,0.0016271905871226
2017,CHE,0.0020387654945062
2018,CHE,0.00224458955747
2019,CHE,0.0022410196743015
2020,CHE,0.0022160939600761
2010,CHL,3.4677037605239174e-05
2011,CHL,3.306583517983864e-05
2012,CHL,3.1597707935456793e-05
2013,CHL,3.0254408394262837e-05
2014,CHL,2.902066553002546e-05
2015,CHL,2.7883601663710885e-05
2016,CHL,2.750451154194529e-05
2017,CHL,2.713559096252273e-05
2018,CHL,2.677643612657437e-05
2019,CHL,2.705892332819558e-05
2020,CHL,2.671001911917904e-05
2010,CHN,0.0024227953236205
2011,CHN,0.002186568726559
2012,CHN,0.0013698870210945
2013,CHN,0.0015273281740972
2014,CHN,0.0022137314420962
2015,CHN,0.0020062777511312
2016,CHN,0.0022428946848489
2017,CHN,0.0026260489655677
2018,CHN,0.0024377400098845
2019,CHN,0.0018085871436932
2020,CHN,0.0017150355733585
2010,CIV,0.0
2011,CIV,0.0
2012,CIV,0.0
2013,CIV,0.0
2014,CIV,0.0
2015,CIV,0.0
2016,CIV,0.0
2017,CIV,0.0
2018,CIV,0.0
2019,CIV,0.0
2020,CIV,0.0
2010,CMR,0.0
2011,CMR,0.0
2012,CMR,0.0
2013,CMR,0.0
2014,CMR,0.0
2015,CMR,0.0
2016,CMR,0.0
2017,CMR,0.0
2018,CMR,0.0
2019,CMR,0.0
2020,CMR,0.0
2010,COD,0.0
2011,COD,0.0
2012,COD,0.0
2013,COD,0.0
2014,COD,0.0
2015,COD,0.0
2016,COD,0.0
2017,COD,0.0
2018,COD,0.0
2019,COD,0.0
2020,COD,0.0
2010,COG,0.0
2011,COG,0.0
2012,COG,0.0
2013,COG,0.0
2014,COG,0.0
2015,COG,0.0
2016,COG,0.0
2017,COG,0.0
2018,COG,0.0
2019,COG,0.0
2020,COG,0.0
2010,COL,2.050652522655579e-05
2011,COL,1.9609136362690272e-05
2012,COL,1.878699605099029e-05
2013,COL,1.8031020443816027e-05
2014,COL,1.733353124583673e-05
2015,COL,1.6687993985369017e-05
2016,COL,1.6464481267443747e-05
2017,COL,1.6246876708495782e-05
2018,COL,1.6034949106802163e-05
2019,COL,1.620717616170068e-05
2020,COL,1.6001141538126242e-05
2010,COM,0.0
2011,COM,0.0
2012,COM,0.0
2013,COM,0.0
2014,COM,0.0
2015,COM,0.0
2016,COM,0.0
2017,COM,0.0
2018,COM,0.0
2019,COM,0.0
2020,COM,0.0
2010,CPV,0.0
2011,CPV,0.0
2012,CPV,0.0
2013,CPV,0.0
2014,CPV,0.0
2015,CPV,0.0
2016,CPV,0.0
2017,CPV,0.0
2018,CPV,0.0
2019,CPV,0.0
2020,CPV,0.0
2010,CRI,0.0
2011,CRI,0.0
2012,CRI,0.0
2013,CRI,0.0
2014,CRI,0.0
2015,CRI,0.0
2016,CRI,0.0
2017,CRI,0.0
2018,CRI,0.0
2019,CRI,0.0
2020,CRI,0.0
2010,CUB,0.0
2011,CUB,0.0
2012,CUB,0.0
2013,CUB,0.0
2014,CUB,0.0
2015,CUB,0.0
2016,CUB,0.0
2017,CUB,0.0
2018,CUB,0.0
2019,CUB,0.0
2020,CUB,0.0
2010,CUW,0.0
2011,CUW,0.0
2012,CUW,0.0
2013,CUW,0.0
2014,CUW,0.0
2015,CUW,0.0
2016,CUW,0.0
2017,CUW,0.0
2018,CUW,0.0
2019,CUW,0.0
2020,CUW,0.0
2010,CYM,0.0
2011,CYM,0.0
2012,CYM,0.0
2013,CYM,0.0
2014,CYM,0.0
2015,CYM,0.0
2016,CYM,0.0
2017,CYM,0.0
2018,CYM,0.0
2019,CYM,0.0
2020,CYM,0.0
2010,CYP,0.0
2011,CYP,0.0
2012,CYP,0.0
2013,CYP,0.0
2014,CYP,0.0
2015,CYP,0.0
2016,CYP,0.0
2017,CYP,0.0
2018,CYP,0.0
2019,CYP,0.0
2020,CYP,0.0
2010,CZE,0.0115004754208697
2011,CZE,0.0006675436484732
2012,CZE,0.0003924245473608
2013,CZE,5.688168851169163e-05
2014,CZE,5.51606238516143e-05
2015,CZE,5.3540648761697087e-05
2016,CZE,5.2236022212420094e-05
2017,CZE,5.099346301255206e-05
2018,CZE,4.980864481195525e-05
2019,CZE,4.960898031418434e-05
2020,CZE,4.850751463031227e-05
2010,DEU,0.0019462201946077
2011,DEU,0.0018617670486934
2012,DEU,0.0015077889512491
2013,DEU,0.0014128604220886
2014,DEU,0.0015280013117702
2015,DEU,0.0015270297478868
2016,DEU,0.0016857840090855
2017,DEU,0.0020551484448154
2018,DEU,0.0017119274080583
2019,DEU,0.001497741357778
2020,DEU,0.0014841544067418
2010,DJI,0.0
2011,DJI,0.0
2012,DJI,0.0
2013,DJI,0.0
2014,DJI,0.0
2015,DJI,0.0
2016,DJI,0.0
2017,DJI,0.0
2018,DJI,0.0
2019,DJI,0.0
2020,DJI,0.0
2010,DMA,0.0
2011,DMA,0.0
2012,DMA,0.0
2013,DMA,0.0
2014,DMA,0.0
2015,DMA,0.0
2016,DMA,0.0
2017,DMA,0.0
2018,DMA,0.0
2019,DMA,0.0
2020,DMA,0.0
2010,DNK,4.17126871419046e-05
2011,DNK,4.071270758322499e-05
2012,DNK,3.975955062753512e-05
2013,DNK,3.88500029041141e-05
2014,DNK,3.7981138505119965e-05
2015,DNK,3.7150287543824256e-05
2016,DNK,3.653646172777774e-05
2017,DNK,3.5942590418744523e-05
2018,DNK,3.5367716145441805e-05
2019,DNK,3.5643794892339374e-05
2020,DNK,3.509137082693799e-05
2010,DOM,0.0
2011,DOM,0.0
2012,DOM,0.0
2013,DOM,0.0
2014,DOM,0.0
2015,DOM,0.0
2016,DOM,0.0
2017,DOM,0.0
2018,DOM,0.0
2019,DOM,0.0
2020,DOM,0.0
2010,DZA,0.0
2011,DZA,0.0
2012,DZA,0.0
2013,DZA,0.0
2014,DZA,0.0
2015,DZA,0.0
2016,DZA,0.0
2017,DZA,0.0
2018,DZA,0.0
2019,DZA,0.0
2020,DZA,0.0
2010,ECU,0.0
2011,ECU,0.0
2012,ECU,0.0
2013,ECU,0.0
2014,ECU,0.0
2015,ECU,0.0
2016,ECU,0.0
2017,ECU,0.0
2018,ECU,0.0
2019,ECU,0.0
2020,ECU,0.0
2010,EGY,0.0
2011,EGY,0.0
2012,EGY,0.0
2013,EGY,0.0
2014,EGY,0.0
2015,EGY,0.0
2016,EGY,0.0
2017,EGY,0.0
2018,EGY,0.0
2019,EGY,0.0
2020,EGY,0.0
2010,ERI,0.0
2011,ERI,0.0
2012,ERI,0.0
2013,ERI,0.0
2014,ERI,0.0
2015,ERI,0.0
2016,ERI,0.0
2017,ERI,0.0
2018,ERI,0.0
2019,ERI,0.0
2020,ERI,0.0
2010,ESP,2.419502181923962e-05
2011,ESP,2.381985302389372e-05
2012,ESP,2.345614133339565e-05
2013,ESP,2.310336981614063e-05
2014,ESP,2.276105217757945e-05
2015,ESP,2.2428730523644143e-05
2016,ESP,2.2192797508657492e-05
2017,ESP,2.1961776491368564e-05
2018,ESP,2.173551565445369e-05
2019,ESP,2.1977705768571914e-05
2020,ESP,2.175585210784089e-05
2010,EST,0.0003509805387471
2011,EST,0.0003396554756977
2012,EST,0.0003290384174509
2013,EST,0.0003190649833248
2014,EST,0.0003096783687321
2015,EST,0.0003008282626177
2016,EST,0.0002914794808199
2017,EST,0.0002826942463425
2018,EST,0.0002744230938793
2019,EST,0.0002730011289564
2020,EST,0.0002654551458516
2010,ETH,0.0
2011,ETH,0.0
2012,ETH,0.0
2013,ETH,0.0
2014,ETH,0.0
2015,ETH,0.0
2016,ETH,0.0
2017,ETH,0.0
2018,ETH,0.0
2019,ETH,0.0
2020,ETH,0.0
2010,FIN,0.0001347625057619
2011,FIN,0.0001321187274112
2012,FIN,0.0001295766847854
2013,FIN,0.0001271306163727
2014,FIN,0.0001247751876494
2015,FIN,0.000122505452245
2016,FIN,0.0001209786094827
2017,FIN,0.0001194893577176
2018,FIN,0.0001180363255908
2019,FIN,0.0001191730118088
2020,FIN,0.0001177582349158
2010,FJI,0.0
2011,FJI,0.0
2012,FJI,0.0
2013,FJI,0.0
2014,FJI,0.0
2015,FJI,0.0
2016,FJI,0.0
2017,FJI,0.0
2018,FJI,0.0
2019,FJI,0.0
2020,FJI,0.0
2010,FRA,0.0034884474668363
2011,FRA,0.0039229408373401
2012,FRA,0.0033644795635883
2013,FRA,0.0020983537145871
2014,FRA,0.0017585610123519
2015,FRA,0.001697369379174
2016,FRA,0.0023968814096018
2017,FRA,0.0022953635481104
2018,FRA,0.0013788483301756
2019,FRA,0.0013719208799972
2020,FRA,0.0013641656977434
2010,FRO,0.0
2011,FRO,0.0
2012,FRO,0.0
2013,FRO,0.0
2014,FRO,0.0
2015,FRO,0.0
2016,FRO,0.0
2017,FRO,0.0
2018,FRO,0.0
2019,FRO,0.0
2020,FRO,0.0
2010,FSM,0.0
2011,FSM,0.0
2012,FSM,0.0
2013,FSM,0.0
2014,FSM,0.0
2015,FSM,0.0
2016,FSM,0.0
2017,FSM,0.0
2018,FSM,0.0
2019,FSM,0.0
2020,FSM,0.0
2010,GAB,0.0
2011,GAB,0.0
2012,GAB,0.0
2013,GAB,0.0
2014,GAB,0.0
2015,GAB,0.0
2016,GAB,0.0
2017,GAB,0.0
2018,GAB,0.0
2019,GAB,0.0
2020,GAB,0.0
2010,GBR,9.652954186022163e-05
2011,GBR,9.406285353378444e-05
2012,GBR,9.171909011647377e-05
2013,GBR,8.948928624115407e-05
2014,GBR,8.736532768473349e-05
2015,GBR,8.533985270368154e-05
2016,GBR,8.476039776944574e-05
2017,GBR,8.418875872735437e-05
2018,GBR,8.362477850149784e-05
2019,GBR,8.478592321946341e-05
2020,GBR,8.422545178330325e-05
2010,GEO,0.0
2011,GEO,0.0
2012,GEO,0.0
2013,GEO,0.0
2014,GEO,0.0
2015,GEO,0.0
2016,GEO,0.0
2017,GEO,0.0
2018,GEO,0.0
2019,GEO,0.0
2020,GEO,0.0
2010,GHA,0.0
2011,GHA,0.0
2012,GHA,0.0
2013,GHA,0.0
2014,GHA,0.0
2015,GHA,0.0
2016,GHA,0.0
2017,GHA,0.0
2018,GHA,0.0
2019,GHA,0.0
2020,GHA,0.0
2010,GIB,0.0
2011,GIB,0.0
2012,GIB,0.0
2013,GIB,0.0
2014,GIB,0.0
2015,GIB,0.0
2016,GIB,0.0
2017,GIB,0.0
2018,GIB,0.0
2019,GIB,0.0
2020,GIB,0.0
2010,GIN,0.0
2011,GIN,0.0
2012,GIN,0.0
2013,GIN,0.0
2014,GIN,0.0
2015,GIN,0.0
2016,GIN,0.0
2017,GIN,0.0
2018,GIN,0.0
2019,GIN,0.0
2020,GIN,0.0
2010,GMB,0.0
2011,GMB,0.0
2012,GMB,0.0
2013,GMB,0.0
2014,GMB,0.0
2015,GMB,0.0
2016,GMB,0.0
2017,GMB,0.0
2018,GMB,0.0
2019,GMB,0.0
2020,GMB,0.0
2010,GNB,0.0
2011,GNB,0.0
2012,GNB,0.0
2013,GNB,0.0
2014,GNB,0.0
2015,GNB,0.0
2016,GNB,0.0
2017,GNB,0.0
2018,GNB,0.0
2019,GNB,0.0
2020,GNB,0.0
2010,GNQ,0.0
2011,GNQ,0.0
2012,GNQ,0.0
2013,GNQ,0.0
2014,GNQ,0.0
2015,GNQ,0.0
2016,GNQ,0.0
2017,GNQ,0.0
2018,GNQ,0.0
2019,GNQ,0.0
2020,GNQ,0.0
2010,GRC,0.0
2011,GRC,0.0
2012,GRC,0.0
2013,GRC,0.0
2014,GRC,0.0
2015,GRC,0.0
2016,GRC,0.0
2017,GRC,0.0
2018,GRC,0.0
2019,GRC,0.0
2020,GRC,0.0
2010,GRD,0.0
2011,GRD,0.0
2012,GRD,0.0
2013,GRD,0.0
2014,GRD,0.0
2015,GRD,0.0
2016,GRD,0.0
2017,GRD,0.0
2018,GRD,0.0
2019,GRD,0.0
2020,GRD,0.0
2010,GRL,0.0
2011,GRL,0.0
2012,GRL,0.0
2013,GRL,0.0
2014,GRL,0.0
2015,GRL,0.0
2016,GRL,0.0
2017,GRL,0.0
2018,GRL,0.0
2019,GRL,0.0
2020,GRL,0.0
2010,GTM,0.0
2011,GTM,0.0
2012,GTM,0.0
2013,GTM,0.0
2014,GTM,0.0
2015,GTM,0.0
2016,GTM,0.0
2017,GTM,0.0
2018,GTM,0.0
2019,GTM,0.0
2020,GTM,0.0
2010,GUM,0.0
2011,GUM,0.0
2012,GUM,0.0
2013,GUM,0.0
2014,GUM,0.0
2015,GUM,0.0
2016,GUM,0.0
2017,GUM,0.0
2018,GUM,0.0
2019,GUM,0.0
2020,GUM,0.0
2010,GUY,0.0
2011,GUY,0.0
2012,GUY,0.0
2013,GUY,0.0
2014,GUY,0.0
2015,GUY,0.0
2016,GUY,0.0
2017,GUY,0.0
2018,GUY,0.0
2019,GUY,0.0
2020,GUY,0.0
2010,HKG,0.0
2011,HKG,0.0
2012,HKG,0.0
2013,HKG,0.0
2014,HKG,0.0
2015,HKG,0.0
2016,HKG,0.0
2017,HKG,0.0
2018,HKG,0.0
2019,HKG,0.0
2020,HKG,0.0
2010,HND,0.0
2011,HND,0.0
2012,HND,0.0
2013,HND,0.0
2014,HND,0.0
2015,HND,0.0
2016,HND,0.0
2017,HND,0.0
2018,HND,0.0
2019,HND,0.0
2020,HND,0.0
2010,HRV,0.0
2011,HRV,0.0
2012,HRV,0.0
2013,HRV,0.0
2014,HRV,0.0
2015,HRV,0.0
2016,HRV,0.0
2017,HRV,0.0
2018,HRV,0.0
2019,HRV,0.0
2020,HRV,0.0
2010,HTI,0.0
2011,HTI,0.0
2012,HTI,0.0
2013,HTI,0.0
2014,HTI,0.0
2015,HTI,0.0
2016,HTI,0.0
2017,HTI,0.0
2018,HTI,0.0
2019,HTI,0.0
2020,HTI,0.0
2010,HUN,0.0
2011,HUN,0.0
2012,HUN,0.0
2013,HUN,0.0
2014,HUN,0.0
2015,HUN,0.0
2016,HUN,0.0
2017,HUN,0.0
2018,HUN,0.0
2019,HUN,0.0
2020,HUN,0.0
2010,IDN,0.0
2011,IDN,0.0
2012,IDN,0.0
2013,IDN,0.0
2014,IDN,0.0
2015,IDN,0.0
2016,IDN,0.0
2017,IDN,0.0
2018,IDN,0.0
2019,IDN,0.0
2020,IDN,0.0
2010,IMN,0.015765041201939
2011,IMN,0.0024866606268831
2012,IMN,0.0011014948369961
2013,IMN,0.000919212611887
2014,IMN,0.0011652180600382
2015,IMN,0.002374774580798
2016,IMN,0.0010044145574262
2017,IMN,0.0009906680796399
2018,IMN,0.0017515330446405
2019,IMN,0.0016508470108006
2020,IMN,0.0015600874346363
2010,IND,3.797728358550467e-06
2011,IND,3.4913477969648024e-06
2012,IND,3.2307111716850157e-06
2013,IND,3.0062854912239165e-06
2014,IND,2.811014595771777e-06
2015,IND,2.639563816541466e-06
2016,IND,2.5163173946958483e-06
2017,IND,2.4040667917354363e-06
2018,IND,2.301403308359689e-06
2019,IND,2.249378261807128e-06
2020,IND,2.160879158505559e-06
2010,IRL,0.015765041201939
2011,IRL,0.0024866606268831
2012,IRL,0.0011014948369961
2013,IRL,0.000919212611887
2014,IRL,0.0011652180600382
2015,IRL,0.002374774580798
2016,IRL,0.0010044145574262
2017,IRL,0.0009906680796399
2018,IRL,0.0017515330446405
2019,IRL,0.0016508470108006
2020,IRL,0.0015600874346363
2010,IRN,0.0
2011,IRN,0.0
2012,IRN,0.0
2013,IRN,0.0
2014,IRN,0.0
2015,IRN,0.0
2016,IRN,0.0
2017,IRN,0.0
2018,IRN,0.0
2019,IRN,0.0
2020,IRN,0.0
2010,IRQ,0.0
2011,IRQ,0.0
2012,IRQ,0.0
2013,IRQ,0.0
2014,IRQ,0.0
2015,IRQ,0.0
2016,IRQ,0.0
2017,IRQ,0.0
2018,IRQ,0.0
2019,IRQ,0.0
2020,IRQ,0.0
2010,ISL,0.0
2011,ISL,0.0
2012,ISL,0.0
2013,ISL,0.0
2014,ISL,0.0
2015,ISL,0.0
2016,ISL,0.0
2017,ISL,0.0
2018,ISL,0.0
2019,ISL,0.0
2020,ISL,0.0
2010,ISR,0.0001529779680496
2011,ISR,0.0001472834388812
2012,ISR,0.0001419976467405
2013,ISR,0.0001370781092944
2014,ISR,0.0001324880343114
2015,ISR,0.0001281953978599
2016,ISR,0.0001250166538508
2017,ISR,0.0001219917363608
2018,ISR,0.0001191097431684
2019,ISR,0.0001188695026821
2020,ISR,0.0001161879703785
2010,ITA,0.0014280253879442
2011,ITA,0.0015760230779623
2012,ITA,0.0013352767377256
2013,ITA,0.001532376432858
2014,ITA,0.0017895921629839
2015,ITA,0.0010491244806215
2016,ITA,0.00114130263774
2017,ITA,0.0010297647911226
2018,ITA,0.0013787896108623
2019,ITA,0.0014635958166215
2020,ITA,0.0014655802862553
2010,JAM,0.0
2011,JAM,0.0
2012,JAM,0.0
2013,JAM,0.0
2014,JAM,0.0
2015,JAM,0.0
2016,JAM,0.0
2017,JAM,0.0
2018,JAM,0.0
2019,JAM,0.0
2020,JAM,0.0
2010,JOR,0.0
2011,JOR,0.0
2012,JOR,0.0
2013,JOR,0.0
2014,JOR,0.0
2015,JOR,0.0
2016,JOR,0.0
2017,JOR,0.0
2018,JOR,0.0
2019,JOR,0.0
2020,JOR,0.0
2010,JPN,0.0287311110503801
2011,JPN,0.0237362114133061
2012,JPN,0.0204025769387136
2013,JPN,0.0192293598685484
2014,JPN,0.0184725400431981
2015,JPN,0.0176828883979111
2016,JPN,0.0190736784059687
2017,JPN,0.0188561590530105
2018,JPN,0.0170807310152837
2019,JPN,0.0170338660268841
2020,JPN,0.0169863444862197
2010,KAZ,0.0
2011,KAZ,0.0
2012,KAZ,0.0
2013,KAZ,0.0
2014,KAZ,0.0
2015,KAZ,0.0
2016,KAZ,0.0
2017,KAZ,0.0
2018,KAZ,0.0
2019,KAZ,0.0
2020,KAZ,0.0
2010,KEN,0.0
2011,KEN,0.0
2012,KEN,0.0
2013,KEN,0.0
2014,KEN,0.0
2015,KEN,0.0
2016,KEN,0.0
2017,KEN,0.0
2018,KEN,0.0
2019,KEN,0.0
2020,KEN,0.0
2010,KGZ,0.0
2011,KGZ,0.0
2012,KGZ,0.0
2013,KGZ,0.0
2014,KGZ,0.0
2015,KGZ,0.0
2016,KGZ,0.0
2017,KGZ,0.0
2018,KGZ,0.0
2019,KGZ,0.0
2020,KGZ,0.0
2010,KHM,0.0
2011,KHM,0.0
2012,KHM,0.0
2013,KHM,0.0
2014,KHM,0.0
2015,KHM,0.0
2016,KHM,0.0
2017,KHM,0.0
2018,KHM,0.0
2019,KHM,0.0
2020,KHM,0.0
2010,KIR,0.0
2011,KIR,0.0
2012,KIR,0.0
2013,KIR,0.0
2014,KIR,0.0
2015,KIR,0.0
2016,KIR,0.0
2017,KIR,0.0
2018,KIR,0.0
2019,KIR,0.0
2020,KIR,0.0
2010,KNA,0.0
2011,KNA,0.0
2012,KNA,0.0
2013,KNA,0.0
2014,KNA,0.0
2015,KNA,0.0
2016,KNA,0.0
2017,KNA,0.0
2018,KNA,0.0
2019,KNA,0.0
2020,KNA,0.0
2010,KOR,7.341309994433739e-05
2011,KOR,6.369234073247828e-05
2012,KOR,0.000149443878865
2013,KOR,0.000172514971966
2014,KOR,0.0006432849607035
2015,KOR,0.0008266715658467
2016,KOR,0.0012431359288989
2017,KOR,0.0014370109349295
2018,KOR,0.0014388583207709
2019,KOR,0.0014084170766536
2020,KOR,0.0013790854733555
2010,KWT,0.0
2011,KWT,0.0
2012,KWT,0.0
2013,KWT,0.0
2014,KWT,0.0
2015,KWT,0.0
2016,KWT,0.0
2017,KWT,0.0
2018,KWT,0.0
2019,KWT,0.0
2020,KWT,0.0
2010,LAO,0.0
2011,LAO,0.0
2012,LAO,0.0
2013,LAO,0.0
2014,LAO,0.0
2015,LAO,0.0
2016,LAO,0.0
2017,LAO,0.0
2018,LAO,0.0
2019,LAO,0.0
2020,LAO,0.0
2010,LBN,0.0
2011,LBN,0.0
2012,LBN,0.0
2013,LBN,0.0
2014,LBN,0.0
2015,LBN,0.0
2016,LBN,0.0
2017,LBN,0.0
2018,LBN,0.0
2019,LBN,0.0
2020,LBN,0.0
2010,LBR,0.0
2011,LBR,0.0
2012,LBR,0.0
2013,LBR,0.0
2014,LBR,0.0
2015,LBR,0.0
2016,LBR,0.0
2017,LBR,0.0
2018,LBR,0.0
2019,LBR,0.0
2020,LBR,0.0
2010,LBY,0.0
2011,LBY,0.0
2012,LBY,0.0
2013,LBY,0.0
2014,LBY,0.0
2015,LBY,0.0
2016,LBY,0.0
2017,LBY,0.0
2018,LBY,0.0
2019,LBY,0.0
2020,LBY,0.0
2010,LCA,0.0
2011,LCA,0.0
2012,LCA,0.0
2013,LCA,0.0
2014,LCA,0.0
2015,LCA,0.0
2016,LCA,0.0
2017,LCA,0.0
2018,LCA,0.0
2019,LCA,0.0
2020,LCA,0.0
2010,LIE,0.0022380751552347
2011,LIE,0.0024398526147201
2012,LIE,0.0025331426244336
2013,LIE,0.0022915368257179
2014,LIE,0.0021248055923129
2015,LIE,0.0018751938964986
2016,LIE,0.0016271905871226
2017,LIE,0.0020387654945062
2018,LIE,0.00224458955747
2019,LIE,0.0022410196743015
2020,LIE,0.0022160939600761
2010,LKA,0.0
2011,LKA,0.0
2012,LKA,0.0
2013,LKA,0.0
2014,LKA,0.0
2015,LKA,0.0
2016,LKA,0.0
2017,LKA,0.0
2018,LKA,0.0
2019,LKA,0.0
2020,LKA,0.0
2010,LSO,0.0
2011,LSO,0.0
2012,LSO,0.0
2013,LSO,0.0
2014,LSO,0.0
2015,LSO,0.0
2016,LSO,0.0
2017,LSO,0.0
2018,LSO,0.0
2019,LSO,0.0
2020,LSO,0.0
2010,LTU,0.0
2011,LTU,0.0
2012,LTU,0.0
2013,LTU,0.0
2014,LTU,0.0
2015,LTU,0.0
2016,LTU,0.0
2017,LTU,0.0
2018,LTU,0.0
2019,LTU,0.0
2020,LTU,0.0
2010,LUX,0.0
2011,LUX,0.0
2012,LUX,0.0
2013,LUX,0.0
2014,LUX,0.0
2015,LUX,0.0
2016,LUX,0.0
2017,LUX,0.0
2018,LUX,0.0
2019,LUX,0.0
2020,LUX,0.0
2010,LVA,0.0
2011,LVA,0.0
2012,LVA,0.0
2013,LVA,0.0
2014,LVA,0.0
2015,LVA,0.0
2016,LVA,0.0
2017,LVA,0.0
2018,LVA,0.0
2019,LVA,0.0
2020,LVA,0.0
2010,MAC,0.0
2011,MAC,0.0
2012,MAC,0.0
2013,MAC,0.0
2014,MAC,0.0
2015,MAC,0.0
2016,MAC,0.0
2017,MAC,0.0
2018,MAC,0.0
2019,MAC,0.0
2020,MAC,0.0
2010,MAF,0.0
2011,MAF,0.0
2012,MAF,0.0
2013,MAF,0.0
2014,MAF,0.0
2015,MAF,0.0
2016,MAF,0.0
2017,MAF,0.0
2018,MAF,0.0
2019,MAF,0.0
2020,MAF,0.0
2010,MAR,0.0
2011,MAR,0.0
2012,MAR,0.0
2013,MAR,0.0
2014,MAR,0.0
2015,MAR,0.0
2016,MAR,0.0
2017,MAR,0.0
2018,MAR,0.0
2019,MAR,0.0
2020,MAR,0.0
2010,MCO,0.0022380751552347
2011,MCO,0.0024398526147201
2012,MCO,0.0025331426244336
2013,MCO,0.0022915368257179
2014,MCO,0.0021248055923129
2015,MCO,0.0018751938964986
2016,MCO,0.0016271905871226
2017,MCO,0.0020387654945062
2018,MCO,0.00224458955747
2019,MCO,0.0022410196743015
2020,MCO,0.0022160939600761
2010,MDA,0.0
2011,MDA,0.0
2012,MDA,0.0
2013,MDA,0.0
2014,MDA,0.0
2015,MDA,0.0
2016,MDA,0.0
2017,MDA,0.0
2018,MDA,0.0
2019,MDA,0.0
2020,MDA,0.0
2010,MDG,0.0
2011,MDG,0.0
2012,MDG,0.0
2013,MDG,0.0
2014,MDG,0.0
2015,MDG,0.0
2016,MDG,0.0
2017,MDG,0.0
2018,MDG,0.0
2019,MDG,0.0
2020,MDG,0.0
2010,MDV,0.0
2011,MDV,0.0
2012,MDV,0.0
2013,MDV,0.0
2014,MDV,0.0
2015,MDV,0.0
2016,MDV,0.0
2017,MDV,0.0
2018,MDV,0.0
2019,MDV,0.0
2020,MDV,0.0
2010,MEX,0.0
2011,MEX,0.0
2012,MEX,0.0
2013,MEX,0.0
2014,MEX,0.0
2015,MEX,0.0
2016,MEX,0.0
2017,MEX,0.0
2018,MEX,0.0
2019,MEX,0.0
2020,MEX,0.0
2010,MHL,0.0
2011,MHL,0.0
2012,MHL,0.0
2013,MHL,0.0
2014,MHL,0.0
2015,MHL,0.0
2016,MHL,0.0
2017,MHL,0.0
2018,MHL,0.0
2019,MHL,0.0
2020,MHL,0.0
2010,MKD,0.0
2011,MKD,0.0
2012,MKD,0.0
2013,MKD,0.0
2014,MKD,0.0
2015,MKD,0.0
2016,MKD,0.0
2017,MKD,0.0
2018,MKD,0.0
2019,MKD,0.0
2020,MKD,0.0
2010,MLI,0.0
2011,MLI,0.0
2012,MLI,0.0
2013,MLI,0.0
2014,MLI,0.0
2015,MLI,0.0
2016,MLI,0.0
2017,MLI,0.0
2018,MLI,0.0
2019,MLI,0.0
2020,MLI,0.0
2010,MLT,0.0
2011,MLT,0.0
2012,MLT,0.0
2013,MLT,0.0
2014,MLT,0.0
2015,MLT,0.0
2016,MLT,0.0
2017,MLT,0.0
2018,MLT,0.0
2019,MLT,0.0
2020,MLT,0.0
2010,MMR,0.0
2011,MMR,0.0
2012,MMR,0.0
2013,MMR,0.0
2014,MMR,0.0
2015,MMR,0.0
2016,MMR,0.0
2017,MMR,0.0
2018,MMR,0.0
2019,MMR,0.0
2020,MMR,0.0
2010,MNE,0.0
2011,MNE,0.0
2012,MNE,0.0
2013,MNE,0.0
2014,MNE,0.0
2015,MNE,0.0
2016,MNE,0.0
2017,MNE,0.0
2018,MNE,0.0
2019,MNE,0.0
2020,MNE,0.0
2010,MNG,0.0
2011,MNG,0.0
2012,MNG,0.0
2013,MNG,0.0
2014,MNG,0.0
2015,MNG,0.0
2016,MNG,0.0
2017,MNG,0.0
2018,MNG,0.0
2019,MNG,0.0
2020,MNG,0.0
2010,MNP,0.0287311110503801
2011,MNP,0.0237362114133061
2012,MNP,0.0204025769387136
2013,MNP,0.0192293598685484
2014,MNP,0.0184725400431981
2015,MNP,0.0176828883979111
2016,MNP,0.0190736784059687
2017,MNP,0.0188561590530105
2018,MNP,0.0170807310152837
2019,MNP,0.0170338660268841
2020,MNP,0.0169863444862197
2010,MOZ,0.0
2011,MOZ,0.0
2012,MOZ,0.0
2013,MOZ,0.0
2014,MOZ,0.0
2015,MOZ,0.0
2016,MOZ,0.0
2017,MOZ,0.0
2018,MOZ,0.0
2019,MOZ,0.0
2020,MOZ,0.0
2010,MRT,0.0
2011,MRT,0.0
2012,MRT,0.0
2013,MRT,0.0
2014,MRT,0.0
2015,MRT,0.0
2016,MRT,0.0
2017,MRT,0.0
2018,MRT,0.0
2019,MRT,0.0
2020,MRT,0.0
2010,MUS,0.0
2011,MUS,0.0
2012,MUS,0.0
2013,MUS,0.0
2014,MUS,0.0
2015,MUS,0.0
2016,MUS,0.0
2017,MUS,0.0
2018,MUS,0.0
2019,MUS,0.0
2020,MUS,0.0
2010,MWI,0.0
2011,MWI,0.0
2012,MWI,0.0
2013,MWI,0.0
2014,MWI,0.0
2015,MWI,0.0
2016,MWI,0.0
2017,MWI,0.0
2018,MWI,0.0
2019,MWI,0.0
2020,MWI,0.0
2010,MYS,0.1614711878895687
2011,MYS,0.1662179303791444
2012,MYS,0.1655881420918039
2013,MYS,0.1641367167760239
2014,MYS,0.1556732539472526
2015,MYS,0.2099940623133778
2016,MYS,0.2605343092307942
2017,MYS,0.0106922579491885
2018,MYS,0.0106981172256198
2019,MYS,0.0103223591624552
2020,MYS,0.0099721014988077
2010,NAM,0.0
2011,NAM,0.0
2012,NAM,0.0
2013,NAM,0.0
2014,NAM,0.0
2015,NAM,0.0
2016,NAM,0.0
2017,NAM,0.0
2018,NAM,0.0
2019,NAM,0.0
2020,NAM,0.0
2010,NCL,0.0
2011,NCL,0.0
2012,NCL,0.0
2013,NCL,0.0
2014,NCL,0.0
2015,NCL,0.0
2016,NCL,0.0
2017,NCL,0.0
2018,NCL,0.0
2019,NCL,0.0
2020,NCL,0.0
2010,NER,0.0
2011,NER,0.0
2012,NER,0.0
2013,NER,0.0
2014,NER,0.0
2015,NER,0.0
2016,NER,0.0
2017,NER,0.0
2018,NER,0.0
2019,NER,0.0
2020,NER,0.0
2010,NGA,0.0
2011,NGA,0.0
2012,NGA,0.0
2013,NGA,0.0
2014,NGA,0.0
2015,NGA,0.0
2016,NGA,0.0
2017,NGA,0.0
2018,NGA,0.0
2019,NGA,0.0
2020,NGA,0.0
2010,NIC,0.0
2011,NIC,0.0
2012,NIC,0.0
2013,NIC,0.0
2014,NIC,0.0
2015,NIC,0.0
2016,NIC,0.0
2017,NIC,0.0
2018,NIC,0.0
2019,NIC,0.0
2020,NIC,0.0
2010,NLD,0.0167539674100753
2011,NLD,0.0112204804235516
2012,NLD,0.0122391641993277
2013,NLD,0.0088090312536742
2014,NLD,0.0062065648445988
2015,NLD,0.0058092151263525
2016,NLD,0.0061856925142643
2017,NLD,0.0026248941843704
2018,NLD,0.0025152830236585
2019,NLD,0.0022754967415853
2020,NLD,0.0022449325263242
2010,NOR,3.286409747309133e-05
2011,NOR,3.199618078670804e-05
2012,NOR,3.1172926679377465e-05
2013,NOR,3.039097415614942e-05
2014,NOR,2.964729120325558e-05
2015,NOR,2.8939135497858832e-05
2016,NOR,2.858000962102236e-05
2017,NOR,2.8229687774825384e-05
2018,NOR,2.788785013117285e-05
2019,NOR,2.821342731044212e-05
2020,NOR,2.7879864884983725e-05
2010,NPL,0.0
2011,NPL,0.0
2012,NPL,0.0
2013,NPL,0.0
2014,NPL,0.0
2015,NPL,0.0
2016,NPL,0.0
2017,NPL,0.0
2018,NPL,0.0
2019,NPL,0.0
2020,NPL,0.0
2010,NRU,0.0
2011,NRU,0.0
2012,NRU,0.0
2013,NRU,0.0
2014,NRU,0.0
2015,NRU,0.0
2016,NRU,0.0
2017,NRU,0.0
2018,NRU,0.0
2019,NRU,0.0
2020,NRU,0.0
2010,NZL,6.8245710946223e-05
2011,NZL,6.614924948283555e-05
2012,NZL,6.417775290230316e-05
2013,NZL,6.232037130117618e-05
2014,NZL,6.056747548441677e-05
2015,NZL,5.8910489986660055e-05
2016,NZL,5.7577240210667534e-05
2017,NZL,5.630300254023776e-05
2018,NZL,5.508394382874671e-05
2019,NZL,5.520651161286621e-05
2020,NZL,5.406080688413725e-05
2010,OMN,0.0
2011,OMN,0.0
2012,OMN,0.0
2013,OMN,0.0
2014,OMN,0.0
2015,OMN,0.0
2016,OMN,0.0
2017,OMN,0.0
2018,OMN,0.0
2019,OMN,0.0
2020,OMN,0.0
2010,PAK,0.0
2011,PAK,0.0
2012,PAK,0.0
2013,PAK,0.0
2014,PAK,0.0
2015,PAK,0.0
2016,PAK,0.0
2017,PAK,0.0
2018,PAK,0.0
2019,PAK,0.0
2020,PAK,0.0
2010,PAN,0.0
2011,PAN,0.0
2012,PAN,0.0
2013,PAN,0.0
2014,PAN,0.0
2015,PAN,0.0
2016,PAN,0.0
2017,PAN,0.0
2018,PAN,0.0
2019,PAN,0.0
2020,PAN,0.0
2010,PER,0.0
2011,PER,0.0
2012,PER,0.0
2013,PER,0.0
2014,PER,0.0
2015,PER,0.0
2016,PER,0.0
2017,PER,0.0
2018,PER,0.0
2019,PER,0.0
2020,PER,0.0
2010,PHL,0.0
2011,PHL,0.0
2012,PHL,0.0
2013,PHL,0.0
2014,PHL,0.0
2015,PHL,0.0
2016,PHL,0.0
2017,PHL,0.0
2018,PHL,0.0
2019,PHL,0.0
2020,PHL,0.0
2010,PLW,0.0
2011,PLW,0.0
2012,PLW,0.0
2013,PLW,0.0
2014,PLW,0.0
2015,PLW,0.0
2016,PLW,0.0
2017,PLW,0.0
2018,PLW,0.0
2019,PLW,0.0
2020,PLW,0.0
2010,PNG,0.0
2011,PNG,0.0
2012,PNG,0.0
2013,PNG,0.0
2014,PNG,0.0
2015,PNG,0.0
2016,PNG,0.0
2017,PNG,0.0
2018,PNG,0.0
2019,PNG,0.0
2020,PNG,0.0
2010,POL,3.537625192236189e-05
2011,POL,3.396140661050041e-05
2012,POL,3.265538041016216e-05
2013,POL,3.144608392900242e-05
2014,POL,3.0323154607584887e-05
2015,POL,2.927765902671109e-05
2016,POL,2.8249497788255786e-05
2017,POL,2.7291099751918917e-05
2018,POL,2.639559750250012e-05
2019,POL,2.611688422596988e-05
2020,POL,2.5312687653035928e-05
2010,PRI,0.0
2011,PRI,0.0
2012,PRI,0.0
2013,PRI,0.0
2014,PRI,0.0
2015,PRI,0.0
2016,PRI,0.0
2017,PRI,0.0
2018,PRI,0.0
2019,PRI,0.0
2020,PRI,0.0
2010,PRK,7.341309994433739e-05
2011,PRK,6.369234073247828e-05
2012,PRK,0.000149443878865
2013,PRK,0.000172514971966
2014,PRK,0.0006432849607035
2015,PRK,0.0008266715658467
2016,PRK,0.0012431359288989
2017,PRK,0.0014370109349295
2018,PRK,0.0014388583207709
2019,PRK,0.0014084170766536
2020,PRK,0.0013790854733555
2010,PRT,3.512741237091234e-05
2011,PRT,3.498158079790552e-05
2012,PRT,3.4836955059424114e-05
2013,PRT,3.469352026105801e-05
2014,PRT,3.455126175269131e-05
2015,PRT,3.44101651235142e-05
2016,PRT,3.396752616831702e-05
2017,PRT,3.353613045450814e-05
2018,PRT,3.3115554978759655e-05
2019,PRT,3.348787563372388e-05
2020,PRT,3.3078181246895514e-05
2010,PRY,0.0
2011,PRY,0.0
2012,PRY,0.0
2013,PRY,0.0
2014,PRY,0.0
2015,PRY,0.0
2016,PRY,0.0
2017,PRY,0.0
2018,PRY,0.0
2019,PRY,0.0
2020,PRY,0.0
2010,PYF,0.0
2011,PYF,0.0
2012,PYF,0.0
2013,PYF,0.0
2014,PYF,0.0
2015,PYF,0.0
2016,PYF,0.0
2017,PYF,0.0
2018,PYF,0.0
2019,PYF,0.0
2020,PYF,0.0
2010,QAT,0.0
2011,QAT,0.0
2012,QAT,0.0
2013,QAT,0.0
2014,QAT,0.0
2015,QAT,0.0
2016,QAT,0.0
2017,QAT,0.0
2018,QAT,0.0
2019,QAT,0.0
2020,QAT,0.0
2010,ROU,3.715821859637166e-05
2011,ROU,3.588482195483981e-05
2012,ROU,3.469581099403601e-05
2013,ROU,3.358306660475872e-05
2014,ROU,3.253947887721291e-05
2015,ROU,3.1558795023349635e-05
2016,ROU,3.039860072678704e-05
2017,ROU,2.932068591585374e-05
2018,ROU,2.8316597595545617e-05
2019,ROU,2.803404604305234e-05
2020,ROU,2.7135556410622455e-05
2010,RUS,3.541076069981582e-05
2011,RUS,5.958677382579985e-05
2012,RUS,2.5873608757587533e-05
2013,RUS,2.018006696942687e-05
2014,RUS,2.3593427162127755e-05
2015,RUS,2.2561306511259848e-05
2016,RUS,6.646231445731047e-05
2017,RUS,2.4521744530246992e-05
2018,RUS,3.92496326032757e-05
2019,RUS,3.988480769322222e-05
2020,RUS,3.960668942897145e-05
2010,RWA,0.0
2011,RWA,0.0
2012,RWA,0.0
2013,RWA,0.0
2014,RWA,0.0
2015,RWA,0.0
2016,RWA,0.0
2017,RWA,0.0
2018,RWA,0.0
2019,RWA,0.0
2020,RWA,0.0
2010,SAU,0.0
2011,SAU,0.0
2012,SAU,0.0
2013,SAU,0.0
2014,SAU,0.0
2015,SAU,0.0
2016,SAU,0.0
2017,SAU,0.0
2018,SAU,0.0
2019,SAU,0.0
2020,SAU,0.0
2010,SDN,0.0
2011,SDN,0.0
2012,SDN,0.0
2013,SDN,0.0
2014,SDN,0.0
2015,SDN,0.0
2016,SDN,0.0
2017,SDN,0.0
2018,SDN,0.0
2019,SDN,0.0
2020,SDN,0.0
2010,SEN,0.0
2011,SEN,0.0
2012,SEN,0.0
2013,SEN,0.0
2014,SEN,0.0
2015,SEN,0.0
2016,SEN,0.0
2017,SEN,0.0
2018,SEN,0.0
2019,SEN,0.0
2020,SEN,0.0
2010,SGP,0.1899018977839367
2011,SGP,0.166943352874367
2012,SGP,0.1459161340879371
2013,SGP,0.1403298529190739
2014,SGP,0.1351770384700041
2015,SGP,0.1289824985834693
2016,SGP,0.1252359270986118
2017,SGP,0.1370654538039094
2018,SGP,0.1400650132751375
2019,SGP,0.1373794649732065
2020,SGP,0.1347949624339306
2010,SLB,0.0
2011,SLB,0.0
2012,SLB,0.0
2013,SLB,0.0
2014,SLB,0.0
2015,SLB,0.0
2016,SLB,0.0
2017,SLB,0.0
2018,SLB,0.0
2019,SLB,0.0
2020,SLB,0.0
2010,SLE,0.0
2011,SLE,0.0
2012,SLE,0.0
2013,SLE,0.0
2014,SLE,0.0
2015,SLE,0.0
2016,SLE,0.0
2017,SLE,0.0
2018,SLE,0.0
2019,SLE,0.0
2020,SLE,0.0
2010,SLV,0.0
2011,SLV,0.0
2012,SLV,0.0
2013,SLV,0.0
2014,SLV,0.0
2015,SLV,0.0
2016,SLV,0.0
2017,SLV,0.0
2018,SLV,0.0
2019,SLV,0.0
2020,SLV,0.0
2010,SMR,0.0014280253879442
2011,SMR,0.0015760230779623
2012,SMR,0.0013352767377256
2013,SMR,0.001532376432858
2014,SMR,0.0017895921629839
2015,SMR,0.0010491244806215
2016,SMR,0.00114130263774
2017,SMR,0.0010297647911226
2018,SMR,0.0013787896108623
2019,SMR,0.0014635958166215
2020,SMR,0.0014655802862553
2010,SOM,0.0
2011,SOM,0.0
2012,SOM,0.0
2013,SOM,0.0
2014,SOM,0.0
2015,SOM,0.0
2016,SOM,0.0
2017,SOM,0.0
2018,SOM,0.0
2019,SOM,0.0
2020,SOM,0.0
2010,SRB,0.0
2011,SRB,0.0
2012,SRB,0.0
2013,SRB,0.0
2014,SRB,0.0
2015,SRB,0.0
2016,SRB,0.0
2017,SRB,0.0
2018,SRB,0.0
2019,SRB,0.0
2020,SRB,0.0
2010,SSD,0.0
2011,SSD,0.0
2012,SSD,0.0
2013,SSD,0.0
2014,SSD,0.0
2015,SSD,0.0
2016,SSD,0.0
2017,SSD,0.0
2018,SSD,0.0
2019,SSD,0.0
2020,SSD,0.0
2010,STP,0.0
2011,STP,0.0
2012,STP,0.0
2013,STP,0.0
2014,STP,0.0
2015,STP,0.0
2016,STP,0.0
2017,STP,0.0
2018,STP,0.0
2019,STP,0.0
2020,STP,0.0
2010,SUR,0.0
2011,SUR,0.0
2012,SUR,0.0
2013,SUR,0.0
2014,SUR,0.0
2015,SUR,0.0
2016,SUR,0.0
2017,SUR,0.0
2018,SUR,0.0
2019,SUR,0.0
2020,SUR,0.0
2010,SVK,0.0
2011,SVK,0.0
2012,SVK,0.0
2013,SVK,0.0
2014,SVK,0.0
2015,SVK,0.0
2016,SVK,0.0
2017,SVK,0.0
2018,SVK,0.0
2019,SVK,0.0
2020,SVK,0.0
2010,SVN,0.0001505830117242
2011,SVN,0.0001462716935833
2012,SVN,0.0001422003773085
2013,SVN,0.0001383495650162
2014,SVN,0.0001347018151619
2015,SVN,0.0001312414784148
2016,SVN,0.0001281198915074
2017,SVN,0.0001251433489959
2018,SVN,0.000122301971188
2019,SVN,0.0001224478736268
2020,SVN,0.0001197884604173
2010,SWE,0.0001632411283183
2011,SWE,0.0001569854287036
2012,SWE,0.0001511914932192
2013,SWE,0.0001458100140503
2014,SWE,0.0001407984623038
2015,SWE,0.0001361199617463
2016,SWE,0.0001340461838966
2017,SWE,0.0001320346455461
2018,SWE,0.0001300825861648
2019,SWE,0.0001308519920911
2020,SWE,0.0001289729779628
2010,SWZ,0.0
2011,SWZ,0.0
2012,SWZ,0.0
2013,SWZ,0.0
2014,SWZ,0.0
2015,SWZ,0.0
2016,SWZ,0.0
2017,SWZ,0.0
2018,SWZ,0.0
2019,SWZ,0.0
2020,SWZ,0.0
2010,SXM,0.0
2011,SXM,0.0
2012,SXM,0.0
2013,SXM,0.0
2014,SXM,0.0
2015,SXM,0.0
2016,SXM,0.0
2017,SXM,0.0
2018,SXM,0.0
2019,SXM,0.0
2020,SXM,0.0
2010,SYC,0.0
2011,SYC,0.0
2012,SYC,0.0
2013,SYC,0.0
2014,SYC,0.0
2015,SYC,0.0
2016,SYC,0.0
2017,SYC,0.0
2018,SYC,0.0
2019,SYC,0.0
2020,SYC,0.0
2010,SYR,0.0
2011,SYR,0.0
2012,SYR,0.0
2013,SYR,0.0
2014,SYR,0.0
2015,SYR,0.0
2016,SYR,0.0
2017,SYR,0.0
2018,SYR,0.0
2019,SYR,0.0
2020,SYR,0.0
2010,TCA,0.0
2011,TCA,0.0
2012,TCA,0.0
2013,TCA,0.0
2014,TCA,0.0
2015,TCA,0.0
2016,TCA,0.0
2017,TCA,0.0
2018,TCA,0.0
2019,TCA,0.0
2020,TCA,0.0
2010,TCD,0.0
2011,TCD,0.0
2012,TCD,0.0
2013,TCD,0.0
2014,TCD,0.0
2015,TCD,0.0
2016,TCD,0.0
2017,TCD,0.0
2018,TCD,0.0
2019,TCD,0.0
2020,TCD,0.0
2010,TGO,0.0
2011,TGO,0.0
2012,TGO,0.0
2013,TGO,0.0
2014,TGO,0.0
2015,TGO,0.0
2016,TGO,0.0
2017,TGO,0.0
2018,TGO,0.0
2019,TGO,0.0
2020,TGO,0.0
2010,THA,0.0
2011,THA,0.0
2012,THA,0.0
2013,THA,0.0
2014,THA,0.0
2015,THA,0.0
2016,THA,0.0
2017,THA,0.0
2018,THA,0.0
2019,THA,0.0
2020,THA,0.0
2010,TJK,0.0
2011,TJK,0.0
2012,TJK,0.0
2013,TJK,0.0
2014,TJK,0.0
2015,TJK,0.0
2016,TJK,0.0
2017,TJK,0.0
2018,TJK,0.0
2019,TJK,0.0
2020,TJK,0.0
2010,TKM,0.0
2011,TKM,0.0
2012,TKM,0.0
2013,TKM,0.0
2014,TKM,0.0
2015,TKM,0.0
2016,TKM,0.0
2017,TKM,0.0
2018,TKM,0.0
2019,TKM,0.0
2020,TKM,0.0
2010,TLS,0.0
2011,TLS,0.0
2012,TLS,0.0
2013,TLS,0.0
2014,TLS,0.0
2015,TLS,0.0
2016,TLS,0.0
2017,TLS,0.0
2018,TLS,0.0
2019,TLS,0.0
2020,TLS,0.0
2010,TON,0.0
2011,TON,0.0
2012,TON,0.0
2013,TON,0.0
2014,TON,0.0
2015,TON,0.0
2016,TON,0.0
2017,TON,0.0
2018,TON,0.0
2019,TON,0.0
2020,TON,0.0
2010,TTO,0.0
2011,TTO,0.0
2012,TTO,0.0
2013,TTO,0.0
2014,TTO,0.0
2015,TTO,0.0
2016,TTO,0.0
2017,TTO,0.0
2018,TTO,0.0
2019,TTO,0.0
2020,TTO,0.0
2010,TUN,0.0
2011,TUN,0.0
2012,TUN,0.0
2013,TUN,0.0
2014,TUN,0.0
2015,TUN,0.0
2016,TUN,0.0
2017,TUN,0.0
2018,TUN,0.0
2019,TUN,0.0
2020,TUN,0.0
2010,TUR,0.0
2011,TUR,0.0
2012,TUR,0.0
2013,TUR,0.0
2014,TUR,0.0
2015,TUR,0.0
2016,TUR,0.0
2017,TUR,0.0
2018,TUR,0.0
2019,TUR,0.0
2020,TUR,0.0
2010,TUV,0.0
2011,TUV,0.0
2012,TUV,0.0
2013,TUV,0.0
2014,TUV,0.0
2015,TUV,0.0
2016,TUV,0.0
2017,TUV,0.0
2018,TUV,0.0
2019,TUV,0.0
2020,TUV,0.0
2010,TZA,0.0
2011,TZA,0.0
2012,TZA,0.0
2013,TZA,0.0
2014,TZA,0.0
2015,TZA,0.0
2016,TZA,0.0
2017,TZA,0.0
2018,TZA,0.0
2019,TZA,0.0
2020,TZA,0.0
2010,UGA,0.0
2011,UGA,0.0
2012,UGA,0.0
2013,UGA,0.0
2014,UGA,0.0
2015,UGA,0.0
2016,UGA,0.0
2017,UGA,0.0
2018,UGA,0.0
2019,UGA,0.0
2020,UGA,0.0
2010,UKR,0.0
2011,UKR,0.0
2012,UKR,0.0
2013,UKR,0.0
2014,UKR,0.0
2015,UKR,0.0
2016,UKR,0.0
2017,UKR,0.0
2018,UKR,0.0
2019,UKR,0.0
2020,UKR,0.0
2010,URY,0.0
2011,URY,0.0
2012,URY,0.0
2013,URY,0.0
2014,URY,0.0
2015,URY,0.0
2016,URY,0.0
2017,URY,0.0
2018,URY,0.0
2019,URY,0.0
2020,URY,0.0
2010,USA,0.0089636464355894
2011,USA,0.011853217699076
2012,USA,0.0103029391226388
2013,USA,0.00889924294733
2014,USA,0.0078720757475657
2015,USA,0.0074038520746069
2016,USA,0.0065802789693704
2017,USA,0.0062772002926055
2018,USA,0.0059053940961856
2019,USA,0.0056049005338955
2020,USA,0.0055148700466703
2010,UZB,0.0
2011,UZB,0.0
2012,UZB,0.0
2013,UZB,0.0
2014,UZB,0.0
2015,UZB,0.0
2016,UZB,0.0
2017,UZB,0.0
2018,UZB,0.0
2019,UZB,0.0
2020,UZB,0.0
2010,VCT,0.0
2011,VCT,0.0
2012,VCT,0.0
2013,VCT,0.0
2014,VCT,0.0
2015,VCT,0.0
2016,VCT,0.0
2017,VCT,0.0
2018,VCT,0.0
2019,VCT,0.0
2020,VCT,0.0
2010,VEN,0.0
2011,VEN,0.0
2012,VEN,0.0
2013,VEN,0.0
2014,VEN,0.0
2015,VEN,0.0
2016,VEN,0.0
2017,VEN,0.0
2018,VEN,0.0
2019,VEN,0.0
2020,VEN,0.0
2010,VGB,0.0
2011,VGB,0.0
2012,VGB,0.0
2013,VGB,0.0
2014,VGB,0.0
2015,VGB,0.0
2016,VGB,0.0
2017,VGB,0.0
2018,VGB,0.0
2019,VGB,0.0
2020,VGB,0.0
2010,VIR,0.0
2011,VIR,0.0
2012,VIR,0.0
2013,VIR,0.0
2014,VIR,0.0
2015,VIR,0.0
2016,VIR,0.0
2017,VIR,0.0
2018,VIR,0.0
2019,VIR,0.0
2020,VIR,0.0
2010,VNM,0.0
2011,VNM,0.0
2012,VNM,0.0
2013,VNM,3.665927423762881e-05
2014,VNM,0.0001402261760912
2015,VNM,0.0003774461224363
2016,VNM,0.0028764528170892
2017,VNM,0.0090639381668013
2018,VNM,0.0093537750516381
2019,VNM,0.0088378414512556
2020,VNM,0.0083758481422005
2010,VUT,0.0
2011,VUT,0.0
2012,VUT,0.0
2013,VUT,0.0
2014,VUT,0.0
2015,VUT,0.0
2016,VUT,0.0
2017,VUT,0.0
2018,VUT,0.0
2019,VUT,0.0
2020,VUT,0.0
2010,WSM,0.0
2011,WSM,0.0
2012,WSM,0.0
2013,WSM,0.0
2014,WSM,0.0
2015,WSM,0.0
2016,WSM,0.0
2017,WSM,0.0
2018,WSM,0.0
2019,WSM,0.0
2020,WSM,0.0
2010,XKX,0.0
2011,XKX,0.0
2012,XKX,0.0
2013,XKX,0.0
2014,XKX,0.0
2015,XKX,0.0
2016,XKX,0.0
2017,XKX,0.0
2018,XKX,0.0
2019,XKX,0.0
2020,XKX,0.0
2010,YEM,0.0
2011,YEM,0.0
2012,YEM,0.0
2013,YEM,0.0
2014,YEM,0.0
2015,YEM,0.0
2016,YEM,0.0
2017,YEM,0.0
2018,YEM,0.0
2019,YEM,0.0
2020,YEM,0.0
2010,ZAF,0.0
2011,ZAF,0.0
2012,ZAF,0.0
2013,ZAF,0.0
2014,ZAF,0.0
2015,ZAF,0.0
2016,ZAF,0.0
2017,ZAF,0.0
2018,ZAF,0.0
2019,ZAF,0.0
2020,ZAF,0.0
2010,ZMB,0.0
2011,ZMB,0.0
2012,ZMB,0.0
2013,ZMB,0.0
2014,ZMB,0.0
2015,ZMB,0.0
2016,ZMB,0.0
2017,ZMB,0.0
2018,ZMB,0.0
2019,ZMB,0.0
2020,ZMB,0.0
2010,ZWE,0.0
2011,ZWE,0.0
2012,ZWE,0.0
2013,ZWE,0.0
2014,ZWE,0.0
2015,ZWE,0.0
2016,ZWE,0.0
2017,ZWE,0.0
2018,ZWE,0.0
2019,ZWE,0.0
2020,ZWE,0.0
