"year","location_code","prodinit_ippu_rubber_and_leather_tonne"
2010,"ABW",257.182107593677
2011,"ABW",178.958699951128
2012,"ABW",140.735184696047
2013,"ABW",165.078383451564
2014,"ABW",195.972510861744
2015,"ABW",267.113997849575
2016,"ABW",300.165639260946
2017,"ABW",250.478424405532
2018,"ABW",248.312512673936
2019,"ABW",298.190914394863
2020,"ABW",186.378207150829
2010,"AGO",2848.62839669296
2011,"AGO",4268.78393700139
2012,"AGO",6546.23342710897
2013,"AGO",6527.57911386594
2014,"AGO",9308.07542282227
2015,"AGO",5219.13521437039
2016,"AGO",5001.82663038308
2017,"AGO",6627.63982080026
2018,"AGO",5476.29538960717
2019,"AGO",7851.59055213818
2020,"AGO",6995.0272340793
2010,"ALB",2524.30203935108
2011,"ALB",2365.75217938798
2012,"ALB",2588.12700342675
2013,"ALB",3179.87901793173
2014,"ALB",3509.9042668546
2015,"ALB",4001.19044314381
2016,"ALB",4214.16566953557
2017,"ALB",4052.79525772661
2018,"ALB",4927.49113022798
2019,"ALB",5042.8933062295
2020,"ALB",5276.66332944836
2010,"ARE",42614.1501708751
2011,"ARE",44037.9484471313
2012,"ARE",52757.6336411303
2013,"ARE",50866.6004433888
2014,"ARE",51579.7022050578
2015,"ARE",46974.7553529725
2016,"ARE",41849.6529326459
2017,"ARE",42407.3718361343
2018,"ARE",46627.916576049
2019,"ARE",52057.4058462539
2020,"ARE",43471.076451919
2010,"ARG",129956.569431493
2011,"ARG",117498.978807961
2012,"ARG",126199.517524533
2013,"ARG",144211.196731447
2014,"ARG",141676.69632861
2015,"ARG",171537.962831212
2016,"ARG",134594.158876614
2017,"ARG",151258.139661231
2018,"ARG",107359.398293565
2019,"ARG",95958.6404968747
2020,"ARG",80388.3354160015
2010,"ARM",991.769024431691
2011,"ARM",661.017689612857
2012,"ARM",720.119408905917
2013,"ARM",775.599136033991
2014,"ARM",866.373452347421
2015,"ARM",788.773812543209
2016,"ARM",955.972217657599
2017,"ARM",1107.93538156245
2018,"ARM",1048.13238956258
2019,"ARM",994.249537352747
2020,"ARM",1279.01258503458
2010,"ASM",10.922493141166
2011,"ASM",7.49618815999402
2012,"ASM",6.25361679687766
2013,"ASM",3.63911769678565
2014,"ASM",3.12188823905622
2015,"ASM",3.11544069816255
2016,"ASM",3.15232946345892
2017,"ASM",2.75841752351619
2018,"ASM",4.00624589999423
2019,"ASM",8.81291579576652
2020,"ASM",15.2846258782784
2010,"ATG",437.250909673636
2011,"ATG",51.8411789500371
2012,"ATG",87.2770129526292
2013,"ATG",39.9882936420915
2014,"ATG",43.8896354133102
2015,"ATG",65.9170673348358
2016,"ATG",72.583659891004
2017,"ATG",67.985271842158
2018,"ATG",80.960395579738
2019,"ATG",111.181168200807
2020,"ATG",70.6417059509425
2010,"AUS",174267.937912067
2011,"AUS",185378.007665251
2012,"AUS",206045.930841912
2013,"AUS",205826.681495211
2014,"AUS",193984.137421447
2015,"AUS",192863.296407652
2016,"AUS",182582.248244374
2017,"AUS",190187.14409931
2018,"AUS",195570.206677559
2019,"AUS",189123.704039589
2020,"AUS",199368.11142741
2010,"AUT",72326.6080974825
2011,"AUT",66966.8959798796
2012,"AUT",63273.047358021
2013,"AUT",69378.6978116702
2014,"AUT",72222.0084943882
2015,"AUT",71355.1374559631
2016,"AUT",71081.0569622223
2017,"AUT",69031.6969885316
2018,"AUT",71698.8393430648
2019,"AUT",69376.8338410392
2020,"AUT",70314.9506214531
2010,"AZE",4281.2224627087
2011,"AZE",3825.25927524585
2012,"AZE",5088.40825068422
2013,"AZE",5404.28865766271
2014,"AZE",4710.75484051451
2015,"AZE",2967.00818176577
2016,"AZE",2163.13027614595
2017,"AZE",2391.28088354408
2018,"AZE",2569.11062732306
2019,"AZE",3251.74892432415
2020,"AZE",3074.28010432568
2010,"BDI",435.482632651203
2011,"BDI",605.019797636545
2012,"BDI",750.624039697101
2013,"BDI",410.262392448776
2014,"BDI",507.262143289048
2015,"BDI",1240.5991670863
2016,"BDI",588.403242080072
2017,"BDI",671.836013949782
2018,"BDI",766.46921449736
2019,"BDI",608.115751522766
2020,"BDI",549.394267708403
2010,"BEL",122080.179118115
2011,"BEL",116359.534862817
2012,"BEL",110825.063785317
2013,"BEL",121048.495577853
2014,"BEL",119873.335197924
2015,"BEL",102851.558110918
2016,"BEL",100547.224226588
2017,"BEL",96342.4832061819
2018,"BEL",104186.509217267
2019,"BEL",106372.949567237
2020,"BEL",104501.077405319
2010,"BEN",1778.98130400191
2011,"BEN",1723.19506500163
2012,"BEN",2119.0270195546
2013,"BEN",2081.60101952333
2014,"BEN",2434.93162150469
2015,"BEN",3058.27784786887
2016,"BEN",1818.04117367951
2017,"BEN",1554.39963164538
2018,"BEN",1544.13046463897
2019,"BEN",1607.0378506557
2020,"BEN",1875.04418252583
2010,"BFA",910.123356870186
2011,"BFA",859.193843361451
2012,"BFA",837.123197931488
2013,"BFA",815.600448211625
2014,"BFA",970.533497976544
2015,"BFA",724.549453404633
2016,"BFA",817.369213552504
2017,"BFA",980.861688592296
2018,"BFA",1011.77879097494
2019,"BFA",1058.75270512609
2020,"BFA",898.588619600176
2010,"BGD",24773.4044178635
2011,"BGD",20785.5015597082
2012,"BGD",26137.3025799772
2013,"BGD",34684.6063869532
2014,"BGD",37787.3780712628
2015,"BGD",53887.6945173852
2016,"BGD",54698.4751268454
2017,"BGD",51576.3497605136
2018,"BGD",51715.0368416822
2019,"BGD",58106.5690937182
2020,"BGD",57641.1452549791
2010,"BGR",9441.74991228089
2011,"BGR",9208.43419548201
2012,"BGR",9066.7613012563
2013,"BGR",10771.3757276123
2014,"BGR",12029.8958017511
2015,"BGR",12539.2914129381
2016,"BGR",14267.4228912784
2017,"BGR",14081.7565349964
2018,"BGR",14952.8005566167
2019,"BGR",15270.3682225024
2020,"BGR",17026.4613392258
2010,"BHR",1296.74978721118
2011,"BHR",951.004438781539
2012,"BHR",1549.86932124775
2013,"BHR",1288.53135565093
2014,"BHR",1474.82241165242
2015,"BHR",1715.99155794892
2016,"BHR",1624.92138911672
2017,"BHR",1577.70311676923
2018,"BHR",1690.5866664898
2019,"BHR",2053.81576020664
2020,"BHR",2049.12198044044
2010,"BHS",411.399655638959
2011,"BHS",432.770195837622
2012,"BHS",469.441629155068
2013,"BHS",507.19422766262
2014,"BHS",525.252379627311
2015,"BHS",877.56177788182
2016,"BHS",772.859563341338
2017,"BHS",755.355203456226
2018,"BHS",970.908498511315
2019,"BHS",817.58095115178
2020,"BHS",863.301105997812
2010,"BIH",6264.89286143039
2011,"BIH",6406.53392326631
2012,"BIH",6666.14753146948
2013,"BIH",7133.23611887904
2014,"BIH",7284.56834068661
2015,"BIH",7583.56263396596
2016,"BIH",7642.25204943307
2017,"BIH",7314.9560585268
2018,"BIH",7557.83731947841
2019,"BIH",6961.40004169071
2020,"BIH",6782.61674475211
2010,"BLR",12066.0479794609
2011,"BLR",8981.292542355
2012,"BLR",12347.5001287118
2013,"BLR",15649.7826559194
2014,"BLR",13714.9013688207
2015,"BLR",9361.32029488253
2016,"BLR",10047.1530802511
2017,"BLR",10773.9325542332
2018,"BLR",10303.5110827795
2019,"BLR",11417.8621022916
2020,"BLR",12421.7476324249
2010,"BLZ",244.030750016809
2011,"BLZ",296.43577031729
2012,"BLZ",165.353471573974
2013,"BLZ",230.449376508043
2014,"BLZ",265.309642297385
2015,"BLZ",385.249197408553
2016,"BLZ",421.629777335826
2017,"BLZ",376.666273844837
2018,"BLZ",338.752584398268
2019,"BLZ",333.523103513587
2020,"BLZ",275.853088946785
2010,"BMU",244.70376717128
2011,"BMU",192.589411769741
2012,"BMU",213.565469977362
2013,"BMU",215.624963365748
2014,"BMU",168.427790386787
2015,"BMU",214.794093149565
2016,"BMU",219.944278920353
2017,"BMU",213.983873827483
2018,"BMU",177.685414283378
2019,"BMU",185.141726730246
2020,"BMU",471.945480412361
2010,"BOL",3627.29892983022
2011,"BOL",3377.87432322352
2012,"BOL",3488.64965781678
2013,"BOL",4052.25453434401
2014,"BOL",4285.89693802086
2015,"BOL",4688.50533875591
2016,"BOL",5132.13248389852
2017,"BOL",4864.96307069549
2018,"BOL",5017.30160164894
2019,"BOL",4787.26873612342
2020,"BOL",4634.5803649488
2010,"BRA",610927.32821155
2011,"BRA",571391.823581209
2012,"BRA",543801.279817472
2013,"BRA",568878.447818599
2014,"BRA",594038.2693464
2015,"BRA",463536.175187636
2016,"BRA",449458.082622613
2017,"BRA",500107.08924226
2018,"BRA",389806.620681106
2019,"BRA",379553.744359395
2020,"BRA",281075.837329854
2010,"BRB",509.174620148799
2011,"BRB",839.453144114047
2012,"BRB",2659.06826284345
2013,"BRB",255.012574907986
2014,"BRB",306.068958731525
2015,"BRB",369.413258272259
2016,"BRB",342.774137108213
2017,"BRB",387.534203788604
2018,"BRB",356.417202539732
2019,"BRB",293.125562603304
2020,"BRB",325.437156146708
2010,"BRN",1409.63034699684
2011,"BRN",1269.97649135205
2012,"BRN",1720.54874939002
2013,"BRN",2528.34580121332
2014,"BRN",2930.12432532498
2015,"BRN",2078.46295398795
2016,"BRN",1115.84902337333
2017,"BRN",1197.62727099399
2018,"BRN",942.139171085226
2019,"BRN",726.261753992814
2020,"BRN",700.804977321104
2010,"BTN",52.9313425920476
2011,"BTN",64.3828545895154
2012,"BTN",58.8663747707087
2013,"BTN",57.8347688788681
2014,"BTN",60.7990656115627
2015,"BTN",83.5666780507576
2016,"BTN",130.613425386279
2017,"BTN",105.122611598114
2018,"BTN",230.801756730424
2019,"BTN",349.079884563693
2020,"BTN",269.130839193524
2010,"BWA",2064.3207147895
2011,"BWA",1486.84595339279
2012,"BWA",1701.63327199864
2013,"BWA",1418.96258183116
2014,"BWA",1547.29334297437
2015,"BWA",1935.21878852565
2016,"BWA",1628.36741610834
2017,"BWA",2191.34562066532
2018,"BWA",1601.04784598672
2019,"BWA",1412.51021223124
2020,"BWA",1177.68799484344
2010,"CAF",85.0884435980226
2011,"CAF",83.4905746416172
2012,"CAF",79.6103888808381
2013,"CAF",107.261527828888
2014,"CAF",89.3046386285819
2015,"CAF",39.3678609201869
2016,"CAF",84.9350438008452
2017,"CAF",59.7431817685237
2018,"CAF",66.3120192798007
2019,"CAF",53.4740516659018
2020,"CAF",92.8622635339677
2010,"CAN",310252.58411878
2011,"CAN",286640.214829358
2012,"CAN",321838.202587067
2013,"CAN",322767.862392064
2014,"CAN",313426.861434989
2015,"CAN",308837.027016746
2016,"CAN",296784.022648021
2017,"CAN",292781.860775136
2018,"CAN",301918.582997133
2019,"CAN",315339.649969785
2020,"CAN",307476.74867821
2010,"CHE",54065.0792720104
2011,"CHE",52863.7830643275
2012,"CHE",54417.5841411666
2013,"CHE",56734.1750163206
2014,"CHE",68433.5956226852
2015,"CHE",68419.4343322755
2016,"CHE",64728.7676844986
2017,"CHE",72364.4739531976
2018,"CHE",87690.1768364891
2019,"CHE",124533.376840203
2020,"CHE",110708.413411272
2010,"CHL",41917.3698929504
2011,"CHL",41927.8271655467
2012,"CHL",51139.1182843409
2013,"CHL",53643.1894674826
2014,"CHL",52679.4644131522
2015,"CHL",54300.0884535744
2016,"CHL",51697.2081824835
2017,"CHL",54774.391044215
2018,"CHL",55271.6884172038
2019,"CHL",57856.7591592816
2020,"CHL",52831.4601058142
2010,"CHN",1923879.32426764
2011,"CHN",2029525.56155842
2012,"CHN",2288462.83312253
2013,"CHN",2578083.90126227
2014,"CHN",2698902.78450602
2015,"CHN",3076974.1222141
2016,"CHN",3027020.26307444
2017,"CHN",3181278.30891668
2018,"CHN",3261321.11741382
2019,"CHN",3467744.97796284
2020,"CHN",3428488.38479609
2010,"CIV",20672.7315842217
2011,"CIV",21814.7032396072
2012,"CIV",17976.1978750849
2013,"CIV",22424.4221342325
2014,"CIV",21179.6787252106
2015,"CIV",20890.4863242013
2016,"CIV",24333.4289616558
2017,"CIV",33637.4990764123
2018,"CIV",37445.0336927217
2019,"CIV",42780.8896196661
2020,"CIV",54141.7448934726
2010,"CMR",7511.66732082426
2011,"CMR",8010.03154535108
2012,"CMR",7554.73963359385
2013,"CMR",7855.17398993559
2014,"CMR",7156.60092366636
2015,"CMR",6775.70383748613
2016,"CMR",6173.18431961574
2017,"CMR",6701.92813438112
2018,"CMR",5273.38628538692
2019,"CMR",4855.34220030449
2020,"CMR",7856.73199411912
2010,"COD",978.178276511065
2011,"COD",968.728839671193
2012,"COD",2065.13509340057
2013,"COD",2236.34493666033
2014,"COD",2510.39829761368
2015,"COD",2947.89191742053
2016,"COD",1945.71410421289
2017,"COD",2085.49714039666
2018,"COD",2911.44879828707
2019,"COD",3940.58235420455
2020,"COD",3493.75089269995
2010,"COG",645.365384263563
2011,"COG",773.218979027029
2012,"COG",1093.42561232212
2013,"COG",1242.24547620312
2014,"COG",986.945086743338
2015,"COG",594.063903282193
2016,"COG",384.52165914979
2017,"COG",512.553767090029
2018,"COG",542.400790692083
2019,"COG",516.943789907042
2020,"COG",704.648797432849
2010,"COL",58595.3173083651
2011,"COL",53617.0002898312
2012,"COL",56392.0959712267
2013,"COL",59859.9098512066
2014,"COL",60975.4148790073
2015,"COL",55088.1614983976
2016,"COL",49014.6117604843
2017,"COL",51617.6783539027
2018,"COL",53291.828343684
2019,"COL",51276.0823108382
2020,"COL",42431.445699134
2010,"COM",35.3774704938451
2011,"COM",26.9373146348828
2012,"COM",37.1378173172967
2013,"COM",61.749634337149
2014,"COM",75.4322398714412
2015,"COM",49.2697684244301
2016,"COM",52.461779310225
2017,"COM",59.8774439161812
2018,"COM",76.9500932286208
2019,"COM",60.7348637549173
2020,"COM",76.0890916157177
2010,"CPV",228.763179270041
2011,"CPV",194.449624364174
2012,"CPV",185.617096808647
2013,"CPV",233.383836682254
2014,"CPV",129.994663038202
2015,"CPV",102.121529849384
2016,"CPV",112.575359370975
2017,"CPV",95.9185748377544
2018,"CPV",115.772323614494
2019,"CPV",100.359865358244
2020,"CPV",112.797943298413
2010,"CRI",13936.5119967297
2011,"CRI",12083.2517552821
2012,"CRI",11333.8005932043
2013,"CRI",12323.2147834623
2014,"CRI",11961.2325432476
2015,"CRI",14760.6623688479
2016,"CRI",12790.2508904471
2017,"CRI",13754.9850669999
2018,"CRI",13434.2003067164
2019,"CRI",13668.5596829101
2020,"CRI",12685.9419671159
2010,"CUB",6009.08285364625
2011,"CUB",5192.78761660722
2012,"CUB",7460.78312649693
2013,"CUB",6251.53029955005
2014,"CUB",6804.5780381995
2015,"CUB",10384.1326704551
2016,"CUB",9878.74443285777
2017,"CUB",6869.60761026874
2018,"CUB",6806.3153760862
2019,"CUB",6029.57308320429
2020,"CUB",5926.74956678274
2010,"CUW",130.346195349661
2011,"CUW",95.2857232041797
2012,"CUW",131.511568306625
2013,"CUW",138.683033916833
2014,"CUW",131.826935557861
2015,"CUW",150.432684828625
2016,"CUW",135.044067627249
2017,"CUW",129.639354006256
2018,"CUW",130.346195349661
2019,"CUW",130.346195349661
2020,"CUW",130.346195349661
2010,"CYM",151.066632825897
2011,"CYM",151.066632825897
2012,"CYM",151.066632825897
2013,"CYM",151.066632825897
2014,"CYM",151.066632825897
2015,"CYM",151.066632825897
2016,"CYM",151.066632825897
2017,"CYM",145.250433672765
2018,"CYM",148.819307728931
2019,"CYM",135.934359270567
2020,"CYM",174.262430631325
2010,"CYP",2117.59825215896
2011,"CYP",1962.30413849295
2012,"CYP",2023.15672604544
2013,"CYP",2042.52826458314
2014,"CYP",1603.93943039361
2015,"CYP",1592.61047969408
2016,"CYP",1491.59795940526
2017,"CYP",1477.47979223484
2018,"CYP",1656.91074735297
2019,"CYP",1594.27239930577
2020,"CYP",1397.93869744179
2010,"CZE",77650.9951698196
2011,"CZE",77245.3671163595
2012,"CZE",73958.4980254548
2013,"CZE",77760.4811225426
2014,"CZE",76570.0156504703
2015,"CZE",75497.9032812485
2016,"CZE",80768.0322214382
2017,"CZE",84037.1829128927
2018,"CZE",92119.2722399473
2019,"CZE",94375.5120587445
2020,"CZE",91245.9892527171
2010,"DEU",771786.554217772
2011,"DEU",766575.0497546
2012,"DEU",726092.998058995
2013,"DEU",786603.363031587
2014,"DEU",829037.746538837
2015,"DEU",779340.425850845
2016,"DEU",798594.0018857
2017,"DEU",797084.945084873
2018,"DEU",829322.997075241
2019,"DEU",807715.270330947
2020,"DEU",848601.867628151
2010,"DJI",540.75519821784
2011,"DJI",540.75519821784
2012,"DJI",540.75519821784
2013,"DJI",345.335539670208
2014,"DJI",455.955132113092
2015,"DJI",593.84026878554
2016,"DJI",673.740899155578
2017,"DJI",548.639562852337
2018,"DJI",419.940090048349
2019,"DJI",597.733014849798
2020,"DJI",690.857078267819
2010,"DMA",243.098792750971
2011,"DMA",189.107188510306
2012,"DMA",291.593688366429
2013,"DMA",303.558796462905
2014,"DMA",111.116085948471
2015,"DMA",45.1173291306565
2016,"DMA",63.5334692776787
2017,"DMA",46.0712871576154
2018,"DMA",46.6536367857479
2019,"DMA",148.872252710087
2020,"DMA",148.872252710087
2010,"DNK",29272.2936083134
2011,"DNK",26458.6815603273
2012,"DNK",25197.17274952
2013,"DNK",27999.330900128
2014,"DNK",30249.813527289
2015,"DNK",28636.4543659681
2016,"DNK",29681.6049238572
2017,"DNK",30228.5479532032
2018,"DNK",31680.9497477479
2019,"DNK",29512.4583652765
2020,"DNK",33714.5763530915
2010,"DOM",7012.2888080967
2011,"DOM",6891.69578853415
2012,"DOM",7280.78240274192
2013,"DOM",7810.64337635428
2014,"DOM",9325.94048504313
2015,"DOM",10718.1652403502
2016,"DOM",10116.9427136264
2017,"DOM",9452.58189901628
2018,"DOM",9076.28496846161
2019,"DOM",9512.48698132631
2020,"DOM",8252.99028906846
2010,"DZA",12045.6767067327
2011,"DZA",12819.1055664413
2012,"DZA",17159.6960992333
2013,"DZA",14957.2005762767
2014,"DZA",16040.177996312
2015,"DZA",15003.1052748656
2016,"DZA",15080.2507582073
2017,"DZA",12741.6886237984
2018,"DZA",16338.6420162435
2019,"DZA",18838.8138905418
2020,"DZA",16243.7260995536
2010,"ECU",10652.0530988924
2011,"ECU",9667.20578831623
2012,"ECU",12171.5129088046
2013,"ECU",12143.7562146607
2014,"ECU",12485.2566741335
2015,"ECU",13704.5313164684
2016,"ECU",13481.8438884558
2017,"ECU",14839.0919685393
2018,"ECU",13936.4180000342
2019,"ECU",13957.1434283665
2020,"ECU",13449.7247197699
2010,"EGY",36276.8316299394
2011,"EGY",34946.0016607425
2012,"EGY",40515.2577296978
2013,"EGY",44588.3164847755
2014,"EGY",54957.8698772515
2015,"EGY",58076.9021149946
2016,"EGY",55205.853497176
2017,"EGY",34235.3268019445
2018,"EGY",36903.4894453181
2019,"EGY",43880.7133560166
2020,"EGY",52022.9637250429
2010,"ERI",573.59670850689
2011,"ERI",675.252087478465
2012,"ERI",624.424397992677
2013,"ERI",624.424397992677
2014,"ERI",624.424397992677
2015,"ERI",624.424397992677
2016,"ERI",624.424397992677
2017,"ERI",624.424397992677
2018,"ERI",624.424397992677
2019,"ERI",624.424397992677
2020,"ERI",624.424397992677
2010,"ESP",383671.734316957
2011,"ESP",371907.259850483
2012,"ESP",322802.62858497
2013,"ESP",342562.802675394
2014,"ESP",346214.238576702
2015,"ESP",331312.051072824
2016,"ESP",334974.333770585
2017,"ESP",327687.111332954
2018,"ESP",347453.078071301
2019,"ESP",352317.442849857
2020,"ESP",354280.558772856
2010,"EST",4513.30948904076
2011,"EST",4772.09295017411
2012,"EST",5444.39580917833
2013,"EST",5544.59210063357
2014,"EST",6016.37461292111
2015,"EST",4856.23430444296
2016,"EST",4063.42828105633
2017,"EST",4251.53481394542
2018,"EST",4880.94002675388
2019,"EST",4997.07247518854
2020,"EST",4965.11527716857
2010,"ETH",12433.234183099
2011,"ETH",6276.00182568528
2012,"ETH",7516.02549233728
2013,"ETH",10781.3636057122
2014,"ETH",15706.1885126279
2015,"ETH",13300.2703789436
2016,"ETH",14857.6442949202
2017,"ETH",15271.5424652554
2018,"ETH",13623.9102574865
2019,"ETH",14871.3913134085
2020,"ETH",12128.0036846135
2010,"FIN",39128.5510932023
2011,"FIN",40025.1553921883
2012,"FIN",40067.5918383533
2013,"FIN",40614.6318295771
2014,"FIN",40766.0881495706
2015,"FIN",38208.3041129178
2016,"FIN",37337.6462358519
2017,"FIN",37763.558024327
2018,"FIN",37886.5043057169
2019,"FIN",36986.6174906049
2020,"FIN",38216.9451788216
2010,"FJI",253.219976409033
2011,"FJI",225.210568629644
2012,"FJI",317.344430081302
2013,"FJI",297.284289656814
2014,"FJI",353.760346564472
2015,"FJI",457.683144671605
2016,"FJI",553.25359206223
2017,"FJI",463.092717509099
2018,"FJI",498.155745052774
2019,"FJI",416.230704203202
2020,"FJI",476.904355065299
2010,"FRA",748312.477269814
2011,"FRA",722552.658730891
2012,"FRA",713054.561972417
2013,"FRA",738598.809398323
2014,"FRA",739070.752205255
2015,"FRA",694567.773625967
2016,"FRA",694878.267286337
2017,"FRA",696721.033531123
2018,"FRA",774734.231971351
2019,"FRA",815927.929536266
2020,"FRA",845227.158576633
2010,"FRO",112.142301100949
2011,"FRO",95.3930945105081
2012,"FRO",93.2457930278667
2013,"FRO",110.750468409643
2014,"FRO",126.880318227967
2015,"FRO",111.941647609149
2016,"FRO",120.997508048077
2017,"FRO",161.389829099207
2018,"FRO",197.614824954849
2019,"FRO",174.649341952351
2020,"FRO",191.346525013235
2010,"FSM",14.9979047757611
2011,"FSM",25.1936071493246
2012,"FSM",22.382569580767
2013,"FSM",18.2551903819525
2014,"FSM",25.3595408550721
2015,"FSM",14.0275652111721
2016,"FSM",12.6521896870803
2017,"FSM",9.66319523078369
2018,"FSM",12.1706563934833
2019,"FSM",11.2303306570054
2020,"FSM",16.9936848430559
2010,"GAB",1360.24340735181
2011,"GAB",1916.59216702446
2012,"GAB",1691.41019835623
2013,"GAB",1818.27683240405
2014,"GAB",1911.35975502993
2015,"GAB",1737.06281686008
2016,"GAB",1553.61206157661
2017,"GAB",1524.40427186239
2018,"GAB",1689.91735439437
2019,"GAB",1743.81481714366
2020,"GAB",2002.92977875216
2010,"GBR",348665.004693945
2011,"GBR",339016.52890013
2012,"GBR",338533.942116817
2013,"GBR",375156.376030751
2014,"GBR",408523.242022485
2015,"GBR",422313.72030327
2016,"GBR",378367.850692657
2017,"GBR",359267.575368177
2018,"GBR",374303.872234264
2019,"GBR",373538.098530976
2020,"GBR",394551.433434607
2010,"GEO",1117.64009972766
2011,"GEO",1240.32903720955
2012,"GEO",1519.19590062702
2013,"GEO",1874.18336619266
2014,"GEO",2047.93027128726
2015,"GEO",2014.49043866758
2016,"GEO",2001.72028242913
2017,"GEO",2221.45055269024
2018,"GEO",2311.19371200343
2019,"GEO",3031.47223737611
2020,"GEO",3162.31392598557
2010,"GHA",5501.00257280017
2011,"GHA",8596.5578198585
2012,"GHA",6733.51083328259
2013,"GHA",8678.56494692147
2014,"GHA",7510.56126749792
2015,"GHA",8002.93279423938
2016,"GHA",8327.53636506649
2017,"GHA",8962.05440929349
2018,"GHA",9456.68975667561
2019,"GHA",9105.92084093109
2020,"GHA",22615.7521279127
2010,"GIN",1322.89302660128
2011,"GIN",1719.9152791464
2012,"GIN",1497.34315490647
2013,"GIN",1886.71771165962
2014,"GIN",1901.44662581694
2015,"GIN",2331.1360752493
2016,"GIN",1570.83242802786
2017,"GIN",1881.36877920002
2018,"GIN",1856.43585241206
2019,"GIN",2484.15367342692
2020,"GIN",1730.49526240864
2010,"GMB",173.557998384744
2011,"GMB",191.235673262932
2012,"GMB",193.157620376142
2013,"GMB",180.431594060118
2014,"GMB",183.647493278235
2015,"GMB",221.077676954612
2016,"GMB",258.863828119828
2017,"GMB",232.630288817701
2018,"GMB",220.606884307319
2019,"GMB",326.418054615605
2020,"GMB",299.405303463641
2010,"GNB",358.695307837618
2011,"GNB",187.828849263616
2012,"GNB",355.300955345629
2013,"GNB",89.3757885484754
2014,"GNB",67.350672056548
2015,"GNB",57.5620588280566
2016,"GNB",65.2584475642095
2017,"GNB",35.4518075604342
2018,"GNB",29.4173687749131
2019,"GNB",44.4133380588182
2020,"GNB",50.5227820048762
2010,"GNQ",434.975564370177
2011,"GNQ",666.528845643183
2012,"GNQ",694.428711011874
2013,"GNQ",762.761874302902
2014,"GNQ",587.03136050764
2015,"GNQ",333.617071630149
2016,"GNQ",225.527707174811
2017,"GNQ",169.342841076121
2018,"GNQ",187.958838180433
2019,"GNQ",239.694590546449
2020,"GNQ",174.924074275479
2010,"GRC",28952.0863904478
2011,"GRC",22853.3193340293
2012,"GRC",19873.2738955773
2013,"GRC",22789.0341263085
2014,"GRC",21617.1912045355
2015,"GRC",20931.6791302535
2016,"GRC",20704.0432853282
2017,"GRC",18569.8772097816
2018,"GRC",18073.6043030616
2019,"GRC",20151.8755592682
2020,"GRC",21876.0904259225
2010,"GRL",51.9594288367933
2011,"GRL",49.1365419753384
2012,"GRL",54.2231568682928
2013,"GRL",76.4315492107572
2014,"GRL",78.3523382018516
2015,"GRL",69.2459904605295
2016,"GRL",82.9799100541275
2017,"GRL",95.8825724315319
2018,"GRL",75.2975792356791
2019,"GRL",102.334713302864
2020,"GRL",92.9819673322058
2010,"GTM",12827.4360090462
2011,"GTM",14215.8963592968
2012,"GTM",14165.2642594394
2013,"GTM",15721.577595261
2014,"GTM",14330.126591635
2015,"GTM",16086.7031650186
2016,"GTM",15102.6240457849
2017,"GTM",17404.7521369972
2018,"GTM",17117.4149558722
2019,"GTM",18647.3915688246
2020,"GTM",19710.9763205707
2010,"GUM",1565.89128873903
2011,"GUM",1434.61609178507
2012,"GUM",1500.68993018179
2013,"GUM",1271.19211276934
2014,"GUM",1061.21314655233
2015,"GUM",1120.05902526043
2016,"GUM",1289.85795574941
2017,"GUM",1233.54606890005
2018,"GUM",1442.14388885729
2019,"GUM",1513.18100837947
2020,"GUM",1406.8407404774
2010,"HKG",39224.3637088306
2011,"HKG",35111.7282069284
2012,"HKG",36716.1871923896
2013,"HKG",40491.1465030311
2014,"HKG",39815.6882456261
2015,"HKG",43462.4579717247
2016,"HKG",41696.0680062739
2017,"HKG",38453.913689638
2018,"HKG",38487.7174104005
2019,"HKG",38099.819128035
2020,"HKG",31018.43209243
2010,"HND",1547.23750310782
2011,"HND",1366.00830338145
2012,"HND",1834.30144180568
2013,"HND",1634.9004501303
2014,"HND",1611.6205178759
2015,"HND",1895.23302975242
2016,"HND",2021.4667617012
2017,"HND",1743.86959689415
2018,"HND",1689.20584283519
2019,"HND",1716.35186816027
2020,"HND",2122.62937577108
2010,"HRV",14021.6775202841
2011,"HRV",12843.0555394178
2012,"HRV",12122.0166272447
2013,"HRV",12726.3083028518
2014,"HRV",15786.5634028818
2015,"HRV",18262.1805892984
2016,"HRV",17720.7634635269
2017,"HRV",16725.0763329884
2018,"HRV",16330.1167320899
2019,"HRV",16055.9165343529
2020,"HRV",17323.5525726928
2010,"HTI",1156.09795452377
2011,"HTI",1010.4611128677
2012,"HTI",1339.65975711831
2013,"HTI",1367.90407495692
2014,"HTI",1282.09004751658
2015,"HTI",1240.86652388499
2016,"HTI",989.38842507903
2017,"HTI",1252.43597834781
2018,"HTI",1234.68173162955
2019,"HTI",1114.81538956489
2020,"HTI",1594.39061682296
2010,"HUN",36971.9147653799
2011,"HUN",40631.6743644261
2012,"HUN",43699.0527672032
2013,"HUN",49996.7491965352
2014,"HUN",50748.9103830962
2015,"HUN",52798.264574734
2016,"HUN",54628.3158972023
2017,"HUN",54565.325160149
2018,"HUN",60467.6878951795
2019,"HUN",57467.5284261702
2020,"HUN",55000.5099286434
2010,"IDN",423794.186238634
2011,"IDN",462391.997516111
2012,"IDN",421401.691449494
2013,"IDN",402160.010165403
2014,"IDN",344327.803821845
2015,"IDN",369193.924112505
2016,"IDN",388875.910498206
2017,"IDN",457314.545920026
2018,"IDN",393557.327014332
2019,"IDN",454571.196583828
2020,"IDN",470360.386071804
2010,"IND",273647.997857328
2011,"IND",249785.156364678
2012,"IND",274396.629113049
2013,"IND",313906.125477515
2014,"IND",353592.992451672
2015,"IND",407397.671081518
2016,"IND",407990.2417959
2017,"IND",426224.614291015
2018,"IND",436415.423741325
2019,"IND",472737.945828743
2020,"IND",413999.597377942
2010,"IRL",8502.81601677463
2011,"IRL",8817.46012832073
2012,"IRL",8239.91913073188
2013,"IRL",10492.6806021133
2014,"IRL",10319.118585612
2015,"IRL",10805.1775327015
2016,"IRL",8700.43439727457
2017,"IRL",8635.79530680235
2018,"IRL",9347.54904715372
2019,"IRL",7717.03161622973
2020,"IRL",8873.92306316431
2010,"IRN",61878.7139443815
2011,"IRN",64429.6581661472
2012,"IRN",47952.0609779905
2013,"IRN",50415.8671914321
2014,"IRN",66131.2749287867
2015,"IRN",62753.6517538263
2016,"IRN",56754.6827680968
2017,"IRN",58831.9165842708
2018,"IRN",33725.3669899043
2019,"IRN",29652.4215543009
2020,"IRN",18459.6591366075
2010,"IRQ",4621.75014668832
2011,"IRQ",6814.17712094561
2012,"IRQ",14022.2288905563
2013,"IRQ",22629.2342314968
2014,"IRQ",15446.0604282711
2015,"IRQ",14143.9755811567
2016,"IRQ",18086.524085224
2017,"IRQ",21901.2336594664
2018,"IRQ",23044.3810960178
2019,"IRQ",25199.4988978136
2020,"IRQ",23766.6586714522
2010,"ISL",821.005787328968
2011,"ISL",763.190136613026
2012,"ISL",733.340440086202
2013,"ISL",906.170772076921
2014,"ISL",1006.75045289598
2015,"ISL",996.759661045005
2016,"ISL",1294.86074159512
2017,"ISL",1882.56946872179
2018,"ISL",2115.43052539702
2019,"ISL",1513.00807102982
2020,"ISL",2102.19776067967
2010,"ISR",20387.667071772
2011,"ISR",21155.9273195387
2012,"ISR",21041.9645039958
2013,"ISR",24243.1885900296
2014,"ISR",26160.3066555103
2015,"ISR",27652.2072809091
2016,"ISR",25673.5322572042
2017,"ISR",27622.3143879722
2018,"ISR",26406.1262173398
2019,"ISR",28477.7041291909
2020,"ISR",34438.7101172503
2010,"ITA",833941.110065365
2011,"ITA",795584.930525995
2012,"ITA",772641.805996641
2013,"ITA",891357.627118835
2014,"ITA",944007.689627317
2015,"ITA",877919.435186118
2016,"ITA",872534.272176313
2017,"ITA",862230.967677392
2018,"ITA",906712.64599259
2019,"ITA",950425.742330139
2020,"ITA",880827.365433914
2010,"JAM",912.499750915182
2011,"JAM",879.255419010441
2012,"JAM",1373.40973547912
2013,"JAM",1407.69869599165
2014,"JAM",1210.44159515364
2015,"JAM",1425.35643314755
2016,"JAM",1423.0691481715
2017,"JAM",1233.91172926136
2018,"JAM",1104.89494825993
2019,"JAM",1164.77810124642
2020,"JAM",1402.04092335277
2010,"JOR",2502.57723810337
2011,"JOR",2515.41318915697
2012,"JOR",3845.062081123
2013,"JOR",3303.04925652848
2014,"JOR",3427.04705518275
2015,"JOR",3604.65145213336
2016,"JOR",3354.14180703016
2017,"JOR",3048.23211544451
2018,"JOR",3199.41521104085
2019,"JOR",4154.2809070158
2020,"JOR",4639.95888628
2010,"JPN",1306365.04825757
2011,"JPN",1237569.02067013
2012,"JPN",1264491.93618368
2013,"JPN",1093083.71733022
2014,"JPN",946144.146659036
2015,"JPN",970328.097815789
2016,"JPN",1070857.94285767
2017,"JPN",974953.10070719
2018,"JPN",956885.552907656
2019,"JPN",1049333.05080596
2020,"JPN",1062115.39593539
2010,"KAZ",12630.3015726072
2011,"KAZ",16538.616282447
2012,"KAZ",21838.2291501415
2013,"KAZ",31147.1516536604
2014,"KAZ",30843.0295539379
2015,"KAZ",24989.5309177364
2016,"KAZ",26204.873399071
2017,"KAZ",37343.3793517448
2018,"KAZ",30855.5468341896
2019,"KAZ",31500.5357441083
2020,"KAZ",30595.3303729789
2010,"KEN",9596.57060182041
2011,"KEN",8587.94504460912
2012,"KEN",12944.7864118271
2013,"KEN",15027.7561589461
2014,"KEN",15591.5449218885
2015,"KEN",17313.0985638284
2016,"KEN",18776.9832232557
2017,"KEN",17253.8261674942
2018,"KEN",18732.557366363
2019,"KEN",18348.2859515262
2020,"KEN",19889.2658043336
2010,"KGZ",1641.52073736264
2011,"KGZ",2047.73870966717
2012,"KGZ",1986.48756247052
2013,"KGZ",2475.63449270088
2014,"KGZ",2456.11832530015
2015,"KGZ",2194.54934627201
2016,"KGZ",3611.37382022958
2017,"KGZ",3711.08116302486
2018,"KGZ",3451.08690916691
2019,"KGZ",3375.89735616583
2020,"KGZ",2332.2309781844
2010,"KHM",5913.21287868209
2011,"KHM",6945.20769552706
2012,"KHM",7637.57938140356
2013,"KHM",7310.44196207523
2014,"KHM",7420.00338501087
2015,"KHM",9453.97719751138
2016,"KHM",10686.6583653229
2017,"KHM",13536.9060171307
2018,"KHM",19245.3199497671
2019,"KHM",31209.3131090255
2020,"KHM",33845.1239332838
2010,"KIR",7.71717859418408
2011,"KIR",13.9210735752495
2012,"KIR",14.9349428799245
2013,"KIR",6.39951954672884
2014,"KIR",8.72019452806425
2015,"KIR",10.5555601392927
2016,"KIR",12.0631879520805
2017,"KIR",7.76718398609793
2018,"KIR",8.96997625133931
2019,"KIR",6.91686257017027
2020,"KIR",16.8653548797618
2010,"KOR",229927.511528384
2011,"KOR",213178.141609654
2012,"KOR",228687.499612048
2013,"KOR",244293.249147611
2014,"KOR",265445.590171669
2015,"KOR",294180.350925361
2016,"KOR",299222.486364804
2017,"KOR",294151.119108434
2018,"KOR",304685.644815029
2019,"KOR",323665.730031598
2020,"KOR",331743.871542184
2010,"KWT",8811.60589046025
2011,"KWT",10772.5636913984
2012,"KWT",12719.1514688251
2013,"KWT",11133.1856107457
2014,"KWT",10644.8198299525
2015,"KWT",7234.87818394614
2016,"KWT",6594.09867689644
2017,"KWT",7054.29302095052
2018,"KWT",8210.32034129056
2019,"KWT",8930.07431918373
2020,"KWT",9210.49910336493
2010,"LAO",1639.28034660983
2011,"LAO",1642.26759574561
2012,"LAO",2623.8192396463
2013,"LAO",3145.12116953318
2014,"LAO",3435.83506948325
2015,"LAO",4028.74635749853
2016,"LAO",5088.91506692098
2017,"LAO",3086.28354934824
2018,"LAO",3086.28354934824
2019,"LAO",3086.28354934824
2020,"LAO",3086.28354934824
2010,"LBN",3433.64767653203
2011,"LBN",2969.51706060485
2012,"LBN",3737.83582880469
2013,"LBN",4727.76772159705
2014,"LBN",4388.44848551775
2015,"LBN",6011.25483271114
2016,"LBN",6274.93378488137
2017,"LBN",5982.18750950862
2018,"LBN",6281.22245320962
2019,"LBN",7015.12042771534
2020,"LBN",6272.29996961006
2010,"LBY",4949.15759754747
2011,"LBY",2184.68342738617
2012,"LBY",8348.75934860098
2013,"LBY",5996.94835694912
2014,"LBY",4732.92072062967
2015,"LBY",5042.48336945522
2016,"LBY",4817.36374370032
2017,"LBY",5478.74791026102
2018,"LBY",6672.71682970156
2019,"LBY",6256.75865762489
2020,"LBY",5448.05399618564
2010,"LKA",49505.068950342
2011,"LKA",49505.068950342
2012,"LKA",49505.068950342
2013,"LKA",49505.068950342
2014,"LKA",49505.068950342
2015,"LKA",46522.2675299714
2016,"LKA",48052.8804683594
2017,"LKA",48693.3673919916
2018,"LKA",43697.8121375903
2019,"LKA",47458.3732088004
2020,"LKA",62605.7129653388
2010,"LSO",159.888460330776
2011,"LSO",143.739167942856
2012,"LSO",149.561195975025
2013,"LSO",216.948900598221
2014,"LSO",533.45500554614
2015,"LSO",559.878279422929
2016,"LSO",453.886257624231
2017,"LSO",189.811231709532
2018,"LSO",211.044059693369
2019,"LSO",265.026150290787
2020,"LSO",211.594014735998
2010,"LTU",5080.77862344887
2011,"LTU",5492.39737641451
2012,"LTU",5798.28435219764
2013,"LTU",6470.51150979274
2014,"LTU",7701.84698277708
2015,"LTU",6354.60508310646
2016,"LTU",6908.28724925337
2017,"LTU",6880.92312258391
2018,"LTU",7436.12143982373
2019,"LTU",7558.5987863485
2020,"LTU",8642.62162624347
2010,"LUX",10704.3890647417
2011,"LUX",11846.6072710339
2012,"LUX",10009.1794194878
2013,"LUX",9346.00740599215
2014,"LUX",8222.87950070829
2015,"LUX",6873.15367012139
2016,"LUX",7024.58798833358
2017,"LUX",7140.11098073266
2018,"LUX",7461.55180134071
2019,"LUX",7754.84030937277
2020,"LUX",6799.07165581994
2010,"LVA",4787.53019687772
2011,"LVA",5602.20917497502
2012,"LVA",7435.11509141782
2013,"LVA",7185.70707553842
2014,"LVA",6865.26166587978
2015,"LVA",6597.30282240147
2016,"LVA",6702.47812911522
2017,"LVA",6293.5723365454
2018,"LVA",6267.13499396348
2019,"LVA",7135.71611904566
2020,"LVA",7758.32276849889
2010,"MAC",6888.13983040164
2011,"MAC",7953.14615166891
2012,"MAC",10663.3338691949
2013,"MAC",14910.1973784281
2014,"MAC",14283.0422131644
2015,"MAC",11841.188612243
2016,"MAC",12610.3183109935
2017,"MAC",14103.829252311
2018,"MAC",18328.2620673084
2019,"MAC",21462.907346151
2020,"MAC",10188.2932110241
2010,"MAR",13036.7279373816
2011,"MAR",12369.4104091575
2012,"MAR",11891.7982474254
2013,"MAR",14540.5322283645
2014,"MAR",17177.7784628657
2015,"MAR",19495.51050881
2016,"MAR",18497.949955517
2017,"MAR",18328.8910244641
2018,"MAR",20581.7484981532
2019,"MAR",21934.3950052539
2020,"MAR",20973.993348597
2010,"MDA",2221.51984160014
2011,"MDA",2257.43128625857
2012,"MDA",2359.21438086686
2013,"MDA",2726.4066452529
2014,"MDA",2849.40656668277
2015,"MDA",2602.22024231504
2016,"MDA",2744.14773865007
2017,"MDA",2677.06358479105
2018,"MDA",2909.31219552338
2019,"MDA",2943.25804449449
2020,"MDA",3088.98112879605
2010,"MDG",1475.59568262011
2011,"MDG",1767.73781749529
2012,"MDG",2261.79853286731
2013,"MDG",1771.11618052733
2014,"MDG",1677.24982737563
2015,"MDG",1743.18779493313
2016,"MDG",1902.85055630545
2017,"MDG",1587.76345309946
2018,"MDG",1615.29070979421
2019,"MDG",2008.94569281994
2020,"MDG",2299.40783306917
2010,"MDV",144.44376797812
2011,"MDV",144.44376797812
2012,"MDV",144.44376797812
2013,"MDV",144.44376797812
2014,"MDV",112.93454677909
2015,"MDV",123.373186635433
2016,"MDV",139.446077746281
2017,"MDV",185.247319598833
2018,"MDV",152.64873055287
2019,"MDV",168.287242968892
2020,"MDV",129.169271565444
2010,"MEX",189479.290200816
2011,"MEX",184526.047675951
2012,"MEX",219140.737956522
2013,"MEX",242027.799495306
2014,"MEX",260058.173586922
2015,"MEX",265549.073631829
2016,"MEX",236850.494100311
2017,"MEX",234688.777427334
2018,"MEX",245879.638765737
2019,"MEX",261075.178107406
2020,"MEX",236325.294013164
2010,"MHL",13.3271089950858
2011,"MHL",12.4744634356544
2012,"MHL",18.506198543832
2013,"MHL",13.9708822045253
2014,"MHL",13.1343475405038
2015,"MHL",16.1501843136823
2016,"MHL",15.7046843977861
2017,"MHL",21.4684818087208
2018,"MHL",27.8763813084768
2019,"MHL",47.1968065985741
2020,"MHL",64.7960697843959
2010,"MKD",1199.19427894908
2011,"MKD",1120.23465564489
2012,"MKD",1100.15346061999
2013,"MKD",1377.04474772023
2014,"MKD",1398.19583062476
2015,"MKD",1364.1643980711
2016,"MKD",1394.02795696284
2017,"MKD",1517.25588244511
2018,"MKD",1646.83570025334
2019,"MKD",1592.9410498036
2020,"MKD",1884.99593121064
2010,"MLI",1080.25402818332
2011,"MLI",1243.30754573346
2012,"MLI",1411.90642285703
2013,"MLI",1395.97590196991
2014,"MLI",1309.3505511193
2015,"MLI",1275.87298451768
2016,"MLI",1056.36077142062
2017,"MLI",1335.83590011675
2018,"MLI",1373.55333083813
2019,"MLI",1302.14505285307
2020,"MLI",1436.13244927195
2010,"MLT",644.246988028981
2011,"MLT",577.18859847032
2012,"MLT",615.385175319952
2013,"MLT",711.122479068021
2014,"MLT",703.583904457361
2015,"MLT",564.383764482704
2016,"MLT",528.559766589615
2017,"MLT",617.224104723846
2018,"MLT",875.330296424396
2019,"MLT",1271.87122524611
2020,"MLT",847.106729130456
2010,"MMR",35205.2290212504
2011,"MMR",42513.0958351323
2012,"MMR",61845.7442094205
2013,"MMR",23842.3793205286
2014,"MMR",18230.5614802815
2015,"MMR",18693.2966486514
2016,"MMR",18509.6201006993
2017,"MMR",20138.9018969355
2018,"MMR",24291.4352001687
2019,"MMR",34150.8265651249
2020,"MMR",39375.3038307274
2010,"MNE",622.274111182128
2011,"MNE",572.526636219278
2012,"MNE",571.325648181795
2013,"MNE",595.297424462435
2014,"MNE",537.476488799106
2015,"MNE",459.023025429532
2016,"MNE",502.978453508702
2017,"MNE",562.534410848457
2018,"MNE",570.656214828217
2019,"MNE",573.852720339326
2020,"MNE",575.591467599621
2010,"MNG",1335.8837292169
2011,"MNG",1131.67576279195
2012,"MNG",1408.77033936326
2013,"MNG",1856.6660155982
2014,"MNG",1445.8559595971
2015,"MNG",1335.1886034209
2016,"MNG",1356.65396642573
2017,"MNG",1195.43492200662
2018,"MNG",1249.54567990324
2019,"MNG",1473.05725270614
2020,"MNG",1686.50786633582
2010,"MNP",270.807061940139
2011,"MNP",252.537454233092
2012,"MNP",278.246029452976
2013,"MNP",344.181405451336
2014,"MNP",318.53299298926
2015,"MNP",295.52024351117
2016,"MNP",266.014230325105
2017,"MNP",436.408346275051
2018,"MNP",583.624532921516
2019,"MNP",549.130029584389
2020,"MNP",359.500232668403
2010,"MOZ",1598.62887330837
2011,"MOZ",1476.18528982327
2012,"MOZ",1463.90514153471
2013,"MOZ",1512.06902998894
2014,"MOZ",1457.93822121415
2015,"MOZ",1682.41796716387
2016,"MOZ",1143.61069032213
2017,"MOZ",1666.48085389564
2018,"MOZ",1438.83934369499
2019,"MOZ",1560.26441758549
2020,"MOZ",1886.2758511239
2010,"MRT",511.817481191347
2011,"MRT",711.637281857392
2012,"MRT",881.36148510162
2013,"MRT",1017.60520052611
2014,"MRT",801.889265042838
2015,"MRT",657.031369105604
2016,"MRT",896.953587413836
2017,"MRT",978.273758572236
2018,"MRT",961.76713755332
2019,"MRT",830.192424280347
2020,"MRT",782.678822009962
2010,"MUS",1201.26956735425
2011,"MUS",999.437137806318
2012,"MUS",1252.13012575952
2013,"MUS",1205.54431409726
2014,"MUS",1406.4990480455
2015,"MUS",1391.62966959362
2016,"MUS",1263.17829070565
2017,"MUS",1237.27583889254
2018,"MUS",1345.87985816933
2019,"MUS",1400.57915570598
2020,"MUS",1233.12404857201
2010,"MYS",120306.78459142
2011,"MYS",130741.045649623
2012,"MYS",135072.346432992
2013,"MYS",140801.62917986
2014,"MYS",126606.163466391
2015,"MYS",138470.938296388
2016,"MYS",127144.698299676
2017,"MYS",141421.84279885
2018,"MYS",149667.238309068
2019,"MYS",164214.849004621
2020,"MYS",230027.101118312
2010,"NAM",1552.55655918608
2011,"NAM",1619.46072128071
2012,"NAM",1954.23491578837
2013,"NAM",2063.6374458515
2014,"NAM",2366.4864515577
2015,"NAM",2052.55335702047
2016,"NAM",1896.5151964204
2017,"NAM",2637.09219116229
2018,"NAM",2581.60005225343
2019,"NAM",2756.30163526148
2020,"NAM",2408.15997718681
2010,"NCL",658.3058610563
2011,"NCL",671.399256752682
2012,"NCL",632.781542608861
2013,"NCL",721.206865590569
2014,"NCL",893.880426325907
2015,"NCL",908.451152762873
2016,"NCL",806.120354579998
2017,"NCL",765.203759749514
2018,"NCL",757.168652428338
2019,"NCL",757.168652428338
2020,"NCL",757.168652428338
2010,"NER",323.144689645956
2011,"NER",339.919900316667
2012,"NER",436.457081241915
2013,"NER",444.11492209739
2014,"NER",373.708476813173
2015,"NER",457.727213196792
2016,"NER",467.990657194263
2017,"NER",354.90016640016
2018,"NER",356.884300842504
2019,"NER",519.505224583541
2020,"NER",529.813138963235
2010,"NGA",80717.6209319134
2011,"NGA",73809.6149669072
2012,"NGA",77962.8399018617
2013,"NGA",127619.188573319
2014,"NGA",70431.9081336896
2015,"NGA",79222.5931880965
2016,"NGA",62752.288916886
2017,"NGA",62489.5052192117
2018,"NGA",45467.7396575393
2019,"NGA",45008.3462509635
2020,"NGA",103740.124109041
2010,"NIC",993.845374845781
2011,"NIC",1164.64974209762
2012,"NIC",1471.8097993329
2013,"NIC",1496.04561383393
2014,"NIC",1677.7603893141
2015,"NIC",2098.08481246737
2016,"NIC",2065.6808279352
2017,"NIC",1895.72422215299
2018,"NIC",1394.25182650581
2019,"NIC",1481.98232965245
2020,"NIC",1663.58565622714
2010,"NLD",142366.532902756
2011,"NLD",140300.68808765
2012,"NLD",124809.183393639
2013,"NLD",132357.585671671
2014,"NLD",139820.064871199
2015,"NLD",127128.902883633
2016,"NLD",138398.521553202
2017,"NLD",135955.325988577
2018,"NLD",145175.064141956
2019,"NLD",150204.952730838
2020,"NLD",151893.239396581
2010,"NOR",30018.5747266911
2011,"NOR",29186.4975516416
2012,"NOR",32890.2610141851
2013,"NOR",33982.2214249886
2014,"NOR",34279.2147754407
2015,"NOR",28809.3196807712
2016,"NOR",26313.0883196127
2017,"NOR",26881.7862128584
2018,"NOR",29060.8827870415
2019,"NOR",28059.6042854817
2020,"NOR",31406.8318310159
2010,"NPL",2163.10157384472
2011,"NPL",2944.92738175454
2012,"NPL",3029.08713732909
2013,"NPL",3572.10146810139
2014,"NPL",3911.71998723947
2015,"NPL",2428.90618033105
2016,"NPL",3032.50382019777
2017,"NPL",3611.89952125033
2018,"NPL",3672.03075771707
2019,"NPL",3573.92069911195
2020,"NPL",3114.82675595419
2010,"NRU",26.9357395047414
2011,"NRU",4.94557585621277
2012,"NRU",5.86638632210828
2013,"NRU",7.64106574696839
2014,"NRU",7.02831997766406
2015,"NRU",7.72789096303356
2016,"NRU",7.82338276629813
2017,"NRU",6.10422560384728
2018,"NRU",9.20812473430604
2019,"NRU",7.94659838603551
2020,"NRU",7.03729056483212
2010,"NZL",21712.9285497323
2011,"NZL",24105.0164514163
2012,"NZL",26229.6099571992
2013,"NZL",28958.3327305203
2014,"NZL",29932.2926148374
2015,"NZL",29609.0023957899
2016,"NZL",26972.6111958922
2017,"NZL",26418.0172474154
2018,"NZL",26127.7469986221
2019,"NZL",25190.8087379857
2020,"NZL",27530.5997257603
2010,"OMN",5323.34188051194
2011,"OMN",4870.50022431417
2012,"OMN",6030.68787967746
2013,"OMN",5307.61627668543
2014,"OMN",6276.08525982724
2015,"OMN",5003.11678459099
2016,"OMN",5281.43704934094
2017,"OMN",6992.11884810719
2018,"OMN",8578.05514620471
2019,"OMN",8994.6410230232
2020,"OMN",7499.95013534675
2010,"PAK",92458.1434604906
2011,"PAK",85724.8738329181
2012,"PAK",95167.4178379672
2013,"PAK",103077.393782113
2014,"PAK",112751.274410385
2015,"PAK",128977.296811621
2016,"PAK",139604.539731868
2017,"PAK",141775.387546304
2018,"PAK",130565.051792706
2019,"PAK",115307.025956202
2020,"PAK",114495.739140709
2010,"PAN",7535.14995366296
2011,"PAN",7501.44004653824
2012,"PAN",8298.60494671027
2013,"PAN",8143.95808571385
2014,"PAN",9728.65915140923
2015,"PAN",13377.3492492891
2016,"PAN",14760.0253506722
2017,"PAN",12823.9272212965
2018,"PAN",10159.2198462738
2019,"PAN",12172.214748983
2020,"PAN",13207.5957145271
2010,"PER",20388.4470143228
2011,"PER",20804.6729258077
2012,"PER",25949.440925524
2013,"PER",28673.0470616817
2014,"PER",28798.102187576
2015,"PER",33183.3692108051
2016,"PER",29797.4021072387
2017,"PER",30062.5076342299
2018,"PER",32081.5924984002
2019,"PER",34052.7325171703
2020,"PER",33362.608580124
2010,"PHL",36208.5512985951
2011,"PHL",37475.1767540043
2012,"PHL",45991.0895240332
2013,"PHL",49052.3010042922
2014,"PHL",53447.5323949248
2015,"PHL",65394.8107567385
2016,"PHL",66893.7603567175
2017,"PHL",59175.5660587732
2018,"PHL",57011.1560157953
2019,"PHL",77653.26982538
2020,"PHL",70628.3777605233
2010,"POL",168775.104986361
2011,"POL",175659.739918969
2012,"POL",168185.853222425
2013,"POL",183624.471355192
2014,"POL",186661.495932078
2015,"POL",184161.286191328
2016,"POL",180437.093676908
2017,"POL",188856.824644622
2018,"POL",203265.131503335
2019,"POL",204142.267526639
2020,"POL",210161.352303096
2010,"PRT",74805.3443409378
2011,"PRT",65329.9889353919
2012,"PRT",62220.8542849449
2013,"PRT",70979.3211090107
2014,"PRT",71291.5335792603
2015,"PRT",70529.8883593853
2016,"PRT",71156.8811023861
2017,"PRT",69213.3334360235
2018,"PRT",74200.8207206115
2019,"PRT",72460.1468513008
2020,"PRT",72842.9506905028
2010,"PRY",9209.01304849125
2011,"PRY",8538.30077840566
2012,"PRY",8288.42382835212
2013,"PRY",10393.0283740157
2014,"PRY",12363.4480423159
2015,"PRY",9774.78152374181
2016,"PRY",10141.8210262171
2017,"PRY",10841.5240678183
2018,"PRY",8813.21189029755
2019,"PRY",8950.33407241823
2020,"PRY",7327.9264758246
2010,"PSE",712.011097069335
2011,"PSE",540.281244661413
2012,"PSE",698.965427492051
2013,"PSE",1015.61834666206
2014,"PSE",1098.00757100699
2015,"PSE",1129.87700444463
2016,"PSE",1189.61129366448
2017,"PSE",1667.53615655008
2018,"PSE",1534.59633440322
2019,"PSE",945.059025095919
2020,"PSE",1150.79440192165
2010,"PYF",367.150718789965
2011,"PYF",367.150718789965
2012,"PYF",367.150718789965
2013,"PYF",367.150718789965
2014,"PYF",367.150718789965
2015,"PYF",367.150718789965
2016,"PYF",367.150718789965
2017,"PYF",291.668188055007
2018,"PYF",367.150718789965
2019,"PYF",377.859385374944
2020,"PYF",431.924582939945
2010,"QAT",7766.79714887809
2011,"QAT",5944.84826981348
2012,"QAT",5900.35111779224
2013,"QAT",7331.81885762593
2014,"QAT",8303.88298307782
2015,"QAT",8156.9957781167
2016,"QAT",5879.34048864352
2017,"QAT",7609.87108648622
2018,"QAT",9264.64441826317
2019,"QAT",9212.09873821749
2020,"QAT",8033.49911775924
2010,"ROU",90102.6024845356
2011,"ROU",91415.6265290732
2012,"ROU",92873.8400677396
2013,"ROU",95850.7359771487
2014,"ROU",102053.861185385
2015,"ROU",98646.6698117927
2016,"ROU",100888.24951434
2017,"ROU",105037.904859149
2018,"ROU",116844.32238395
2019,"ROU",117836.873414723
2020,"ROU",118107.872147168
2010,"RUS",241785.311546866
2011,"RUS",287827.55538428
2012,"RUS",335755.115482677
2013,"RUS",358108.160664379
2014,"RUS",300840.377521289
2015,"RUS",222427.547945792
2016,"RUS",236922.793635412
2017,"RUS",277916.446147448
2018,"RUS",270174.377853948
2019,"RUS",289556.171780006
2020,"RUS",283106.418515992
2010,"RWA",649.884964824048
2011,"RWA",618.321337541313
2012,"RWA",793.237816639708
2013,"RWA",897.261668677375
2014,"RWA",840.007866892371
2015,"RWA",927.271452064928
2016,"RWA",689.531773464817
2017,"RWA",710.597554589273
2018,"RWA",672.129935356979
2019,"RWA",662.749193673404
2020,"RWA",723.097218286788
2010,"SAU",47258.4791635604
2011,"SAU",53980.3560695692
2012,"SAU",71735.0858584117
2013,"SAU",67561.0118411954
2014,"SAU",62341.8668792656
2015,"SAU",63150.5124418234
2016,"SAU",64543.1904922368
2017,"SAU",65096.1467560052
2018,"SAU",74430.9096844063
2019,"SAU",92377.4692042489
2020,"SAU",81738.9106289626
2010,"SDN",8561.78680954752
2011,"SDN",9902.56428525149
2012,"SDN",13347.179529888
2013,"SDN",18750.179194261
2014,"SDN",265144.290329575
2015,"SDN",259644.135069803
2016,"SDN",280135.861826381
2017,"SDN",228892.943491216
2018,"SDN",255690.763146301
2019,"SDN",362298.006455313
2020,"SDN",626423.365662938
2010,"SEN",2081.47814605546
2011,"SEN",2255.68121542995
2012,"SEN",2788.1538125407
2013,"SEN",3101.76520831777
2014,"SEN",3269.09854309426
2015,"SEN",3868.55146447652
2016,"SEN",3878.11929943432
2017,"SEN",3576.20143195367
2018,"SEN",3065.09676656832
2019,"SEN",2937.77033901666
2020,"SEN",3756.28812915407
2010,"SGP",17038.7649157025
2011,"SGP",17088.3056656543
2012,"SGP",16896.3506324838
2013,"SGP",18077.8538240871
2014,"SGP",19957.2288740675
2015,"SGP",25327.3275348825
2016,"SGP",29510.1095183107
2017,"SGP",27192.401396102
2018,"SGP",30821.2685576758
2019,"SGP",32853.6609821763
2020,"SGP",28437.0693783311
2010,"SLB",36.2754801979595
2011,"SLB",51.1200314871727
2012,"SLB",47.4457740851649
2013,"SLB",42.6781741261005
2014,"SLB",51.4900280335221
2015,"SLB",95.4687203782539
2016,"SLB",125.215220472836
2017,"SLB",156.904915863091
2018,"SLB",149.732357881622
2019,"SLB",107.683813494636
2020,"SLB",146.159294700754
2010,"SLE",348.611988843401
2011,"SLE",453.748188219341
2012,"SLE",275.662160599818
2013,"SLE",360.437010384962
2014,"SLE",520.283891899684
2015,"SLE",480.140137645521
2016,"SLE",305.245243101874
2017,"SLE",385.406187223936
2018,"SLE",472.381206482676
2019,"SLE",513.110282355209
2020,"SLE",462.644462126114
2010,"SLV",2022.34831920767
2011,"SLV",1880.04995880028
2012,"SLV",2246.26158504234
2013,"SLV",2483.45771845121
2014,"SLV",2371.97808979778
2015,"SLV",2894.36460075465
2016,"SLV",3189.68732307984
2017,"SLV",2345.54950698173
2018,"SLV",2153.27641877544
2019,"SLV",2334.17669621676
2020,"SLV",2175.66975644922
2010,"SMR",23.7219460348118
2011,"SMR",23.7219460348118
2012,"SMR",23.7219460348118
2013,"SMR",23.7219460348118
2014,"SMR",23.7219460348118
2015,"SMR",25.4617435748549
2016,"SMR",22.0908647832804
2017,"SMR",25.3510976967287
2018,"SMR",23.7560584470753
2019,"SMR",23.7866481000167
2020,"SMR",21.8852636069146
2010,"SOM",998.278000247812
2011,"SOM",998.278000247812
2012,"SOM",998.278000247812
2013,"SOM",1781.53963674717
2014,"SOM",1116.81703055268
2015,"SOM",916.751624487349
2016,"SOM",832.604665797984
2017,"SOM",709.503544082495
2018,"SOM",919.06260087462
2019,"SOM",835.880665740339
2020,"SOM",874.06423369986
2010,"SRB",15136.2870451523
2011,"SRB",16371.4128133104
2012,"SRB",15660.2940067768
2013,"SRB",19171.1896771714
2014,"SRB",18790.713368556
2015,"SRB",19054.6982515241
2016,"SRB",19378.826069667
2017,"SRB",21557.6160830017
2018,"SRB",25133.6148908566
2019,"SRB",26183.3890598311
2020,"SRB",26370.0071490754
2010,"SSD",154.72874708629
2011,"SSD",154.72874708629
2012,"SSD",54.7804661764852
2013,"SSD",168.083115561133
2014,"SSD",122.607380482743
2015,"SSD",273.4440261248
2016,"SSD",154.72874708629
2017,"SSD",154.72874708629
2018,"SSD",154.72874708629
2019,"SSD",154.72874708629
2020,"SSD",154.72874708629
2010,"SUR",387.787779218821
2011,"SUR",387.787779218821
2012,"SUR",387.787779218821
2013,"SUR",387.787779218821
2014,"SUR",387.787779218821
2015,"SUR",387.787779218821
2016,"SUR",387.787779218821
2017,"SUR",387.787779218821
2018,"SUR",387.787779218821
2019,"SUR",387.787779218821
2020,"SUR",387.787779218821
2010,"SVK",33165.8748328234
2011,"SVK",32924.4661950868
2012,"SVK",34091.4921489591
2013,"SVK",36976.4623564259
2014,"SVK",38178.3629820301
2015,"SVK",37804.3362304168
2016,"SVK",39277.3235584723
2017,"SVK",37819.3800852991
2018,"SVK",41150.2000343703
2019,"SVK",41109.3821811872
2020,"SVK",43021.3098995048
2010,"SVN",19968.4970162868
2011,"SVN",19384.6907588506
2012,"SVN",16300.6209620928
2013,"SVN",18716.3229376269
2014,"SVN",19403.7981313148
2015,"SVN",19482.740611124
2016,"SVN",20258.3797104835
2017,"SVN",19910.0193706667
2018,"SVN",22178.8582826486
2019,"SVN",21822.9977976128
2020,"SVN",20512.2028916038
2010,"SWE",67686.0841844648
2011,"SWE",69352.3111569821
2012,"SWE",69034.2427008534
2013,"SWE",76564.3261681623
2014,"SWE",77519.5169113464
2015,"SWE",72830.2988803947
2016,"SWE",72192.3625168536
2017,"SWE",71860.2100618815
2018,"SWE",74340.4257605172
2019,"SWE",72636.0210414097
2020,"SWE",80821.9664292932
2010,"SWZ",512.272728181418
2011,"SWZ",499.150516079493
2012,"SWZ",632.096292059976
2013,"SWZ",654.599086699389
2014,"SWZ",583.596111104911
2015,"SWZ",586.879444042684
2016,"SWZ",430.648914143949
2017,"SWZ",459.270075156537
2018,"SWZ",488.424229848786
2019,"SWZ",574.860803551603
2020,"SWZ",535.756239401326
2010,"SXM",47.8335243951929
2011,"SXM",26.0941910170048
2012,"SXM",36.6411109813213
2013,"SXM",43.2556180821015
2014,"SXM",57.6613025609162
2015,"SXM",73.4781716740803
2016,"SXM",51.6907856525409
2017,"SXM",49.3735403316642
2018,"SXM",44.4734748619137
2019,"SXM",47.8335243951929
2020,"SXM",47.8335243951929
2010,"SYC",68.9239192345932
2011,"SYC",33.6181259141439
2012,"SYC",47.2558301004076
2013,"SYC",56.8238533032241
2014,"SYC",59.4122897438039
2015,"SYC",87.7251983283889
2016,"SYC",66.2484200281757
2017,"SYC",223.707543446426
2018,"SYC",84.0069676077735
2019,"SYC",75.7071433273134
2020,"SYC",89.9746667665429
2010,"SYR",7781.06592754502
2011,"SYR",8498.41505954277
2012,"SYR",8040.15971321549
2013,"SYR",4859.46821715576
2014,"SYR",5003.41151111122
2015,"SYR",3166.90382894077
2016,"SYR",2069.8376254044
2017,"SYR",2662.2528330056
2018,"SYR",3173.97619611326
2019,"SYR",3673.69674075743
2020,"SYR",2648.95278100661
2010,"TCD",85.2895030235681
2011,"TCD",107.046961303796
2012,"TCD",170.77397155306
2013,"TCD",191.563846410298
2014,"TCD",160.186138737512
2015,"TCD",349.385592180616
2016,"TCD",335.789951338109
2017,"TCD",160.853332386522
2018,"TCD",262.067630022548
2019,"TCD",274.537514914497
2020,"TCD",301.005845884217
2010,"TGO",834.568590270562
2011,"TGO",769.549822234014
2012,"TGO",1878.01565530781
2013,"TGO",2352.97652841139
2014,"TGO",1481.94079964326
2015,"TGO",1791.88367994838
2016,"TGO",2214.99155112935
2017,"TGO",2216.35186948672
2018,"TGO",2177.04209133087
2019,"TGO",2526.71165535563
2020,"TGO",3186.99466423317
2010,"THA",223922.358283844
2011,"THA",241499.654804385
2012,"THA",231623.782101441
2013,"THA",241630.661486883
2014,"THA",218290.798190925
2015,"THA",219733.741684511
2016,"THA",219629.456356115
2017,"THA",262905.446188382
2018,"THA",267204.323841231
2019,"THA",301463.91632361
2020,"THA",347729.186257582
2010,"TJK",996.96611818195
2011,"TJK",1348.30265175795
2012,"TJK",914.361359125847
2013,"TJK",1269.5157981115
2014,"TJK",2093.2067219281
2015,"TJK",1578.4075565975
2016,"TJK",1578.4075565975
2017,"TJK",1903.62392269457
2018,"TJK",1860.90292058626
2019,"TJK",2134.7119827367
2020,"TJK",1684.07653425465
2010,"TKM",1110.53974021861
2011,"TKM",1130.93260936707
2012,"TKM",1850.98887223944
2013,"TKM",2021.22068475463
2014,"TKM",2266.40549514724
2015,"TKM",1586.22850468564
2016,"TKM",1446.25739901447
2017,"TKM",1734.62563038812
2018,"TKM",3153.13753086551
2019,"TKM",1811.14849629786
2020,"TKM",1811.14849629786
2010,"TLS",28.3460436798552
2011,"TLS",29.2550971373284
2012,"TLS",42.5170848948039
2013,"TLS",82.2178356678387
2014,"TLS",65.8058486549195
2015,"TLS",95.3714397166823
2016,"TLS",137.230634047389
2017,"TLS",206.898773616498
2018,"TLS",95.4068376391885
2019,"TLS",164.27023091644
2020,"TLS",163.427583899249
2010,"TON",8.06019742592786
2011,"TON",9.18633981768182
2012,"TON",17.8234668927798
2013,"TON",20.300863752002
2014,"TON",17.437692377437
2015,"TON",15.9778187099084
2016,"TON",12.7496747823041
2017,"TON",10.5668367462417
2018,"TON",10.0323800162245
2019,"TON",10.4812861142677
2020,"TON",13.0438319249048
2010,"TUN",10471.3085796252
2011,"TUN",9549.98537160059
2012,"TUN",9623.57007380021
2013,"TUN",10141.4205365955
2014,"TUN",11167.0184122956
2015,"TUN",12029.9185582204
2016,"TUN",12039.9090311131
2017,"TUN",10501.7928797029
2018,"TUN",10337.3488617379
2019,"TUN",10166.5193537184
2020,"TUN",10179.1959817502
2010,"TUR",190259.074121562
2011,"TUR",185854.293705621
2012,"TUR",186759.155447935
2013,"TUR",204431.857878713
2014,"TUR",201161.623581794
2015,"TUR",197540.674736666
2016,"TUR",203703.53762211
2017,"TUR",192194.387211963
2018,"TUR",180083.718410847
2019,"TUR",181644.424735695
2020,"TUR",185678.384406855
2010,"TZA",6690.28147529252
2011,"TZA",5732.46830839018
2012,"TZA",8334.56851216538
2013,"TZA",8075.60253202439
2014,"TZA",10172.6559657547
2015,"TZA",12117.2360897587
2016,"TZA",11623.7299915967
2017,"TZA",13517.6057830499
2018,"TZA",14164.9582047469
2019,"TZA",14128.2536010506
2020,"TZA",18058.4206012802
2010,"UGA",2231.44064578303
2011,"UGA",3370.41002068312
2012,"UGA",3566.61028284087
2013,"UGA",4721.72609958805
2014,"UGA",6141.83841422582
2015,"UGA",6740.87660232042
2016,"UGA",6199.72365162867
2017,"UGA",5118.86514792321
2018,"UGA",4888.41175677502
2019,"UGA",3788.30761166633
2020,"UGA",4678.6716651119
2010,"UKR",25365.7918889675
2011,"UKR",21686.9490978259
2012,"UKR",23128.4375884749
2013,"UKR",27033.9075661111
2014,"UKR",18815.7757105048
2015,"UKR",14617.8051170465
2016,"UKR",17450.1024306936
2017,"UKR",20663.9155571587
2018,"UKR",23405.4401125724
2019,"UKR",26337.0216885581
2020,"UKR",30526.2147886151
2010,"URY",21598.783989671
2011,"URY",20065.8997870467
2012,"URY",22392.1874110922
2013,"URY",27113.1663913429
2014,"URY",25253.9889966758
2015,"URY",25481.7333160579
2016,"URY",19239.7214902114
2017,"URY",19740.0056989686
2018,"URY",16686.190462397
2019,"URY",13516.5301603315
2020,"URY",9656.66091177182
2010,"USA",2733392.94335079
2011,"USA",2456067.76906466
2012,"USA",2749859.05058801
2013,"USA",2879503.11378541
2014,"USA",3022510.03093664
2015,"USA",3458863.85256549
2016,"USA",3384080.86784044
2017,"USA",3285176.90045103
2018,"USA",3459786.74567462
2019,"USA",3620561.19392738
2020,"USA",3771909.88801385
2010,"UZB",5670.41396172057
2011,"UZB",5890.61216670694
2012,"UZB",8379.15793497573
2013,"UZB",10439.9945419937
2014,"UZB",11699.5068270244
2015,"UZB",11068.9973456472
2016,"UZB",11516.8947836139
2017,"UZB",12069.9054134929
2018,"UZB",7354.56932450275
2019,"UZB",7231.99585057188
2020,"UZB",9405.27880423107
2010,"VEN",32043.7563747581
2011,"VEN",36374.6722593642
2012,"VEN",35627.4585648706
2013,"VEN",18481.0289492568
2014,"VEN",17067.6176131774
2015,"VEN",27918.9067522854
2016,"VEN",27918.9067522854
2017,"VEN",27918.9067522854
2018,"VEN",27918.9067522854
2019,"VEN",27918.9067522854
2020,"VEN",27918.9067522854
2010,"VNM",81954.9268640243
2011,"VNM",78312.4827432614
2012,"VNM",89478.3049119961
2013,"VNM",92832.9057367205
2014,"VNM",100554.133962317
2015,"VNM",111568.140508418
2016,"VNM",115867.462574805
2017,"VNM",116741.008170109
2018,"VNM",123147.146599586
2019,"VNM",138186.79293808
2020,"VNM",138328.457378519
2010,"VUT",36.0141642669047
2011,"VUT",59.1224933217793
2012,"VUT",45.9533243406802
2013,"VUT",42.1712747582872
2014,"VUT",42.1211553775168
2015,"VUT",50.4875594108847
2016,"VUT",59.4581990604613
2017,"VUT",54.7788108664367
2018,"VUT",55.3856957281725
2019,"VUT",79.3560412002077
2020,"VUT",76.9261628828264
2010,"WSM",56.7015062306173
2011,"WSM",52.0651216228631
2012,"WSM",84.1932881504646
2013,"WSM",61.9785282852227
2014,"WSM",152.947678857354
2015,"WSM",95.3101462768808
2016,"WSM",87.3140828021644
2017,"WSM",93.0884351616846
2018,"WSM",91.2314025494664
2019,"WSM",84.8212818444406
2020,"WSM",82.1210105966554
2010,"YEM",4183.41110825077
2011,"YEM",2669.0004756106
2012,"YEM",4998.02344368949
2013,"YEM",7301.76690765463
2014,"YEM",5599.46926892872
2015,"YEM",2417.65804319309
2016,"YEM",4131.24534582308
2017,"YEM",2104.25521614747
2018,"YEM",3606.51050093866
2019,"YEM",4112.37114558183
2020,"YEM",4112.37114558183
2010,"ZAF",79824.2707563711
2011,"ZAF",78001.081612409
2012,"ZAF",80649.3131569857
2013,"ZAF",79381.0354588946
2014,"ZAF",76705.0795325441
2015,"ZAF",75306.0732612088
2016,"ZAF",67046.9486543013
2017,"ZAF",76632.2741043163
2018,"ZAF",77693.1076578454
2019,"ZAF",77546.1079407493
2020,"ZAF",70288.7868684823
2010,"ZMB",2465.4041545141
2011,"ZMB",2177.35640236261
2012,"ZMB",2998.15502899616
2013,"ZMB",3412.23948780038
2014,"ZMB",3300.96867792925
2015,"ZMB",2499.10999407193
2016,"ZMB",2298.97927647808
2017,"ZMB",3018.10835262684
2018,"ZMB",3037.82223762425
2019,"ZMB",3156.84450150371
2020,"ZMB",3592.7702254047
2010,"ZWE",1609.11042015782
2011,"ZWE",1607.20762820752
2012,"ZWE",3100.32390046406
2013,"ZWE",3128.1828563583
2014,"ZWE",3343.15349333899
2015,"ZWE",4747.23469216296
2016,"ZWE",4813.10060569938
2017,"ZWE",4189.7164111805
2018,"ZWE",4036.7154168432
2019,"ZWE",3830.60995662952
2020,"ZWE",3368.80853433494
