Year,iso_code3,ef_ippu_tonne_chf3_per_tonne_production_electronics
2010,ABW,0.0
2011,ABW,0.0
2012,ABW,0.0
2013,ABW,0.0
2014,ABW,0.0
2015,ABW,0.0
2016,ABW,0.0
2017,ABW,0.0
2018,ABW,0.0
2019,ABW,0.0
2020,ABW,0.0
2010,AFG,0.0
2011,AFG,0.0
2012,AFG,0.0
2013,AFG,0.0
2014,AFG,0.0
2015,AFG,0.0
2016,AFG,0.0
2017,AFG,0.0
2018,AFG,0.0
2019,AFG,0.0
2020,AFG,0.0
2010,AGO,0.0
2011,AGO,0.0
2012,AGO,0.0
2013,AGO,0.0
2014,AGO,0.0
2015,AGO,0.0
2016,AGO,0.0
2017,AGO,0.0
2018,AGO,0.0
2019,AGO,0.0
2020,AGO,0.0
2010,ALB,0.0
2011,ALB,0.0
2012,ALB,0.0
2013,ALB,0.0
2014,ALB,0.0
2015,ALB,0.0
2016,ALB,0.0
2017,ALB,0.0
2018,ALB,0.0
2019,ALB,0.0
2020,ALB,0.0
2010,AND,7.44342411861765e-08
2011,AND,1.0642800065663277e-07
2012,AND,6.973116624087711e-08
2013,AND,4.1974680922554406e-08
2014,AND,2.3777748437637507e-08
2015,AND,2.3860306731814908e-08
2016,AND,2.081379093247341e-08
2017,AND,5.607940398863452e-08
2018,AND,5.88714500048132e-08
2019,AND,5.8577948011465564e-08
2020,AND,6.022473596261716e-08
2010,ARE,0.0
2011,ARE,0.0
2012,ARE,0.0
2013,ARE,0.0
2014,ARE,0.0
2015,ARE,0.0
2016,ARE,0.0
2017,ARE,0.0
2018,ARE,0.0
2019,ARE,0.0
2020,ARE,0.0
2010,ARG,0.0
2011,ARG,0.0
2012,ARG,0.0
2013,ARG,0.0
2014,ARG,0.0
2015,ARG,0.0
2016,ARG,0.0
2017,ARG,0.0
2018,ARG,0.0
2019,ARG,0.0
2020,ARG,0.0
2010,ARM,0.0
2011,ARM,0.0
2012,ARM,0.0
2013,ARM,0.0
2014,ARM,0.0
2015,ARM,0.0
2016,ARM,0.0
2017,ARM,0.0
2018,ARM,0.0
2019,ARM,0.0
2020,ARM,0.0
2010,ASM,0.0
2011,ASM,0.0
2012,ASM,0.0
2013,ASM,0.0
2014,ASM,0.0
2015,ASM,0.0
2016,ASM,0.0
2017,ASM,0.0
2018,ASM,0.0
2019,ASM,0.0
2020,ASM,0.0
2010,ATG,0.0
2011,ATG,0.0
2012,ATG,0.0
2013,ATG,0.0
2014,ATG,0.0
2015,ATG,0.0
2016,ATG,0.0
2017,ATG,0.0
2018,ATG,0.0
2019,ATG,0.0
2020,ATG,0.0
2010,AUS,1.198947412574998e-05
2011,AUS,1.1560038504568204e-05
2012,AUS,1.1197298894115626e-05
2013,AUS,1.357658618491268e-05
2014,AUS,1.0365551987229931e-05
2015,AUS,1.2347394126354485e-05
2016,AUS,1.227759601750643e-05
2017,AUS,1.3707424004258103e-05
2018,AUS,1.3140572082484496e-05
2019,AUS,1.3314076189900714e-05
2020,AUS,1.3400490282449902e-05
2010,AUT,0.0
2011,AUT,0.0
2012,AUT,0.0
2013,AUT,0.0
2014,AUT,0.0
2015,AUT,0.0
2016,AUT,0.0
2017,AUT,0.0
2018,AUT,0.0
2019,AUT,0.0
2020,AUT,0.0
2010,AZE,0.0
2011,AZE,0.0
2012,AZE,0.0
2013,AZE,0.0
2014,AZE,0.0
2015,AZE,0.0
2016,AZE,0.0
2017,AZE,0.0
2018,AZE,0.0
2019,AZE,0.0
2020,AZE,0.0
2010,BDI,0.0
2011,BDI,0.0
2012,BDI,0.0
2013,BDI,0.0
2014,BDI,0.0
2015,BDI,0.0
2016,BDI,0.0
2017,BDI,0.0
2018,BDI,0.0
2019,BDI,0.0
2020,BDI,0.0
2010,BEL,1.110894575563083e-07
2011,BEL,9.209278980202337e-08
2012,BEL,1.530608743552424e-07
2013,BEL,7.851949577710116e-08
2014,BEL,1.0538046830534885e-07
2015,BEL,1.094054058281061e-07
2016,BEL,1.066109728445861e-07
2017,BEL,8.782862890475297e-08
2018,BEL,1.03718705211837e-07
2019,BEL,8.66062168010516e-08
2020,BEL,8.520708692214355e-08
2010,BEN,0.0
2011,BEN,0.0
2012,BEN,0.0
2013,BEN,0.0
2014,BEN,0.0
2015,BEN,0.0
2016,BEN,0.0
2017,BEN,0.0
2018,BEN,0.0
2019,BEN,0.0
2020,BEN,0.0
2010,BFA,0.0
2011,BFA,0.0
2012,BFA,0.0
2013,BFA,0.0
2014,BFA,0.0
2015,BFA,0.0
2016,BFA,0.0
2017,BFA,0.0
2018,BFA,0.0
2019,BFA,0.0
2020,BFA,0.0
2010,BGD,0.0
2011,BGD,0.0
2012,BGD,0.0
2013,BGD,0.0
2014,BGD,0.0
2015,BGD,0.0
2016,BGD,0.0
2017,BGD,0.0
2018,BGD,0.0
2019,BGD,0.0
2020,BGD,0.0
2010,BGR,0.0
2011,BGR,1.3750578950907888e-08
2012,BGR,8.458532180356578e-08
2013,BGR,3.330716595958103e-09
2014,BGR,5.620893910829597e-09
2015,BGR,5.62872528900866e-09
2016,BGR,5.312709446354577e-09
2017,BGR,3.457135049379511e-08
2018,BGR,9.941273860860841e-08
2019,BGR,9.181755883869037e-08
2020,BGR,8.955918035074814e-08
2010,BHR,0.0
2011,BHR,0.0
2012,BHR,0.0
2013,BHR,0.0
2014,BHR,0.0
2015,BHR,0.0
2016,BHR,0.0
2017,BHR,0.0
2018,BHR,0.0
2019,BHR,0.0
2020,BHR,0.0
2010,BHS,0.0
2011,BHS,0.0
2012,BHS,0.0
2013,BHS,0.0
2014,BHS,0.0
2015,BHS,0.0
2016,BHS,0.0
2017,BHS,0.0
2018,BHS,0.0
2019,BHS,0.0
2020,BHS,0.0
2010,BIH,0.0
2011,BIH,0.0
2012,BIH,0.0
2013,BIH,0.0
2014,BIH,0.0
2015,BIH,0.0
2016,BIH,0.0
2017,BIH,0.0
2018,BIH,0.0
2019,BIH,0.0
2020,BIH,0.0
2010,BLR,0.0
2011,BLR,0.0
2012,BLR,0.0
2013,BLR,0.0
2014,BLR,0.0
2015,BLR,0.0
2016,BLR,0.0
2017,BLR,0.0
2018,BLR,0.0
2019,BLR,0.0
2020,BLR,0.0
2010,BLZ,0.0
2011,BLZ,0.0
2012,BLZ,0.0
2013,BLZ,0.0
2014,BLZ,0.0
2015,BLZ,0.0
2016,BLZ,0.0
2017,BLZ,0.0
2018,BLZ,0.0
2019,BLZ,0.0
2020,BLZ,0.0
2010,BMU,0.0
2011,BMU,0.0
2012,BMU,0.0
2013,BMU,0.0
2014,BMU,0.0
2015,BMU,0.0
2016,BMU,0.0
2017,BMU,0.0
2018,BMU,0.0
2019,BMU,0.0
2020,BMU,0.0
2010,BOL,0.0
2011,BOL,0.0
2012,BOL,0.0
2013,BOL,0.0
2014,BOL,0.0
2015,BOL,0.0
2016,BOL,0.0
2017,BOL,0.0
2018,BOL,0.0
2019,BOL,0.0
2020,BOL,0.0
2010,BRA,0.0
2011,BRA,0.0
2012,BRA,0.0
2013,BRA,0.0
2014,BRA,0.0
2015,BRA,0.0
2016,BRA,0.0
2017,BRA,0.0
2018,BRA,0.0
2019,BRA,0.0
2020,BRA,0.0
2010,BRB,0.0
2011,BRB,0.0
2012,BRB,0.0
2013,BRB,0.0
2014,BRB,0.0
2015,BRB,0.0
2016,BRB,0.0
2017,BRB,0.0
2018,BRB,0.0
2019,BRB,0.0
2020,BRB,0.0
2010,BRN,0.0
2011,BRN,0.0
2012,BRN,0.0
2013,BRN,0.0
2014,BRN,0.0
2015,BRN,0.0
2016,BRN,0.0
2017,BRN,0.0
2018,BRN,0.0
2019,BRN,0.0
2020,BRN,0.0
2010,BTN,0.0
2011,BTN,0.0
2012,BTN,0.0
2013,BTN,0.0
2014,BTN,0.0
2015,BTN,0.0
2016,BTN,0.0
2017,BTN,0.0
2018,BTN,0.0
2019,BTN,0.0
2020,BTN,0.0
2010,BWA,0.0
2011,BWA,0.0
2012,BWA,0.0
2013,BWA,0.0
2014,BWA,0.0
2015,BWA,0.0
2016,BWA,0.0
2017,BWA,0.0
2018,BWA,0.0
2019,BWA,0.0
2020,BWA,0.0
2010,CAF,0.0
2011,CAF,0.0
2012,CAF,0.0
2013,CAF,0.0
2014,CAF,0.0
2015,CAF,0.0
2016,CAF,0.0
2017,CAF,0.0
2018,CAF,0.0
2019,CAF,0.0
2020,CAF,0.0
2010,CAN,1.051230785345856e-07
2011,CAN,1.1349200811588003e-07
2012,CAN,1.2377270071210674e-07
2013,CAN,1.1410866688323259e-07
2014,CAN,1.0779746775062525e-07
2015,CAN,1.102040525800386e-07
2016,CAN,1.0893097941353972e-07
2017,CAN,1.1647457889537473e-07
2018,CAN,1.1324248844775199e-07
2019,CAN,1.0972734971983729e-07
2020,CAN,1.218201597177236e-07
2010,CHE,2.6485222078749976e-07
2011,CHE,3.138080961533205e-07
2012,CHE,5.971079408367271e-07
2013,CHE,5.648547568459668e-07
2014,CHE,4.489324216462075e-07
2015,CHE,4.643892154400917e-07
2016,CHE,4.851928217738449e-07
2017,CHE,5.672417717250497e-07
2018,CHE,4.574856239111929e-07
2019,CHE,4.512562921759178e-07
2020,CHE,4.793343690888806e-07
2010,CHL,0.0
2011,CHL,0.0
2012,CHL,0.0
2013,CHL,0.0
2014,CHL,0.0
2015,CHL,0.0
2016,CHL,0.0
2017,CHL,0.0
2018,CHL,0.0
2019,CHL,0.0
2020,CHL,0.0
2010,CHN,7.819172378644958e-08
2011,CHN,5.806345428996132e-08
2012,CHN,3.638624822368584e-08
2013,CHN,5.14481548456852e-08
2014,CHN,4.985346074687553e-08
2015,CHN,3.274091129396656e-08
2016,CHN,3.4518961578594115e-08
2017,CHN,3.384565473308091e-08
2018,CHN,3.0047156524799314e-08
2019,CHN,2.9976482462817245e-08
2020,CHN,2.8666352367734212e-08
2010,CIV,0.0
2011,CIV,0.0
2012,CIV,0.0
2013,CIV,0.0
2014,CIV,0.0
2015,CIV,0.0
2016,CIV,0.0
2017,CIV,0.0
2018,CIV,0.0
2019,CIV,0.0
2020,CIV,0.0
2010,CMR,0.0
2011,CMR,0.0
2012,CMR,0.0
2013,CMR,0.0
2014,CMR,0.0
2015,CMR,0.0
2016,CMR,0.0
2017,CMR,0.0
2018,CMR,0.0
2019,CMR,0.0
2020,CMR,0.0
2010,COD,0.0
2011,COD,0.0
2012,COD,0.0
2013,COD,0.0
2014,COD,0.0
2015,COD,0.0
2016,COD,0.0
2017,COD,0.0
2018,COD,0.0
2019,COD,0.0
2020,COD,0.0
2010,COG,0.0
2011,COG,0.0
2012,COG,0.0
2013,COG,0.0
2014,COG,0.0
2015,COG,0.0
2016,COG,0.0
2017,COG,0.0
2018,COG,0.0
2019,COG,0.0
2020,COG,0.0
2010,COL,0.0
2011,COL,0.0
2012,COL,0.0
2013,COL,0.0
2014,COL,0.0
2015,COL,0.0
2016,COL,0.0
2017,COL,0.0
2018,COL,0.0
2019,COL,0.0
2020,COL,0.0
2010,COM,0.0
2011,COM,0.0
2012,COM,0.0
2013,COM,0.0
2014,COM,0.0
2015,COM,0.0
2016,COM,0.0
2017,COM,0.0
2018,COM,0.0
2019,COM,0.0
2020,COM,0.0
2010,CPV,0.0
2011,CPV,0.0
2012,CPV,0.0
2013,CPV,0.0
2014,CPV,0.0
2015,CPV,0.0
2016,CPV,0.0
2017,CPV,0.0
2018,CPV,0.0
2019,CPV,0.0
2020,CPV,0.0
2010,CRI,0.0
2011,CRI,0.0
2012,CRI,0.0
2013,CRI,0.0
2014,CRI,0.0
2015,CRI,0.0
2016,CRI,0.0
2017,CRI,0.0
2018,CRI,0.0
2019,CRI,0.0
2020,CRI,0.0
2010,CUB,0.0
2011,CUB,0.0
2012,CUB,0.0
2013,CUB,0.0
2014,CUB,0.0
2015,CUB,0.0
2016,CUB,0.0
2017,CUB,0.0
2018,CUB,0.0
2019,CUB,0.0
2020,CUB,0.0
2010,CUW,0.0
2011,CUW,0.0
2012,CUW,0.0
2013,CUW,0.0
2014,CUW,0.0
2015,CUW,0.0
2016,CUW,0.0
2017,CUW,0.0
2018,CUW,0.0
2019,CUW,0.0
2020,CUW,0.0
2010,CYM,0.0
2011,CYM,0.0
2012,CYM,0.0
2013,CYM,0.0
2014,CYM,0.0
2015,CYM,0.0
2016,CYM,0.0
2017,CYM,0.0
2018,CYM,0.0
2019,CYM,0.0
2020,CYM,0.0
2010,CYP,0.0
2011,CYP,0.0
2012,CYP,0.0
2013,CYP,0.0
2014,CYP,0.0
2015,CYP,0.0
2016,CYP,0.0
2017,CYP,0.0
2018,CYP,0.0
2019,CYP,0.0
2020,CYP,0.0
2010,CZE,3.2968949392952257e-07
2011,CZE,3.810416289396256e-07
2012,CZE,3.582468208072163e-07
2013,CZE,3.449688168360688e-07
2014,CZE,3.794202416443956e-07
2015,CZE,4.2701146437741387e-07
2016,CZE,3.785256210840594e-07
2017,CZE,4.1194747093591414e-07
2018,CZE,3.3490657008329613e-07
2019,CZE,3.1527603622509786e-07
2020,CZE,3.0752078914565297e-07
2010,DEU,3.985005083091789e-07
2011,DEU,4.1143186148946434e-07
2012,DEU,4.193861978489293e-07
2013,DEU,3.8018471475099133e-07
2014,DEU,3.449206146409033e-07
2015,DEU,3.657803707039615e-07
2016,DEU,3.2989323041977694e-07
2017,DEU,3.14538095054118e-07
2018,DEU,2.97588855859987e-07
2019,DEU,2.825750727446494e-07
2020,DEU,2.798011296396598e-07
2010,DJI,0.0
2011,DJI,0.0
2012,DJI,0.0
2013,DJI,0.0
2014,DJI,0.0
2015,DJI,0.0
2016,DJI,0.0
2017,DJI,0.0
2018,DJI,0.0
2019,DJI,0.0
2020,DJI,0.0
2010,DMA,0.0
2011,DMA,0.0
2012,DMA,0.0
2013,DMA,0.0
2014,DMA,0.0
2015,DMA,0.0
2016,DMA,0.0
2017,DMA,0.0
2018,DMA,0.0
2019,DMA,0.0
2020,DMA,0.0
2010,DNK,0.0
2011,DNK,0.0
2012,DNK,0.0
2013,DNK,0.0
2014,DNK,0.0
2015,DNK,0.0
2016,DNK,0.0
2017,DNK,0.0
2018,DNK,0.0
2019,DNK,0.0
2020,DNK,0.0
2010,DOM,0.0
2011,DOM,0.0
2012,DOM,0.0
2013,DOM,0.0
2014,DOM,0.0
2015,DOM,0.0
2016,DOM,0.0
2017,DOM,0.0
2018,DOM,0.0
2019,DOM,0.0
2020,DOM,0.0
2010,DZA,0.0
2011,DZA,0.0
2012,DZA,0.0
2013,DZA,0.0
2014,DZA,0.0
2015,DZA,0.0
2016,DZA,0.0
2017,DZA,0.0
2018,DZA,0.0
2019,DZA,0.0
2020,DZA,0.0
2010,ECU,0.0
2011,ECU,0.0
2012,ECU,0.0
2013,ECU,0.0
2014,ECU,0.0
2015,ECU,0.0
2016,ECU,0.0
2017,ECU,0.0
2018,ECU,0.0
2019,ECU,0.0
2020,ECU,0.0
2010,EGY,0.0
2011,EGY,0.0
2012,EGY,0.0
2013,EGY,0.0
2014,EGY,0.0
2015,EGY,0.0
2016,EGY,0.0
2017,EGY,0.0
2018,EGY,0.0
2019,EGY,0.0
2020,EGY,0.0
2010,ERI,0.0
2011,ERI,0.0
2012,ERI,0.0
2013,ERI,0.0
2014,ERI,0.0
2015,ERI,0.0
2016,ERI,0.0
2017,ERI,0.0
2018,ERI,0.0
2019,ERI,0.0
2020,ERI,0.0
2010,ESP,0.0
2011,ESP,0.0
2012,ESP,0.0
2013,ESP,0.0
2014,ESP,1.1610987388625788e-08
2015,ESP,8.895914266854185e-09
2016,ESP,7.790090277422341e-09
2017,ESP,6.826350121747669e-09
2018,ESP,6.734205339560996e-09
2019,ESP,6.603719807960147e-09
2020,ESP,6.576808636389511e-09
2010,EST,0.0
2011,EST,0.0
2012,EST,0.0
2013,EST,0.0
2014,EST,0.0
2015,EST,0.0
2016,EST,0.0
2017,EST,0.0
2018,EST,0.0
2019,EST,0.0
2020,EST,0.0
2010,ETH,0.0
2011,ETH,0.0
2012,ETH,0.0
2013,ETH,0.0
2014,ETH,0.0
2015,ETH,0.0
2016,ETH,0.0
2017,ETH,0.0
2018,ETH,0.0
2019,ETH,0.0
2020,ETH,0.0
2010,FIN,1.1030744503641045e-07
2011,FIN,1.1978707470038226e-07
2012,FIN,1.532453377638523e-07
2013,FIN,1.7275439240201198e-07
2014,FIN,1.7012023133731293e-07
2015,FIN,2.190096116565992e-07
2016,FIN,2.3392556799239258e-07
2017,FIN,2.2943423382831501e-07
2018,FIN,2.2709303429392443e-07
2019,FIN,2.347437534810297e-07
2020,FIN,2.345760012832328e-07
2010,FJI,0.0
2011,FJI,0.0
2012,FJI,0.0
2013,FJI,0.0
2014,FJI,0.0
2015,FJI,0.0
2016,FJI,0.0
2017,FJI,0.0
2018,FJI,0.0
2019,FJI,0.0
2020,FJI,0.0
2010,FRA,7.44342411861765e-08
2011,FRA,1.0642800065663277e-07
2012,FRA,6.973116624087711e-08
2013,FRA,4.1974680922554406e-08
2014,FRA,2.3777748437637507e-08
2015,FRA,2.3860306731814908e-08
2016,FRA,2.081379093247341e-08
2017,FRA,5.607940398863452e-08
2018,FRA,5.88714500048132e-08
2019,FRA,5.8577948011465564e-08
2020,FRA,6.022473596261716e-08
2010,FRO,1.4504324423959987e-08
2011,FRO,5.5073623380150137e-08
2012,FRO,1.4325400450929186e-08
2013,FRO,3.748040758286721e-09
2014,FRO,1.24715215482061e-08
2015,FRO,1.049300851839638e-08
2016,FRO,2.049565021434281e-08
2017,FRO,3.074131600378652e-08
2018,FRO,6.208408582015853e-08
2019,FRO,6.636951532427225e-08
2020,FRO,6.465135734226677e-08
2010,FSM,0.0
2011,FSM,0.0
2012,FSM,0.0
2013,FSM,0.0
2014,FSM,0.0
2015,FSM,0.0
2016,FSM,0.0
2017,FSM,0.0
2018,FSM,0.0
2019,FSM,0.0
2020,FSM,0.0
2010,GAB,0.0
2011,GAB,0.0
2012,GAB,0.0
2013,GAB,0.0
2014,GAB,0.0
2015,GAB,0.0
2016,GAB,0.0
2017,GAB,0.0
2018,GAB,0.0
2019,GAB,0.0
2020,GAB,0.0
2010,GBR,8.979158665032006e-08
2011,GBR,9.14608501890932e-08
2012,GBR,1.0550204877737513e-07
2013,GBR,1.1348726667369605e-07
2014,GBR,1.1215869441811477e-07
2015,GBR,1.2546449790075876e-07
2016,GBR,1.525305429522072e-07
2017,GBR,1.770800001127677e-07
2018,GBR,1.8966038928425963e-07
2019,GBR,1.853857356707234e-07
2020,GBR,1.924598850721818e-07
2010,GEO,0.0
2011,GEO,0.0
2012,GEO,0.0
2013,GEO,0.0
2014,GEO,0.0
2015,GEO,0.0
2016,GEO,0.0
2017,GEO,0.0
2018,GEO,0.0
2019,GEO,0.0
2020,GEO,0.0
2010,GHA,0.0
2011,GHA,0.0
2012,GHA,0.0
2013,GHA,0.0
2014,GHA,0.0
2015,GHA,0.0
2016,GHA,0.0
2017,GHA,0.0
2018,GHA,0.0
2019,GHA,0.0
2020,GHA,0.0
2010,GIB,0.0
2011,GIB,0.0
2012,GIB,0.0
2013,GIB,0.0
2014,GIB,0.0
2015,GIB,0.0
2016,GIB,0.0
2017,GIB,0.0
2018,GIB,0.0
2019,GIB,0.0
2020,GIB,0.0
2010,GIN,0.0
2011,GIN,0.0
2012,GIN,0.0
2013,GIN,0.0
2014,GIN,0.0
2015,GIN,0.0
2016,GIN,0.0
2017,GIN,0.0
2018,GIN,0.0
2019,GIN,0.0
2020,GIN,0.0
2010,GMB,0.0
2011,GMB,0.0
2012,GMB,0.0
2013,GMB,0.0
2014,GMB,0.0
2015,GMB,0.0
2016,GMB,0.0
2017,GMB,0.0
2018,GMB,0.0
2019,GMB,0.0
2020,GMB,0.0
2010,GNB,0.0
2011,GNB,0.0
2012,GNB,0.0
2013,GNB,0.0
2014,GNB,0.0
2015,GNB,0.0
2016,GNB,0.0
2017,GNB,0.0
2018,GNB,0.0
2019,GNB,0.0
2020,GNB,0.0
2010,GNQ,0.0
2011,GNQ,0.0
2012,GNQ,0.0
2013,GNQ,0.0
2014,GNQ,0.0
2015,GNQ,0.0
2016,GNQ,0.0
2017,GNQ,0.0
2018,GNQ,0.0
2019,GNQ,0.0
2020,GNQ,0.0
2010,GRC,2.560359175920963e-05
2011,GRC,2.2047703140247145e-05
2012,GRC,2.7732518224741065e-05
2013,GRC,3.4399269585802514e-05
2014,GRC,2.991036562446289e-05
2015,GRC,3.212886154849918e-05
2016,GRC,2.7141337009523888e-05
2017,GRC,2.7965348734902823e-05
2018,GRC,2.273011577974031e-05
2019,GRC,2.2039504873389782e-05
2020,GRC,1.9526967914753087e-05
2010,GRD,0.0
2011,GRD,0.0
2012,GRD,0.0
2013,GRD,0.0
2014,GRD,0.0
2015,GRD,0.0
2016,GRD,0.0
2017,GRD,0.0
2018,GRD,0.0
2019,GRD,0.0
2020,GRD,0.0
2010,GRL,1.4504324423959987e-08
2011,GRL,5.5073623380150137e-08
2012,GRL,1.4325400450929186e-08
2013,GRL,3.748040758286721e-09
2014,GRL,1.24715215482061e-08
2015,GRL,1.049300851839638e-08
2016,GRL,2.049565021434281e-08
2017,GRL,3.074131600378652e-08
2018,GRL,6.208408582015853e-08
2019,GRL,6.636951532427225e-08
2020,GRL,6.465135734226677e-08
2010,GTM,0.0
2011,GTM,0.0
2012,GTM,0.0
2013,GTM,0.0
2014,GTM,0.0
2015,GTM,0.0
2016,GTM,0.0
2017,GTM,0.0
2018,GTM,0.0
2019,GTM,0.0
2020,GTM,0.0
2010,GUM,0.0
2011,GUM,0.0
2012,GUM,0.0
2013,GUM,0.0
2014,GUM,0.0
2015,GUM,0.0
2016,GUM,0.0
2017,GUM,0.0
2018,GUM,0.0
2019,GUM,0.0
2020,GUM,0.0
2010,GUY,0.0
2011,GUY,0.0
2012,GUY,0.0
2013,GUY,0.0
2014,GUY,0.0
2015,GUY,0.0
2016,GUY,0.0
2017,GUY,0.0
2018,GUY,0.0
2019,GUY,0.0
2020,GUY,0.0
2010,HKG,0.0
2011,HKG,0.0
2012,HKG,0.0
2013,HKG,0.0
2014,HKG,0.0
2015,HKG,0.0
2016,HKG,0.0
2017,HKG,0.0
2018,HKG,0.0
2019,HKG,0.0
2020,HKG,0.0
2010,HND,0.0
2011,HND,0.0
2012,HND,0.0
2013,HND,0.0
2014,HND,0.0
2015,HND,0.0
2016,HND,0.0
2017,HND,0.0
2018,HND,0.0
2019,HND,0.0
2020,HND,0.0
2010,HRV,3.104318955904627e-07
2011,HRV,1.8015991463063546e-07
2012,HRV,0.0
2013,HRV,0.0
2014,HRV,0.0
2015,HRV,0.0
2016,HRV,0.0
2017,HRV,0.0
2018,HRV,0.0
2019,HRV,0.0
2020,HRV,0.0
2010,HTI,0.0
2011,HTI,0.0
2012,HTI,0.0
2013,HTI,0.0
2014,HTI,0.0
2015,HTI,0.0
2016,HTI,0.0
2017,HTI,0.0
2018,HTI,0.0
2019,HTI,0.0
2020,HTI,0.0
2010,HUN,3.150574223968447e-07
2011,HUN,4.438617151442453e-07
2012,HUN,5.473265700988593e-07
2013,HUN,6.219322101068981e-07
2014,HUN,7.304986922053541e-07
2015,HUN,8.480687626881853e-07
2016,HUN,8.791213163399223e-07
2017,HUN,8.141595019957403e-07
2018,HUN,8.188242004813586e-07
2019,HUN,7.350052619211564e-07
2020,HUN,7.469341692313741e-07
2010,IDN,0.0
2011,IDN,0.0
2012,IDN,0.0
2013,IDN,0.0
2014,IDN,0.0
2015,IDN,0.0
2016,IDN,0.0
2017,IDN,0.0
2018,IDN,0.0
2019,IDN,0.0
2020,IDN,0.0
2010,IMN,5.94827692615144e-07
2011,IMN,4.5189312056024797e-07
2012,IMN,4.575338359622161e-07
2013,IMN,5.503121131616311e-07
2014,IMN,2.1818449964418894e-07
2015,IMN,6.345750504441011e-07
2016,IMN,2.495889161698847e-07
2017,IMN,4.1385161537328324e-07
2018,IMN,8.137939247972207e-07
2019,IMN,7.75003210549569e-07
2020,IMN,7.387528151380157e-07
2010,IND,0.0
2011,IND,0.0
2012,IND,0.0
2013,IND,0.0
2014,IND,0.0
2015,IND,0.0
2016,IND,0.0
2017,IND,0.0
2018,IND,0.0
2019,IND,0.0
2020,IND,0.0
2010,IRL,5.94827692615144e-07
2011,IRL,4.5189312056024797e-07
2012,IRL,4.575338359622161e-07
2013,IRL,5.503121131616311e-07
2014,IRL,2.1818449964418894e-07
2015,IRL,6.345750504441011e-07
2016,IRL,2.495889161698847e-07
2017,IRL,4.1385161537328324e-07
2018,IRL,8.137939247972207e-07
2019,IRL,7.75003210549569e-07
2020,IRL,7.387528151380157e-07
2010,IRN,0.0
2011,IRN,0.0
2012,IRN,0.0
2013,IRN,0.0
2014,IRN,0.0
2015,IRN,0.0
2016,IRN,0.0
2017,IRN,0.0
2018,IRN,0.0
2019,IRN,0.0
2020,IRN,0.0
2010,IRQ,0.0
2011,IRQ,0.0
2012,IRQ,0.0
2013,IRQ,0.0
2014,IRQ,0.0
2015,IRQ,0.0
2016,IRQ,0.0
2017,IRQ,0.0
2018,IRQ,0.0
2019,IRQ,0.0
2020,IRQ,0.0
2010,ISL,1.4504324423959987e-08
2011,ISL,5.5073623380150137e-08
2012,ISL,1.4325400450929186e-08
2013,ISL,3.748040758286721e-09
2014,ISL,1.24715215482061e-08
2015,ISL,1.049300851839638e-08
2016,ISL,2.049565021434281e-08
2017,ISL,3.074131600378652e-08
2018,ISL,6.208408582015853e-08
2019,ISL,6.636951532427225e-08
2020,ISL,6.465135734226677e-08
2010,ISR,0.0
2011,ISR,0.0
2012,ISR,0.0
2013,ISR,0.0
2014,ISR,0.0
2015,ISR,0.0
2016,ISR,0.0
2017,ISR,0.0
2018,ISR,0.0
2019,ISR,0.0
2020,ISR,0.0
2010,ITA,1.8245875564067605e-06
2011,ITA,1.920584171858707e-06
2012,ITA,2.2136291057303155e-06
2013,ITA,2.2175716155246787e-06
2014,ITA,2.1561216865892106e-06
2015,ITA,2.3915328346611628e-06
2016,ITA,2.3297701342994884e-06
2017,ITA,2.277796379004264e-06
2018,ITA,1.9920454655411437e-06
2019,ITA,2.012102420050083e-06
2020,ITA,2.037673621113124e-06
2010,JAM,0.0
2011,JAM,0.0
2012,JAM,0.0
2013,JAM,0.0
2014,JAM,0.0
2015,JAM,0.0
2016,JAM,0.0
2017,JAM,0.0
2018,JAM,0.0
2019,JAM,0.0
2020,JAM,0.0
2010,JOR,0.0
2011,JOR,0.0
2012,JOR,0.0
2013,JOR,0.0
2014,JOR,0.0
2015,JOR,0.0
2016,JOR,0.0
2017,JOR,0.0
2018,JOR,0.0
2019,JOR,0.0
2020,JOR,0.0
2010,JPN,2.513542304720905e-07
2011,JPN,2.1918580035031594e-07
2012,JPN,1.8368074461823954e-07
2013,JPN,2.003779353756218e-07
2014,JPN,2.308461836564677e-07
2015,JPN,2.361274225038823e-07
2016,JPN,2.1350198862871117e-07
2017,JPN,2.3294365081066469e-07
2018,JPN,2.256350976203341e-07
2019,JPN,1.9877176527834617e-07
2020,JPN,1.8877255214172921e-07
2010,KAZ,0.0
2011,KAZ,0.0
2012,KAZ,0.0
2013,KAZ,0.0
2014,KAZ,0.0
2015,KAZ,0.0
2016,KAZ,0.0
2017,KAZ,0.0
2018,KAZ,0.0
2019,KAZ,0.0
2020,KAZ,0.0
2010,KEN,0.0
2011,KEN,0.0
2012,KEN,0.0
2013,KEN,0.0
2014,KEN,0.0
2015,KEN,0.0
2016,KEN,0.0
2017,KEN,0.0
2018,KEN,0.0
2019,KEN,0.0
2020,KEN,0.0
2010,KGZ,0.0
2011,KGZ,0.0
2012,KGZ,0.0
2013,KGZ,0.0
2014,KGZ,0.0
2015,KGZ,0.0
2016,KGZ,0.0
2017,KGZ,0.0
2018,KGZ,0.0
2019,KGZ,0.0
2020,KGZ,0.0
2010,KHM,0.0
2011,KHM,0.0
2012,KHM,0.0
2013,KHM,0.0
2014,KHM,0.0
2015,KHM,0.0
2016,KHM,0.0
2017,KHM,0.0
2018,KHM,0.0
2019,KHM,0.0
2020,KHM,0.0
2010,KIR,0.0
2011,KIR,0.0
2012,KIR,0.0
2013,KIR,0.0
2014,KIR,0.0
2015,KIR,0.0
2016,KIR,0.0
2017,KIR,0.0
2018,KIR,0.0
2019,KIR,0.0
2020,KIR,0.0
2010,KNA,0.0
2011,KNA,0.0
2012,KNA,0.0
2013,KNA,0.0
2014,KNA,0.0
2015,KNA,0.0
2016,KNA,0.0
2017,KNA,0.0
2018,KNA,0.0
2019,KNA,0.0
2020,KNA,0.0
2010,KOR,1.7133685629994471e-09
2011,KOR,1.818310296233148e-09
2012,KOR,2.62010029516461e-09
2013,KOR,2.199397733634009e-09
2014,KOR,1.97791477058579e-09
2015,KOR,1.155629869820393e-09
2016,KOR,1.1334859564517111e-09
2017,KOR,1.616009911297544e-09
2018,KOR,2.4435751083013427e-09
2019,KOR,2.4777920156121368e-09
2020,KOR,2.3748985922217433e-09
2010,KWT,0.0
2011,KWT,0.0
2012,KWT,0.0
2013,KWT,0.0
2014,KWT,0.0
2015,KWT,0.0
2016,KWT,0.0
2017,KWT,0.0
2018,KWT,0.0
2019,KWT,0.0
2020,KWT,0.0
2010,LAO,0.0
2011,LAO,0.0
2012,LAO,0.0
2013,LAO,0.0
2014,LAO,0.0
2015,LAO,0.0
2016,LAO,0.0
2017,LAO,0.0
2018,LAO,0.0
2019,LAO,0.0
2020,LAO,0.0
2010,LBN,0.0
2011,LBN,0.0
2012,LBN,0.0
2013,LBN,0.0
2014,LBN,0.0
2015,LBN,0.0
2016,LBN,0.0
2017,LBN,0.0
2018,LBN,0.0
2019,LBN,0.0
2020,LBN,0.0
2010,LBR,0.0
2011,LBR,0.0
2012,LBR,0.0
2013,LBR,0.0
2014,LBR,0.0
2015,LBR,0.0
2016,LBR,0.0
2017,LBR,0.0
2018,LBR,0.0
2019,LBR,0.0
2020,LBR,0.0
2010,LBY,0.0
2011,LBY,0.0
2012,LBY,0.0
2013,LBY,0.0
2014,LBY,0.0
2015,LBY,0.0
2016,LBY,0.0
2017,LBY,0.0
2018,LBY,0.0
2019,LBY,0.0
2020,LBY,0.0
2010,LCA,0.0
2011,LCA,0.0
2012,LCA,0.0
2013,LCA,0.0
2014,LCA,0.0
2015,LCA,0.0
2016,LCA,0.0
2017,LCA,0.0
2018,LCA,0.0
2019,LCA,0.0
2020,LCA,0.0
2010,LIE,2.6485222078749976e-07
2011,LIE,3.138080961533205e-07
2012,LIE,5.971079408367271e-07
2013,LIE,5.648547568459668e-07
2014,LIE,4.489324216462075e-07
2015,LIE,4.643892154400917e-07
2016,LIE,4.851928217738449e-07
2017,LIE,5.672417717250497e-07
2018,LIE,4.574856239111929e-07
2019,LIE,4.512562921759178e-07
2020,LIE,4.793343690888806e-07
2010,LKA,0.0
2011,LKA,0.0
2012,LKA,0.0
2013,LKA,0.0
2014,LKA,0.0
2015,LKA,0.0
2016,LKA,0.0
2017,LKA,0.0
2018,LKA,0.0
2019,LKA,0.0
2020,LKA,0.0
2010,LSO,0.0
2011,LSO,0.0
2012,LSO,0.0
2013,LSO,0.0
2014,LSO,0.0
2015,LSO,0.0
2016,LSO,0.0
2017,LSO,0.0
2018,LSO,0.0
2019,LSO,0.0
2020,LSO,0.0
2010,LTU,0.0
2011,LTU,0.0
2012,LTU,0.0
2013,LTU,0.0
2014,LTU,0.0
2015,LTU,0.0
2016,LTU,0.0
2017,LTU,0.0
2018,LTU,0.0
2019,LTU,0.0
2020,LTU,0.0
2010,LUX,0.0
2011,LUX,0.0
2012,LUX,0.0
2013,LUX,0.0
2014,LUX,0.0
2015,LUX,0.0
2016,LUX,0.0
2017,LUX,0.0
2018,LUX,0.0
2019,LUX,0.0
2020,LUX,0.0
2010,LVA,1.5004860459540347e-09
2011,LVA,1.1090462473140224e-09
2012,LVA,7.966133159055401e-10
2013,LVA,5.168312221728727e-10
2014,LVA,3.9225999232531524e-10
2015,LVA,3.446265211794913e-10
2016,LVA,2.9016143859172326e-10
2017,LVA,2.414904694520039e-10
2018,LVA,1.8102054799921828e-10
2019,LVA,1.7388019354313708e-10
2020,LVA,1.5703570060112943e-10
2010,MAC,0.0
2011,MAC,0.0
2012,MAC,0.0
2013,MAC,0.0
2014,MAC,0.0
2015,MAC,0.0
2016,MAC,0.0
2017,MAC,0.0
2018,MAC,0.0
2019,MAC,0.0
2020,MAC,0.0
2010,MAF,0.0
2011,MAF,0.0
2012,MAF,0.0
2013,MAF,0.0
2014,MAF,0.0
2015,MAF,0.0
2016,MAF,0.0
2017,MAF,0.0
2018,MAF,0.0
2019,MAF,0.0
2020,MAF,0.0
2010,MAR,0.0
2011,MAR,0.0
2012,MAR,0.0
2013,MAR,0.0
2014,MAR,0.0
2015,MAR,0.0
2016,MAR,0.0
2017,MAR,0.0
2018,MAR,0.0
2019,MAR,0.0
2020,MAR,0.0
2010,MCO,2.6485222078749976e-07
2011,MCO,3.138080961533205e-07
2012,MCO,5.971079408367271e-07
2013,MCO,5.648547568459668e-07
2014,MCO,4.489324216462075e-07
2015,MCO,4.643892154400917e-07
2016,MCO,4.851928217738449e-07
2017,MCO,5.672417717250497e-07
2018,MCO,4.574856239111929e-07
2019,MCO,4.512562921759178e-07
2020,MCO,4.793343690888806e-07
2010,MDA,0.0
2011,MDA,0.0
2012,MDA,0.0
2013,MDA,0.0
2014,MDA,0.0
2015,MDA,0.0
2016,MDA,0.0
2017,MDA,0.0
2018,MDA,0.0
2019,MDA,0.0
2020,MDA,0.0
2010,MDG,0.0
2011,MDG,0.0
2012,MDG,0.0
2013,MDG,0.0
2014,MDG,0.0
2015,MDG,0.0
2016,MDG,0.0
2017,MDG,0.0
2018,MDG,0.0
2019,MDG,0.0
2020,MDG,0.0
2010,MDV,0.0
2011,MDV,0.0
2012,MDV,0.0
2013,MDV,0.0
2014,MDV,0.0
2015,MDV,0.0
2016,MDV,0.0
2017,MDV,0.0
2018,MDV,0.0
2019,MDV,0.0
2020,MDV,0.0
2010,MEX,0.0
2011,MEX,0.0
2012,MEX,0.0
2013,MEX,0.0
2014,MEX,0.0
2015,MEX,0.0
2016,MEX,0.0
2017,MEX,0.0
2018,MEX,0.0
2019,MEX,0.0
2020,MEX,0.0
2010,MHL,0.0
2011,MHL,0.0
2012,MHL,0.0
2013,MHL,0.0
2014,MHL,0.0
2015,MHL,0.0
2016,MHL,0.0
2017,MHL,0.0
2018,MHL,0.0
2019,MHL,0.0
2020,MHL,0.0
2010,MKD,0.0
2011,MKD,0.0
2012,MKD,0.0
2013,MKD,0.0
2014,MKD,0.0
2015,MKD,0.0
2016,MKD,0.0
2017,MKD,0.0
2018,MKD,0.0
2019,MKD,0.0
2020,MKD,0.0
2010,MLI,0.0
2011,MLI,0.0
2012,MLI,0.0
2013,MLI,0.0
2014,MLI,0.0
2015,MLI,0.0
2016,MLI,0.0
2017,MLI,0.0
2018,MLI,0.0
2019,MLI,0.0
2020,MLI,0.0
2010,MLT,0.0
2011,MLT,0.0
2012,MLT,6.605187866325888e-07
2013,MLT,1.3834772162550667e-06
2014,MLT,3.5324460791475417e-07
2015,MLT,3.204813820586264e-07
2016,MLT,1.5390365013442757e-07
2017,MLT,6.526448870758552e-07
2018,MLT,5.976319622296588e-07
2019,MLT,6.412496945725229e-07
2020,MLT,7.093436728495158e-07
2010,MMR,0.0
2011,MMR,0.0
2012,MMR,0.0
2013,MMR,0.0
2014,MMR,0.0
2015,MMR,0.0
2016,MMR,0.0
2017,MMR,0.0
2018,MMR,0.0
2019,MMR,0.0
2020,MMR,0.0
2010,MNE,0.0
2011,MNE,0.0
2012,MNE,0.0
2013,MNE,0.0
2014,MNE,0.0
2015,MNE,0.0
2016,MNE,0.0
2017,MNE,0.0
2018,MNE,0.0
2019,MNE,0.0
2020,MNE,0.0
2010,MNG,0.0
2011,MNG,0.0
2012,MNG,0.0
2013,MNG,0.0
2014,MNG,0.0
2015,MNG,0.0
2016,MNG,0.0
2017,MNG,0.0
2018,MNG,0.0
2019,MNG,0.0
2020,MNG,0.0
2010,MNP,2.513542304720905e-07
2011,MNP,2.1918580035031594e-07
2012,MNP,1.8368074461823954e-07
2013,MNP,2.003779353756218e-07
2014,MNP,2.308461836564677e-07
2015,MNP,2.361274225038823e-07
2016,MNP,2.1350198862871117e-07
2017,MNP,2.3294365081066469e-07
2018,MNP,2.256350976203341e-07
2019,MNP,1.9877176527834617e-07
2020,MNP,1.8877255214172921e-07
2010,MOZ,0.0
2011,MOZ,0.0
2012,MOZ,0.0
2013,MOZ,0.0
2014,MOZ,0.0
2015,MOZ,0.0
2016,MOZ,0.0
2017,MOZ,0.0
2018,MOZ,0.0
2019,MOZ,0.0
2020,MOZ,0.0
2010,MRT,0.0
2011,MRT,0.0
2012,MRT,0.0
2013,MRT,0.0
2014,MRT,0.0
2015,MRT,0.0
2016,MRT,0.0
2017,MRT,0.0
2018,MRT,0.0
2019,MRT,0.0
2020,MRT,0.0
2010,MUS,0.0
2011,MUS,0.0
2012,MUS,0.0
2013,MUS,0.0
2014,MUS,0.0
2015,MUS,0.0
2016,MUS,0.0
2017,MUS,0.0
2018,MUS,0.0
2019,MUS,0.0
2020,MUS,0.0
2010,MWI,0.0
2011,MWI,0.0
2012,MWI,0.0
2013,MWI,0.0
2014,MWI,0.0
2015,MWI,0.0
2016,MWI,0.0
2017,MWI,0.0
2018,MWI,0.0
2019,MWI,0.0
2020,MWI,0.0
2010,MYS,5.96314491610712e-07
2011,MYS,5.504857981078068e-07
2012,MYS,5.153979861980824e-07
2013,MYS,5.056895712581678e-07
2014,MYS,4.456435591088484e-07
2015,MYS,4.647632900098666e-07
2016,MYS,4.6963084001863444e-07
2017,MYS,0.0
2018,MYS,0.0
2019,MYS,0.0
2020,MYS,0.0
2010,NAM,0.0
2011,NAM,0.0
2012,NAM,0.0
2013,NAM,0.0
2014,NAM,0.0
2015,NAM,0.0
2016,NAM,0.0
2017,NAM,0.0
2018,NAM,0.0
2019,NAM,0.0
2020,NAM,0.0
2010,NCL,0.0
2011,NCL,0.0
2012,NCL,0.0
2013,NCL,0.0
2014,NCL,0.0
2015,NCL,0.0
2016,NCL,0.0
2017,NCL,0.0
2018,NCL,0.0
2019,NCL,0.0
2020,NCL,0.0
2010,NER,0.0
2011,NER,0.0
2012,NER,0.0
2013,NER,0.0
2014,NER,0.0
2015,NER,0.0
2016,NER,0.0
2017,NER,0.0
2018,NER,0.0
2019,NER,0.0
2020,NER,0.0
2010,NGA,0.0
2011,NGA,0.0
2012,NGA,0.0
2013,NGA,0.0
2014,NGA,0.0
2015,NGA,0.0
2016,NGA,0.0
2017,NGA,0.0
2018,NGA,0.0
2019,NGA,0.0
2020,NGA,0.0
2010,NIC,0.0
2011,NIC,0.0
2012,NIC,0.0
2013,NIC,0.0
2014,NIC,0.0
2015,NIC,0.0
2016,NIC,0.0
2017,NIC,0.0
2018,NIC,0.0
2019,NIC,0.0
2020,NIC,0.0
2010,NLD,5.617679631223054e-09
2011,NLD,8.201132204280048e-09
2012,NLD,1.2332367212366804e-08
2013,NLD,2.286704511978934e-08
2014,NLD,1.0852243088186852e-08
2015,NLD,9.932574211445068e-08
2016,NLD,5.773795467755198e-09
2017,NLD,5.315975714961921e-09
2018,NLD,5.080197651640386e-09
2019,NLD,4.822948783616189e-09
2020,NLD,4.60311082883321e-09
2010,NOR,3.9176723945205226e-08
2011,NOR,4.6777861153424304e-08
2012,NOR,5.3728450362334133e-08
2013,NOR,3.584186028627166e-07
2014,NOR,3.7938103443129853e-07
2015,NOR,3.371889887064672e-07
2016,NOR,3.232098834955504e-07
2017,NOR,1.1463745039363323e-06
2018,NOR,1.7809847507118818e-07
2019,NOR,1.742618606565467e-07
2020,NOR,1.8454445291421024e-07
2010,NPL,0.0
2011,NPL,0.0
2012,NPL,0.0
2013,NPL,0.0
2014,NPL,0.0
2015,NPL,0.0
2016,NPL,0.0
2017,NPL,0.0
2018,NPL,0.0
2019,NPL,0.0
2020,NPL,0.0
2010,NRU,0.0
2011,NRU,0.0
2012,NRU,0.0
2013,NRU,0.0
2014,NRU,0.0
2015,NRU,0.0
2016,NRU,0.0
2017,NRU,0.0
2018,NRU,0.0
2019,NRU,0.0
2020,NRU,0.0
2010,NZL,7.064598462008176e-08
2011,NZL,0.0
2012,NZL,0.0
2013,NZL,0.0
2014,NZL,0.0
2015,NZL,0.0
2016,NZL,0.0
2017,NZL,9.38274721680799e-08
2018,NZL,4.8463154268213126e-08
2019,NZL,4.5450202960870474e-08
2020,NZL,4.0700189838364476e-08
2010,OMN,0.0
2011,OMN,0.0
2012,OMN,0.0
2013,OMN,0.0
2014,OMN,0.0
2015,OMN,0.0
2016,OMN,0.0
2017,OMN,0.0
2018,OMN,0.0
2019,OMN,0.0
2020,OMN,0.0
2010,PAK,0.0
2011,PAK,0.0
2012,PAK,0.0
2013,PAK,0.0
2014,PAK,0.0
2015,PAK,0.0
2016,PAK,0.0
2017,PAK,0.0
2018,PAK,0.0
2019,PAK,0.0
2020,PAK,0.0
2010,PAN,0.0
2011,PAN,0.0
2012,PAN,0.0
2013,PAN,0.0
2014,PAN,0.0
2015,PAN,0.0
2016,PAN,0.0
2017,PAN,0.0
2018,PAN,0.0
2019,PAN,0.0
2020,PAN,0.0
2010,PER,0.0
2011,PER,0.0
2012,PER,0.0
2013,PER,0.0
2014,PER,0.0
2015,PER,0.0
2016,PER,0.0
2017,PER,0.0
2018,PER,0.0
2019,PER,0.0
2020,PER,0.0
2010,PHL,0.0
2011,PHL,0.0
2012,PHL,0.0
2013,PHL,0.0
2014,PHL,0.0
2015,PHL,0.0
2016,PHL,0.0
2017,PHL,0.0
2018,PHL,0.0
2019,PHL,0.0
2020,PHL,0.0
2010,PLW,0.0
2011,PLW,0.0
2012,PLW,0.0
2013,PLW,0.0
2014,PLW,0.0
2015,PLW,0.0
2016,PLW,0.0
2017,PLW,0.0
2018,PLW,0.0
2019,PLW,0.0
2020,PLW,0.0
2010,PNG,0.0
2011,PNG,0.0
2012,PNG,0.0
2013,PNG,0.0
2014,PNG,0.0
2015,PNG,0.0
2016,PNG,0.0
2017,PNG,0.0
2018,PNG,0.0
2019,PNG,0.0
2020,PNG,0.0
2010,POL,0.0
2011,POL,0.0
2012,POL,0.0
2013,POL,0.0
2014,POL,0.0
2015,POL,0.0
2016,POL,0.0
2017,POL,0.0
2018,POL,0.0
2019,POL,0.0
2020,POL,0.0
2010,PRI,0.0
2011,PRI,0.0
2012,PRI,0.0
2013,PRI,0.0
2014,PRI,0.0
2015,PRI,0.0
2016,PRI,0.0
2017,PRI,0.0
2018,PRI,0.0
2019,PRI,0.0
2020,PRI,0.0
2010,PRK,1.7133685629994471e-09
2011,PRK,1.818310296233148e-09
2012,PRK,2.62010029516461e-09
2013,PRK,2.199397733634009e-09
2014,PRK,1.97791477058579e-09
2015,PRK,1.155629869820393e-09
2016,PRK,1.1334859564517111e-09
2017,PRK,1.616009911297544e-09
2018,PRK,2.4435751083013427e-09
2019,PRK,2.4777920156121368e-09
2020,PRK,2.3748985922217433e-09
2010,PRT,0.0
2011,PRT,0.0
2012,PRT,0.0
2013,PRT,0.0
2014,PRT,0.0
2015,PRT,0.0
2016,PRT,0.0
2017,PRT,0.0
2018,PRT,0.0
2019,PRT,0.0
2020,PRT,0.0
2010,PRY,0.0
2011,PRY,0.0
2012,PRY,0.0
2013,PRY,0.0
2014,PRY,0.0
2015,PRY,0.0
2016,PRY,0.0
2017,PRY,0.0
2018,PRY,0.0
2019,PRY,0.0
2020,PRY,0.0
2010,PYF,0.0
2011,PYF,0.0
2012,PYF,0.0
2013,PYF,0.0
2014,PYF,0.0
2015,PYF,0.0
2016,PYF,0.0
2017,PYF,0.0
2018,PYF,0.0
2019,PYF,0.0
2020,PYF,0.0
2010,QAT,0.0
2011,QAT,0.0
2012,QAT,0.0
2013,QAT,0.0
2014,QAT,0.0
2015,QAT,0.0
2016,QAT,0.0
2017,QAT,0.0
2018,QAT,0.0
2019,QAT,0.0
2020,QAT,0.0
2010,ROU,1.915186762199401e-08
2011,ROU,1.573710651609463e-08
2012,ROU,2.066898172513471e-08
2013,ROU,1.9648021354259227e-08
2014,ROU,2.023176500125189e-08
2015,ROU,1.9937420008297756e-08
2016,ROU,2.2203429119013054e-08
2017,ROU,2.461649681384981e-08
2018,ROU,3.0522059819224845e-08
2019,ROU,2.9664516110577712e-08
2020,ROU,2.9743860971052934e-08
2010,RUS,5.424963257356629e-06
2011,RUS,4.284972209819785e-06
2012,RUS,4.47032709856499e-06
2013,RUS,4.226873407835539e-06
2014,RUS,4.857396400086535e-06
2015,RUS,9.085436691662208e-06
2016,RUS,7.385422360344674e-06
2017,RUS,6.70432379565032e-06
2018,RUS,6.3969446809227865e-06
2019,RUS,6.082821252033649e-06
2020,RUS,6.253329588914016e-06
2010,RWA,0.0
2011,RWA,0.0
2012,RWA,0.0
2013,RWA,0.0
2014,RWA,0.0
2015,RWA,0.0
2016,RWA,0.0
2017,RWA,0.0
2018,RWA,0.0
2019,RWA,0.0
2020,RWA,0.0
2010,SAU,0.0
2011,SAU,0.0
2012,SAU,0.0
2013,SAU,0.0
2014,SAU,0.0
2015,SAU,0.0
2016,SAU,0.0
2017,SAU,0.0
2018,SAU,0.0
2019,SAU,0.0
2020,SAU,0.0
2010,SDN,0.0
2011,SDN,0.0
2012,SDN,0.0
2013,SDN,0.0
2014,SDN,0.0
2015,SDN,0.0
2016,SDN,0.0
2017,SDN,0.0
2018,SDN,0.0
2019,SDN,0.0
2020,SDN,0.0
2010,SEN,0.0
2011,SEN,0.0
2012,SEN,0.0
2013,SEN,0.0
2014,SEN,0.0
2015,SEN,0.0
2016,SEN,0.0
2017,SEN,0.0
2018,SEN,0.0
2019,SEN,0.0
2020,SEN,0.0
2010,SGP,1.5522530610591689e-06
2011,SGP,1.402004114528218e-06
2012,SGP,1.3272966241684526e-06
2013,SGP,1.6129492575245564e-06
2014,SGP,1.8820551081108007e-06
2015,SGP,1.990418998121929e-06
2016,SGP,2.091369302489806e-06
2017,SGP,1.69434646382357e-06
2018,SGP,2.1495601577924988e-06
2019,SGP,2.2660802229153024e-06
2020,SGP,2.2698671799251803e-06
2010,SLB,0.0
2011,SLB,0.0
2012,SLB,0.0
2013,SLB,0.0
2014,SLB,0.0
2015,SLB,0.0
2016,SLB,0.0
2017,SLB,0.0
2018,SLB,0.0
2019,SLB,0.0
2020,SLB,0.0
2010,SLE,0.0
2011,SLE,0.0
2012,SLE,0.0
2013,SLE,0.0
2014,SLE,0.0
2015,SLE,0.0
2016,SLE,0.0
2017,SLE,0.0
2018,SLE,0.0
2019,SLE,0.0
2020,SLE,0.0
2010,SLV,0.0
2011,SLV,0.0
2012,SLV,0.0
2013,SLV,0.0
2014,SLV,0.0
2015,SLV,0.0
2016,SLV,0.0
2017,SLV,0.0
2018,SLV,0.0
2019,SLV,0.0
2020,SLV,0.0
2010,SMR,1.8245875564067605e-06
2011,SMR,1.920584171858707e-06
2012,SMR,2.2136291057303155e-06
2013,SMR,2.2175716155246787e-06
2014,SMR,2.1561216865892106e-06
2015,SMR,2.3915328346611628e-06
2016,SMR,2.3297701342994884e-06
2017,SMR,2.277796379004264e-06
2018,SMR,1.9920454655411437e-06
2019,SMR,2.012102420050083e-06
2020,SMR,2.037673621113124e-06
2010,SOM,0.0
2011,SOM,0.0
2012,SOM,0.0
2013,SOM,0.0
2014,SOM,0.0
2015,SOM,0.0
2016,SOM,0.0
2017,SOM,0.0
2018,SOM,0.0
2019,SOM,0.0
2020,SOM,0.0
2010,SRB,0.0
2011,SRB,0.0
2012,SRB,0.0
2013,SRB,0.0
2014,SRB,0.0
2015,SRB,0.0
2016,SRB,0.0
2017,SRB,0.0
2018,SRB,0.0
2019,SRB,0.0
2020,SRB,0.0
2010,SSD,0.0
2011,SSD,0.0
2012,SSD,0.0
2013,SSD,0.0
2014,SSD,0.0
2015,SSD,0.0
2016,SSD,0.0
2017,SSD,0.0
2018,SSD,0.0
2019,SSD,0.0
2020,SSD,0.0
2010,STP,0.0
2011,STP,0.0
2012,STP,0.0
2013,STP,0.0
2014,STP,0.0
2015,STP,0.0
2016,STP,0.0
2017,STP,0.0
2018,STP,0.0
2019,STP,0.0
2020,STP,0.0
2010,SUR,0.0
2011,SUR,0.0
2012,SUR,0.0
2013,SUR,0.0
2014,SUR,0.0
2015,SUR,0.0
2016,SUR,0.0
2017,SUR,0.0
2018,SUR,0.0
2019,SUR,0.0
2020,SUR,0.0
2010,SVK,1.8299315278382323e-08
2011,SVK,1.0743797098502181e-08
2012,SVK,4.3255655349244574e-08
2013,SVK,4.646147155340572e-08
2014,SVK,4.9133890398429396e-08
2015,SVK,8.530932118918698e-08
2016,SVK,8.201327201485295e-08
2017,SVK,1.017743757729617e-07
2018,SVK,9.405521910313132e-08
2019,SVK,9.211576033241593e-08
2020,SVK,8.906763895609026e-08
2010,SVN,0.0
2011,SVN,0.0
2012,SVN,0.0
2013,SVN,0.0
2014,SVN,0.0
2015,SVN,0.0
2016,SVN,0.0
2017,SVN,0.0
2018,SVN,0.0
2019,SVN,0.0
2020,SVN,0.0
2010,SWE,5.487911197717052e-08
2011,SWE,4.1434279613964856e-08
2012,SWE,4.680527420179668e-08
2013,SWE,4.488177441486633e-08
2014,SWE,4.032116368546328e-08
2015,SWE,3.9222896275424714e-08
2016,SWE,3.132655555822472e-08
2017,SWE,2.342979378510345e-08
2018,SWE,1.018599759960996e-08
2019,SWE,1.0405484131481354e-08
2020,SWE,9.576406601547178e-09
2010,SWZ,0.0
2011,SWZ,0.0
2012,SWZ,0.0
2013,SWZ,0.0
2014,SWZ,0.0
2015,SWZ,0.0
2016,SWZ,0.0
2017,SWZ,0.0
2018,SWZ,0.0
2019,SWZ,0.0
2020,SWZ,0.0
2010,SXM,0.0
2011,SXM,0.0
2012,SXM,0.0
2013,SXM,0.0
2014,SXM,0.0
2015,SXM,0.0
2016,SXM,0.0
2017,SXM,0.0
2018,SXM,0.0
2019,SXM,0.0
2020,SXM,0.0
2010,SYC,0.0
2011,SYC,0.0
2012,SYC,0.0
2013,SYC,0.0
2014,SYC,0.0
2015,SYC,0.0
2016,SYC,0.0
2017,SYC,0.0
2018,SYC,0.0
2019,SYC,0.0
2020,SYC,0.0
2010,SYR,0.0
2011,SYR,0.0
2012,SYR,0.0
2013,SYR,0.0
2014,SYR,0.0
2015,SYR,0.0
2016,SYR,0.0
2017,SYR,0.0
2018,SYR,0.0
2019,SYR,0.0
2020,SYR,0.0
2010,TCA,0.0
2011,TCA,0.0
2012,TCA,0.0
2013,TCA,0.0
2014,TCA,0.0
2015,TCA,0.0
2016,TCA,0.0
2017,TCA,0.0
2018,TCA,0.0
2019,TCA,0.0
2020,TCA,0.0
2010,TCD,0.0
2011,TCD,0.0
2012,TCD,0.0
2013,TCD,0.0
2014,TCD,0.0
2015,TCD,0.0
2016,TCD,0.0
2017,TCD,0.0
2018,TCD,0.0
2019,TCD,0.0
2020,TCD,0.0
2010,TGO,0.0
2011,TGO,0.0
2012,TGO,0.0
2013,TGO,0.0
2014,TGO,0.0
2015,TGO,0.0
2016,TGO,0.0
2017,TGO,0.0
2018,TGO,0.0
2019,TGO,0.0
2020,TGO,0.0
2010,THA,0.0
2011,THA,0.0
2012,THA,0.0
2013,THA,0.0
2014,THA,0.0
2015,THA,0.0
2016,THA,0.0
2017,THA,0.0
2018,THA,0.0
2019,THA,0.0
2020,THA,0.0
2010,TJK,0.0
2011,TJK,0.0
2012,TJK,0.0
2013,TJK,0.0
2014,TJK,0.0
2015,TJK,0.0
2016,TJK,0.0
2017,TJK,0.0
2018,TJK,0.0
2019,TJK,0.0
2020,TJK,0.0
2010,TKM,0.0
2011,TKM,0.0
2012,TKM,0.0
2013,TKM,0.0
2014,TKM,0.0
2015,TKM,0.0
2016,TKM,0.0
2017,TKM,0.0
2018,TKM,0.0
2019,TKM,0.0
2020,TKM,0.0
2010,TLS,0.0
2011,TLS,0.0
2012,TLS,0.0
2013,TLS,0.0
2014,TLS,0.0
2015,TLS,0.0
2016,TLS,0.0
2017,TLS,0.0
2018,TLS,0.0
2019,TLS,0.0
2020,TLS,0.0
2010,TON,0.0
2011,TON,0.0
2012,TON,0.0
2013,TON,0.0
2014,TON,0.0
2015,TON,0.0
2016,TON,0.0
2017,TON,0.0
2018,TON,0.0
2019,TON,0.0
2020,TON,0.0
2010,TTO,0.0
2011,TTO,0.0
2012,TTO,0.0
2013,TTO,0.0
2014,TTO,0.0
2015,TTO,0.0
2016,TTO,0.0
2017,TTO,0.0
2018,TTO,0.0
2019,TTO,0.0
2020,TTO,0.0
2010,TUN,0.0
2011,TUN,0.0
2012,TUN,0.0
2013,TUN,0.0
2014,TUN,0.0
2015,TUN,0.0
2016,TUN,0.0
2017,TUN,0.0
2018,TUN,0.0
2019,TUN,0.0
2020,TUN,0.0
2010,TUR,2.111319909081756e-07
2011,TUR,2.2439593900927597e-07
2012,TUR,1.939979967401784e-06
2013,TUR,1.5815769132425371e-06
2014,TUR,1.3861197242690837e-06
2015,TUR,1.203267502777305e-06
2016,TUR,1.049802244276461e-06
2017,TUR,1.077654994006206e-06
2018,TUR,9.33958138476298e-07
2019,TUR,9.40392404267392e-07
2020,TUR,9.478551152589128e-07
2010,TUV,0.0
2011,TUV,0.0
2012,TUV,0.0
2013,TUV,0.0
2014,TUV,0.0
2015,TUV,0.0
2016,TUV,0.0
2017,TUV,0.0
2018,TUV,0.0
2019,TUV,0.0
2020,TUV,0.0
2010,TZA,0.0
2011,TZA,0.0
2012,TZA,0.0
2013,TZA,0.0
2014,TZA,0.0
2015,TZA,0.0
2016,TZA,0.0
2017,TZA,0.0
2018,TZA,0.0
2019,TZA,0.0
2020,TZA,0.0
2010,UGA,0.0
2011,UGA,0.0
2012,UGA,0.0
2013,UGA,0.0
2014,UGA,0.0
2015,UGA,0.0
2016,UGA,0.0
2017,UGA,0.0
2018,UGA,0.0
2019,UGA,0.0
2020,UGA,0.0
2010,UKR,0.0
2011,UKR,0.0
2012,UKR,0.0
2013,UKR,0.0
2014,UKR,0.0
2015,UKR,0.0
2016,UKR,0.0
2017,UKR,0.0
2018,UKR,0.0
2019,UKR,0.0
2020,UKR,0.0
2010,URY,0.0
2011,URY,0.0
2012,URY,0.0
2013,URY,0.0
2014,URY,0.0
2015,URY,0.0
2016,URY,0.0
2017,URY,0.0
2018,URY,0.0
2019,URY,0.0
2020,URY,0.0
2010,USA,1.75058447277543e-07
2011,USA,2.4264604390647175e-07
2012,USA,2.475519110467371e-07
2013,USA,2.0566396112859125e-07
2014,USA,2.202285254637581e-07
2015,USA,2.098877935209074e-07
2016,USA,2.1362824679402457e-07
2017,USA,2.2182179952441414e-07
2018,USA,2.250346884587523e-07
2019,USA,2.2073874406168517e-07
2020,USA,2.0740801069565938e-07
2010,UZB,0.0
2011,UZB,0.0
2012,UZB,0.0
2013,UZB,0.0
2014,UZB,0.0
2015,UZB,0.0
2016,UZB,0.0
2017,UZB,0.0
2018,UZB,0.0
2019,UZB,0.0
2020,UZB,0.0
2010,VCT,0.0
2011,VCT,0.0
2012,VCT,0.0
2013,VCT,0.0
2014,VCT,0.0
2015,VCT,0.0
2016,VCT,0.0
2017,VCT,0.0
2018,VCT,0.0
2019,VCT,0.0
2020,VCT,0.0
2010,VEN,0.0
2011,VEN,0.0
2012,VEN,0.0
2013,VEN,0.0
2014,VEN,0.0
2015,VEN,0.0
2016,VEN,0.0
2017,VEN,0.0
2018,VEN,0.0
2019,VEN,0.0
2020,VEN,0.0
2010,VGB,0.0
2011,VGB,0.0
2012,VGB,0.0
2013,VGB,0.0
2014,VGB,0.0
2015,VGB,0.0
2016,VGB,0.0
2017,VGB,0.0
2018,VGB,0.0
2019,VGB,0.0
2020,VGB,0.0
2010,VIR,0.0
2011,VIR,0.0
2012,VIR,0.0
2013,VIR,0.0
2014,VIR,0.0
2015,VIR,0.0
2016,VIR,0.0
2017,VIR,0.0
2018,VIR,0.0
2019,VIR,0.0
2020,VIR,0.0
2010,VNM,0.0
2011,VNM,0.0
2012,VNM,0.0
2013,VNM,0.0
2014,VNM,0.0
2015,VNM,0.0
2016,VNM,0.0
2017,VNM,0.0
2018,VNM,0.0
2019,VNM,0.0
2020,VNM,0.0
2010,VUT,0.0
2011,VUT,0.0
2012,VUT,0.0
2013,VUT,0.0
2014,VUT,0.0
2015,VUT,0.0
2016,VUT,0.0
2017,VUT,0.0
2018,VUT,0.0
2019,VUT,0.0
2020,VUT,0.0
2010,WSM,0.0
2011,WSM,0.0
2012,WSM,0.0
2013,WSM,0.0
2014,WSM,0.0
2015,WSM,0.0
2016,WSM,0.0
2017,WSM,0.0
2018,WSM,0.0
2019,WSM,0.0
2020,WSM,0.0
2010,XKX,0.0
2011,XKX,0.0
2012,XKX,0.0
2013,XKX,0.0
2014,XKX,0.0
2015,XKX,0.0
2016,XKX,0.0
2017,XKX,0.0
2018,XKX,0.0
2019,XKX,0.0
2020,XKX,0.0
2010,YEM,0.0
2011,YEM,0.0
2012,YEM,0.0
2013,YEM,0.0
2014,YEM,0.0
2015,YEM,0.0
2016,YEM,0.0
2017,YEM,0.0
2018,YEM,0.0
2019,YEM,0.0
2020,YEM,0.0
2010,ZAF,0.0
2011,ZAF,0.0
2012,ZAF,0.0
2013,ZAF,0.0
2014,ZAF,0.0
2015,ZAF,0.0
2016,ZAF,0.0
2017,ZAF,0.0
2018,ZAF,0.0
2019,ZAF,0.0
2020,ZAF,0.0
2010,ZMB,0.0
2011,ZMB,0.0
2012,ZMB,0.0
2013,ZMB,0.0
2014,ZMB,0.0
2015,ZMB,0.0
2016,ZMB,0.0
2017,ZMB,0.0
2018,ZMB,0.0
2019,ZMB,0.0
2020,ZMB,0.0
2010,ZWE,0.0
2011,ZWE,0.0
2012,ZWE,0.0
2013,ZWE,0.0
2014,ZWE,0.0
2015,ZWE,0.0
2016,ZWE,0.0
2017,ZWE,0.0
2018,ZWE,0.0
2019,ZWE,0.0
2020,ZWE,0.0
