Year,iso_code3,ef_ippu_tonne_chf3_per_mmm_gdp_product_use_ods_other
2010,ABW,0.0
2011,ABW,0.0
2012,ABW,0.0
2013,ABW,0.0
2014,ABW,0.0
2015,ABW,0.0
2016,ABW,0.0
2017,ABW,0.0
2018,ABW,0.0
2019,ABW,0.0
2020,ABW,0.0
2010,AFG,0.0
2011,AFG,0.0
2012,AFG,0.0
2013,AFG,0.0
2014,AFG,0.0
2015,AFG,0.0
2016,AFG,0.0
2017,AFG,0.0
2018,AFG,0.0
2019,AFG,0.0
2020,AFG,0.0
2010,AGO,0.0
2011,AGO,0.0
2012,AGO,0.0
2013,AGO,0.0
2014,AGO,0.0
2015,AGO,0.0
2016,AGO,0.0
2017,AGO,0.0
2018,AGO,0.0
2019,AGO,0.0
2020,AGO,0.0
2010,ALB,0.0
2011,ALB,0.0
2012,ALB,0.0
2013,ALB,0.0
2014,ALB,0.0
2015,ALB,0.0
2016,ALB,0.0
2017,ALB,0.0
2018,ALB,0.0
2019,ALB,0.0
2020,ALB,0.0
2010,AND,0.0002034230799809
2011,AND,0.000297519690099
2012,AND,0.000172369266446
2013,AND,0.0001024206513695
2014,AND,5.6200437600780845e-05
2015,AND,4.8757706338196185e-05
2016,AND,4.266147159035906e-05
2017,AND,0.0001150211971528
2018,AND,0.0001244372074231
2019,AND,0.0001237297909969
2020,AND,0.0001230303723253
2010,ARE,0.0
2011,ARE,0.0
2012,ARE,0.0
2013,ARE,0.0
2014,ARE,0.0
2015,ARE,0.0
2016,ARE,0.0
2017,ARE,0.0
2018,ARE,0.0
2019,ARE,0.0
2020,ARE,0.0
2010,ARG,0.0
2011,ARG,0.0
2012,ARG,0.0
2013,ARG,0.0
2014,ARG,0.0
2015,ARG,0.0
2016,ARG,0.0
2017,ARG,0.0
2018,ARG,0.0
2019,ARG,0.0
2020,ARG,0.0
2010,ARM,0.0
2011,ARM,0.0
2012,ARM,0.0
2013,ARM,0.0
2014,ARM,0.0
2015,ARM,0.0
2016,ARM,0.0
2017,ARM,0.0
2018,ARM,0.0
2019,ARM,0.0
2020,ARM,0.0
2010,ASM,0.0
2011,ASM,0.0
2012,ASM,0.0
2013,ASM,0.0
2014,ASM,0.0
2015,ASM,0.0
2016,ASM,0.0
2017,ASM,0.0
2018,ASM,0.0
2019,ASM,0.0
2020,ASM,0.0
2010,ATG,0.0
2011,ATG,0.0
2012,ATG,0.0
2013,ATG,0.0
2014,ATG,0.0
2015,ATG,0.0
2016,ATG,0.0
2017,ATG,0.0
2018,ATG,0.0
2019,ATG,0.0
2020,ATG,0.0
2010,AUS,0.0208514155364278
2011,AUS,0.022057086018197
2012,AUS,0.020746905846533
2013,AUS,0.0226071316249518
2014,AUS,0.0160976913641969
2015,AUS,0.0175988617662293
2016,AUS,0.0169951347754973
2017,AUS,0.0210654435389752
2018,AUS,0.0208146514167515
2019,AUS,0.0204774363961806
2020,AUS,0.0201509735208575
2010,AUT,0.0
2011,AUT,0.0
2012,AUT,0.0
2013,AUT,0.0
2014,AUT,0.0
2015,AUT,0.0
2016,AUT,0.0
2017,AUT,0.0
2018,AUT,0.0
2019,AUT,0.0
2020,AUT,0.0
2010,AZE,0.0
2011,AZE,0.0
2012,AZE,0.0
2013,AZE,0.0
2014,AZE,0.0
2015,AZE,0.0
2016,AZE,0.0
2017,AZE,0.0
2018,AZE,0.0
2019,AZE,0.0
2020,AZE,0.0
2010,BDI,0.0
2011,BDI,0.0
2012,BDI,0.0
2013,BDI,0.0
2014,BDI,0.0
2015,BDI,0.0
2016,BDI,0.0
2017,BDI,0.0
2018,BDI,0.0
2019,BDI,0.0
2020,BDI,0.0
2010,BEL,0.0001996161651855
2011,BEL,0.000167627533649
2012,BEL,0.0002476559759511
2013,BEL,0.0001242555547012
2014,BEL,0.0001636685544131
2015,BEL,0.0001382512454337
2016,BEL,0.0001342115699898
2017,BEL,0.0001041110501277
2018,BEL,0.0001292348178558
2019,BEL,0.0001283256513268
2020,BEL,0.0001274291874021
2010,BEN,0.0
2011,BEN,0.0
2012,BEN,0.0
2013,BEN,0.0
2014,BEN,0.0
2015,BEN,0.0
2016,BEN,0.0
2017,BEN,0.0
2018,BEN,0.0
2019,BEN,0.0
2020,BEN,0.0
2010,BFA,0.0
2011,BFA,0.0
2012,BFA,0.0
2013,BFA,0.0
2014,BFA,0.0
2015,BFA,0.0
2016,BFA,0.0
2017,BFA,0.0
2018,BFA,0.0
2019,BFA,0.0
2020,BFA,0.0
2010,BGD,0.0
2011,BGD,0.0
2012,BGD,0.0
2013,BGD,0.0
2014,BGD,0.0
2015,BGD,0.0
2016,BGD,0.0
2017,BGD,0.0
2018,BGD,0.0
2019,BGD,0.0
2020,BGD,0.0
2010,BGR,0.0
2011,BGR,1.925542460851742e-05
2012,BGR,0.0001124989671998
2013,BGR,4.34205638254101e-06
2014,BGR,7.901385688547707e-06
2015,BGR,7.100303311619047e-06
2016,BGR,6.917049150136619e-06
2017,BGR,4.5328482351642695e-05
2018,BGR,0.000153773159297
2019,BGR,0.0001500895868785
2020,BGR,0.0001465783628331
2010,BHR,0.0
2011,BHR,0.0
2012,BHR,0.0
2013,BHR,0.0
2014,BHR,0.0
2015,BHR,0.0
2016,BHR,0.0
2017,BHR,0.0
2018,BHR,0.0
2019,BHR,0.0
2020,BHR,0.0
2010,BHS,0.0
2011,BHS,0.0
2012,BHS,0.0
2013,BHS,0.0
2014,BHS,0.0
2015,BHS,0.0
2016,BHS,0.0
2017,BHS,0.0
2018,BHS,0.0
2019,BHS,0.0
2020,BHS,0.0
2010,BIH,0.0
2011,BIH,0.0
2012,BIH,0.0
2013,BIH,0.0
2014,BIH,0.0
2015,BIH,0.0
2016,BIH,0.0
2017,BIH,0.0
2018,BIH,0.0
2019,BIH,0.0
2020,BIH,0.0
2010,BLR,0.0
2011,BLR,0.0
2012,BLR,0.0
2013,BLR,0.0
2014,BLR,0.0
2015,BLR,0.0
2016,BLR,0.0
2017,BLR,0.0
2018,BLR,0.0
2019,BLR,0.0
2020,BLR,0.0
2010,BLZ,0.0
2011,BLZ,0.0
2012,BLZ,0.0
2013,BLZ,0.0
2014,BLZ,0.0
2015,BLZ,0.0
2016,BLZ,0.0
2017,BLZ,0.0
2018,BLZ,0.0
2019,BLZ,0.0
2020,BLZ,0.0
2010,BMU,0.0
2011,BMU,0.0
2012,BMU,0.0
2013,BMU,0.0
2014,BMU,0.0
2015,BMU,0.0
2016,BMU,0.0
2017,BMU,0.0
2018,BMU,0.0
2019,BMU,0.0
2020,BMU,0.0
2010,BOL,0.0
2011,BOL,0.0
2012,BOL,0.0
2013,BOL,0.0
2014,BOL,0.0
2015,BOL,0.0
2016,BOL,0.0
2017,BOL,0.0
2018,BOL,0.0
2019,BOL,0.0
2020,BOL,0.0
2010,BRA,0.0
2011,BRA,0.0
2012,BRA,0.0
2013,BRA,0.0
2014,BRA,0.0
2015,BRA,0.0
2016,BRA,0.0
2017,BRA,0.0
2018,BRA,0.0
2019,BRA,0.0
2020,BRA,0.0
2010,BRB,0.0
2011,BRB,0.0
2012,BRB,0.0
2013,BRB,0.0
2014,BRB,0.0
2015,BRB,0.0
2016,BRB,0.0
2017,BRB,0.0
2018,BRB,0.0
2019,BRB,0.0
2020,BRB,0.0
2010,BRN,0.0
2011,BRN,0.0
2012,BRN,0.0
2013,BRN,0.0
2014,BRN,0.0
2015,BRN,0.0
2016,BRN,0.0
2017,BRN,0.0
2018,BRN,0.0
2019,BRN,0.0
2020,BRN,0.0
2010,BTN,0.0
2011,BTN,0.0
2012,BTN,0.0
2013,BTN,0.0
2014,BTN,0.0
2015,BTN,0.0
2016,BTN,0.0
2017,BTN,0.0
2018,BTN,0.0
2019,BTN,0.0
2020,BTN,0.0
2010,BWA,0.0
2011,BWA,0.0
2012,BWA,0.0
2013,BWA,0.0
2014,BWA,0.0
2015,BWA,0.0
2016,BWA,0.0
2017,BWA,0.0
2018,BWA,0.0
2019,BWA,0.0
2020,BWA,0.0
2010,CAF,0.0
2011,CAF,0.0
2012,CAF,0.0
2013,CAF,0.0
2014,CAF,0.0
2015,CAF,0.0
2016,CAF,0.0
2017,CAF,0.0
2018,CAF,0.0
2019,CAF,0.0
2020,CAF,0.0
2010,CAN,0.0002412257710454
2011,CAN,0.0002642972555112
2012,CAN,0.0002832768177534
2013,CAN,0.0002541910209391
2014,CAN,0.000228286533675
2015,CAN,0.0002076593504864
2016,CAN,0.0001977465293966
2017,CAN,0.000209191399122
2018,CAN,0.0002100077352444
2019,CAN,0.0002077417936133
2020,CAN,0.0002055242281309
2010,CHE,0.0005647480999277
2011,CHE,0.0006932375096636
2012,CHE,0.0012220819422388
2013,CHE,0.0010806606608943
2014,CHE,0.0009438786998802
2015,CHE,0.0008868353253974
2016,CHE,0.0008584546826519
2017,CHE,0.0009739304230127
2018,CHE,0.0008141377099374
2019,CHE,0.0008049806235215
2020,CHE,0.0007960272362715
2010,CHL,0.0
2011,CHL,0.0
2012,CHL,0.0
2013,CHL,0.0
2014,CHL,0.0
2015,CHL,0.0
2016,CHL,0.0
2017,CHL,0.0
2018,CHL,0.0
2019,CHL,0.0
2020,CHL,0.0
2010,CHN,0.0003004468709008
2011,CHN,0.0002290709074279
2012,CHN,0.0001486645643068
2013,CHN,0.0002242846584179
2014,CHN,0.0002170134841791
2015,CHN,0.000153430450102
2016,CHN,0.0001582547192363
2017,CHN,0.0001544097605636
2018,CHN,0.0001423135433095
2019,CHN,0.0001412360152327
2020,CHN,0.0001339303948987
2010,CIV,0.0
2011,CIV,0.0
2012,CIV,0.0
2013,CIV,0.0
2014,CIV,0.0
2015,CIV,0.0
2016,CIV,0.0
2017,CIV,0.0
2018,CIV,0.0
2019,CIV,0.0
2020,CIV,0.0
2010,CMR,0.0
2011,CMR,0.0
2012,CMR,0.0
2013,CMR,0.0
2014,CMR,0.0
2015,CMR,0.0
2016,CMR,0.0
2017,CMR,0.0
2018,CMR,0.0
2019,CMR,0.0
2020,CMR,0.0
2010,COD,0.0
2011,COD,0.0
2012,COD,0.0
2013,COD,0.0
2014,COD,0.0
2015,COD,0.0
2016,COD,0.0
2017,COD,0.0
2018,COD,0.0
2019,COD,0.0
2020,COD,0.0
2010,COG,0.0
2011,COG,0.0
2012,COG,0.0
2013,COG,0.0
2014,COG,0.0
2015,COG,0.0
2016,COG,0.0
2017,COG,0.0
2018,COG,0.0
2019,COG,0.0
2020,COG,0.0
2010,COL,0.0
2011,COL,0.0
2012,COL,0.0
2013,COL,0.0
2014,COL,0.0
2015,COL,0.0
2016,COL,0.0
2017,COL,0.0
2018,COL,0.0
2019,COL,0.0
2020,COL,0.0
2010,COM,0.0
2011,COM,0.0
2012,COM,0.0
2013,COM,0.0
2014,COM,0.0
2015,COM,0.0
2016,COM,0.0
2017,COM,0.0
2018,COM,0.0
2019,COM,0.0
2020,COM,0.0
2010,CPV,0.0
2011,CPV,0.0
2012,CPV,0.0
2013,CPV,0.0
2014,CPV,0.0
2015,CPV,0.0
2016,CPV,0.0
2017,CPV,0.0
2018,CPV,0.0
2019,CPV,0.0
2020,CPV,0.0
2010,CRI,0.0
2011,CRI,0.0
2012,CRI,0.0
2013,CRI,0.0
2014,CRI,0.0
2015,CRI,0.0
2016,CRI,0.0
2017,CRI,0.0
2018,CRI,0.0
2019,CRI,0.0
2020,CRI,0.0
2010,CUB,0.0
2011,CUB,0.0
2012,CUB,0.0
2013,CUB,0.0
2014,CUB,0.0
2015,CUB,0.0
2016,CUB,0.0
2017,CUB,0.0
2018,CUB,0.0
2019,CUB,0.0
2020,CUB,0.0
2010,CUW,0.0
2011,CUW,0.0
2012,CUW,0.0
2013,CUW,0.0
2014,CUW,0.0
2015,CUW,0.0
2016,CUW,0.0
2017,CUW,0.0
2018,CUW,0.0
2019,CUW,0.0
2020,CUW,0.0
2010,CYM,0.0
2011,CYM,0.0
2012,CYM,0.0
2013,CYM,0.0
2014,CYM,0.0
2015,CYM,0.0
2016,CYM,0.0
2017,CYM,0.0
2018,CYM,0.0
2019,CYM,0.0
2020,CYM,0.0
2010,CYP,0.0
2011,CYP,0.0
2012,CYP,0.0
2013,CYP,0.0
2014,CYP,0.0
2015,CYP,0.0
2016,CYP,0.0
2017,CYP,0.0
2018,CYP,0.0
2019,CYP,0.0
2020,CYP,0.0
2010,CZE,0.0013262469121301
2011,CZE,0.0015566991409527
2012,CZE,0.0012873065297715
2013,CZE,0.0012770417401898
2014,CZE,0.0013510979329456
2015,CZE,0.0013835842550023
2016,CZE,0.0012886129772619
2017,CZE,0.0015190123135966
2018,CZE,0.0014492832274402
2019,CZE,0.0014163741873997
2020,CZE,0.0013849265028663
2010,DEU,0.0014208959046724
2011,DEU,0.0014796781531939
2012,DEU,0.0013650233454681
2013,DEU,0.0012638053706818
2014,DEU,0.0012037978080352
2015,DEU,0.0011216897506292
2016,DEU,0.0010652110495509
2017,DEU,0.0010197672139417
2018,DEU,0.0010244769651626
2019,DEU,0.0009587663209809
2020,DEU,0.0009500687504753
2010,DJI,0.0
2011,DJI,0.0
2012,DJI,0.0
2013,DJI,0.0
2014,DJI,0.0
2015,DJI,0.0
2016,DJI,0.0
2017,DJI,0.0
2018,DJI,0.0
2019,DJI,0.0
2020,DJI,0.0
2010,DMA,0.0
2011,DMA,0.0
2012,DMA,0.0
2013,DMA,0.0
2014,DMA,0.0
2015,DMA,0.0
2016,DMA,0.0
2017,DMA,0.0
2018,DMA,0.0
2019,DMA,0.0
2020,DMA,0.0
2010,DNK,0.0
2011,DNK,0.0
2012,DNK,0.0
2013,DNK,0.0
2014,DNK,0.0
2015,DNK,0.0
2016,DNK,0.0
2017,DNK,0.0
2018,DNK,0.0
2019,DNK,0.0
2020,DNK,0.0
2010,DOM,0.0
2011,DOM,0.0
2012,DOM,0.0
2013,DOM,0.0
2014,DOM,0.0
2015,DOM,0.0
2016,DOM,0.0
2017,DOM,0.0
2018,DOM,0.0
2019,DOM,0.0
2020,DOM,0.0
2010,DZA,0.0
2011,DZA,0.0
2012,DZA,0.0
2013,DZA,0.0
2014,DZA,0.0
2015,DZA,0.0
2016,DZA,0.0
2017,DZA,0.0
2018,DZA,0.0
2019,DZA,0.0
2020,DZA,0.0
2010,ECU,0.0
2011,ECU,0.0
2012,ECU,0.0
2013,ECU,0.0
2014,ECU,0.0
2015,ECU,0.0
2016,ECU,0.0
2017,ECU,0.0
2018,ECU,0.0
2019,ECU,0.0
2020,ECU,0.0
2010,EGY,0.0
2011,EGY,0.0
2012,EGY,0.0
2013,EGY,0.0
2014,EGY,0.0
2015,EGY,0.0
2016,EGY,0.0
2017,EGY,0.0
2018,EGY,0.0
2019,EGY,0.0
2020,EGY,0.0
2010,ERI,0.0
2011,ERI,0.0
2012,ERI,0.0
2013,ERI,0.0
2014,ERI,0.0
2015,ERI,0.0
2016,ERI,0.0
2017,ERI,0.0
2018,ERI,0.0
2019,ERI,0.0
2020,ERI,0.0
2010,ESP,0.0
2011,ESP,0.0
2012,ESP,0.0
2013,ESP,0.0
2014,ESP,1.8467791347526043e-05
2015,ESP,1.327740190247197e-05
2016,ESP,1.1708657677809687e-05
2017,ESP,9.943449049277347e-06
2018,ESP,1.0892365144864567e-05
2019,ESP,1.0781291072958356e-05
2020,ESP,1.0672459472557057e-05
2010,EST,0.0
2011,EST,0.0
2012,EST,0.0
2013,EST,0.0
2014,EST,0.0
2015,EST,0.0
2016,EST,0.0
2017,EST,0.0
2018,EST,0.0
2019,EST,0.0
2020,EST,0.0
2010,ETH,0.0
2011,ETH,0.0
2012,ETH,0.0
2013,ETH,0.0
2014,ETH,0.0
2015,ETH,0.0
2016,ETH,0.0
2017,ETH,0.0
2018,ETH,0.0
2019,ETH,0.0
2020,ETH,0.0
2010,FIN,0.0004564473049301
2011,FIN,0.000499944239647
2012,FIN,0.0005446092765423
2013,FIN,0.0005470293584189
2014,FIN,0.0005616677050183
2015,FIN,0.0005974388713562
2016,FIN,0.0006128715121418
2017,FIN,0.0006024721392384
2018,FIN,0.0006005625723879
2019,FIN,0.000593347263405
2020,FIN,0.0005863032692571
2010,FJI,0.0
2011,FJI,0.0
2012,FJI,0.0
2013,FJI,0.0
2014,FJI,0.0
2015,FJI,0.0
2016,FJI,0.0
2017,FJI,0.0
2018,FJI,0.0
2019,FJI,0.0
2020,FJI,0.0
2010,FRA,0.0002034230799809
2011,FRA,0.000297519690099
2012,FRA,0.000172369266446
2013,FRA,0.0001024206513695
2014,FRA,5.6200437600780845e-05
2015,FRA,4.8757706338196185e-05
2016,FRA,4.266147159035906e-05
2017,FRA,0.0001150211971528
2018,FRA,0.0001244372074231
2019,FRA,0.0001237297909969
2020,FRA,0.0001230303723253
2010,FRO,2.8599561849666427e-05
2011,FRO,0.0001105376420158
2012,FRO,3.0199962736292952e-05
2013,FRO,7.310577464612294e-06
2014,FRO,2.3164872712439902e-05
2015,FRO,1.7701776793163476e-05
2016,FRO,3.7428016370082815e-05
2017,FRO,6.002193761774836e-05
2018,FRO,0.0001310548484047
2019,FRO,0.0001279039616694
2020,FRO,0.0001249010281822
2010,FSM,0.0
2011,FSM,0.0
2012,FSM,0.0
2013,FSM,0.0
2014,FSM,0.0
2015,FSM,0.0
2016,FSM,0.0
2017,FSM,0.0
2018,FSM,0.0
2019,FSM,0.0
2020,FSM,0.0
2010,GAB,0.0
2011,GAB,0.0
2012,GAB,0.0
2013,GAB,0.0
2014,GAB,0.0
2015,GAB,0.0
2016,GAB,0.0
2017,GAB,0.0
2018,GAB,0.0
2019,GAB,0.0
2020,GAB,0.0
2010,GBR,0.0001926067691297
2011,GBR,0.0001919371202067
2012,GBR,0.000205870063693
2013,GBR,0.0002209515975908
2014,GBR,0.0002372782538043
2015,GBR,0.0002549548578672
2016,GBR,0.0002785460731699
2017,GBR,0.0003045471140798
2018,GBR,0.0003340037616123
2019,GBR,0.0003317811606765
2020,GBR,0.0003295879444378
2010,GEO,0.0
2011,GEO,0.0
2012,GEO,0.0
2013,GEO,0.0
2014,GEO,0.0
2015,GEO,0.0
2016,GEO,0.0
2017,GEO,0.0
2018,GEO,0.0
2019,GEO,0.0
2020,GEO,0.0
2010,GHA,0.0
2011,GHA,0.0
2012,GHA,0.0
2013,GHA,0.0
2014,GHA,0.0
2015,GHA,0.0
2016,GHA,0.0
2017,GHA,0.0
2018,GHA,0.0
2019,GHA,0.0
2020,GHA,0.0
2010,GIB,0.0
2011,GIB,0.0
2012,GIB,0.0
2013,GIB,0.0
2014,GIB,0.0
2015,GIB,0.0
2016,GIB,0.0
2017,GIB,0.0
2018,GIB,0.0
2019,GIB,0.0
2020,GIB,0.0
2010,GIN,0.0
2011,GIN,0.0
2012,GIN,0.0
2013,GIN,0.0
2014,GIN,0.0
2015,GIN,0.0
2016,GIN,0.0
2017,GIN,0.0
2018,GIN,0.0
2019,GIN,0.0
2020,GIN,0.0
2010,GMB,0.0
2011,GMB,0.0
2012,GMB,0.0
2013,GMB,0.0
2014,GMB,0.0
2015,GMB,0.0
2016,GMB,0.0
2017,GMB,0.0
2018,GMB,0.0
2019,GMB,0.0
2020,GMB,0.0
2010,GNB,0.0
2011,GNB,0.0
2012,GNB,0.0
2013,GNB,0.0
2014,GNB,0.0
2015,GNB,0.0
2016,GNB,0.0
2017,GNB,0.0
2018,GNB,0.0
2019,GNB,0.0
2020,GNB,0.0
2010,GNQ,0.0
2011,GNQ,0.0
2012,GNQ,0.0
2013,GNQ,0.0
2014,GNQ,0.0
2015,GNQ,0.0
2016,GNQ,0.0
2017,GNQ,0.0
2018,GNQ,0.0
2019,GNQ,0.0
2020,GNQ,0.0
2010,GRC,0.0258543768564163
2011,GRC,0.0227742922241262
2012,GRC,0.0253900239382592
2013,GRC,0.0255645974167871
2014,GRC,0.0206071718373044
2015,GRC,0.0199708985653404
2016,GRC,0.0174041954661774
2017,GRC,0.0161578346228426
2018,GRC,0.0134538584723497
2019,GRC,0.0134209400040166
2020,GRC,0.0133881822302011
2010,GRD,0.0
2011,GRD,0.0
2012,GRD,0.0
2013,GRD,0.0
2014,GRD,0.0
2015,GRD,0.0
2016,GRD,0.0
2017,GRD,0.0
2018,GRD,0.0
2019,GRD,0.0
2020,GRD,0.0
2010,GRL,2.8599561849666427e-05
2011,GRL,0.0001105376420158
2012,GRL,3.0199962736292952e-05
2013,GRL,7.310577464612294e-06
2014,GRL,2.3164872712439902e-05
2015,GRL,1.7701776793163476e-05
2016,GRL,3.7428016370082815e-05
2017,GRL,6.002193761774836e-05
2018,GRL,0.0001310548484047
2019,GRL,0.0001279039616694
2020,GRL,0.0001249010281822
2010,GTM,0.0
2011,GTM,0.0
2012,GTM,0.0
2013,GTM,0.0
2014,GTM,0.0
2015,GTM,0.0
2016,GTM,0.0
2017,GTM,0.0
2018,GTM,0.0
2019,GTM,0.0
2020,GTM,0.0
2010,GUM,0.0
2011,GUM,0.0
2012,GUM,0.0
2013,GUM,0.0
2014,GUM,0.0
2015,GUM,0.0
2016,GUM,0.0
2017,GUM,0.0
2018,GUM,0.0
2019,GUM,0.0
2020,GUM,0.0
2010,GUY,0.0
2011,GUY,0.0
2012,GUY,0.0
2013,GUY,0.0
2014,GUY,0.0
2015,GUY,0.0
2016,GUY,0.0
2017,GUY,0.0
2018,GUY,0.0
2019,GUY,0.0
2020,GUY,0.0
2010,HKG,0.0
2011,HKG,0.0
2012,HKG,0.0
2013,HKG,0.0
2014,HKG,0.0
2015,HKG,0.0
2016,HKG,0.0
2017,HKG,0.0
2018,HKG,0.0
2019,HKG,0.0
2020,HKG,0.0
2010,HND,0.0
2011,HND,0.0
2012,HND,0.0
2013,HND,0.0
2014,HND,0.0
2015,HND,0.0
2016,HND,0.0
2017,HND,0.0
2018,HND,0.0
2019,HND,0.0
2020,HND,0.0
2010,HRV,0.0004725705691398
2011,HRV,0.0002556020092936
2012,HRV,0.0
2013,HRV,0.0
2014,HRV,0.0
2015,HRV,0.0
2016,HRV,0.0
2017,HRV,0.0
2018,HRV,0.0
2019,HRV,0.0
2020,HRV,0.0
2010,HTI,0.0
2011,HTI,0.0
2012,HTI,0.0
2013,HTI,0.0
2014,HTI,0.0
2015,HTI,0.0
2016,HTI,0.0
2017,HTI,0.0
2018,HTI,0.0
2019,HTI,0.0
2020,HTI,0.0
2010,HUN,0.0018266684238787
2011,HUN,0.0024273463471393
2012,HUN,0.0024740235300805
2013,HUN,0.0027120000583899
2014,HUN,0.0029687527737992
2015,HUN,0.0030704205255853
2016,HUN,0.0032980624412677
2017,HUN,0.0031116857155728
2018,HUN,0.003472838712215
2019,HUN,0.0033777623216508
2020,HUN,0.0032877530471935
2010,IDN,0.0
2011,IDN,0.0
2012,IDN,0.0
2013,IDN,0.0
2014,IDN,0.0
2015,IDN,0.0
2016,IDN,0.0
2017,IDN,0.0
2018,IDN,0.0
2019,IDN,0.0
2020,IDN,0.0
2010,IMN,0.0008977849582071
2011,IMN,0.0006431221691651
2012,IMN,0.0005754456528168
2013,IMN,0.0006627459846844
2014,IMN,0.0002486548540044
2015,IMN,0.0007139496935469
2016,IMN,0.0003002478850861
2017,IMN,0.0004791435359136
2018,IMN,0.0008868839630813
2019,IMN,0.0008352886416851
2020,IMN,0.0007893664922683
2010,IND,0.0
2011,IND,0.0
2012,IND,0.0
2013,IND,0.0
2014,IND,0.0
2015,IND,0.0
2016,IND,0.0
2017,IND,0.0
2018,IND,0.0
2019,IND,0.0
2020,IND,0.0
2010,IRL,0.0008977849582071
2011,IRL,0.0006431221691651
2012,IRL,0.0005754456528168
2013,IRL,0.0006627459846844
2014,IRL,0.0002486548540044
2015,IRL,0.0007139496935469
2016,IRL,0.0003002478850861
2017,IRL,0.0004791435359136
2018,IRL,0.0008868839630813
2019,IRL,0.0008352886416851
2020,IRL,0.0007893664922683
2010,IRN,0.0
2011,IRN,0.0
2012,IRN,0.0
2013,IRN,0.0
2014,IRN,0.0
2015,IRN,0.0
2016,IRN,0.0
2017,IRN,0.0
2018,IRN,0.0
2019,IRN,0.0
2020,IRN,0.0
2010,IRQ,0.0
2011,IRQ,0.0
2012,IRQ,0.0
2013,IRQ,0.0
2014,IRQ,0.0
2015,IRQ,0.0
2016,IRQ,0.0
2017,IRQ,0.0
2018,IRQ,0.0
2019,IRQ,0.0
2020,IRQ,0.0
2010,ISL,2.8599561849666427e-05
2011,ISL,0.0001105376420158
2012,ISL,3.0199962736292952e-05
2013,ISL,7.310577464612294e-06
2014,ISL,2.3164872712439902e-05
2015,ISL,1.7701776793163476e-05
2016,ISL,3.7428016370082815e-05
2017,ISL,6.002193761774836e-05
2018,ISL,0.0001310548484047
2019,ISL,0.0001279039616694
2020,ISL,0.0001249010281822
2010,ISR,0.0
2011,ISR,0.0
2012,ISR,0.0
2013,ISR,0.0
2014,ISR,0.0
2015,ISR,0.0
2016,ISR,0.0
2017,ISR,0.0
2018,ISR,0.0
2019,ISR,0.0
2020,ISR,0.0
2010,ITA,0.0049945988988065
2011,ITA,0.0049782222132477
2012,ITA,0.0047597160350557
2013,ITA,0.0046772834411391
2014,ITA,0.0046094796775541
2015,ITA,0.004649601728268
2016,ITA,0.0046282934169759
2017,ITA,0.0045084502466198
2018,ITA,0.0042510538179998
2019,ITA,0.0042589590334793
2020,ITA,0.0042647336980262
2010,JAM,0.0
2011,JAM,0.0
2012,JAM,0.0
2013,JAM,0.0
2014,JAM,0.0
2015,JAM,0.0
2016,JAM,0.0
2017,JAM,0.0
2018,JAM,0.0
2019,JAM,0.0
2020,JAM,0.0
2010,JOR,0.0
2011,JOR,0.0
2012,JOR,0.0
2013,JOR,0.0
2014,JOR,0.0
2015,JOR,0.0
2016,JOR,0.0
2017,JOR,0.0
2018,JOR,0.0
2019,JOR,0.0
2020,JOR,0.0
2010,JPN,0.0014141316252552
2011,JPN,0.0012018613330267
2012,JPN,0.0010057457980627
2013,JPN,0.0008887498380109
2014,JPN,0.0009006862125212
2015,JPN,0.0008838853116191
2016,JPN,0.0009139912949011
2017,JPN,0.0009554972064321
2018,JPN,0.000875492349061
2019,JPN,0.0007882897070374
2020,JPN,0.0007860905150684
2010,KAZ,0.0
2011,KAZ,0.0
2012,KAZ,0.0
2013,KAZ,0.0
2014,KAZ,0.0
2015,KAZ,0.0
2016,KAZ,0.0
2017,KAZ,0.0
2018,KAZ,0.0
2019,KAZ,0.0
2020,KAZ,0.0
2010,KEN,0.0
2011,KEN,0.0
2012,KEN,0.0
2013,KEN,0.0
2014,KEN,0.0
2015,KEN,0.0
2016,KEN,0.0
2017,KEN,0.0
2018,KEN,0.0
2019,KEN,0.0
2020,KEN,0.0
2010,KGZ,0.0
2011,KGZ,0.0
2012,KGZ,0.0
2013,KGZ,0.0
2014,KGZ,0.0
2015,KGZ,0.0
2016,KGZ,0.0
2017,KGZ,0.0
2018,KGZ,0.0
2019,KGZ,0.0
2020,KGZ,0.0
2010,KHM,0.0
2011,KHM,0.0
2012,KHM,0.0
2013,KHM,0.0
2014,KHM,0.0
2015,KHM,0.0
2016,KHM,0.0
2017,KHM,0.0
2018,KHM,0.0
2019,KHM,0.0
2020,KHM,0.0
2010,KIR,0.0
2011,KIR,0.0
2012,KIR,0.0
2013,KIR,0.0
2014,KIR,0.0
2015,KIR,0.0
2016,KIR,0.0
2017,KIR,0.0
2018,KIR,0.0
2019,KIR,0.0
2020,KIR,0.0
2010,KNA,0.0
2011,KNA,0.0
2012,KNA,0.0
2013,KNA,0.0
2014,KNA,0.0
2015,KNA,0.0
2016,KNA,0.0
2017,KNA,0.0
2018,KNA,0.0
2019,KNA,0.0
2020,KNA,0.0
2010,KOR,7.68066616800496e-06
2011,KOR,7.340916343656931e-06
2012,KOR,1.0544925822420914e-05
2013,KOR,1.0116389262921878e-05
2014,KOR,9.72132319367209e-06
2015,KOR,6.237302477476558e-06
2016,KOR,6.095600514092053e-06
2017,KOR,9.655054702064792e-06
2018,KOR,1.4698268536628517e-05
2019,KOR,1.409015959388355e-05
2020,KOR,1.3796718837969671e-05
2010,KWT,0.0
2011,KWT,0.0
2012,KWT,0.0
2013,KWT,0.0
2014,KWT,0.0
2015,KWT,0.0
2016,KWT,0.0
2017,KWT,0.0
2018,KWT,0.0
2019,KWT,0.0
2020,KWT,0.0
2010,LAO,0.0
2011,LAO,0.0
2012,LAO,0.0
2013,LAO,0.0
2014,LAO,0.0
2015,LAO,0.0
2016,LAO,0.0
2017,LAO,0.0
2018,LAO,0.0
2019,LAO,0.0
2020,LAO,0.0
2010,LBN,0.0
2011,LBN,0.0
2012,LBN,0.0
2013,LBN,0.0
2014,LBN,0.0
2015,LBN,0.0
2016,LBN,0.0
2017,LBN,0.0
2018,LBN,0.0
2019,LBN,0.0
2020,LBN,0.0
2010,LBR,0.0
2011,LBR,0.0
2012,LBR,0.0
2013,LBR,0.0
2014,LBR,0.0
2015,LBR,0.0
2016,LBR,0.0
2017,LBR,0.0
2018,LBR,0.0
2019,LBR,0.0
2020,LBR,0.0
2010,LBY,0.0
2011,LBY,0.0
2012,LBY,0.0
2013,LBY,0.0
2014,LBY,0.0
2015,LBY,0.0
2016,LBY,0.0
2017,LBY,0.0
2018,LBY,0.0
2019,LBY,0.0
2020,LBY,0.0
2010,LCA,0.0
2011,LCA,0.0
2012,LCA,0.0
2013,LCA,0.0
2014,LCA,0.0
2015,LCA,0.0
2016,LCA,0.0
2017,LCA,0.0
2018,LCA,0.0
2019,LCA,0.0
2020,LCA,0.0
2010,LIE,0.0005647480999277
2011,LIE,0.0006932375096636
2012,LIE,0.0012220819422388
2013,LIE,0.0010806606608943
2014,LIE,0.0009438786998802
2015,LIE,0.0008868353253974
2016,LIE,0.0008584546826519
2017,LIE,0.0009739304230127
2018,LIE,0.0008141377099374
2019,LIE,0.0008049806235215
2020,LIE,0.0007960272362715
2010,LKA,0.0
2011,LKA,0.0
2012,LKA,0.0
2013,LKA,0.0
2014,LKA,0.0
2015,LKA,0.0
2016,LKA,0.0
2017,LKA,0.0
2018,LKA,0.0
2019,LKA,0.0
2020,LKA,0.0
2010,LSO,0.0
2011,LSO,0.0
2012,LSO,0.0
2013,LSO,0.0
2014,LSO,0.0
2015,LSO,0.0
2016,LSO,0.0
2017,LSO,0.0
2018,LSO,0.0
2019,LSO,0.0
2020,LSO,0.0
2010,LTU,0.0
2011,LTU,0.0
2012,LTU,0.0
2013,LTU,0.0
2014,LTU,0.0
2015,LTU,0.0
2016,LTU,0.0
2017,LTU,0.0
2018,LTU,0.0
2019,LTU,0.0
2020,LTU,0.0
2010,LUX,0.0
2011,LUX,0.0
2012,LUX,0.0
2013,LUX,0.0
2014,LUX,0.0
2015,LUX,0.0
2016,LUX,0.0
2017,LUX,0.0
2018,LUX,0.0
2019,LUX,0.0
2020,LUX,0.0
2010,LVA,2.5995395855185377e-06
2011,LVA,2.0788968492907665e-06
2012,LVA,1.6635597824093287e-06
2013,LVA,1.3319732217461438e-06
2014,LVA,1.067072757645514e-06
2015,LVA,8.553089571031802e-07
2016,LVA,6.855492152766742e-07
2017,LVA,5.497611361536428e-07
2018,LVA,4.410837138293191e-07
2019,LVA,4.317736957658097e-07
2020,LVA,4.228485695433951e-07
2010,MAC,0.0
2011,MAC,0.0
2012,MAC,0.0
2013,MAC,0.0
2014,MAC,0.0
2015,MAC,0.0
2016,MAC,0.0
2017,MAC,0.0
2018,MAC,0.0
2019,MAC,0.0
2020,MAC,0.0
2010,MAF,0.0
2011,MAF,0.0
2012,MAF,0.0
2013,MAF,0.0
2014,MAF,0.0
2015,MAF,0.0
2016,MAF,0.0
2017,MAF,0.0
2018,MAF,0.0
2019,MAF,0.0
2020,MAF,0.0
2010,MAR,0.0
2011,MAR,0.0
2012,MAR,0.0
2013,MAR,0.0
2014,MAR,0.0
2015,MAR,0.0
2016,MAR,0.0
2017,MAR,0.0
2018,MAR,0.0
2019,MAR,0.0
2020,MAR,0.0
2010,MCO,0.0005647480999277
2011,MCO,0.0006932375096636
2012,MCO,0.0012220819422388
2013,MCO,0.0010806606608943
2014,MCO,0.0009438786998802
2015,MCO,0.0008868353253974
2016,MCO,0.0008584546826519
2017,MCO,0.0009739304230127
2018,MCO,0.0008141377099374
2019,MCO,0.0008049806235215
2020,MCO,0.0007960272362715
2010,MDA,0.0
2011,MDA,0.0
2012,MDA,0.0
2013,MDA,0.0
2014,MDA,0.0
2015,MDA,0.0
2016,MDA,0.0
2017,MDA,0.0
2018,MDA,0.0
2019,MDA,0.0
2020,MDA,0.0
2010,MDG,0.0
2011,MDG,0.0
2012,MDG,0.0
2013,MDG,0.0
2014,MDG,0.0
2015,MDG,0.0
2016,MDG,0.0
2017,MDG,0.0
2018,MDG,0.0
2019,MDG,0.0
2020,MDG,0.0
2010,MDV,0.0
2011,MDV,0.0
2012,MDV,0.0
2013,MDV,0.0
2014,MDV,0.0
2015,MDV,0.0
2016,MDV,0.0
2017,MDV,0.0
2018,MDV,0.0
2019,MDV,0.0
2020,MDV,0.0
2010,MEX,0.0
2011,MEX,0.0
2012,MEX,0.0
2013,MEX,0.0
2014,MEX,0.0
2015,MEX,0.0
2016,MEX,0.0
2017,MEX,0.0
2018,MEX,0.0
2019,MEX,0.0
2020,MEX,0.0
2010,MHL,0.0
2011,MHL,0.0
2012,MHL,0.0
2013,MHL,0.0
2014,MHL,0.0
2015,MHL,0.0
2016,MHL,0.0
2017,MHL,0.0
2018,MHL,0.0
2019,MHL,0.0
2020,MHL,0.0
2010,MKD,0.0
2011,MKD,0.0
2012,MKD,0.0
2013,MKD,0.0
2014,MKD,0.0
2015,MKD,0.0
2016,MKD,0.0
2017,MKD,0.0
2018,MKD,0.0
2019,MKD,0.0
2020,MKD,0.0
2010,MLI,0.0
2011,MLI,0.0
2012,MLI,0.0
2013,MLI,0.0
2014,MLI,0.0
2015,MLI,0.0
2016,MLI,0.0
2017,MLI,0.0
2018,MLI,0.0
2019,MLI,0.0
2020,MLI,0.0
2010,MLT,0.0
2011,MLT,0.0
2012,MLT,0.0019388503154534
2013,MLT,0.0045192778048776
2014,MLT,0.0011226076057917
2015,MLT,0.000759685718474
2016,MLT,0.0003182097829782
2017,MLT,0.0012862553880544
2018,MLT,0.0011394332067767
2019,MLT,0.0010964097568482
2020,MLT,0.0010565171062319
2010,MMR,0.0
2011,MMR,0.0
2012,MMR,0.0
2013,MMR,0.0
2014,MMR,0.0
2015,MMR,0.0
2016,MMR,0.0
2017,MMR,0.0
2018,MMR,0.0
2019,MMR,0.0
2020,MMR,0.0
2010,MNE,0.0
2011,MNE,0.0
2012,MNE,0.0
2013,MNE,0.0
2014,MNE,0.0
2015,MNE,0.0
2016,MNE,0.0
2017,MNE,0.0
2018,MNE,0.0
2019,MNE,0.0
2020,MNE,0.0
2010,MNG,0.0
2011,MNG,0.0
2012,MNG,0.0
2013,MNG,0.0
2014,MNG,0.0
2015,MNG,0.0
2016,MNG,0.0
2017,MNG,0.0
2018,MNG,0.0
2019,MNG,0.0
2020,MNG,0.0
2010,MNP,0.0014141316252552
2011,MNP,0.0012018613330267
2012,MNP,0.0010057457980627
2013,MNP,0.0008887498380109
2014,MNP,0.0009006862125212
2015,MNP,0.0008838853116191
2016,MNP,0.0009139912949011
2017,MNP,0.0009554972064321
2018,MNP,0.000875492349061
2019,MNP,0.0007882897070374
2020,MNP,0.0007860905150684
2010,MOZ,0.0
2011,MOZ,0.0
2012,MOZ,0.0
2013,MOZ,0.0
2014,MOZ,0.0
2015,MOZ,0.0
2016,MOZ,0.0
2017,MOZ,0.0
2018,MOZ,0.0
2019,MOZ,0.0
2020,MOZ,0.0
2010,MRT,0.0
2011,MRT,0.0
2012,MRT,0.0
2013,MRT,0.0
2014,MRT,0.0
2015,MRT,0.0
2016,MRT,0.0
2017,MRT,0.0
2018,MRT,0.0
2019,MRT,0.0
2020,MRT,0.0
2010,MUS,0.0
2011,MUS,0.0
2012,MUS,0.0
2013,MUS,0.0
2014,MUS,0.0
2015,MUS,0.0
2016,MUS,0.0
2017,MUS,0.0
2018,MUS,0.0
2019,MUS,0.0
2020,MUS,0.0
2010,MWI,0.0
2011,MWI,0.0
2012,MWI,0.0
2013,MWI,0.0
2014,MWI,0.0
2015,MWI,0.0
2016,MWI,0.0
2017,MWI,0.0
2018,MWI,0.0
2019,MWI,0.0
2020,MWI,0.0
2010,MYS,0.0037166221384009
2011,MYS,0.0035175785821428
2012,MYS,0.0032948064337525
2013,MYS,0.003256915214831
2014,MYS,0.0029953556365717
2015,MYS,0.0030363712597466
2016,MYS,0.0030834931325473
2017,MYS,0.0
2018,MYS,0.0
2019,MYS,0.0
2020,MYS,0.0
2010,NAM,0.0
2011,NAM,0.0
2012,NAM,0.0
2013,NAM,0.0
2014,NAM,0.0
2015,NAM,0.0
2016,NAM,0.0
2017,NAM,0.0
2018,NAM,0.0
2019,NAM,0.0
2020,NAM,0.0
2010,NCL,0.0
2011,NCL,0.0
2012,NCL,0.0
2013,NCL,0.0
2014,NCL,0.0
2015,NCL,0.0
2016,NCL,0.0
2017,NCL,0.0
2018,NCL,0.0
2019,NCL,0.0
2020,NCL,0.0
2010,NER,0.0
2011,NER,0.0
2012,NER,0.0
2013,NER,0.0
2014,NER,0.0
2015,NER,0.0
2016,NER,0.0
2017,NER,0.0
2018,NER,0.0
2019,NER,0.0
2020,NER,0.0
2010,NGA,0.0
2011,NGA,0.0
2012,NGA,0.0
2013,NGA,0.0
2014,NGA,0.0
2015,NGA,0.0
2016,NGA,0.0
2017,NGA,0.0
2018,NGA,0.0
2019,NGA,0.0
2020,NGA,0.0
2010,NIC,0.0
2011,NIC,0.0
2012,NIC,0.0
2013,NIC,0.0
2014,NIC,0.0
2015,NIC,0.0
2016,NIC,0.0
2017,NIC,0.0
2018,NIC,0.0
2019,NIC,0.0
2020,NIC,0.0
2010,NLD,1.8842876091681792e-05
2011,NLD,2.687001441793414e-05
2012,NLD,3.755322612626182e-05
2013,NLD,6.910139595308242e-05
2014,NLD,3.383251524867461e-05
2015,NLD,0.0002686745635702
2016,NLD,1.6746853001633925e-05
2017,NLD,1.6512466400256836e-05
2018,NLD,1.628455012497954e-05
2019,NLD,1.606283990001102e-05
2020,NLD,1.584708564845058e-05
2010,NOR,8.194501922074132e-05
2011,NOR,0.0001003439332706
2012,NOR,0.0001200077303489
2013,NOR,0.000777714314025
2014,NOR,0.0007672636408098
2015,NOR,0.0005082274784842
2016,NOR,0.0004476675143719
2017,NOR,0.0016562987772234
2018,NOR,0.0002777639939582
2019,NOR,0.0002744407486013
2020,NOR,0.0002711960835438
2010,NPL,0.0
2011,NPL,0.0
2012,NPL,0.0
2013,NPL,0.0
2014,NPL,0.0
2015,NPL,0.0
2016,NPL,0.0
2017,NPL,0.0
2018,NPL,0.0
2019,NPL,0.0
2020,NPL,0.0
2010,NRU,0.0
2011,NRU,0.0
2012,NRU,0.0
2013,NRU,0.0
2014,NRU,0.0
2015,NRU,0.0
2016,NRU,0.0
2017,NRU,0.0
2018,NRU,0.0
2019,NRU,0.0
2020,NRU,0.0
2010,NZL,9.105879957372796e-05
2011,NZL,0.0
2012,NZL,0.0
2013,NZL,0.0
2014,NZL,0.0
2015,NZL,0.0
2016,NZL,0.0
2017,NZL,0.0001306502572804
2018,NZL,6.391072508169655e-05
2019,NZL,6.255627212098646e-05
2020,NZL,6.125803728080564e-05
2010,OMN,0.0
2011,OMN,0.0
2012,OMN,0.0
2013,OMN,0.0
2014,OMN,0.0
2015,OMN,0.0
2016,OMN,0.0
2017,OMN,0.0
2018,OMN,0.0
2019,OMN,0.0
2020,OMN,0.0
2010,PAK,0.0
2011,PAK,0.0
2012,PAK,0.0
2013,PAK,0.0
2014,PAK,0.0
2015,PAK,0.0
2016,PAK,0.0
2017,PAK,0.0
2018,PAK,0.0
2019,PAK,0.0
2020,PAK,0.0
2010,PAN,0.0
2011,PAN,0.0
2012,PAN,0.0
2013,PAN,0.0
2014,PAN,0.0
2015,PAN,0.0
2016,PAN,0.0
2017,PAN,0.0
2018,PAN,0.0
2019,PAN,0.0
2020,PAN,0.0
2010,PER,0.0
2011,PER,0.0
2012,PER,0.0
2013,PER,0.0
2014,PER,0.0
2015,PER,0.0
2016,PER,0.0
2017,PER,0.0
2018,PER,0.0
2019,PER,0.0
2020,PER,0.0
2010,PHL,0.0
2011,PHL,0.0
2012,PHL,0.0
2013,PHL,0.0
2014,PHL,0.0
2015,PHL,0.0
2016,PHL,0.0
2017,PHL,0.0
2018,PHL,0.0
2019,PHL,0.0
2020,PHL,0.0
2010,PLW,0.0
2011,PLW,0.0
2012,PLW,0.0
2013,PLW,0.0
2014,PLW,0.0
2015,PLW,0.0
2016,PLW,0.0
2017,PLW,0.0
2018,PLW,0.0
2019,PLW,0.0
2020,PLW,0.0
2010,PNG,0.0
2011,PNG,0.0
2012,PNG,0.0
2013,PNG,0.0
2014,PNG,0.0
2015,PNG,0.0
2016,PNG,0.0
2017,PNG,0.0
2018,PNG,0.0
2019,PNG,0.0
2020,PNG,0.0
2010,POL,0.0
2011,POL,0.0
2012,POL,0.0
2013,POL,0.0
2014,POL,0.0
2015,POL,0.0
2016,POL,0.0
2017,POL,0.0
2018,POL,0.0
2019,POL,0.0
2020,POL,0.0
2010,PRI,0.0
2011,PRI,0.0
2012,PRI,0.0
2013,PRI,0.0
2014,PRI,0.0
2015,PRI,0.0
2016,PRI,0.0
2017,PRI,0.0
2018,PRI,0.0
2019,PRI,0.0
2020,PRI,0.0
2010,PRK,7.68066616800496e-06
2011,PRK,7.340916343656931e-06
2012,PRK,1.0544925822420914e-05
2013,PRK,1.0116389262921878e-05
2014,PRK,9.72132319367209e-06
2015,PRK,6.237302477476558e-06
2016,PRK,6.095600514092053e-06
2017,PRK,9.655054702064792e-06
2018,PRK,1.4698268536628517e-05
2019,PRK,1.409015959388355e-05
2020,PRK,1.3796718837969671e-05
2010,PRT,0.0
2011,PRT,0.0
2012,PRT,0.0
2013,PRT,0.0
2014,PRT,0.0
2015,PRT,0.0
2016,PRT,0.0
2017,PRT,0.0
2018,PRT,0.0
2019,PRT,0.0
2020,PRT,0.0
2010,PRY,0.0
2011,PRY,0.0
2012,PRY,0.0
2013,PRY,0.0
2014,PRY,0.0
2015,PRY,0.0
2016,PRY,0.0
2017,PRY,0.0
2018,PRY,0.0
2019,PRY,0.0
2020,PRY,0.0
2010,PYF,0.0
2011,PYF,0.0
2012,PYF,0.0
2013,PYF,0.0
2014,PYF,0.0
2015,PYF,0.0
2016,PYF,0.0
2017,PYF,0.0
2018,PYF,0.0
2019,PYF,0.0
2020,PYF,0.0
2010,QAT,0.0
2011,QAT,0.0
2012,QAT,0.0
2013,QAT,0.0
2014,QAT,0.0
2015,QAT,0.0
2016,QAT,0.0
2017,QAT,0.0
2018,QAT,0.0
2019,QAT,0.0
2020,QAT,0.0
2010,ROU,7.366352173642186e-05
2011,ROU,6.363784810818194e-05
2012,ROU,6.980267587879677e-05
2013,ROU,6.526921163766298e-05
2014,ROU,7.065937141310265e-05
2015,ROU,6.262998896592726e-05
2016,ROU,7.237684633658897e-05
2017,ROU,8.142736626743643e-05
2018,ROU,0.0001137822000044
2019,ROU,0.0001100147398679
2020,ROU,0.0001064887735114
2010,RUS,0.0046312151170903
2011,RUS,0.0046556751447046
2012,RUS,0.0053496783458452
2013,RUS,0.0048953525863626
2014,RUS,0.0051246876660495
2015,RUS,0.0055398404841307
2016,RUS,0.0049791633196147
2017,RUS,0.0051878621802857
2018,RUS,0.0052611917911769
2019,RUS,0.0052242476903205
2020,RUS,0.0051878188146738
2010,RWA,0.0
2011,RWA,0.0
2012,RWA,0.0
2013,RWA,0.0
2014,RWA,0.0
2015,RWA,0.0
2016,RWA,0.0
2017,RWA,0.0
2018,RWA,0.0
2019,RWA,0.0
2020,RWA,0.0
2010,SAU,0.0
2011,SAU,0.0
2012,SAU,0.0
2013,SAU,0.0
2014,SAU,0.0
2015,SAU,0.0
2016,SAU,0.0
2017,SAU,0.0
2018,SAU,0.0
2019,SAU,0.0
2020,SAU,0.0
2010,SDN,0.0
2011,SDN,0.0
2012,SDN,0.0
2013,SDN,0.0
2014,SDN,0.0
2015,SDN,0.0
2016,SDN,0.0
2017,SDN,0.0
2018,SDN,0.0
2019,SDN,0.0
2020,SDN,0.0
2010,SEN,0.0
2011,SEN,0.0
2012,SEN,0.0
2013,SEN,0.0
2014,SEN,0.0
2015,SEN,0.0
2016,SEN,0.0
2017,SEN,0.0
2018,SEN,0.0
2019,SEN,0.0
2020,SEN,0.0
2010,SGP,0.006470624815178
2011,SGP,0.006032288406531
2012,SGP,0.0056308258746945
2013,SGP,0.0067796032385515
2014,SGP,0.0078392413806917
2015,SGP,0.0082481330199157
2016,SGP,0.0087677349914513
2017,SGP,0.0093421237405208
2018,SGP,0.0091110096030659
2019,SGP,0.0093410739350767
2020,SGP,0.0091653414898421
2010,SLB,0.0
2011,SLB,0.0
2012,SLB,0.0
2013,SLB,0.0
2014,SLB,0.0
2015,SLB,0.0
2016,SLB,0.0
2017,SLB,0.0
2018,SLB,0.0
2019,SLB,0.0
2020,SLB,0.0
2010,SLE,0.0
2011,SLE,0.0
2012,SLE,0.0
2013,SLE,0.0
2014,SLE,0.0
2015,SLE,0.0
2016,SLE,0.0
2017,SLE,0.0
2018,SLE,0.0
2019,SLE,0.0
2020,SLE,0.0
2010,SLV,0.0
2011,SLV,0.0
2012,SLV,0.0
2013,SLV,0.0
2014,SLV,0.0
2015,SLV,0.0
2016,SLV,0.0
2017,SLV,0.0
2018,SLV,0.0
2019,SLV,0.0
2020,SLV,0.0
2010,SMR,0.0049945988988065
2011,SMR,0.0049782222132477
2012,SMR,0.0047597160350557
2013,SMR,0.0046772834411391
2014,SMR,0.0046094796775541
2015,SMR,0.004649601728268
2016,SMR,0.0046282934169759
2017,SMR,0.0045084502466198
2018,SMR,0.0042510538179998
2019,SMR,0.0042589590334793
2020,SMR,0.0042647336980262
2010,SOM,0.0
2011,SOM,0.0
2012,SOM,0.0
2013,SOM,0.0
2014,SOM,0.0
2015,SOM,0.0
2016,SOM,0.0
2017,SOM,0.0
2018,SOM,0.0
2019,SOM,0.0
2020,SOM,0.0
2010,SRB,0.0
2011,SRB,0.0
2012,SRB,0.0
2013,SRB,0.0
2014,SRB,0.0
2015,SRB,0.0
2016,SRB,0.0
2017,SRB,0.0
2018,SRB,0.0
2019,SRB,0.0
2020,SRB,0.0
2010,SSD,0.0
2011,SSD,0.0
2012,SSD,0.0
2013,SSD,0.0
2014,SSD,0.0
2015,SSD,0.0
2016,SSD,0.0
2017,SSD,0.0
2018,SSD,0.0
2019,SSD,0.0
2020,SSD,0.0
2010,STP,0.0
2011,STP,0.0
2012,STP,0.0
2013,STP,0.0
2014,STP,0.0
2015,STP,0.0
2016,STP,0.0
2017,STP,0.0
2018,STP,0.0
2019,STP,0.0
2020,STP,0.0
2010,SUR,0.0
2011,SUR,0.0
2012,SUR,0.0
2013,SUR,0.0
2014,SUR,0.0
2015,SUR,0.0
2016,SUR,0.0
2017,SUR,0.0
2018,SUR,0.0
2019,SUR,0.0
2020,SUR,0.0
2010,SVK,8.873126760458312e-05
2011,SVK,4.727596684960077e-05
2012,SVK,0.0001660401232053
2013,SVK,0.0001815956864279
2014,SVK,0.0001931515870339
2015,SVK,0.0002836280812914
2016,SVK,0.0002734288784225
2017,SVK,0.0003239210633529
2018,SVK,0.0003166805322314
2019,SVK,0.0003099625220415
2020,SVK,0.0003035236204745
2010,SVN,0.0
2011,SVN,0.0
2012,SVN,0.0
2013,SVN,0.0
2014,SVN,0.0
2015,SVN,0.0
2016,SVN,0.0
2017,SVN,0.0
2018,SVN,0.0
2019,SVN,0.0
2020,SVN,0.0
2010,SWE,0.0002342780955949
2011,SWE,0.0001963889040841
2012,SWE,0.0001840228232992
2013,SWE,0.0001692429343611
2014,SWE,0.00014703852948
2015,SWE,0.000120883122273
2016,SWE,9.602901828201326e-05
2017,SWE,6.64903197365365e-05
2018,SWE,2.797087331323944e-05
2019,SWE,2.756336418250868e-05
2020,SWE,2.716755858646364e-05
2010,SWZ,0.0
2011,SWZ,0.0
2012,SWZ,0.0
2013,SWZ,0.0
2014,SWZ,0.0
2015,SWZ,0.0
2016,SWZ,0.0
2017,SWZ,0.0
2018,SWZ,0.0
2019,SWZ,0.0
2020,SWZ,0.0
2010,SXM,0.0
2011,SXM,0.0
2012,SXM,0.0
2013,SXM,0.0
2014,SXM,0.0
2015,SXM,0.0
2016,SXM,0.0
2017,SXM,0.0
2018,SXM,0.0
2019,SXM,0.0
2020,SXM,0.0
2010,SYC,0.0
2011,SYC,0.0
2012,SYC,0.0
2013,SYC,0.0
2014,SYC,0.0
2015,SYC,0.0
2016,SYC,0.0
2017,SYC,0.0
2018,SYC,0.0
2019,SYC,0.0
2020,SYC,0.0
2010,SYR,0.0
2011,SYR,0.0
2012,SYR,0.0
2013,SYR,0.0
2014,SYR,0.0
2015,SYR,0.0
2016,SYR,0.0
2017,SYR,0.0
2018,SYR,0.0
2019,SYR,0.0
2020,SYR,0.0
2010,TCA,0.0
2011,TCA,0.0
2012,TCA,0.0
2013,TCA,0.0
2014,TCA,0.0
2015,TCA,0.0
2016,TCA,0.0
2017,TCA,0.0
2018,TCA,0.0
2019,TCA,0.0
2020,TCA,0.0
2010,TCD,0.0
2011,TCD,0.0
2012,TCD,0.0
2013,TCD,0.0
2014,TCD,0.0
2015,TCD,0.0
2016,TCD,0.0
2017,TCD,0.0
2018,TCD,0.0
2019,TCD,0.0
2020,TCD,0.0
2010,TGO,0.0
2011,TGO,0.0
2012,TGO,0.0
2013,TGO,0.0
2014,TGO,0.0
2015,TGO,0.0
2016,TGO,0.0
2017,TGO,0.0
2018,TGO,0.0
2019,TGO,0.0
2020,TGO,0.0
2010,THA,0.0
2011,THA,0.0
2012,THA,0.0
2013,THA,0.0
2014,THA,0.0
2015,THA,0.0
2016,THA,0.0
2017,THA,0.0
2018,THA,0.0
2019,THA,0.0
2020,THA,0.0
2010,TJK,0.0
2011,TJK,0.0
2012,TJK,0.0
2013,TJK,0.0
2014,TJK,0.0
2015,TJK,0.0
2016,TJK,0.0
2017,TJK,0.0
2018,TJK,0.0
2019,TJK,0.0
2020,TJK,0.0
2010,TKM,0.0
2011,TKM,0.0
2012,TKM,0.0
2013,TKM,0.0
2014,TKM,0.0
2015,TKM,0.0
2016,TKM,0.0
2017,TKM,0.0
2018,TKM,0.0
2019,TKM,0.0
2020,TKM,0.0
2010,TLS,0.0
2011,TLS,0.0
2012,TLS,0.0
2013,TLS,0.0
2014,TLS,0.0
2015,TLS,0.0
2016,TLS,0.0
2017,TLS,0.0
2018,TLS,0.0
2019,TLS,0.0
2020,TLS,0.0
2010,TON,0.0
2011,TON,0.0
2012,TON,0.0
2013,TON,0.0
2014,TON,0.0
2015,TON,0.0
2016,TON,0.0
2017,TON,0.0
2018,TON,0.0
2019,TON,0.0
2020,TON,0.0
2010,TTO,0.0
2011,TTO,0.0
2012,TTO,0.0
2013,TTO,0.0
2014,TTO,0.0
2015,TTO,0.0
2016,TTO,0.0
2017,TTO,0.0
2018,TTO,0.0
2019,TTO,0.0
2020,TTO,0.0
2010,TUN,0.0
2011,TUN,0.0
2012,TUN,0.0
2013,TUN,0.0
2014,TUN,0.0
2015,TUN,0.0
2016,TUN,0.0
2017,TUN,0.0
2018,TUN,0.0
2019,TUN,0.0
2020,TUN,0.0
2010,TUR,0.0003347917535841
2011,TUR,0.0003587657013884
2012,TUR,0.0029778254990616
2013,TUR,0.0024626034942574
2014,TUR,0.0020687824344241
2015,TUR,0.0017801244162765
2016,TUR,0.0015761562493966
2017,TUR,0.001403372584959
2018,TUR,0.0010138263450537
2019,TUR,0.0009863270567949
2020,TUR,0.0009602801688815
2010,TUV,0.0
2011,TUV,0.0
2012,TUV,0.0
2013,TUV,0.0
2014,TUV,0.0
2015,TUV,0.0
2016,TUV,0.0
2017,TUV,0.0
2018,TUV,0.0
2019,TUV,0.0
2020,TUV,0.0
2010,TZA,0.0
2011,TZA,0.0
2012,TZA,0.0
2013,TZA,0.0
2014,TZA,0.0
2015,TZA,0.0
2016,TZA,0.0
2017,TZA,0.0
2018,TZA,0.0
2019,TZA,0.0
2020,TZA,0.0
2010,UGA,0.0
2011,UGA,0.0
2012,UGA,0.0
2013,UGA,0.0
2014,UGA,0.0
2015,UGA,0.0
2016,UGA,0.0
2017,UGA,0.0
2018,UGA,0.0
2019,UGA,0.0
2020,UGA,0.0
2010,UKR,0.0
2011,UKR,0.0
2012,UKR,0.0
2013,UKR,0.0
2014,UKR,0.0
2015,UKR,0.0
2016,UKR,0.0
2017,UKR,0.0
2018,UKR,0.0
2019,UKR,0.0
2020,UKR,0.0
2010,URY,0.0
2011,URY,0.0
2012,URY,0.0
2013,URY,0.0
2014,URY,0.0
2015,URY,0.0
2016,URY,0.0
2017,URY,0.0
2018,URY,0.0
2019,URY,0.0
2020,URY,0.0
2010,USA,0.0005553601901392
2011,USA,0.0007307699972289
2012,USA,0.0007742252019574
2013,USA,0.0006537484254195
2014,USA,0.0007189163570642
2015,USA,0.0007323968506114
2016,USA,0.0007684529744214
2017,USA,0.0007970105577016
2018,USA,0.0007996198024124
2019,USA,0.0008058884150467
2020,USA,0.0007929435775394
2010,UZB,0.0
2011,UZB,0.0
2012,UZB,0.0
2013,UZB,0.0
2014,UZB,0.0
2015,UZB,0.0
2016,UZB,0.0
2017,UZB,0.0
2018,UZB,0.0
2019,UZB,0.0
2020,UZB,0.0
2010,VCT,0.0
2011,VCT,0.0
2012,VCT,0.0
2013,VCT,0.0
2014,VCT,0.0
2015,VCT,0.0
2016,VCT,0.0
2017,VCT,0.0
2018,VCT,0.0
2019,VCT,0.0
2020,VCT,0.0
2010,VEN,0.0
2011,VEN,0.0
2012,VEN,0.0
2013,VEN,0.0
2014,VEN,0.0
2015,VEN,0.0
2016,VEN,0.0
2017,VEN,0.0
2018,VEN,0.0
2019,VEN,0.0
2020,VEN,0.0
2010,VGB,0.0
2011,VGB,0.0
2012,VGB,0.0
2013,VGB,0.0
2014,VGB,0.0
2015,VGB,0.0
2016,VGB,0.0
2017,VGB,0.0
2018,VGB,0.0
2019,VGB,0.0
2020,VGB,0.0
2010,VIR,0.0
2011,VIR,0.0
2012,VIR,0.0
2013,VIR,0.0
2014,VIR,0.0
2015,VIR,0.0
2016,VIR,0.0
2017,VIR,0.0
2018,VIR,0.0
2019,VIR,0.0
2020,VIR,0.0
2010,VNM,0.0
2011,VNM,0.0
2012,VNM,0.0
2013,VNM,0.0
2014,VNM,0.0
2015,VNM,0.0
2016,VNM,0.0
2017,VNM,0.0
2018,VNM,0.0
2019,VNM,0.0
2020,VNM,0.0
2010,VUT,0.0
2011,VUT,0.0
2012,VUT,0.0
2013,VUT,0.0
2014,VUT,0.0
2015,VUT,0.0
2016,VUT,0.0
2017,VUT,0.0
2018,VUT,0.0
2019,VUT,0.0
2020,VUT,0.0
2010,WSM,0.0
2011,WSM,0.0
2012,WSM,0.0
2013,WSM,0.0
2014,WSM,0.0
2015,WSM,0.0
2016,WSM,0.0
2017,WSM,0.0
2018,WSM,0.0
2019,WSM,0.0
2020,WSM,0.0
2010,XKX,0.0
2011,XKX,0.0
2012,XKX,0.0
2013,XKX,0.0
2014,XKX,0.0
2015,XKX,0.0
2016,XKX,0.0
2017,XKX,0.0
2018,XKX,0.0
2019,XKX,0.0
2020,XKX,0.0
2010,YEM,0.0
2011,YEM,0.0
2012,YEM,0.0
2013,YEM,0.0
2014,YEM,0.0
2015,YEM,0.0
2016,YEM,0.0
2017,YEM,0.0
2018,YEM,0.0
2019,YEM,0.0
2020,YEM,0.0
2010,ZAF,0.0
2011,ZAF,0.0
2012,ZAF,0.0
2013,ZAF,0.0
2014,ZAF,0.0
2015,ZAF,0.0
2016,ZAF,0.0
2017,ZAF,0.0
2018,ZAF,0.0
2019,ZAF,0.0
2020,ZAF,0.0
2010,ZMB,0.0
2011,ZMB,0.0
2012,ZMB,0.0
2013,ZMB,0.0
2014,ZMB,0.0
2015,ZMB,0.0
2016,ZMB,0.0
2017,ZMB,0.0
2018,ZMB,0.0
2019,ZMB,0.0
2020,ZMB,0.0
2010,ZWE,0.0
2011,ZWE,0.0
2012,ZWE,0.0
2013,ZWE,0.0
2014,ZWE,0.0
2015,ZWE,0.0
2016,ZWE,0.0
2017,ZWE,0.0
2018,ZWE,0.0
2019,ZWE,0.0
2020,ZWE,0.0
