"year","location_code","prodinit_ippu_electronics_tonne"
2010,"ABW",3393.61626247716
2011,"ABW",2862.14291139348
2012,"ABW",2450.69594825699
2013,"ABW",2621.56499735452
2014,"ABW",2797.82391189075
2015,"ABW",3237.1293112262
2016,"ABW",3423.38783956898
2017,"ABW",3520.61182317584
2018,"ABW",3422.72639884085
2019,"ABW",6582.21506443224
2020,"ABW",3313.71567192532
2010,"AGO",102381.956432247
2011,"AGO",114731.022836206
2012,"AGO",192003.850540237
2013,"AGO",160905.348050123
2014,"AGO",192748.74734002
2015,"AGO",134732.254621995
2016,"AGO",135657.406218168
2017,"AGO",145025.130422871
2018,"AGO",95686.9710814052
2019,"AGO",115310.604081759
2020,"AGO",104007.983440785
2010,"ALB",28759.2558894378
2011,"ALB",26556.8534813177
2012,"ALB",23001.0360595633
2013,"ALB",23979.4206869154
2014,"ALB",21806.3493222337
2015,"ALB",26186.1379953112
2016,"ALB",28171.5465688598
2017,"ALB",29428.1384727198
2018,"ALB",32824.1479924953
2019,"ALB",34831.7916139915
2020,"ALB",43809.9485522869
2010,"ARE",1012708.28134275
2011,"ARE",1239522.21434342
2012,"ARE",1779046.17090056
2013,"ARE",1413465.44552154
2014,"ARE",1464846.76361207
2015,"ARE",1375654.48842532
2016,"ARE",1170812.18189412
2017,"ARE",1665355.56623986
2018,"ARE",1739738.65014856
2019,"ARE",1743793.04739422
2020,"ARE",1509875.67733081
2010,"ARG",1249172.76699561
2011,"ARG",1362403.21864424
2012,"ARG",1516266.76291245
2013,"ARG",1565552.67914844
2014,"ARG",1308342.41213435
2015,"ARG",1679455.15637034
2016,"ARG",1316200.48301081
2017,"ARG",1582709.06754556
2018,"ARG",1136130.88830117
2019,"ARG",1111414.7552005
2020,"ARG",937819.096751419
2010,"ARM",13249.8904896094
2011,"ARM",14530.70526289
2012,"ARM",14883.9485935879
2013,"ARM",9371.97274251933
2014,"ARM",11117.1905743378
2015,"ARM",8298.55553522563
2016,"ARM",13882.9110660895
2017,"ARM",15647.2379164593
2018,"ARM",18607.0559987036
2019,"ARM",17992.8654047528
2020,"ARM",20176.0701943028
2010,"ASM",101.2558651447
2011,"ASM",204.628007753731
2012,"ASM",302.673144460657
2013,"ASM",94.6995439643585
2014,"ASM",116.803000860117
2015,"ASM",325.700132337888
2016,"ASM",322.812673474025
2017,"ASM",244.869587344569
2018,"ASM",137.348968709796
2019,"ASM",107.644943642813
2020,"ASM",153.230376029824
2010,"ATG",2609.9343974609
2011,"ATG",1098.04821596733
2012,"ATG",1475.40516639175
2013,"ATG",1399.49934987761
2014,"ATG",1968.4237375624
2015,"ATG",1285.86108043717
2016,"ATG",1703.80674050209
2017,"ATG",1377.24860607399
2018,"ATG",1506.60826589801
2019,"ATG",2111.21384418923
2020,"ATG",1576.45193949836
2010,"AUS",2881625.05191101
2011,"AUS",3288678.57879337
2012,"AUS",3317057.56461666
2013,"AUS",3092043.56885022
2014,"AUS",2987305.16601027
2015,"AUS",2836700.57354371
2016,"AUS",2802686.77605412
2017,"AUS",3164544.19054412
2018,"AUS",3316367.25756315
2019,"AUS",3273149.58833242
2020,"AUS",3252042.43139325
2010,"AUT",1886199.28387421
2011,"AUT",1952479.14305728
2012,"AUT",1906928.77379512
2013,"AUT",2016097.95574784
2014,"AUT",2111114.96946852
2015,"AUT",1929398.61453836
2016,"AUT",1961378.7035599
2017,"AUT",2016313.67886473
2018,"AUT",2142934.24905978
2019,"AUT",2070784.78773344
2020,"AUT",2001685.6243058
2010,"AZE",116532.940254125
2011,"AZE",128555.538351989
2012,"AZE",139295.529424513
2013,"AZE",120498.59476913
2014,"AZE",117896.766869971
2015,"AZE",71767.349898448
2016,"AZE",45916.4800401515
2017,"AZE",50261.9167522189
2018,"AZE",62788.6330928901
2019,"AZE",94437.9757244604
2020,"AZE",83503.0870531903
2010,"BDI",3949.69904178578
2011,"BDI",5037.18995609548
2012,"BDI",4195.46178138538
2013,"BDI",4109.40905027406
2014,"BDI",4766.10335837761
2015,"BDI",9748.03099025535
2016,"BDI",6647.21829919691
2017,"BDI",10113.5655592108
2018,"BDI",4035.2975903201
2019,"BDI",3253.83349065269
2020,"BDI",5948.02855269991
2010,"BEL",1314256.12485322
2011,"BEL",1361670.1184705
2012,"BEL",1237416.16397942
2013,"BEL",1236635.55196081
2014,"BEL",1239603.52521388
2015,"BEL",1029656.61657516
2016,"BEL",1033195.71204526
2017,"BEL",979862.728966531
2018,"BEL",1037324.9432709
2019,"BEL",1242289.57197324
2020,"BEL",1262688.39701454
2010,"BEN",48123.4457586567
2011,"BEN",61237.0791932768
2012,"BEN",56243.1084811581
2013,"BEN",47409.370273681
2014,"BEN",50729.1879745305
2015,"BEN",46028.4463037384
2016,"BEN",45535.4007231696
2017,"BEN",36947.6244348291
2018,"BEN",39510.0787319358
2019,"BEN",34698.4352276055
2020,"BEN",23294.2574162704
2010,"BFA",10986.1976371934
2011,"BFA",14209.4554414613
2012,"BFA",17865.7665955826
2013,"BFA",13078.7581187529
2014,"BFA",15724.6771249876
2015,"BFA",16377.5249933699
2016,"BFA",11979.7723934859
2017,"BFA",19453.9864305465
2018,"BFA",18737.2899986822
2019,"BFA",20792.5002606908
2020,"BFA",15920.5928994753
2010,"BGD",303694.346811955
2011,"BGD",246735.858704412
2012,"BGD",219265.574326555
2013,"BGD",245246.388021647
2014,"BGD",380181.866103814
2015,"BGD",364788.330624954
2016,"BGD",590768.965584524
2017,"BGD",675552.370260589
2018,"BGD",660053.608273967
2019,"BGD",614561.295160068
2020,"BGD",682537.595740416
2010,"BGR",220604.236665857
2011,"BGR",239897.535353026
2012,"BGR",236447.643320982
2013,"BGR",240188.553109207
2014,"BGR",268083.693431175
2015,"BGR",248724.165440053
2016,"BGR",263519.022475554
2017,"BGR",272225.408194254
2018,"BGR",329233.461004019
2019,"BGR",356467.76514176
2020,"BGR",365456.672021972
2010,"BHR",56678.6750956322
2011,"BHR",33150.8496074816
2012,"BHR",40958.8404264247
2013,"BHR",32250.2715930206
2014,"BHR",35254.6564747877
2015,"BHR",41248.1409178723
2016,"BHR",38870.6073518295
2017,"BHR",53812.1663350006
2018,"BHR",58947.1021819533
2019,"BHR",58970.725978927
2020,"BHR",66960.4409024417
2010,"BHS",8256.32047291559
2011,"BHS",11447.1267291537
2012,"BHS",14877.3083950545
2013,"BHS",14375.9410079217
2014,"BHS",14356.561432465
2015,"BHS",19927.0718810762
2016,"BHS",20413.4929630807
2017,"BHS",19003.4532727264
2018,"BHS",19423.2236256465
2019,"BHS",19846.3915590374
2020,"BHS",18478.7719035869
2010,"BIH",43287.3688581173
2011,"BIH",45479.2739930239
2012,"BIH",43286.5763329801
2013,"BIH",48991.9767686158
2014,"BIH",55431.8274946879
2015,"BIH",48586.0487839359
2016,"BIH",50899.0561518569
2017,"BIH",55424.8886644839
2018,"BIH",63048.8196239484
2019,"BIH",71195.5548518064
2020,"BIH",78138.2987299814
2010,"BLR",94336.1410023923
2011,"BLR",73976.3808370044
2012,"BLR",123086.852937622
2013,"BLR",154261.562038418
2014,"BLR",146323.206163237
2015,"BLR",96495.4809971609
2016,"BLR",105787.67940905
2017,"BLR",115764.926739787
2018,"BLR",130803.596879596
2019,"BLR",146907.157081568
2020,"BLR",145624.645868193
2010,"BLZ",2101.61510721021
2011,"BLZ",2014.08656656806
2012,"BLZ",2468.40293674883
2013,"BLZ",2826.43099900083
2014,"BLZ",3277.16335650552
2015,"BLZ",3122.23139334638
2016,"BLZ",3416.45901048688
2017,"BLZ",2654.60699095232
2018,"BLZ",2621.6705745016
2019,"BLZ",2239.9025079677
2020,"BLZ",1975.22334903695
2010,"BMU",10322.9650874551
2011,"BMU",7952.45966453279
2012,"BMU",9866.56854507952
2013,"BMU",6424.43027353778
2014,"BMU",6592.79387375792
2015,"BMU",6867.78486296566
2016,"BMU",7571.17852892197
2017,"BMU",7855.31324084694
2018,"BMU",7648.19332944017
2019,"BMU",8810.875740759
2020,"BMU",6904.5820217675
2010,"BOL",31623.255413284
2011,"BOL",41576.4586669242
2012,"BOL",42957.2149875255
2013,"BOL",59698.1652864706
2014,"BOL",57696.52189282
2015,"BOL",58695.5478610475
2016,"BOL",58687.4070896669
2017,"BOL",62126.7451420149
2018,"BOL",65106.5310961006
2019,"BOL",64544.8782126689
2020,"BOL",43572.5051110885
2010,"BRA",6692614.57130269
2011,"BRA",7417391.80923542
2012,"BRA",6914565.87101506
2013,"BRA",7198637.7461866
2014,"BRA",6739657.78014321
2015,"BRA",4892373.59589412
2016,"BRA",5104573.01584478
2017,"BRA",6304736.37795732
2018,"BRA",5282174.77579038
2019,"BRA",5259228.76034461
2020,"BRA",4452377.76167403
2010,"BRB",6846.59917976755
2011,"BRB",7708.77386088297
2012,"BRB",6675.58636066534
2013,"BRB",7067.8418073615
2014,"BRB",7977.2524879893
2015,"BRB",7668.55270267055
2016,"BRB",7442.25758035772
2017,"BRB",7345.04497257102
2018,"BRB",6711.14098819346
2019,"BRB",7112.99532927467
2020,"BRB",9261.96537937329
2010,"BRN",22030.205630018
2011,"BRN",29812.8546988717
2012,"BRN",29762.5065042715
2013,"BRN",33997.3303508741
2014,"BRN",36443.2063123301
2015,"BRN",24756.8404716671
2016,"BRN",19552.1251770092
2017,"BRN",17608.116468
2018,"BRN",21670.8833767476
2019,"BRN",12827.30036943
2020,"BRN",11986.603886992
2010,"BTN",1243.99894146154
2011,"BTN",1610.17266976523
2012,"BTN",1537.67215863636
2013,"BTN",1525.73331875307
2014,"BTN",717.051149746892
2015,"BTN",1626.73773935051
2016,"BTN",1983.93442126704
2017,"BTN",3591.17254976799
2018,"BTN",3990.66382382452
2019,"BTN",4904.0984016793
2020,"BTN",4824.8361001122
2010,"BWA",25799.6602780997
2011,"BWA",37077.4746057031
2012,"BWA",21954.9433189887
2013,"BWA",17409.8562373763
2014,"BWA",23696.497575045
2015,"BWA",25655.8431889097
2016,"BWA",30283.5114378916
2017,"BWA",40836.3636308993
2018,"BWA",37203.4640575934
2019,"BWA",38811.3397423992
2020,"BWA",27711.6564701032
2010,"CAF",2647.45935070596
2011,"CAF",2508.26983692887
2012,"CAF",3101.77495727277
2013,"CAF",1740.48771880192
2014,"CAF",2429.51610252095
2015,"CAF",3117.54029583735
2016,"CAF",2442.38025383264
2017,"CAF",2730.4859410007
2018,"CAF",3432.52161205862
2019,"CAF",2523.47563578337
2020,"CAF",3673.20594870915
2010,"CAN",5590037.96494283
2011,"CAN",5814471.08880318
2012,"CAN",5853366.6618873
2013,"CAN",5832475.46552308
2014,"CAN",5673370.74572842
2015,"CAN",5162478.02762791
2016,"CAN",5029579.30746284
2017,"CAN",5031561.44077094
2018,"CAN",5252657.4446873
2019,"CAN",5420927.43075215
2020,"CAN",4882804.3024923
2010,"CHE",1291504.36791861
2011,"CHE",1374024.46044392
2012,"CHE",1306344.04042081
2013,"CHE",1252313.07947168
2014,"CHE",1410511.18045341
2015,"CHE",1312280.68985727
2016,"CHE",1230138.1496493
2017,"CHE",1207637.9669938
2018,"CHE",1266094.4294775
2019,"CHE",1283572.12972489
2020,"CHE",1208384.03701571
2010,"CHL",448866.885514886
2011,"CHL",504254.146828605
2012,"CHL",565601.651533352
2013,"CHL",620674.023792331
2014,"CHL",578229.706707901
2015,"CHL",666995.919873454
2016,"CHL",701526.807424643
2017,"CHL",686496.883267377
2018,"CHL",657555.933725723
2019,"CHL",662103.061994134
2020,"CHL",744216.813740816
2010,"CHN",72477197.4010643
2011,"CHN",82180970.0843959
2012,"CHN",93151236.1253457
2013,"CHN",107972463.087583
2014,"CHN",116382472.010504
2015,"CHN",134514582.091415
2016,"CHN",140779205.9137
2017,"CHN",149228255.143293
2018,"CHN",164410898.446338
2019,"CHN",172986814.144018
2020,"CHN",180892780.9847
2010,"CIV",35298.7909659048
2011,"CIV",41155.245719274
2012,"CIV",45964.2820718066
2013,"CIV",57048.4244527649
2014,"CIV",73619.6453084427
2015,"CIV",69189.2442332975
2016,"CIV",74725.2697364279
2017,"CIV",88071.3703085824
2018,"CIV",83836.9140519151
2019,"CIV",100027.388262581
2020,"CIV",107233.428682907
2010,"CMR",36860.0050998141
2011,"CMR",50470.6292333072
2012,"CMR",47107.7155091736
2013,"CMR",64454.1091380697
2014,"CMR",74367.8673966459
2015,"CMR",64787.3623355568
2016,"CMR",84287.8733479295
2017,"CMR",69484.2162820907
2018,"CMR",89176.6102210393
2019,"CMR",69416.5307203228
2020,"CMR",86921.8546198729
2010,"COD",15135.6798856251
2011,"COD",33930.1583496525
2012,"COD",46923.5204523099
2013,"COD",40708.3459463665
2014,"COD",44181.5815348993
2015,"COD",56298.3600775287
2016,"COD",42424.4913750514
2017,"COD",33063.0736111344
2018,"COD",46941.8235389685
2019,"COD",77116.061157206
2020,"COD",62089.1672743072
2010,"COG",16876.4346979261
2011,"COG",21519.0969470598
2012,"COG",26565.9325762384
2013,"COG",28239.6024514914
2014,"COG",25069.0861683421
2015,"COG",17612.7975972654
2016,"COG",10362.4159941883
2017,"COG",12836.5071102415
2018,"COG",10832.8426189165
2019,"COG",10615.5591448963
2020,"COG",12239.7539919996
2010,"COL",721721.721673284
2011,"COL",722648.239077855
2012,"COL",855167.93680118
2013,"COL",927073.549826364
2014,"COL",950111.143787786
2015,"COL",779565.851352044
2016,"COL",675626.351404897
2017,"COL",760297.17393572
2018,"COL",824366.235187944
2019,"COL",854868.982061759
2020,"COL",755604.890628057
2010,"COM",1607.58598001857
2011,"COM",768.193769039246
2012,"COM",1080.03478227902
2013,"COM",2072.22175372691
2014,"COM",1438.7709162759
2015,"COM",1899.61788483752
2016,"COM",3320.40996687509
2017,"COM",1909.66781289354
2018,"COM",2454.61848569614
2019,"COM",3144.22398643561
2020,"COM",1747.86010073647
2010,"CPV",4206.52667844032
2011,"CPV",5021.36721028634
2012,"CPV",3120.7622624497
2013,"CPV",3204.63408112935
2014,"CPV",4607.32425265739
2015,"CPV",2365.4831956743
2016,"CPV",3154.44389548496
2017,"CPV",2802.64363030136
2018,"CPV",3015.87030991618
2019,"CPV",2528.9736055991
2020,"CPV",2783.71477164526
2010,"CRI",1020866.99318956
2011,"CRI",1548588.95530926
2012,"CRI",2002074.62052759
2013,"CRI",2156749.4118644
2014,"CRI",1781450.64518676
2015,"CRI",374272.456707285
2016,"CRI",323395.116624136
2017,"CRI",274861.383079098
2018,"CRI",252767.436903689
2019,"CRI",252721.226218507
2020,"CRI",341278.456469139
2010,"CUB",73065.9872699663
2011,"CUB",67489.7857184703
2012,"CUB",80364.4960989867
2013,"CUB",90031.2817606979
2014,"CUB",89822.5322499725
2015,"CUB",143817.836900742
2016,"CUB",167425.475502547
2017,"CUB",160029.553614816
2018,"CUB",123128.222745551
2019,"CUB",149773.402020128
2020,"CUB",134650.006696692
2010,"CUW",3559.15392401202
2011,"CUW",4296.93774534175
2012,"CUW",3690.93819565976
2013,"CUW",2985.67007166455
2014,"CUW",3944.32968180796
2015,"CUW",3672.64535676034
2016,"CUW",3028.80584536752
2017,"CUW",3294.75057148224
2018,"CUW",3559.15392401202
2019,"CUW",3559.15392401202
2020,"CUW",3559.15392401202
2010,"CYM",4289.13287765618
2011,"CYM",4289.13287765618
2012,"CYM",4289.13287765618
2013,"CYM",4289.13287765618
2014,"CYM",4289.13287765618
2015,"CYM",4289.13287765618
2016,"CYM",4289.13287765618
2017,"CYM",4044.67776676249
2018,"CYM",4694.32386729039
2019,"CYM",4265.08541128955
2020,"CYM",4152.44446528231
2010,"CYP",76505.6804432352
2011,"CYP",84931.4032485784
2012,"CYP",86278.7896697978
2013,"CYP",74588.1080398283
2014,"CYP",56438.1997778497
2015,"CYP",45359.6746025415
2016,"CYP",42118.1615368195
2017,"CYP",38324.4504734712
2018,"CYP",40251.3264204321
2019,"CYP",40132.5727265256
2020,"CYP",30076.8096323159
2010,"CZE",1928544.92395781
2011,"CZE",2026006.98025653
2012,"CZE",1841303.15103333
2013,"CZE",1958020.45586335
2014,"CZE",1942234.28040159
2015,"CZE",1820735.6590146
2016,"CZE",1960747.06349978
2017,"CZE",2175551.64973794
2018,"CZE",2613902.13928103
2019,"CZE",2776655.69030112
2020,"CZE",2846679.08934564
2010,"DEU",19317741.983976
2011,"DEU",19884298.6305996
2012,"DEU",18357323.2488048
2013,"DEU",19118014.7912063
2014,"DEU",20459890.4804431
2015,"DEU",18317948.5195033
2016,"DEU",19471266.4816626
2017,"DEU",19734617.5156685
2018,"DEU",21150355.1831972
2019,"DEU",21038035.7076822
2020,"DEU",21246606.3956169
2010,"DJI",6372.31879233462
2011,"DJI",6372.31879233462
2012,"DJI",6372.31879233462
2013,"DJI",2395.9282859332
2014,"DJI",4682.13881462844
2015,"DJI",8032.56646661553
2016,"DJI",8327.79926136524
2017,"DJI",6707.96675756528
2018,"DJI",6443.47826950427
2019,"DJI",6219.59960252523
2020,"DJI",8169.07288053974
2010,"DMA",1764.71418589314
2011,"DMA",1633.79123195945
2012,"DMA",1824.57009779019
2013,"DMA",1327.44549544857
2014,"DMA",1403.17094894496
2015,"DMA",1153.22101795188
2016,"DMA",1351.69918818369
2017,"DMA",1150.61118331222
2018,"DMA",1612.14487327135
2019,"DMA",1469.04091363949
2020,"DMA",1469.04091363949
2010,"DNK",1105156.75398839
2011,"DNK",1098727.55137834
2012,"DNK",1029946.76471804
2013,"DNK",1064717.2646598
2014,"DNK",1142434.4329437
2015,"DNK",968710.180680011
2016,"DNK",1074514.56099456
2017,"DNK",1016347.08004206
2018,"DNK",1035070.36049578
2019,"DNK",1033148.37506766
2020,"DNK",1028675.47495125
2010,"DOM",178860.992903055
2011,"DOM",194262.86753239
2012,"DOM",190311.128726634
2013,"DOM",179328.499749617
2014,"DOM",196456.965432363
2015,"DOM",213269.959730345
2016,"DOM",243307.677450407
2017,"DOM",248364.690415284
2018,"DOM",304033.027738509
2019,"DOM",337324.805659277
2020,"DOM",335571.029555977
2010,"DZA",262026.30753967
2011,"DZA",337824.208407564
2012,"DZA",346860.348872105
2013,"DZA",379478.804991322
2014,"DZA",482620.170749545
2015,"DZA",371081.350231839
2016,"DZA",371920.675674134
2017,"DZA",292595.538649188
2018,"DZA",314018.057704648
2019,"DZA",323696.693431625
2020,"DZA",247231.879659359
2010,"ECU",152452.021422238
2011,"ECU",160263.005584811
2012,"ECU",213446.870553063
2013,"ECU",210245.457117717
2014,"ECU",219894.81564194
2015,"ECU",239717.501040869
2016,"ECU",241472.131523638
2017,"ECU",228084.76129832
2018,"ECU",201777.556029345
2019,"ECU",207193.494628157
2020,"ECU",193163.799825183
2010,"EGY",561589.854550309
2011,"EGY",619361.986038167
2012,"EGY",734526.497422179
2013,"EGY",745757.489860717
2014,"EGY",1023052.1138254
2015,"EGY",1144669.5935264
2016,"EGY",1287369.53771877
2017,"EGY",946247.817404487
2018,"EGY",988487.534363208
2019,"EGY",1147167.12806304
2020,"EGY",1216067.7642415
2010,"ERI",2114.10961260636
2011,"ERI",3788.42350673141
2012,"ERI",2951.26655966888
2013,"ERI",2951.26655966888
2014,"ERI",2951.26655966888
2015,"ERI",2951.26655966888
2016,"ERI",2951.26655966888
2017,"ERI",2951.26655966888
2018,"ERI",2951.26655966888
2019,"ERI",2951.26655966888
2020,"ERI",2951.26655966888
2010,"ESP",4995544.88416511
2011,"ESP",4689048.02301347
2012,"ESP",3996753.4351055
2013,"ESP",3997576.4186638
2014,"ESP",4271350.7766431
2015,"ESP",4067518.96596185
2016,"ESP",4139656.77566841
2017,"ESP",4054084.46774992
2018,"ESP",4548599.04851028
2019,"ESP",4638476.6299559
2020,"ESP",4657456.47980655
2010,"EST",174612.195998452
2011,"EST",262806.901666498
2012,"EST",235731.00558099
2013,"EST",245674.85874412
2014,"EST",300649.635424305
2015,"EST",243578.770242406
2016,"EST",265683.847621388
2017,"EST",224590.604592843
2018,"EST",236663.730961126
2019,"EST",211831.542246957
2020,"EST",213830.408450526
2010,"ETH",116601.754600713
2011,"ETH",39804.3320562615
2012,"ETH",71404.7695065573
2013,"ETH",66012.1250505192
2014,"ETH",147068.808754014
2015,"ETH",147184.362482024
2016,"ETH",130225.820244903
2017,"ETH",133856.02256529
2018,"ETH",110763.61427547
2019,"ETH",173106.335652464
2020,"ETH",146591.355419623
2010,"FIN",1409814.17844161
2011,"FIN",1450415.25084881
2012,"FIN",1259261.80082145
2013,"FIN",1143606.23341059
2014,"FIN",1214899.59410059
2015,"FIN",1022398.05050699
2016,"FIN",994324.827320989
2017,"FIN",1009008.09847423
2018,"FIN",1028688.53166867
2019,"FIN",995161.730763066
2020,"FIN",995873.400186134
2010,"FJI",3652.13193171853
2011,"FJI",4832.67725334354
2012,"FJI",5197.11708276038
2013,"FJI",5635.95699751867
2014,"FJI",12154.0747962465
2015,"FJI",7339.20564531533
2016,"FJI",11185.3067645823
2017,"FJI",11467.5373637089
2018,"FJI",11291.7280462962
2019,"FJI",8566.98314014519
2020,"FJI",9383.8877548025
2010,"FRA",10895523.1769141
2011,"FRA",11378584.5128016
2012,"FRA",10268005.5217587
2013,"FRA",10339566.3876696
2014,"FRA",10212951.8544157
2015,"FRA",9000512.96128769
2016,"FRA",9080373.71054445
2017,"FRA",9138987.9982296
2018,"FRA",9472384.32133755
2019,"FRA",9519845.24775176
2020,"FRA",9259534.1612813
2010,"FRO",2042.09641382574
2011,"FRO",2398.87972099204
2012,"FRO",3021.73136205985
2013,"FRO",2167.58350409581
2014,"FRO",3779.71433928821
2015,"FRO",3100.34154320957
2016,"FRO",3213.27638764271
2017,"FRO",3119.56957012973
2018,"FRO",3456.61910850597
2019,"FRO",3278.27808790369
2020,"FRO",4060.37564180845
2010,"FSM",211.228014183655
2011,"FSM",310.430345842237
2012,"FSM",312.833126002071
2013,"FSM",380.370189163243
2014,"FSM",440.378570851117
2015,"FSM",403.829089879635
2016,"FSM",400.565094443348
2017,"FSM",431.090332941976
2018,"FSM",416.328159674071
2019,"FSM",551.271906042269
2020,"FSM",802.789807621282
2010,"GAB",21957.2897322705
2011,"GAB",31487.2997582738
2012,"GAB",27147.9960326384
2013,"GAB",27868.8463651566
2014,"GAB",29824.4139524833
2015,"GAB",22797.6155032096
2016,"GAB",22945.7952991804
2017,"GAB",21287.8891372123
2018,"GAB",22919.6115218548
2019,"GAB",27816.4546714437
2020,"GAB",22679.3944592035
2010,"GBR",8797093.68625111
2011,"GBR",8832205.23677497
2012,"GBR",8422405.15987549
2013,"GBR",8612763.60466394
2014,"GBR",9586265.29649
2015,"GBR",9426578.99077957
2016,"GBR",8529249.12492862
2017,"GBR",8087130.10553441
2018,"GBR",8336875.22190078
2019,"GBR",8529108.20932003
2020,"GBR",8215608.14819661
2010,"GEO",22011.2533293171
2011,"GEO",39516.5215983216
2012,"GEO",36653.2283586512
2013,"GEO",32695.5699690017
2014,"GEO",36778.8185972942
2015,"GEO",31661.7107577773
2016,"GEO",31609.0166466501
2017,"GEO",37303.8632916078
2018,"GEO",34723.1369657484
2019,"GEO",33431.1186690931
2020,"GEO",29974.179090005
2010,"GHA",60052.7867543707
2011,"GHA",81425.1447793847
2012,"GHA",83035.2470613747
2013,"GHA",101827.84403339
2014,"GHA",104093.556960528
2015,"GHA",110390.2508218
2016,"GHA",120165.410311783
2017,"GHA",105554.047006874
2018,"GHA",96349.0538663522
2019,"GHA",82040.3093193231
2020,"GHA",182329.519594333
2010,"GIN",9294.30856053845
2011,"GIN",11405.5934114798
2012,"GIN",15900.2591032038
2013,"GIN",14336.8486463545
2014,"GIN",19921.7015860702
2015,"GIN",22670.327365404
2016,"GIN",9654.95178534493
2017,"GIN",14567.1306159108
2018,"GIN",20605.029682347
2019,"GIN",27602.0899145181
2020,"GIN",17359.9955842632
2010,"GMB",4331.36415716223
2011,"GMB",7004.28330013406
2012,"GMB",5386.73962746919
2013,"GMB",5418.79315930968
2014,"GMB",5700.72088115963
2015,"GMB",4262.56189510378
2016,"GMB",5454.96171882313
2017,"GMB",4991.32328253098
2018,"GMB",4261.40304983225
2019,"GMB",5906.63679551139
2020,"GMB",4345.0196840889
2010,"GNB",917.218429871064
2011,"GNB",2396.86442632853
2012,"GNB",2505.81461939235
2013,"GNB",1594.50966704442
2014,"GNB",2235.520227261
2015,"GNB",1706.20816396899
2016,"GNB",2514.33281599017
2017,"GNB",1812.94780190615
2018,"GNB",1798.78011570976
2019,"GNB",1690.21076526655
2020,"GNB",1996.02319050952
2010,"GNQ",15316.6221115312
2011,"GNQ",17418.9923299953
2012,"GNQ",15377.9688969526
2013,"GNQ",19832.7627612587
2014,"GNQ",14760.8355556248
2015,"GNQ",11939.7086691297
2016,"GNQ",6016.56062993175
2017,"GNQ",5106.40923614042
2018,"GNQ",6210.29076568409
2019,"GNQ",5575.4770932623
2020,"GNQ",3417.66441314116
2010,"GRC",584927.229774824
2011,"GRC",601633.191250021
2012,"GRC",536157.837506977
2013,"GRC",437586.93661951
2014,"GRC",407863.018231462
2015,"GRC",369956.276914992
2016,"GRC",382597.953680623
2017,"GRC",345582.709931959
2018,"GRC",354895.772558716
2019,"GRC",366016.480240433
2020,"GRC",413111.858185895
2010,"GRL",2353.91686253793
2011,"GRL",2182.07539576604
2012,"GRL",2652.07191139967
2013,"GRL",2622.0738839226
2014,"GRL",2751.15190377761
2015,"GRL",2424.70538302964
2016,"GRL",2529.47508488998
2017,"GRL",3444.05476599351
2018,"GRL",3039.77190473996
2019,"GRL",2522.86235996394
2020,"GRL",2430.64168220272
2010,"GTM",94416.9765436622
2011,"GTM",91614.920077127
2012,"GTM",100306.757408757
2013,"GTM",111434.752875312
2014,"GTM",122169.941577501
2015,"GTM",137967.009206523
2016,"GTM",127934.718562797
2017,"GTM",154163.355011148
2018,"GTM",145864.969034737
2019,"GTM",160548.976247616
2020,"GTM",170344.572126145
2010,"GUM",820.238307640114
2011,"GUM",922.873391837239
2012,"GUM",1025.83557664888
2013,"GUM",1232.09763612836
2014,"GUM",703.028957258521
2015,"GUM",888.084311859047
2016,"GUM",1105.07051955855
2017,"GUM",1541.36736921803
2018,"GUM",1839.47669401651
2019,"GUM",4438.80260135915
2020,"GUM",1195.50097539676
2010,"HKG",3450045.29198175
2011,"HKG",3681416.18261204
2012,"HKG",3941121.17334269
2013,"HKG",4407673.57300442
2014,"HKG",4491254.56347554
2015,"HKG",5277189.79350589
2016,"HKG",5256235.35401287
2017,"HKG",5262621.77726879
2018,"HKG",5842066.5859473
2019,"HKG",6081421.31671969
2020,"HKG",5880262.53090927
2010,"HND",56395.5720177768
2011,"HND",63410.0426973485
2012,"HND",72238.7971371569
2013,"HND",90138.003115277
2014,"HND",89695.0775501913
2015,"HND",101881.150923917
2016,"HND",92683.8919094084
2017,"HND",89260.1711158246
2018,"HND",91125.5823798098
2019,"HND",90115.9977387007
2020,"HND",92237.8758416919
2010,"HRV",210996.360008093
2011,"HRV",199822.47479306
2012,"HRV",186291.959027225
2013,"HRV",197382.835053514
2014,"HRV",189248.101224899
2015,"HRV",175989.268664085
2016,"HRV",187823.742750237
2017,"HRV",182979.905433458
2018,"HRV",199970.251084967
2019,"HRV",201810.112079718
2020,"HRV",227570.142194925
2010,"HTI",20204.4266779663
2011,"HTI",33393.6565457158
2012,"HTI",19619.0937544681
2013,"HTI",22290.63109232
2014,"HTI",18817.088746146
2015,"HTI",16301.1313174783
2016,"HTI",13566.8361160166
2017,"HTI",15521.2912239599
2018,"HTI",14877.5362789593
2019,"HTI",14253.2383634124
2020,"HTI",23844.0922017533
2010,"HUN",1961502.74860558
2011,"HUN",1900028.70539517
2012,"HUN",1611725.15312141
2013,"HUN",1594606.26718391
2014,"HUN",1523225.17736582
2015,"HUN",1390021.71977584
2016,"HUN",1484621.03664353
2017,"HUN",1557600.19614269
2018,"HUN",1778539.27515074
2019,"HUN",1981361.32548697
2020,"HUN",1949718.0072758
2010,"IDN",3265896.7807904
2011,"IDN",3578380.30806047
2012,"IDN",3667731.94946095
2013,"IDN",3630276.61755092
2014,"IDN",3528704.89400623
2015,"IDN",3661959.29497032
2016,"IDN",4058120.80739513
2017,"IDN",4175994.04898377
2018,"IDN",4141013.86018885
2019,"IDN",4838745.03288345
2020,"IDN",4979830.02736936
2010,"IND",4085904.79486209
2011,"IND",4305265.78907593
2012,"IND",4097686.41479604
2013,"IND",4290474.22676029
2014,"IND",4609332.34590441
2015,"IND",5785436.91583567
2016,"IND",6612507.74160615
2017,"IND",7386613.07542904
2018,"IND",8363481.98500413
2019,"IND",9562137.32748626
2020,"IND",8666039.95870354
2010,"IRL",480040.427749127
2011,"IRL",465920.177627332
2012,"IRL",423486.012990744
2013,"IRL",416741.368243591
2014,"IRL",405001.272519835
2015,"IRL",410320.528387897
2016,"IRL",471989.861600329
2017,"IRL",486268.2481461
2018,"IRL",487862.821166831
2019,"IRL",512281.490703072
2020,"IRL",537419.001138869
2010,"IRN",756923.030575685
2011,"IRN",1149397.68638669
2012,"IRN",771245.095130167
2013,"IRN",675492.327883069
2014,"IRN",892426.63752367
2015,"IRN",777480.807054489
2016,"IRN",950570.553689477
2017,"IRN",899421.537193127
2018,"IRN",565770.212833642
2019,"IRN",449491.626893221
2020,"IRN",506008.275897663
2010,"IRQ",250506.971360986
2011,"IRQ",381157.343966024
2012,"IRQ",706229.338641564
2013,"IRQ",594889.900103843
2014,"IRQ",518989.395617266
2015,"IRQ",427021.53707018
2016,"IRQ",446024.847980554
2017,"IRQ",767044.034161331
2018,"IRQ",867955.377090358
2019,"IRQ",723979.521849343
2020,"IRQ",756323.512357812
2010,"ISL",42686.7864991509
2011,"ISL",44768.6178732277
2012,"ISL",48406.7445357188
2013,"ISL",46067.8021225487
2014,"ISL",45088.8047481973
2015,"ISL",42059.6246754451
2016,"ISL",46739.624748749
2017,"ISL",51268.1369856083
2018,"ISL",56828.4118770808
2019,"ISL",53159.0442202568
2020,"ISL",54571.785420094
2010,"ISR",1140007.09266536
2011,"ISR",1183178.17353934
2012,"ISR",1284728.25203806
2013,"ISR",1424852.52781016
2014,"ISR",1526134.80608622
2015,"ISR",1777817.44000908
2016,"ISR",1666461.92018304
2017,"ISR",1391912.70117152
2018,"ISR",1383454.6588073
2019,"ISR",1488580.58797775
2020,"ISR",1790760.53876467
2010,"ITA",8781697.50952086
2011,"ITA",8426258.13391873
2012,"ITA",7081839.93398841
2013,"ITA",7037020.53667738
2014,"ITA",7224086.23635702
2015,"ITA",6652817.71147174
2016,"ITA",6788733.26048348
2017,"ITA",6754718.35051644
2018,"ITA",7272862.11615875
2019,"ITA",7204000.22300351
2020,"ITA",7113595.68704059
2010,"JAM",17112.4334118632
2011,"JAM",16225.8194752119
2012,"JAM",15151.5925934274
2013,"JAM",14661.0658240753
2014,"JAM",16590.3465129334
2015,"JAM",22990.5828986593
2016,"JAM",20426.7556584196
2017,"JAM",20588.0726635464
2018,"JAM",19782.3715166274
2019,"JAM",17569.1677205607
2020,"JAM",18633.2100072617
2010,"JOR",58265.7320821993
2011,"JOR",63007.0097830556
2012,"JOR",75933.3297392551
2013,"JOR",80444.2683234229
2014,"JOR",73746.5893928022
2015,"JOR",94695.4733930558
2016,"JOR",93744.6638459964
2017,"JOR",99646.497007766
2018,"JOR",98905.0386606802
2019,"JOR",104560.508858499
2020,"JOR",91076.6034976991
2010,"JPN",45146819.2068485
2011,"JPN",44842955.0832709
2012,"JPN",45619719.2439295
2013,"JPN",37634482.9876786
2014,"JPN",33704919.3396185
2015,"JPN",32910993.2154205
2016,"JPN",37744931.8002104
2017,"JPN",36267749.606392
2018,"JPN",34403916.2429508
2019,"JPN",35262251.7631008
2020,"JPN",37130080.3592389
2010,"KAZ",233603.535349703
2011,"KAZ",391912.469834109
2012,"KAZ",465609.674968061
2013,"KAZ",445922.819015351
2014,"KAZ",496524.058038553
2015,"KAZ",359297.717034149
2016,"KAZ",297310.790574067
2017,"KAZ",407527.398900179
2018,"KAZ",453623.757316743
2019,"KAZ",485245.479771258
2020,"KAZ",410509.06504827
2010,"KEN",107139.501703967
2011,"KEN",98020.1045581975
2012,"KEN",143355.686896939
2013,"KEN",154293.803148103
2014,"KEN",164424.838688801
2015,"KEN",227593.009488399
2016,"KEN",253820.884413566
2017,"KEN",208686.494042246
2018,"KEN",233222.374428521
2019,"KEN",235816.058558521
2020,"KEN",242368.807249015
2010,"KGZ",7862.39084960344
2011,"KGZ",10037.0440547319
2012,"KGZ",12647.2520657443
2013,"KGZ",13297.1157781187
2014,"KGZ",18127.9149296617
2015,"KGZ",12362.7170332827
2016,"KGZ",14364.7701395849
2017,"KGZ",23938.6785824177
2018,"KGZ",46859.6663393529
2019,"KGZ",51970.7328322784
2020,"KGZ",46621.5235211057
2010,"KHM",18169.2324416534
2011,"KHM",44565.8803405638
2012,"KHM",37463.8727866553
2013,"KHM",48636.643491515
2014,"KHM",66295.8282984692
2015,"KHM",72062.7942730968
2016,"KHM",64533.2980693658
2017,"KHM",72510.3494016829
2018,"KHM",86410.2908525242
2019,"KHM",112021.222494813
2020,"KHM",111581.332219389
2010,"KIR",193.065135363756
2011,"KIR",115.401116038229
2012,"KIR",160.847367967412
2013,"KIR",200.965382642525
2014,"KIR",525.59664487748
2015,"KIR",335.282009630685
2016,"KIR",356.442289462607
2017,"KIR",210.266311314318
2018,"KIR",234.865596031386
2019,"KIR",201.424264582187
2020,"KIR",223.029134227119
2010,"KOR",11859678.3195482
2011,"KOR",11175210.3269147
2012,"KOR",11633142.462619
2013,"KOR",13858339.2780162
2014,"KOR",15410168.5539124
2015,"KOR",17583484.5833105
2016,"KOR",17926997.5815229
2017,"KOR",20369202.4225087
2018,"KOR",20962618.5935444
2019,"KOR",20248493.3135667
2020,"KOR",21125767.316909
2010,"KWT",189460.037101348
2011,"KWT",214087.5465674
2012,"KWT",305309.504269461
2013,"KWT",285318.94685359
2014,"KWT",259043.414814873
2015,"KWT",181958.324871417
2016,"KWT",162428.956528604
2017,"KWT",232683.435168278
2018,"KWT",229496.677911357
2019,"KWT",222803.920997688
2020,"KWT",228259.076508402
2010,"LAO",13755.5887214655
2011,"LAO",16498.0200245323
2012,"LAO",19481.4825219383
2013,"LAO",49560.7801534148
2014,"LAO",76873.8144378429
2015,"LAO",74361.0281487109
2016,"LAO",98117.0893713015
2017,"LAO",49806.8290541723
2018,"LAO",49806.8290541723
2019,"LAO",49806.8290541723
2020,"LAO",49806.8290541723
2010,"LBN",73300.3772605433
2011,"LBN",69951.4988804575
2012,"LBN",93150.1468680949
2013,"LBN",93732.961007691
2014,"LBN",93919.8896749323
2015,"LBN",95078.3797904299
2016,"LBN",90345.735939062
2017,"LBN",85117.0972027439
2018,"LBN",94538.3097699659
2019,"LBN",90336.7900764946
2020,"LBN",62519.7333985231
2010,"LBY",235010.016830979
2011,"LBY",58213.422966439
2012,"LBY",255120.657328815
2013,"LBY",145779.705770203
2014,"LBY",122313.587247428
2015,"LBY",135387.001828475
2016,"LBY",113488.774009391
2017,"LBY",94429.0389475344
2018,"LBY",202599.218334083
2019,"LBY",138552.006650862
2020,"LBY",150089.342991421
2010,"LKA",186417.42056341
2011,"LKA",186417.42056341
2012,"LKA",186417.42056341
2013,"LKA",186417.42056341
2014,"LKA",186417.42056341
2015,"LKA",160940.401821085
2016,"LKA",181887.72173742
2017,"LKA",188352.509206542
2018,"LKA",188296.051141439
2019,"LKA",191950.760117425
2020,"LKA",207077.079356549
2010,"LSO",15850.8478087731
2011,"LSO",12154.41229714
2012,"LSO",10493.3714699843
2013,"LSO",8774.88127239114
2014,"LSO",8648.60396029565
2015,"LSO",7943.62987146523
2016,"LSO",6490.87410793613
2017,"LSO",6479.28139134472
2018,"LSO",6762.80656873611
2019,"LSO",5976.11132345893
2020,"LSO",5094.81224825621
2010,"LTU",103258.985017254
2011,"LTU",104950.90525573
2012,"LTU",109959.297176317
2013,"LTU",124861.720157163
2014,"LTU",166046.188851874
2015,"LTU",155191.753787196
2016,"LTU",154688.757936138
2017,"LTU",169177.317913809
2018,"LTU",190283.974164792
2019,"LTU",191432.957399996
2020,"LTU",204007.81388209
2010,"LUX",60192.8332181828
2011,"LUX",94938.6262396235
2012,"LUX",86707.621548996
2013,"LUX",78099.8927455758
2014,"LUX",66180.7920358911
2015,"LUX",55854.1986271477
2016,"LUX",49501.3254392325
2017,"LUX",36516.2778631642
2018,"LUX",40596.6383243747
2019,"LUX",59329.8205727054
2020,"LUX",36132.8937150252
2010,"LVA",95100.5178520476
2011,"LVA",105505.969911883
2012,"LVA",120446.517882934
2013,"LVA",152232.289042482
2014,"LVA",164473.311737829
2015,"LVA",153509.369560233
2016,"LVA",149505.737945557
2017,"LVA",147302.707559107
2018,"LVA",161137.50799233
2019,"LVA",167754.586681913
2020,"LVA",185748.84493361
2010,"MAC",96236.8932477248
2011,"MAC",109965.725020241
2012,"MAC",111762.740835077
2013,"MAC",120126.276906906
2014,"MAC",140059.56329176
2015,"MAC",126145.840560749
2016,"MAC",95051.4464256289
2017,"MAC",91618.2342360788
2018,"MAC",120260.41432367
2019,"MAC",115322.269849261
2020,"MAC",49001.5933511138
2010,"MAR",503847.994449367
2011,"MAR",553616.070825077
2012,"MAR",527551.781249365
2013,"MAR",605341.17707769
2014,"MAR",740256.865542614
2015,"MAR",683159.446603482
2016,"MAR",723747.956992243
2017,"MAR",746576.150027228
2018,"MAR",791373.263438895
2019,"MAR",850583.233335662
2020,"MAR",782848.510590428
2010,"MDA",27804.2658826282
2011,"MDA",40122.7705092492
2012,"MDA",43109.1764215245
2013,"MDA",48960.836115438
2014,"MDA",49165.5460931413
2015,"MDA",44490.6579414751
2016,"MDA",46521.4621656755
2017,"MDA",64543.7801020876
2018,"MDA",93969.1564468893
2019,"MDA",99646.1160160259
2020,"MDA",90010.0418209793
2010,"MDG",15840.689062618
2011,"MDG",17244.3677620165
2012,"MDG",18754.5157338343
2013,"MDG",17049.6238997715
2014,"MDG",19986.9676698564
2015,"MDG",22934.3776816371
2016,"MDG",21216.7169637126
2017,"MDG",19775.7793065933
2018,"MDG",19946.5320201606
2019,"MDG",19795.1701589809
2020,"MDG",21202.1903425276
2010,"MDV",6738.3447929781
2011,"MDV",6738.3447929781
2012,"MDV",6738.3447929781
2013,"MDV",6738.3447929781
2014,"MDV",4860.52363240897
2015,"MDV",6249.30295859686
2016,"MDV",6203.4970877323
2017,"MDV",6666.59323539744
2018,"MDV",9032.54448750418
2019,"MDV",7510.59539337749
2020,"MDV",6645.35675582948
2010,"MEX",12573207.3616617
2011,"MEX",12551420.1118742
2012,"MEX",12890907.190897
2013,"MEX",13954469.4970768
2014,"MEX",13849277.4864484
2015,"MEX",13405879.2513089
2016,"MEX",12428766.4964308
2017,"MEX",13740508.525777
2018,"MEX",13914594.2001128
2019,"MEX",14624116.213285
2020,"MEX",12996545.3379814
2010,"MHL",303.01934288845
2011,"MHL",537.853204711557
2012,"MHL",211.046882490827
2013,"MHL",213.609625808825
2014,"MHL",419.631960119583
2015,"MHL",405.458708160497
2016,"MHL",2018.19758288305
2017,"MHL",8935.46244588367
2018,"MHL",1041.45823615813
2019,"MHL",3633.229012142
2020,"MHL",3548.19375099629
2010,"MKD",22151.0985044407
2011,"MKD",27125.248708592
2012,"MKD",25009.7386978878
2013,"MKD",32735.8098825505
2014,"MKD",50860.3670640052
2015,"MKD",54234.8710984842
2016,"MKD",62183.7060180786
2017,"MKD",72065.6926100269
2018,"MKD",94162.5142322114
2019,"MKD",99968.630162275
2020,"MKD",103820.320496308
2010,"MLI",17648.3708410298
2011,"MLI",22217.3862429145
2012,"MLI",24447.274650983
2013,"MLI",20712.7560111096
2014,"MLI",21185.4144574636
2015,"MLI",23993.6636862996
2016,"MLI",20309.1764415053
2017,"MLI",22339.1382680874
2018,"MLI",21930.7643953348
2019,"MLI",23221.4262076729
2020,"MLI",27710.0267695496
2010,"MLT",58726.3681025465
2011,"MLT",58943.4613411416
2012,"MLT",56773.5555125993
2013,"MLT",65053.4746380724
2014,"MLT",65110.6895467472
2015,"MLT",49924.8970321561
2016,"MLT",45483.0018254007
2017,"MLT",45200.69119391
2018,"MLT",45512.9606832299
2019,"MLT",42417.1741994082
2020,"MLT",38345.3057256921
2010,"MMR",258600.019742408
2011,"MMR",380012.886192569
2012,"MMR",639445.733929684
2013,"MMR",395069.045221525
2014,"MMR",399510.269741378
2015,"MMR",341751.619173948
2016,"MMR",261228.540628876
2017,"MMR",238325.171540983
2018,"MMR",239680.699387229
2019,"MMR",276516.260051232
2020,"MMR",286746.067243523
2010,"MNE",7874.0784408488
2011,"MNE",7244.90388187908
2012,"MNE",7284.81120907487
2013,"MNE",9018.04898274795
2014,"MNE",9489.10793395717
2015,"MNE",9120.09823196397
2016,"MNE",15567.5769450543
2017,"MNE",10115.9514451431
2018,"MNE",10391.4686332777
2019,"MNE",9495.78629147327
2020,"MNE",10194.0391034077
2010,"MNG",10655.7428474828
2011,"MNG",16926.4371200734
2012,"MNG",19082.388816067
2013,"MNG",18699.1923737308
2014,"MNG",17821.2238236713
2015,"MNG",16667.805076675
2016,"MNG",16874.3287827669
2017,"MNG",17027.1533602782
2018,"MNG",17957.1844489665
2019,"MNG",14575.4958420922
2020,"MNG",14971.8413047489
2010,"MNP",73.4512681326962
2011,"MNP",149.343138112725
2012,"MNP",68.4631605631119
2013,"MNP",92.5781794750231
2014,"MNP",70.0210109053151
2015,"MNP",90.0725084990691
2016,"MNP",195.440390534149
2017,"MNP",115.315999555755
2018,"MNP",165.535938318421
2019,"MNP",253.144266207196
2020,"MNP",127.336586030346
2010,"MOZ",24916.2072312029
2011,"MOZ",29136.9117125179
2012,"MOZ",23936.8692165945
2013,"MOZ",29072.366390502
2014,"MOZ",34203.4364845879
2015,"MOZ",37288.5595799942
2016,"MOZ",21360.891682167
2017,"MOZ",24195.8430437182
2018,"MOZ",20409.2226649819
2019,"MOZ",22107.7652034925
2020,"MOZ",23824.1033126643
2010,"MRT",7436.48844821807
2011,"MRT",8519.27414908506
2012,"MRT",10121.1399348258
2013,"MRT",10965.2165559938
2014,"MRT",13664.3981018296
2015,"MRT",10775.9216787962
2016,"MRT",14942.1502917836
2017,"MRT",15838.9603696438
2018,"MRT",14152.9701117799
2019,"MRT",14316.2850858655
2020,"MRT",12808.7127176647
2010,"MUS",13610.9878639677
2011,"MUS",13255.3337163324
2012,"MUS",18284.7317470499
2013,"MUS",18925.8758423312
2014,"MUS",27297.3960434
2015,"MUS",29162.2280628233
2016,"MUS",24895.4601652735
2017,"MUS",21357.7829949711
2018,"MUS",26007.1943344314
2019,"MUS",22496.2805203213
2020,"MUS",17011.4537097251
2010,"MYS",4474556.69372176
2011,"MYS",4847069.64134514
2012,"MYS",5108882.9807496
2013,"MYS",5408723.365987
2014,"MYS",5917648.63666721
2015,"MYS",6017303.99132993
2016,"MYS",6294478.01997566
2017,"MYS",6768520.77925109
2018,"MYS",7367197.17127502
2019,"MYS",8136797.70059467
2020,"MYS",8318905.85888521
2010,"NAM",20056.6311866622
2011,"NAM",22731.0465546712
2012,"NAM",23452.1082783932
2013,"NAM",25727.1322319647
2014,"NAM",30195.7367165372
2015,"NAM",25528.4075431059
2016,"NAM",21059.2254815385
2017,"NAM",27807.1093782531
2018,"NAM",59302.3655214919
2019,"NAM",22099.5186979096
2020,"NAM",19493.5515316825
2010,"NCL",14947.6355911343
2011,"NCL",17079.117640143
2012,"NCL",13970.3573161638
2013,"NCL",14767.2627292534
2014,"NCL",14860.7691386292
2015,"NCL",11833.7325783859
2016,"NCL",10695.9885799897
2017,"NCL",10159.5155883409
2018,"NCL",13539.297395255
2019,"NCL",13539.297395255
2020,"NCL",13539.297395255
2010,"NER",10564.6935366561
2011,"NER",11758.9991492697
2012,"NER",8147.52318927798
2013,"NER",10630.5430053098
2014,"NER",15738.9421495474
2015,"NER",10786.0008927438
2016,"NER",10097.1057564302
2017,"NER",13318.3320494339
2018,"NER",11341.770875988
2019,"NER",17007.8380080878
2020,"NER",14974.4991108734
2010,"NGA",719714.917515046
2011,"NGA",736992.025127969
2012,"NGA",1060561.42668825
2013,"NGA",1008589.67424392
2014,"NGA",1191644.22988317
2015,"NGA",1078840.01943324
2016,"NGA",723677.608496467
2017,"NGA",666295.636016098
2018,"NGA",533099.147048087
2019,"NGA",630478.660721345
2020,"NGA",1373176.81116857
2010,"NIC",39232.3021667292
2011,"NIC",41361.2682294142
2012,"NIC",57769.5426461968
2013,"NIC",98068.3408008886
2014,"NIC",89460.7382946078
2015,"NIC",99441.9885513451
2016,"NIC",116221.061294563
2017,"NIC",77581.1000209051
2018,"NIC",66776.3942495914
2019,"NIC",61425.0077572945
2020,"NIC",65645.8378229215
2010,"NLD",4272226.53755619
2011,"NLD",4267703.42535559
2012,"NLD",4054371.64973975
2013,"NLD",4110719.13785011
2014,"NLD",4330901.88065927
2015,"NLD",3835863.61288882
2016,"NLD",4172333.45630895
2017,"NLD",4531661.03302497
2018,"NLD",4741980.85427273
2019,"NLD",4994911.01415708
2020,"NLD",5233460.78245662
2010,"NOR",987407.72847941
2011,"NOR",1040103.13426736
2012,"NOR",1111606.59943153
2013,"NOR",1107665.72055431
2014,"NOR",1058297.49924599
2015,"NOR",808021.641054183
2016,"NOR",751852.008273582
2017,"NOR",794017.135651992
2018,"NOR",867609.899176489
2019,"NOR",886711.523782843
2020,"NOR",837305.037132881
2010,"NPL",26902.3400353807
2011,"NPL",36662.6656102487
2012,"NPL",39792.4646896726
2013,"NPL",41044.8004832853
2014,"NPL",34728.0058448586
2015,"NPL",28353.1874672181
2016,"NPL",42325.4917992438
2017,"NPL",43190.5216526139
2018,"NPL",46209.6345271867
2019,"NPL",63717.9984578407
2020,"NPL",62011.3787240053
2010,"NRU",92.4580631172122
2011,"NRU",116.840788831354
2012,"NRU",189.10016136346
2013,"NRU",301.092696729978
2014,"NRU",213.955796871365
2015,"NRU",88.1825680084327
2016,"NRU",192.46967678367
2017,"NRU",267.929704605344
2018,"NRU",195.572607715838
2019,"NRU",210.892314102298
2020,"NRU",246.54868272327
2010,"NZL",293010.283759508
2011,"NZL",354184.154790132
2012,"NZL",371271.369965208
2013,"NZL",361993.511859115
2014,"NZL",357796.220603939
2015,"NZL",349389.52581174
2016,"NZL",357791.615165454
2017,"NZL",383682.936011647
2018,"NZL",371416.18765426
2019,"NZL",396037.835419498
2020,"NZL",442258.379419965
2010,"OMN",130036.522589841
2011,"OMN",154937.326189195
2012,"OMN",167764.135131867
2013,"OMN",150779.688402264
2014,"OMN",151325.618438036
2015,"OMN",140318.614500462
2016,"OMN",137329.688660757
2017,"OMN",210728.58238122
2018,"OMN",280848.331407005
2019,"OMN",279456.057897274
2020,"OMN",217268.910406563
2010,"PAK",397339.129677876
2011,"PAK",448411.603886092
2012,"PAK",471278.838569104
2013,"PAK",516485.306149001
2014,"PAK",644816.261231069
2015,"PAK",847149.087872558
2016,"PAK",951536.691357206
2017,"PAK",910277.324449285
2018,"PAK",737139.446556011
2019,"PAK",728841.645860283
2020,"PAK",821693.497763226
2010,"PAN",107143.436996049
2011,"PAN",109496.207662845
2012,"PAN",131305.492695552
2013,"PAN",154485.549303145
2014,"PAN",145070.322748326
2015,"PAN",149278.386793488
2016,"PAN",162200.625741418
2017,"PAN",178398.43325637
2018,"PAN",125544.438725365
2019,"PAN",159137.262982537
2020,"PAN",193451.205929232
2010,"PER",318764.382857729
2011,"PER",386629.467617239
2012,"PER",435051.953108997
2013,"PER",450557.859451169
2014,"PER",466323.456876303
2015,"PER",491353.270110164
2016,"PER",453230.009368236
2017,"PER",469199.451919957
2018,"PER",441982.475839454
2019,"PER",457289.149611657
2020,"PER",429809.496763082
2010,"PHL",4740008.57686349
2011,"PHL",4848468.62780449
2012,"PHL",5475495.76927612
2013,"PHL",5722774.50537926
2014,"PHL",5959940.08783835
2015,"PHL",6021260.84861893
2016,"PHL",5946747.06168075
2017,"PHL",6456852.82100339
2018,"PHL",6646545.62343287
2019,"PHL",6503513.34519767
2020,"PHL",6935497.13438759
2010,"POL",2939131.84167898
2011,"POL",2946686.44768825
2012,"POL",2837947.24234433
2013,"POL",3095893.76724126
2014,"POL",3419872.06917583
2015,"POL",3285179.24047679
2016,"POL",3028168.92214825
2017,"POL",3086878.37554741
2018,"POL",3477467.55783219
2019,"POL",3569617.66769348
2020,"POL",3946992.5782426
2010,"PRT",933842.466203569
2011,"PRT",947020.409013402
2012,"PRT",836383.883834792
2013,"PRT",823847.709787077
2014,"PRT",823260.074584319
2015,"PRT",714193.793797551
2016,"PRT",801970.656215476
2017,"PRT",829310.370715311
2018,"PRT",925402.486929014
2019,"PRT",950712.356285383
2020,"PRT",966705.800736612
2010,"PRY",106645.358304053
2011,"PRY",122924.073307108
2012,"PRY",113957.289304312
2013,"PRY",141582.605398567
2014,"PRY",158846.464665304
2015,"PRY",150675.9084637
2016,"PRY",192312.082207071
2017,"PRY",237878.153233986
2018,"PRY",212413.912472056
2019,"PRY",213570.226898081
2020,"PRY",160635.280528935
2010,"PSE",8663.54172759163
2011,"PSE",10077.024313836
2012,"PSE",10747.9347082025
2013,"PSE",12900.98129661
2014,"PSE",12223.9751881031
2015,"PSE",11219.7204674087
2016,"PSE",11674.6831301207
2017,"PSE",12718.8629415184
2018,"PSE",13335.9200761516
2019,"PSE",16734.3368322907
2020,"PSE",15227.9636146023
2010,"PYF",9697.17438322078
2011,"PYF",9697.17438322078
2012,"PYF",9697.17438322078
2013,"PYF",9697.17438322078
2014,"PYF",9697.17438322078
2015,"PYF",9697.17438322078
2016,"PYF",9697.17438322078
2017,"PYF",8448.52731779711
2018,"PYF",9697.17438322078
2019,"PYF",11016.8544222136
2020,"PYF",9626.1414096516
2010,"QAT",278239.072448668
2011,"QAT",222341.748109947
2012,"QAT",202011.512579938
2013,"QAT",199284.906231635
2014,"QAT",253220.991660976
2015,"QAT",207658.022702941
2016,"QAT",164396.114937055
2017,"QAT",185053.20099752
2018,"QAT",250019.997367598
2019,"QAT",310232.884391774
2020,"QAT",161830.129626532
2010,"ROU",1605869.49570811
2011,"ROU",1748250.22451634
2012,"ROU",1510079.22959478
2013,"ROU",1534592.18393326
2014,"ROU",1665134.01069632
2015,"ROU",1544246.94805979
2016,"ROU",1663603.39216116
2017,"ROU",1750224.66948911
2018,"ROU",2042411.30412617
2019,"ROU",2101453.45933256
2020,"ROU",2095847.61240878
2010,"RUS",3506397.0754465
2011,"RUS",4631262.03118004
2012,"RUS",5286632.38258032
2013,"RUS",5295970.74246492
2014,"RUS",4988093.80670854
2015,"RUS",2977448.43952579
2016,"RUS",3315891.41488952
2017,"RUS",3833159.02890505
2018,"RUS",4103146.47213952
2019,"RUS",4315037.36711394
2020,"RUS",4197380.07197511
2010,"RWA",12247.5542804925
2011,"RWA",15496.1372541299
2012,"RWA",13988.3439927046
2013,"RWA",12502.3613084519
2014,"RWA",14395.6817540463
2015,"RWA",15913.8505838637
2016,"RWA",15267.699597304
2017,"RWA",16067.7975086131
2018,"RWA",19269.9026373015
2019,"RWA",15721.3595814649
2020,"RWA",19776.7477768398
2010,"SAU",784058.63637031
2011,"SAU",1186885.63139868
2012,"SAU",1534331.52099086
2013,"SAU",1417398.42219777
2014,"SAU",1343959.66090007
2015,"SAU",1294820.60399116
2016,"SAU",1296960.99105694
2017,"SAU",1399062.59492959
2018,"SAU",1455811.8870724
2019,"SAU",1472588.09197404
2020,"SAU",1423406.08849579
2010,"SDN",140268.606699386
2011,"SDN",226749.97882064
2012,"SDN",129029.871945002
2013,"SDN",112757.584306282
2014,"SDN",1908591.55679658
2015,"SDN",2111271.21344197
2016,"SDN",2210615.85062738
2017,"SDN",2077540.30636295
2018,"SDN",2100230.6034144
2019,"SDN",3079034.86204872
2020,"SDN",5917884.69498186
2010,"SEN",29008.6714345149
2011,"SEN",43301.886718367
2012,"SEN",40166.3854770054
2013,"SEN",41447.8217209621
2014,"SEN",54740.2482585145
2015,"SEN",58202.4410095045
2016,"SEN",63680.5490810081
2017,"SEN",71550.8902423496
2018,"SEN",69169.7868780983
2019,"SEN",70463.2437239542
2020,"SEN",64317.5229202573
2010,"SGP",2195041.57245796
2011,"SGP",2369693.4734874
2012,"SGP",2439078.00340275
2013,"SGP",2518247.2300671
2014,"SGP",2596220.47141052
2015,"SGP",2683131.04177518
2016,"SGP",2770854.47945569
2017,"SGP",3718321.56794115
2018,"SGP",2915374.09515242
2019,"SGP",2890724.91120059
2020,"SGP",2885902.1396028
2010,"SLB",1067.2744801341
2011,"SLB",939.612746168614
2012,"SLB",1122.09272635161
2013,"SLB",1410.73958446336
2014,"SLB",1205.69588397407
2015,"SLB",1681.23520441671
2016,"SLB",1731.31687743616
2017,"SLB",1949.07200985712
2018,"SLB",1926.12887980583
2019,"SLB",2810.67305905937
2020,"SLB",1792.42389734641
2010,"SLE",10537.3337061804
2011,"SLE",8604.41746100976
2012,"SLE",7480.20863526819
2013,"SLE",6078.22658969515
2014,"SLE",5659.32105798663
2015,"SLE",7053.93552475677
2016,"SLE",4537.55735764855
2017,"SLE",5913.453678074
2018,"SLE",8633.58386060932
2019,"SLE",9904.75729475782
2020,"SLE",9495.53797746446
2010,"SLV",46765.789520453
2011,"SLV",46471.3952234156
2012,"SLV",51705.3605275259
2013,"SLV",52687.5556189262
2014,"SLV",54604.3516990477
2015,"SLV",62564.0860174214
2016,"SLV",70554.0525673035
2017,"SLV",77457.1410833503
2018,"SLV",93226.9265936227
2019,"SLV",91221.5626382439
2020,"SLV",90719.2433295998
2010,"SMR",392.262851491074
2011,"SMR",392.262851491074
2012,"SMR",392.262851491074
2013,"SMR",392.262851491074
2014,"SMR",392.262851491074
2015,"SMR",350.361681255786
2016,"SMR",370.297367222297
2017,"SMR",402.452592127617
2018,"SMR",398.981782269828
2019,"SMR",449.449305876199
2020,"SMR",382.034380194715
2010,"SOM",7218.49991438767
2011,"SOM",7218.49991438767
2012,"SOM",7218.49991438767
2013,"SOM",6244.78735003133
2014,"SOM",4040.43178770025
2015,"SOM",5401.51826619865
2016,"SOM",5324.06343885001
2017,"SOM",6473.89281348673
2018,"SOM",9315.65297275041
2019,"SOM",9594.15459546467
2020,"SOM",11353.4980906193
2010,"SRB",150656.37744325
2011,"SRB",179133.645101936
2012,"SRB",190119.643925803
2013,"SRB",214194.351001153
2014,"SRB",207071.578048704
2015,"SRB",191169.3958105
2016,"SRB",226497.575554534
2017,"SRB",234055.649955646
2018,"SRB",296873.170344061
2019,"SRB",326049.61890918
2020,"SRB",344361.48294278
2010,"SSD",3007.65842175602
2011,"SSD",3007.65842175602
2012,"SSD",1572.79032758653
2013,"SSD",3538.66479206041
2014,"SSD",2453.14559485005
2015,"SSD",4466.03297252708
2016,"SSD",3007.65842175602
2017,"SSD",3007.65842175602
2018,"SSD",3007.65842175602
2019,"SSD",3007.65842175602
2020,"SSD",3007.65842175602
2010,"SUR",8465.26421934614
2011,"SUR",8465.26421934614
2012,"SUR",8465.26421934614
2013,"SUR",8465.26421934614
2014,"SUR",8465.26421934614
2015,"SUR",8465.26421934614
2016,"SUR",8465.26421934614
2017,"SUR",8465.26421934614
2018,"SUR",8465.26421934614
2019,"SUR",8465.26421934614
2020,"SUR",8465.26421934614
2010,"SVK",1058711.7444163
2011,"SVK",1003509.2715501
2012,"SVK",912689.905660844
2013,"SVK",967285.333361459
2014,"SVK",1011063.84202762
2015,"SVK",887388.376143771
2016,"SVK",910486.780560061
2017,"SVK",888880.912439198
2018,"SVK",961164.099791994
2019,"SVK",981401.007534071
2020,"SVK",1014987.04871438
2010,"SVN",259070.328915
2011,"SVN",284411.690979992
2012,"SVN",260940.952260173
2013,"SVN",284100.239871791
2014,"SVN",303524.379726132
2015,"SVN",286597.468478071
2016,"SVN",300354.755804451
2017,"SVN",309970.324653344
2018,"SVN",326024.3259782
2019,"SVN",338693.094736737
2020,"SVN",351296.143327351
2010,"SWE",2782770.97602325
2011,"SWE",3212774.57313712
2012,"SWE",2767145.41702286
2013,"SWE",2751918.82696797
2014,"SWE",2756021.64825574
2015,"SWE",2409276.44242347
2016,"SWE",2433424.25113781
2017,"SWE",2287096.527246
2018,"SWE",2246289.55350197
2019,"SWE",2198907.77890626
2020,"SWE",2389278.24934912
2010,"SWZ",8350.8468133525
2011,"SWZ",10430.5236872068
2012,"SWZ",7904.91337713844
2013,"SWZ",6650.41052442805
2014,"SWZ",6858.81338360306
2015,"SWZ",6247.06107130808
2016,"SWZ",6451.13536221359
2017,"SWZ",7008.38392349581
2018,"SWZ",6542.30815794534
2019,"SWZ",6272.77823984911
2020,"SWZ",5409.74435102865
2010,"SXM",1258.45411418756
2011,"SXM",786.237529496122
2012,"SXM",970.945729715987
2013,"SXM",1231.00438506102
2014,"SXM",1332.7186708858
2015,"SXM",1406.92031291183
2016,"SXM",1508.285801698
2017,"SXM",1345.91098620447
2018,"SXM",1485.60949752726
2019,"SXM",1258.45411418756
2020,"SXM",1258.45411418756
2010,"SYC",1377.59128175072
2011,"SYC",1496.11628207269
2012,"SYC",1871.76917334661
2013,"SYC",2818.12633601401
2014,"SYC",1999.93109824583
2015,"SYC",2571.14895227004
2016,"SYC",1918.55877670439
2017,"SYC",1758.35438375036
2018,"SYC",2266.57484997169
2019,"SYC",2071.63557635634
2020,"SYC",2527.03234085925
2010,"SYR",122965.513667746
2011,"SYR",122673.653086483
2012,"SYR",76602.9872741252
2013,"SYR",21178.1845747104
2014,"SYR",28971.1404780083
2015,"SYR",38752.4194612472
2016,"SYR",24083.8621636775
2017,"SYR",63923.1692493836
2018,"SYR",81565.5652511376
2019,"SYR",65275.9623195729
2020,"SYR",20419.7339529753
2010,"TCD",10842.9012568674
2011,"TCD",8030.18458486594
2012,"TCD",5624.21512843235
2013,"TCD",8584.46416159164
2014,"TCD",10428.4874337149
2015,"TCD",7581.48677917194
2016,"TCD",3737.46736636196
2017,"TCD",6012.39126732517
2018,"TCD",7677.14813479646
2019,"TCD",11044.739025569
2020,"TCD",8188.95145338132
2010,"TGO",12193.2867077409
2011,"TGO",9102.98261439022
2012,"TGO",12666.3663198487
2013,"TGO",12456.2585534944
2014,"TGO",21583.9060939354
2015,"TGO",21551.2780921145
2016,"TGO",32211.2307294855
2017,"TGO",39541.1201661147
2018,"TGO",45203.524729168
2019,"TGO",60117.0800395691
2020,"TGO",68748.2542965076
2010,"THA",2664363.08909887
2011,"THA",2658558.15086467
2012,"THA",2750731.94602756
2013,"THA",2815149.97899594
2014,"THA",2962962.89951155
2015,"THA",3145783.55589493
2016,"THA",3355607.88272536
2017,"THA",3698456.38262401
2018,"THA",3731721.26502457
2019,"THA",3875797.2941059
2020,"THA",4367271.63329433
2010,"TJK",6530.90524293588
2011,"TJK",9196.1468121433
2012,"TJK",8229.41063046122
2013,"TJK",11538.570349998
2014,"TJK",19578.3180315845
2015,"TJK",14972.9067655792
2016,"TJK",14972.9067655792
2017,"TJK",19507.6182501548
2018,"TJK",21699.0106553924
2019,"TJK",22708.9082832702
2020,"TJK",15767.2726342722
2010,"TKM",27396.4950104419
2011,"TKM",41384.0781491977
2012,"TKM",52828.8412751865
2013,"TKM",74473.7203185337
2014,"TKM",68798.689485597
2015,"TKM",63586.997711811
2016,"TKM",53027.621085343
2017,"TKM",44574.1612416742
2018,"TKM",49042.791850493
2019,"TKM",52790.3773475864
2020,"TKM",52790.3773475864
2010,"TLS",1792.82271747438
2011,"TLS",2387.48856644391
2012,"TLS",2434.14965267547
2013,"TLS",5800.54315637258
2014,"TLS",2055.14707292178
2015,"TLS",3295.15554344333
2016,"TLS",2987.85987407289
2017,"TLS",4406.92698165129
2018,"TLS",2760.52438267985
2019,"TLS",2076.0997081265
2020,"TLS",2042.63110423502
2010,"TON",690.678346880359
2011,"TON",449.207923546864
2012,"TON",596.271330298218
2013,"TON",1158.5573059201
2014,"TON",1294.52798914862
2015,"TON",576.44076725403
2016,"TON",728.451498687287
2017,"TON",571.186481081059
2018,"TON",827.24041707068
2019,"TON",1019.13349274077
2020,"TON",824.277421954732
2010,"TUN",417839.168499711
2011,"TUN",493821.312295181
2012,"TUN",438393.28603836
2013,"TUN",450683.392633714
2014,"TUN",485693.293982145
2015,"TUN",484614.501719245
2016,"TUN",482640.052261289
2017,"TUN",475136.692739697
2018,"TUN",443670.911043671
2019,"TUN",459936.214644622
2020,"TUN",467472.611400976
2010,"TUR",2633598.99941373
2011,"TUR",2774011.87716801
2012,"TUR",2777171.46080415
2013,"TUR",2932661.67529642
2014,"TUR",2921825.53143857
2015,"TUR",3005981.62225064
2016,"TUR",3143449.17625358
2017,"TUR",2807020.81540447
2018,"TUR",2406960.12742872
2019,"TUR",2390491.44782416
2020,"TUR",2371670.48403378
2010,"TZA",56597.0793499051
2011,"TZA",80653.1284741355
2012,"TZA",92273.1490858874
2013,"TZA",82708.5923825925
2014,"TZA",122958.73681069
2015,"TZA",211677.527273571
2016,"TZA",176000.738361182
2017,"TZA",142296.050443962
2018,"TZA",173345.025274523
2019,"TZA",149699.975552057
2020,"TZA",164387.310564658
2010,"UGA",60537.8817487819
2011,"UGA",82948.3168266299
2012,"UGA",53113.3154589252
2013,"UGA",46316.8338139982
2014,"UGA",47606.4668965057
2015,"UGA",50493.7902813971
2016,"UGA",81527.671897951
2017,"UGA",77150.2776568117
2018,"UGA",53913.7722110325
2019,"UGA",49651.1022624016
2020,"UGA",46900.5251117337
2010,"UKR",460592.542688222
2011,"UKR",522473.030378532
2012,"UKR",552701.136690737
2013,"UKR",600830.467921625
2014,"UKR",412682.824486799
2015,"UKR",281687.105100349
2016,"UKR",321127.084569011
2017,"UKR",403389.953072129
2018,"UKR",536125.924493083
2019,"UKR",629332.025558207
2020,"UKR",573448.274726161
2010,"URY",112622.631371721
2011,"URY",134462.768249968
2012,"URY",138963.174874825
2013,"URY",152864.656454591
2014,"URY",204726.366361459
2015,"URY",188203.921257018
2016,"URY",166373.313145954
2017,"URY",156991.008936823
2018,"URY",130887.706145701
2019,"URY",126884.873945031
2020,"URY",110462.548568882
2010,"USA",83041516.8538106
2011,"USA",80952599.44799
2012,"USA",86267328.3744843
2013,"USA",89916030.4922727
2014,"USA",94636791.2881014
2015,"USA",103616554.517896
2016,"USA",108679640.208747
2017,"USA",110418322.511644
2018,"USA",111041005.149658
2019,"USA",115982921.046206
2020,"USA",123437490.376937
2010,"UZB",70100.5869459996
2011,"UZB",90690.2205532138
2012,"UZB",103057.072490233
2013,"UZB",109090.18395677
2014,"UZB",159144.27897508
2015,"UZB",168019.183254305
2016,"UZB",150208.237089623
2017,"UZB",104581.466956527
2018,"UZB",82915.7424612995
2019,"UZB",106254.754460141
2020,"UZB",111791.046889496
2010,"VEN",881064.263915887
2011,"VEN",725185.701125801
2012,"VEN",762697.418416
2013,"VEN",408156.17872326
2014,"VEN",319074.649279815
2015,"VEN",619235.642292153
2016,"VEN",619235.642292153
2017,"VEN",619235.642292153
2018,"VEN",619235.642292153
2019,"VEN",619235.642292153
2020,"VEN",619235.642292153
2010,"VNM",900699.790325053
2011,"VNM",1364589.61310921
2012,"VNM",2493782.60754076
2013,"VNM",3138929.73734554
2014,"VNM",3421757.92660747
2015,"VNM",4181110.86643426
2016,"VNM",4831965.26657646
2017,"VNM",6117597.92967633
2018,"VNM",6296090.75638648
2019,"VNM",7400700.48327578
2020,"VNM",8215729.40367252
2010,"VUT",1235.15266453568
2011,"VUT",957.287930029284
2012,"VUT",1018.89431788452
2013,"VUT",1031.19302250267
2014,"VUT",1196.85050678764
2015,"VUT",1428.48177961765
2016,"VUT",1727.70867171259
2017,"VUT",1473.22803301866
2018,"VUT",1297.08536370908
2019,"VUT",1401.52978848211
2020,"VUT",1248.06172196491
2010,"WSM",7411.90693209202
2011,"WSM",6807.59293977632
2012,"WSM",5161.42077686575
2013,"WSM",4378.3987944064
2014,"WSM",3754.80104869898
2015,"WSM",3934.35400052076
2016,"WSM",4808.77816962446
2017,"WSM",3255.22281514305
2018,"WSM",1860.00151413305
2019,"WSM",3418.09802901951
2020,"WSM",1900.61686990228
2010,"YEM",44775.876616921
2011,"YEM",31794.8312126235
2012,"YEM",48059.7938288715
2013,"YEM",62203.1044704736
2014,"YEM",74096.3611722737
2015,"YEM",30292.3222888927
2016,"YEM",24910.3857855926
2017,"YEM",16183.1620471904
2018,"YEM",21819.5976520238
2019,"YEM",39348.3816749847
2020,"YEM",39348.3816749847
2010,"ZAF",1205386.11149526
2011,"ZAF",1275251.4873507
2012,"ZAF",1240416.31323585
2013,"ZAF",1254624.40540684
2014,"ZAF",1184207.66886882
2015,"ZAF",1226339.64537306
2016,"ZAF",1062826.32778901
2017,"ZAF",1137325.84773281
2018,"ZAF",1125376.90038117
2019,"ZAF",1206061.47129734
2020,"ZAF",1054470.61559797
2010,"ZMB",31433.1372107769
2011,"ZMB",44945.6811993213
2012,"ZMB",40972.9671174813
2013,"ZMB",43589.3169201277
2014,"ZMB",55774.6700431337
2015,"ZMB",40162.1698041807
2016,"ZMB",52363.0994484303
2017,"ZMB",40818.5760806268
2018,"ZMB",49576.1764319049
2019,"ZMB",49969.0381447092
2020,"ZMB",28851.7313029549
2010,"ZWE",19295.354917041
2011,"ZWE",21466.5614911526
2012,"ZWE",31361.6753744034
2013,"ZWE",26677.8906926199
2014,"ZWE",27707.1885185189
2015,"ZWE",32289.7530149188
2016,"ZWE",29468.6819058502
2017,"ZWE",39289.9583831504
2018,"ZWE",25746.5509930099
2019,"ZWE",24253.3329190153
2020,"ZWE",26889.3707970731
