"year","location_code","prodinit_ippu_textiles_tonne"
2010,"ABW",1101.44531317704
2011,"ABW",1107.37734191545
2012,"ABW",966.834430289867
2013,"ABW",1101.08172039589
2014,"ABW",1204.27268831673
2015,"ABW",1736.18026271507
2016,"ABW",1838.86380135465
2017,"ABW",1423.10724381142
2018,"ABW",1589.97977297901
2019,"ABW",1766.45452519521
2020,"ABW",1038.18379321441
2010,"AGO",26094.8823782224
2011,"AGO",30446.1739521854
2012,"AGO",48153.8299862308
2013,"AGO",53586.3495013503
2014,"AGO",83141.454314388
2015,"AGO",50267.1717002207
2016,"AGO",31846.7758686665
2017,"AGO",50638.9770281211
2018,"AGO",41036.1219799212
2019,"AGO",55899.884416745
2020,"AGO",45804.7204081333
2010,"ALB",38187.2002775159
2011,"ALB",40571.8878956393
2012,"ALB",40367.9165225142
2013,"ALB",44826.8161325385
2014,"ALB",48947.8243035018
2015,"ALB",48636.7990309098
2016,"ALB",56367.2468816628
2017,"ALB",58701.610110098
2018,"ALB",65589.8435050679
2019,"ALB",64184.8435462482
2020,"ALB",73252.2702179849
2010,"ARE",261923.892788799
2011,"ARE",308273.322879066
2012,"ARE",370332.320933036
2013,"ARE",395929.872035078
2014,"ARE",405279.198265951
2015,"ARE",399301.576340923
2016,"ARE",331914.333520164
2017,"ARE",310106.198061091
2018,"ARE",299262.774907482
2019,"ARE",294660.83544659
2020,"ARE",229493.396769553
2010,"ARG",242236.213479643
2011,"ARG",293144.745131422
2012,"ARG",291624.186799432
2013,"ARG",262553.037059966
2014,"ARG",237445.652991228
2015,"ARG",314321.52209058
2016,"ARG",259839.399097769
2017,"ARG",272530.306647195
2018,"ARG",220213.659549553
2019,"ARG",177993.2022002
2020,"ARG",158408.070891429
2010,"ARM",5470.93571319641
2011,"ARM",6321.00384813233
2012,"ARM",6234.07930265641
2013,"ARM",6966.54007040207
2014,"ARM",10491.1836059542
2015,"ARM",8586.40110145611
2016,"ARM",9932.74315069186
2017,"ARM",11209.1586178905
2018,"ARM",14184.5393543955
2019,"ARM",11964.5692851263
2020,"ARM",15020.1921832385
2010,"ASM",83.3303496290731
2011,"ASM",75.5848087960056
2012,"ASM",70.3606008343709
2013,"ASM",75.7715575409136
2014,"ASM",168.190812725439
2015,"ASM",79.4106012944982
2016,"ASM",76.0737956130052
2017,"ASM",87.4837970760825
2018,"ASM",77.6067971721834
2019,"ASM",64.4751369902017
2020,"ASM",59.5571992981099
2010,"ATG",926.538869774676
2011,"ATG",593.253096191875
2012,"ATG",806.697638357828
2013,"ATG",468.363581628032
2014,"ATG",493.951438377295
2015,"ATG",632.211719980019
2016,"ATG",695.83520472233
2017,"ATG",1019.95486579792
2018,"ATG",767.787510187444
2019,"ATG",722.499770182404
2020,"ATG",511.839236389461
2010,"AUS",802898.248005175
2011,"AUS",1003133.88182641
2012,"AUS",1068890.38883022
2013,"AUS",1070367.9228661
2014,"AUS",992886.51390206
2015,"AUS",976655.785226814
2016,"AUS",972772.123416816
2017,"AUS",1050449.62126825
2018,"AUS",1054938.03748357
2019,"AUS",958897.716366235
2020,"AUS",1003572.62311396
2010,"AUT",473831.233228501
2011,"AUT",499559.824845296
2012,"AUT",451613.534597453
2013,"AUT",477666.535616561
2014,"AUT",502933.482597809
2015,"AUT",446025.672371872
2016,"AUT",474868.699538384
2017,"AUT",492563.942436952
2018,"AUT",501368.477310388
2019,"AUT",485315.294260304
2020,"AUT",489540.685299388
2010,"AZE",54537.9696447165
2011,"AZE",48301.7446611444
2012,"AZE",46700.2943250205
2013,"AZE",48368.6206854419
2014,"AZE",45760.9048509914
2015,"AZE",26480.8798416042
2016,"AZE",15555.9539882392
2017,"AZE",14366.8411130238
2018,"AZE",17126.8243264109
2019,"AZE",20054.1553346025
2020,"AZE",17810.0419141067
2010,"BDI",2700.7831368037
2011,"BDI",1476.85303195675
2012,"BDI",1300.29454986159
2013,"BDI",1478.31902015307
2014,"BDI",1215.44271581453
2015,"BDI",1807.73744949057
2016,"BDI",2075.59719948572
2017,"BDI",3471.7967433204
2018,"BDI",3224.131784559
2019,"BDI",2746.38868905315
2020,"BDI",2235.54382837272
2010,"BEL",585028.949831244
2011,"BEL",589479.597886205
2012,"BEL",545442.16638485
2013,"BEL",577491.576901808
2014,"BEL",602883.056732082
2015,"BEL",462745.042898643
2016,"BEL",443971.894314868
2017,"BEL",432724.42359234
2018,"BEL",424247.357609227
2019,"BEL",422385.71780299
2020,"BEL",434793.004761525
2010,"BEN",87764.5469196151
2011,"BEN",107847.735012385
2012,"BEN",87332.7265945551
2013,"BEN",94659.6680050068
2014,"BEN",97621.2136786893
2015,"BEN",83524.6819897382
2016,"BEN",45965.1754117479
2017,"BEN",51610.2007718315
2018,"BEN",61165.3930257821
2019,"BEN",62865.1696818016
2020,"BEN",43389.8520653149
2010,"BFA",20327.913252992
2011,"BFA",19447.8046413311
2012,"BFA",18577.5574011991
2013,"BFA",21168.7602594032
2014,"BFA",21637.1777707804
2015,"BFA",16027.3270655603
2016,"BFA",15499.7315400473
2017,"BFA",15974.7502114751
2018,"BFA",9220.0991409368
2019,"BFA",11802.8367535277
2020,"BFA",16968.3958037253
2010,"BGD",1693416.41909461
2011,"BGD",1629032.12321585
2012,"BGD",1680358.59887455
2013,"BGD",1825726.60945312
2014,"BGD",2006448.51938041
2015,"BGD",2511032.36592255
2016,"BGD",3158568.66066196
2017,"BGD",3659071.97078088
2018,"BGD",3921278.16883701
2019,"BGD",3905355.11389976
2020,"BGD",4112813.07796844
2010,"BGR",107897.076228991
2011,"BGR",107986.998821874
2012,"BGR",99953.5017818958
2013,"BGR",101459.088439074
2014,"BGR",106394.576753508
2015,"BGR",98723.1082481617
2016,"BGR",117508.82118707
2017,"BGR",117228.897700651
2018,"BGR",117664.204993242
2019,"BGR",113224.948992777
2020,"BGR",112367.607152297
2010,"BHR",14199.3535835448
2011,"BHR",9656.35476473277
2012,"BHR",14017.2017095232
2013,"BHR",14693.0627344686
2014,"BHR",17488.248344691
2015,"BHR",23526.7053252991
2016,"BHR",22373.6205550683
2017,"BHR",16017.2410843349
2018,"BHR",18180.4793884374
2019,"BHR",16968.3619427148
2020,"BHR",15699.7451336012
2010,"BHS",7337.06406302894
2011,"BHS",10989.2148320682
2012,"BHS",11022.4809517531
2013,"BHS",8015.4356983884
2014,"BHS",7709.52896850194
2015,"BHS",10671.3305169648
2016,"BHS",6013.68416076204
2017,"BHS",7455.84175975287
2018,"BHS",6561.27893312402
2019,"BHS",5965.27149919809
2020,"BHS",4139.16741868444
2010,"BIH",50328.2296366961
2011,"BIH",51516.0089571207
2012,"BIH",49891.884581327
2013,"BIH",55352.03981882
2014,"BIH",62812.5001964543
2015,"BIH",55337.7375738438
2016,"BIH",59401.2123090124
2017,"BIH",58649.7237554371
2018,"BIH",62362.2232725416
2019,"BIH",61640.0013445745
2020,"BIH",65306.2580276297
2010,"BLR",40161.7578195749
2011,"BLR",32552.053008364
2012,"BLR",44512.0436070813
2013,"BLR",59717.726232683
2014,"BLR",60848.9940574198
2015,"BLR",40514.0495576036
2016,"BLR",44586.3996171338
2017,"BLR",50234.9534250782
2018,"BLR",53857.4612278248
2019,"BLR",62938.3449545853
2020,"BLR",68504.5028772701
2010,"BLZ",2198.11505706606
2011,"BLZ",1644.47602644001
2012,"BLZ",1451.59965156737
2013,"BLZ",1311.97188426133
2014,"BLZ",1681.41510197469
2015,"BLZ",2087.83206468095
2016,"BLZ",2331.53893703522
2017,"BLZ",2219.33480818923
2018,"BLZ",1820.64727779989
2019,"BLZ",1998.81474395486
2020,"BLZ",1951.10510547925
2010,"BMU",3058.31362409158
2011,"BMU",2625.80001636719
2012,"BMU",2515.40218407243
2013,"BMU",2584.65935612563
2014,"BMU",2745.33419760427
2015,"BMU",3406.5389524176
2016,"BMU",2836.27150642179
2017,"BMU",8648.91835937707
2018,"BMU",4173.00003505088
2019,"BMU",3389.82224714801
2020,"BMU",10909.4369453289
2010,"BOL",18644.7498279544
2011,"BOL",20894.6966473423
2012,"BOL",23132.0123611156
2013,"BOL",23983.0255764501
2014,"BOL",21094.0351357161
2015,"BOL",19609.6661010727
2016,"BOL",17837.0157247215
2017,"BOL",18811.9440482641
2018,"BOL",18029.3360835112
2019,"BOL",17304.1608419111
2020,"BOL",16098.7120304813
2010,"BRA",1206543.17935585
2011,"BRA",1340529.98628279
2012,"BRA",1401163.12633976
2013,"BRA",1241392.15717131
2014,"BRA",1272478.96681321
2015,"BRA",1035676.53239068
2016,"BRA",975561.701308283
2017,"BRA",1178557.41331003
2018,"BRA",1008859.51322799
2019,"BRA",1001752.22219844
2020,"BRA",777959.651291728
2010,"BRB",8825.10293207876
2011,"BRB",2400.99555459965
2012,"BRB",2274.68392422582
2013,"BRB",1789.75660263446
2014,"BRB",1687.67724504697
2015,"BRB",1927.52305831527
2016,"BRB",2298.90747587621
2017,"BRB",2537.51259555157
2018,"BRB",2342.76883913714
2019,"BRB",2108.95116276356
2020,"BRB",2113.54233118462
2010,"BRN",13319.6008452821
2011,"BRN",22143.1970803879
2012,"BRN",29414.3619038699
2013,"BRN",28054.5915131997
2014,"BRN",32715.1183103291
2015,"BRN",16484.8164103335
2016,"BRN",6277.2859419862
2017,"BRN",5631.62789743073
2018,"BRN",4238.26193892712
2019,"BRN",3419.88231877003
2020,"BRN",3445.62863713289
2010,"BTN",169.869235503915
2011,"BTN",286.61489729626
2012,"BTN",314.577400377556
2013,"BTN",554.823696555677
2014,"BTN",103.32052127096
2015,"BTN",190.377189208295
2016,"BTN",426.921551155297
2017,"BTN",845.027343746327
2018,"BTN",928.547971774187
2019,"BTN",1165.28743471146
2020,"BTN",1584.55368395428
2010,"BWA",10037.7824948915
2011,"BWA",10319.465619426
2012,"BWA",7799.63060218139
2013,"BWA",6543.94959286865
2014,"BWA",7413.34130130457
2015,"BWA",7305.21915333782
2016,"BWA",8419.2849839788
2017,"BWA",10915.4488051196
2018,"BWA",10324.6813577429
2019,"BWA",9477.15759657113
2020,"BWA",7371.23765761799
2010,"CAF",2635.69129041197
2011,"CAF",2391.60846179174
2012,"CAF",2651.82414887997
2013,"CAF",2456.2964856193
2014,"CAF",1943.74199050779
2015,"CAF",1472.51376070539
2016,"CAF",851.80118253408
2017,"CAF",1114.6505182495
2018,"CAF",1018.63153071614
2019,"CAF",938.404012587424
2020,"CAF",802.961362719804
2010,"CAN",1130777.3169824
2011,"CAN",1148117.73228635
2012,"CAN",1226582.5562366
2013,"CAN",1226039.22197243
2014,"CAN",1192490.46856457
2015,"CAN",1166136.87992653
2016,"CAN",1182361.02004521
2017,"CAN",1233810.10897844
2018,"CAN",1235857.79104343
2019,"CAN",1263305.37041626
2020,"CAN",1225420.78500443
2010,"CHE",460039.678186902
2011,"CHE",479341.441963717
2012,"CHE",514920.330141732
2013,"CHE",461478.383358697
2014,"CHE",519157.263850361
2015,"CHE",512454.763301755
2016,"CHE",466897.602132762
2017,"CHE",511611.257461372
2018,"CHE",550454.478128498
2019,"CHE",581941.772959884
2020,"CHE",519583.013268554
2010,"CHL",179727.203966016
2011,"CHL",210087.270218255
2012,"CHL",239075.248274056
2013,"CHL",254207.979843596
2014,"CHL",240878.182404137
2015,"CHL",251496.393331243
2016,"CHL",270370.316735383
2017,"CHL",312850.274586597
2018,"CHL",297072.341067526
2019,"CHL",252782.887970401
2020,"CHL",214809.803756734
2010,"CHN",14844593.0183842
2011,"CHN",16972347.9127964
2012,"CHN",19344505.0136067
2013,"CHN",21113781.968942
2014,"CHN",22366253.7301746
2015,"CHN",24312048.836909
2016,"CHN",24427626.749286
2017,"CHN",25016196.3027874
2018,"CHN",26407522.1941748
2019,"CHN",27085443.3092775
2020,"CHN",27488702.3895875
2010,"CIV",21013.9847592513
2011,"CIV",21767.8061872216
2012,"CIV",24885.6061285979
2013,"CIV",30884.2686938675
2014,"CIV",48199.1495945056
2015,"CIV",42929.0464029037
2016,"CIV",43916.2073221867
2017,"CIV",47138.0064128269
2018,"CIV",47476.0730042342
2019,"CIV",50089.4191254357
2020,"CIV",48219.6196705864
2010,"CMR",18667.2497000239
2011,"CMR",24203.2954562947
2012,"CMR",29522.122530501
2013,"CMR",35386.2738263471
2014,"CMR",38963.435417388
2015,"CMR",42456.6783930015
2016,"CMR",39037.9160304931
2017,"CMR",39918.276561074
2018,"CMR",41080.5214241217
2019,"CMR",34476.452754764
2020,"CMR",44953.1035172229
2010,"COD",7433.28333171016
2011,"COD",8486.17612184856
2012,"COD",12575.0052380082
2013,"COD",12751.3822028094
2014,"COD",15786.5383195462
2015,"COD",20427.5803493292
2016,"COD",13686.5923191375
2017,"COD",10706.1764079715
2018,"COD",12982.188587335
2019,"COD",18280.251163229
2020,"COD",17677.0751166626
2010,"COG",6536.98686590198
2011,"COG",7244.64846399169
2012,"COG",13085.0068543002
2013,"COG",8475.64080585202
2014,"COG",6900.00326518279
2015,"COG",4719.50842584178
2016,"COG",4039.35355801267
2017,"COG",4726.69459456698
2018,"COG",4912.62336447751
2019,"COG",4649.96011872347
2020,"COG",5749.77749869706
2010,"COL",239775.432967222
2011,"COL",244514.118757045
2012,"COL",259323.746994061
2013,"COL",254027.524061294
2014,"COL",254046.333907343
2015,"COL",225158.454660243
2016,"COL",215537.041772819
2017,"COL",234342.202844008
2018,"COL",248311.367671635
2019,"COL",229378.223002267
2020,"COL",208448.934767043
2010,"COM",481.24636033066
2011,"COM",414.014669556711
2012,"COM",822.596429927398
2013,"COM",890.508612577837
2014,"COM",1052.07407354861
2015,"COM",2889.88104381183
2016,"COM",4055.20546510839
2017,"COM",3728.12949501399
2018,"COM",1407.3879152119
2019,"COM",1191.54756391577
2020,"COM",1104.94179329501
2010,"CPV",1039.51371788534
2011,"CPV",1115.82452084165
2012,"CPV",1018.93381282538
2013,"CPV",1351.86392712336
2014,"CPV",1437.93560111599
2015,"CPV",958.551232427008
2016,"CPV",1362.01357883392
2017,"CPV",1115.07585368362
2018,"CPV",1188.93483834123
2019,"CPV",1138.40969151777
2020,"CPV",1193.63248607947
2010,"CRI",34643.2544454824
2011,"CRI",35140.6208322302
2012,"CRI",35984.4468678179
2013,"CRI",32139.4156740565
2014,"CRI",30373.5250953149
2015,"CRI",34629.736640591
2016,"CRI",35824.4813963268
2017,"CRI",35324.7326178198
2018,"CRI",33199.8234809784
2019,"CRI",35407.0341028948
2020,"CRI",33385.1562612783
2010,"CUB",23448.7171651075
2011,"CUB",20837.408378482
2012,"CUB",26672.6683143342
2013,"CUB",25356.3457025187
2014,"CUB",24238.0220092011
2015,"CUB",38120.9736172323
2016,"CUB",45179.0130775811
2017,"CUB",35526.0626419979
2018,"CUB",22664.5491767063
2019,"CUB",22997.197159663
2020,"CUB",28764.3393120504
2010,"CUW",2302.88706918063
2011,"CUW",2677.53444429
2012,"CUW",3386.81983266477
2013,"CUW",2413.77983577833
2014,"CUW",2118.11068005124
2015,"CUW",2089.29931364036
2016,"CUW",1737.88837393426
2017,"CUW",1696.77700390548
2018,"CUW",2302.88706918063
2019,"CUW",2302.88706918063
2020,"CUW",2302.88706918063
2010,"CYM",1511.67221410569
2011,"CYM",1511.67221410569
2012,"CYM",1511.67221410569
2013,"CYM",1511.67221410569
2014,"CYM",1511.67221410569
2015,"CYM",1511.67221410569
2016,"CYM",1511.67221410569
2017,"CYM",1569.33741534572
2018,"CYM",1382.23103943046
2019,"CYM",1592.4239776012
2020,"CYM",1502.69642404536
2010,"CYP",20886.7116704407
2011,"CYP",21134.6980547181
2012,"CYP",18704.5939433636
2013,"CYP",18306.2072318172
2014,"CYP",14380.3618283848
2015,"CYP",13718.4093424074
2016,"CYP",15226.9312493323
2017,"CYP",14522.6060355063
2018,"CYP",14175.7953844197
2019,"CYP",13179.336820006
2020,"CYP",10391.9599731141
2010,"CZE",233404.8039941
2011,"CZE",253251.658751684
2012,"CZE",227572.35892019
2013,"CZE",246082.46151789
2014,"CZE",248031.336607649
2015,"CZE",233985.291391608
2016,"CZE",276434.887314654
2017,"CZE",309861.670509782
2018,"CZE",333572.383091317
2019,"CZE",318049.514661897
2020,"CZE",325448.743785401
2010,"DEU",3729122.1103779
2011,"DEU",3972881.82008456
2012,"DEU",3624762.64381224
2013,"DEU",3821850.07822675
2014,"DEU",4028400.54090736
2015,"DEU",3592134.26596612
2016,"DEU",3803849.52663237
2017,"DEU",3989852.89177666
2018,"DEU",4137528.94203497
2019,"DEU",3973734.44838092
2020,"DEU",4270851.95989579
2010,"DJI",5729.98325547652
2011,"DJI",5729.98325547652
2012,"DJI",5729.98325547652
2013,"DJI",2881.82814250598
2014,"DJI",4193.51301802611
2015,"DJI",5568.37409513065
2016,"DJI",5657.68256440166
2017,"DJI",6274.8685257552
2018,"DJI",5883.78253080366
2019,"DJI",5806.09808980593
2020,"DJI",9573.71907738295
2010,"DMA",507.471116954744
2011,"DMA",413.714689828564
2012,"DMA",561.609562636556
2013,"DMA",425.911681690686
2014,"DMA",373.39272905199
2015,"DMA",333.011330291745
2016,"DMA",353.142355669529
2017,"DMA",336.44526777721
2018,"DMA",289.029914235033
2019,"DMA",399.303183126229
2020,"DMA",399.303183126229
2010,"DNK",372483.060277338
2011,"DNK",378639.108501619
2012,"DNK",354617.131243598
2013,"DNK",355132.37637898
2014,"DNK",380439.57595906
2015,"DNK",339886.54087594
2016,"DNK",359040.061938725
2017,"DNK",366714.880344324
2018,"DNK",375751.08840854
2019,"DNK",343154.804618687
2020,"DNK",362342.513409417
2010,"DOM",122546.679413418
2011,"DOM",123936.449116759
2012,"DOM",131132.056811536
2013,"DOM",131042.43250978
2014,"DOM",143402.13853209
2015,"DOM",155301.990365553
2016,"DOM",151803.77697392
2017,"DOM",153900.077552143
2018,"DOM",144916.430808095
2019,"DOM",151759.735813147
2020,"DOM",138331.46203274
2010,"DZA",59634.8748193281
2011,"DZA",71830.7072650504
2012,"DZA",85069.068003549
2013,"DZA",92419.547912874
2014,"DZA",101836.301635121
2015,"DZA",95181.7710202893
2016,"DZA",99802.0039063423
2017,"DZA",98170.6533826967
2018,"DZA",95960.3033170991
2019,"DZA",102408.191750738
2020,"DZA",82962.9037577735
2010,"ECU",43216.3841181509
2011,"ECU",44103.821852682
2012,"ECU",49326.696221784
2013,"ECU",55481.9391200781
2014,"ECU",52566.598794531
2015,"ECU",57431.5870717435
2016,"ECU",55052.5025622209
2017,"ECU",58961.2844577723
2018,"ECU",58982.6522304586
2019,"ECU",56960.9014802083
2020,"ECU",55827.4407667426
2010,"EGY",376538.978497566
2011,"EGY",434386.670164149
2012,"EGY",512577.867103362
2013,"EGY",522231.944290996
2014,"EGY",602928.181603662
2015,"EGY",636581.892565111
2016,"EGY",639998.346112695
2017,"EGY",431275.049209917
2018,"EGY",430936.507850192
2019,"EGY",474091.585345917
2020,"EGY",522686.422483489
2010,"ERI",1318.58564951623
2011,"ERI",700.372327551039
2012,"ERI",1009.47898853364
2013,"ERI",1009.47898853364
2014,"ERI",1009.47898853364
2015,"ERI",1009.47898853364
2016,"ERI",1009.47898853364
2017,"ERI",1009.47898853364
2018,"ERI",1009.47898853364
2019,"ERI",1009.47898853364
2020,"ERI",1009.47898853364
2010,"ESP",1923169.73787198
2011,"ESP",1872482.61452636
2012,"ESP",1703564.79336207
2013,"ESP",1803401.28404662
2014,"ESP",1896548.27072656
2015,"ESP",1768340.78154062
2016,"ESP",1934368.0383086
2017,"ESP",2018385.37135928
2018,"ESP",2030644.7073522
2019,"ESP",2039977.28576748
2020,"ESP",1929141.85640149
2010,"EST",34788.8372308475
2011,"EST",35505.7855427698
2012,"EST",36770.4080875233
2013,"EST",40486.4521144914
2014,"EST",41276.0382794283
2015,"EST",38564.2952290344
2016,"EST",41370.355313391
2017,"EST",43328.4388475889
2018,"EST",46022.0694296082
2019,"EST",44243.825065067
2020,"EST",42253.2937498357
2010,"ETH",61276.8194803842
2011,"ETH",20713.3279478863
2012,"ETH",24904.5447541383
2013,"ETH",33707.5513066938
2014,"ETH",61017.0873669611
2015,"ETH",63136.903342729
2016,"ETH",66458.9827201581
2017,"ETH",70639.6628083358
2018,"ETH",80330.2135802487
2019,"ETH",90440.6880533636
2020,"ETH",101419.232923327
2010,"FIN",188804.890227586
2011,"FIN",199840.129905829
2012,"FIN",196832.730989659
2013,"FIN",197941.677022408
2014,"FIN",196167.426415551
2015,"FIN",178456.204204282
2016,"FIN",174697.569809793
2017,"FIN",168163.19487202
2018,"FIN",164206.338937605
2019,"FIN",161100.076251261
2020,"FIN",171744.446676441
2010,"FJI",3881.56307057587
2011,"FJI",3780.75501553994
2012,"FJI",4015.32346073229
2013,"FJI",4142.39966889239
2014,"FJI",4242.43544413856
2015,"FJI",5312.52504401511
2016,"FJI",6087.10267689265
2017,"FJI",5736.64611717691
2018,"FJI",5338.11251677805
2019,"FJI",5128.10988818681
2020,"FJI",5062.04794283838
2010,"FRA",3008876.18241157
2011,"FRA",3053208.17122606
2012,"FRA",2859577.97511211
2013,"FRA",2957025.15359146
2014,"FRA",3001750.33696127
2015,"FRA",2639110.54543976
2016,"FRA",2770096.89381858
2017,"FRA",2809161.87305666
2018,"FRA",2955445.17572579
2019,"FRA",2877950.23918237
2020,"FRA",2854257.28166933
2010,"FRO",1199.20437438092
2011,"FRO",1113.12525337599
2012,"FRO",973.68929328711
2013,"FRO",1240.24442537284
2014,"FRO",1530.66694390103
2015,"FRO",1415.3722550636
2016,"FRO",1538.25324880493
2017,"FRO",1740.40383826441
2018,"FRO",1769.99152343578
2019,"FRO",1875.86776185342
2020,"FRO",2249.38243785617
2010,"FSM",148.303152699726
2011,"FSM",119.06386478175
2012,"FSM",154.966687288096
2013,"FSM",157.934112683597
2014,"FSM",158.759555218236
2015,"FSM",132.936956565473
2016,"FSM",216.945732525296
2017,"FSM",145.655633266422
2018,"FSM",304.817192738375
2019,"FSM",148.423253884599
2020,"FSM",139.087520675803
2010,"GAB",4764.27576248254
2011,"GAB",8630.02457313862
2012,"GAB",9205.54381674948
2013,"GAB",8652.57534147894
2014,"GAB",8670.01210726323
2015,"GAB",8474.36123433461
2016,"GAB",6574.73527227082
2017,"GAB",6404.01718049582
2018,"GAB",6939.57654975675
2019,"GAB",6104.50755732068
2020,"GAB",5412.5550578877
2010,"GBR",2558475.1776963
2011,"GBR",2557573.28950583
2012,"GBR",2663161.69850366
2013,"GBR",2736565.96866367
2014,"GBR",3091438.21076194
2015,"GBR",3348484.12069329
2016,"GBR",2965771.83981314
2017,"GBR",2872408.16006645
2018,"GBR",2806322.98224068
2019,"GBR",2977318.30578125
2020,"GBR",2720338.46615537
2010,"GEO",9022.95209120931
2011,"GEO",14995.6765653466
2012,"GEO",14032.4602404342
2013,"GEO",13821.0693592915
2014,"GEO",15314.3365305834
2015,"GEO",14707.3163314206
2016,"GEO",14578.532160092
2017,"GEO",16530.9501356133
2018,"GEO",16340.0748701855
2019,"GEO",16385.0228633895
2020,"GEO",17869.8820969579
2010,"GHA",21117.5892721046
2011,"GHA",34870.2550516984
2012,"GHA",38698.9565406047
2013,"GHA",43992.5484984834
2014,"GHA",47174.7723760351
2015,"GHA",44052.9741957389
2016,"GHA",49442.3236555725
2017,"GHA",50779.9537254939
2018,"GHA",50218.7071135281
2019,"GHA",45295.3745108273
2020,"GHA",95978.9712380449
2010,"GIN",6526.75827692689
2011,"GIN",6958.1325720467
2012,"GIN",9062.90863497545
2013,"GIN",10503.6275991483
2014,"GIN",10812.5220624707
2015,"GIN",11332.5053397446
2016,"GIN",6301.62160385105
2017,"GIN",9475.08402445278
2018,"GIN",10298.0850646834
2019,"GIN",11386.1812670363
2020,"GIN",7964.31195818246
2010,"GMB",8983.5579135596
2011,"GMB",13309.608169624
2012,"GMB",12049.577963514
2013,"GMB",14815.8928736375
2014,"GMB",11748.3887186855
2015,"GMB",11845.453744894
2016,"GMB",9493.8132824874
2017,"GMB",11031.8239052308
2018,"GMB",9446.12849452208
2019,"GMB",12626.2769526505
2020,"GMB",11712.8790707345
2010,"GNB",401.034367859608
2011,"GNB",583.381541084899
2012,"GNB",772.311881890711
2013,"GNB",664.288585143353
2014,"GNB",585.513221845107
2015,"GNB",611.122975469431
2016,"GNB",568.403426403542
2017,"GNB",648.654850690044
2018,"GNB",504.897909871425
2019,"GNB",573.777874086997
2020,"GNB",631.633328617263
2010,"GNQ",2281.26262786038
2011,"GNQ",3721.44390271285
2012,"GNQ",3000.18357817774
2013,"GNQ",3569.07524209302
2014,"GNQ",3898.03617508247
2015,"GNQ",2569.93956588914
2016,"GNQ",2112.17904902607
2017,"GNQ",1339.71919949255
2018,"GNQ",1650.34384830353
2019,"GNQ",1373.04806863005
2020,"GNQ",1151.20000311368
2010,"GRC",314769.221523942
2011,"GRC",245985.913398138
2012,"GRC",199876.064337674
2013,"GRC",197089.416701641
2014,"GRC",198422.636801715
2015,"GRC",175041.39459914
2016,"GRC",198001.343640508
2017,"GRC",195734.322018314
2018,"GRC",200459.196094267
2019,"GRC",238100.086203478
2020,"GRC",206008.932389043
2010,"GRL",1038.61702183454
2011,"GRL",832.607845342238
2012,"GRL",1229.2812117904
2013,"GRL",1329.45942147166
2014,"GRL",1381.81883830129
2015,"GRL",1405.51955128693
2016,"GRL",1455.55311723267
2017,"GRL",1569.55232446903
2018,"GRL",1659.34188271267
2019,"GRL",1440.06760790212
2020,"GRL",1413.38108310094
2010,"GTM",109022.757432952
2011,"GTM",111813.667690053
2012,"GTM",118061.096780697
2013,"GTM",138151.425680378
2014,"GTM",136522.480401608
2015,"GTM",166685.510013412
2016,"GTM",170250.409701577
2017,"GTM",177975.264742183
2018,"GTM",189755.105933846
2019,"GTM",189455.608053732
2020,"GTM",186553.444339738
2010,"GUM",857.247503190163
2011,"GUM",758.571031457822
2012,"GUM",808.106458529128
2013,"GUM",776.387550472445
2014,"GUM",624.790297605639
2015,"GUM",528.182974748592
2016,"GUM",515.46901051005
2017,"GUM",567.545385416617
2018,"GUM",603.093753370106
2019,"GUM",748.887785602301
2020,"GUM",594.351465546618
2010,"HKG",216418.2129503
2011,"HKG",207765.539773421
2012,"HKG",209792.861398778
2013,"HKG",221599.962497798
2014,"HKG",212864.816337983
2015,"HKG",234830.990552305
2016,"HKG",237751.91818243
2017,"HKG",219648.463801927
2018,"HKG",213457.229833129
2019,"HKG",193460.509518325
2020,"HKG",140192.784197777
2010,"HND",107625.574242236
2011,"HND",104868.789109081
2012,"HND",105477.465725557
2013,"HND",116033.039188315
2014,"HND",107238.733127208
2015,"HND",118898.135334696
2016,"HND",123532.867350864
2017,"HND",123368.292862608
2018,"HND",131057.970202339
2019,"HND",150752.125286456
2020,"HND",137443.929905998
2010,"HRV",102480.089868007
2011,"HRV",109895.861942385
2012,"HRV",96210.3830612048
2013,"HRV",90259.7189443844
2014,"HRV",102845.133442048
2015,"HRV",90468.9273508236
2016,"HRV",95144.8017644082
2017,"HRV",97799.1667866209
2018,"HRV",100714.118517994
2019,"HRV",97768.8464676804
2020,"HRV",100977.223940901
2010,"HTI",97364.5789046402
2011,"HTI",103044.945471151
2012,"HTI",118141.84871793
2013,"HTI",119282.209614189
2014,"HTI",115790.431533047
2015,"HTI",119586.120363615
2016,"HTI",110800.417430499
2017,"HTI",117039.580127074
2018,"HTI",122783.04760978
2019,"HTI",117771.489602645
2020,"HTI",137290.406473907
2010,"HUN",100101.107897356
2011,"HUN",107924.866636736
2012,"HUN",99229.5074307414
2013,"HUN",111349.750023356
2014,"HUN",116999.386237893
2015,"HUN",107512.845250179
2016,"HUN",115582.287400859
2017,"HUN",128373.877912262
2018,"HUN",133341.495859941
2019,"HUN",127600.252684903
2020,"HUN",123497.138633451
2010,"IDN",1226612.96733545
2011,"IDN",1312395.29797695
2012,"IDN",1459853.52246602
2013,"IDN",1511626.38469436
2014,"IDN",1509537.67734417
2015,"IDN",1672260.86798264
2016,"IDN",1829051.23781959
2017,"IDN",1808947.67913066
2018,"IDN",1717515.92757602
2019,"IDN",1907725.7288579
2020,"IDN",1795008.95674251
2010,"IND",1948988.71872692
2011,"IND",1994678.04511797
2012,"IND",1972938.47901219
2013,"IND",2355607.43323708
2014,"IND",2501998.69643671
2015,"IND",2946873.83398373
2016,"IND",2942400.44523615
2017,"IND",3120113.79616541
2018,"IND",2940255.26109722
2019,"IND",3105478.34986536
2020,"IND",2486013.85641287
2010,"IRL",77173.3835817047
2011,"IRL",77842.0877616237
2012,"IRL",71454.0740787324
2013,"IRL",73321.5608789104
2014,"IRL",76525.598088093
2015,"IRL",74255.3930124911
2016,"IRL",66054.1443203402
2017,"IRL",66685.9442535869
2018,"IRL",73465.7365697663
2019,"IRL",56886.6239991678
2020,"IRL",59705.6202076676
2010,"IRN",258167.233569829
2011,"IRN",329278.567568448
2012,"IRN",208703.943386145
2013,"IRN",262543.999181823
2014,"IRN",335932.538723584
2015,"IRN",326763.722623763
2016,"IRN",360036.651474579
2017,"IRN",326081.811585509
2018,"IRN",180717.778586548
2019,"IRN",118746.179801681
2020,"IRN",84029.9536610975
2010,"IRQ",65135.028301647
2011,"IRQ",71862.2839408494
2012,"IRQ",115515.364289561
2013,"IRQ",161129.458361992
2014,"IRQ",149142.486638158
2015,"IRQ",149608.301404421
2016,"IRQ",182674.806461647
2017,"IRQ",225249.3214318
2018,"IRQ",206220.019444117
2019,"IRQ",155721.736675083
2020,"IRQ",170471.385288356
2010,"ISL",7050.67758977983
2011,"ISL",6695.78961350036
2012,"ISL",5745.26499873318
2013,"ISL",6383.32591080517
2014,"ISL",7051.9479377198
2015,"ISL",6839.77879064633
2016,"ISL",8978.12257515805
2017,"ISL",11725.492810247
2018,"ISL",12068.9861162005
2019,"ISL",11550.034909372
2020,"ISL",12716.1925437194
2010,"ISR",169499.079184402
2011,"ISR",180116.919795318
2012,"ISR",185950.225924665
2013,"ISR",215297.280978845
2014,"ISR",221994.098228842
2015,"ISR",255158.654521056
2016,"ISR",251399.620108712
2017,"ISR",275179.83690317
2018,"ISR",246406.662323008
2019,"ISR",274155.765764743
2020,"ISR",323293.265326393
2010,"ITA",4151765.53596788
2011,"ITA",4246487.62561298
2012,"ITA",3846684.59961074
2013,"ITA",3995134.27236743
2014,"ITA",4062300.16365066
2015,"ITA",3550135.36892886
2016,"ITA",3693581.62714217
2017,"ITA",3705442.64712755
2018,"ITA",3818017.09424989
2019,"ITA",3702470.70113363
2020,"ITA",3463891.64893817
2010,"JAM",4264.33977705332
2011,"JAM",4953.91790627779
2012,"JAM",9682.63010059468
2013,"JAM",6903.56433802649
2014,"JAM",5968.88590670121
2015,"JAM",8171.54536731342
2016,"JAM",6849.26936407516
2017,"JAM",6168.47833038071
2018,"JAM",6150.69402598503
2019,"JAM",6379.92732824989
2020,"JAM",6281.74226743705
2010,"JOR",44882.6073835456
2011,"JOR",53406.9006681006
2012,"JOR",58005.9284264416
2013,"JOR",73424.2070942631
2014,"JOR",72086.1347146123
2015,"JOR",88054.9396914516
2016,"JOR",98747.3195064503
2017,"JOR",96504.2587310258
2018,"JOR",108501.67922328
2019,"JOR",115760.855709881
2020,"JOR",134424.499758198
2010,"JPN",4476339.95001571
2011,"JPN",4695675.6677563
2012,"JPN",4811383.05839768
2013,"JPN",4202118.65374216
2014,"JPN",3559739.82816059
2015,"JPN",3652078.93350982
2016,"JPN",4204126.0742027
2017,"JPN",3879934.72582612
2018,"JPN",3721759.36580871
2019,"JPN",3764748.24774607
2020,"JPN",3912519.85740968
2010,"KAZ",237074.177619382
2011,"KAZ",247581.171175378
2012,"KAZ",276649.41257102
2013,"KAZ",306865.254876256
2014,"KAZ",338016.636482042
2015,"KAZ",216289.320484609
2016,"KAZ",197245.392775669
2017,"KAZ",307768.447054095
2018,"KAZ",245341.318461661
2019,"KAZ",245181.643919287
2020,"KAZ",258150.272835568
2010,"KEN",61137.6008579534
2011,"KEN",54021.5260929321
2012,"KEN",72028.7820549405
2013,"KEN",86975.5679685651
2014,"KEN",116883.035580713
2015,"KEN",156487.132960183
2016,"KEN",170204.86875156
2017,"KEN",136562.989316653
2018,"KEN",150984.388803046
2019,"KEN",163827.848235221
2020,"KEN",182161.137211735
2010,"KGZ",52646.1506037952
2011,"KGZ",57391.8538556782
2012,"KGZ",53776.673744473
2013,"KGZ",51802.2564084999
2014,"KGZ",55260.9559570123
2015,"KGZ",52676.3966622728
2016,"KGZ",82445.6731513791
2017,"KGZ",86379.4501619303
2018,"KGZ",81933.8844091306
2019,"KGZ",90711.5622484707
2020,"KGZ",53754.0869182517
2010,"KHM",133343.57608661
2011,"KHM",170771.201743024
2012,"KHM",182709.010284626
2013,"KHM",193869.42835853
2014,"KHM",214216.343843432
2015,"KHM",240426.365288986
2016,"KHM",256827.06469862
2017,"KHM",293952.626686843
2018,"KHM",327903.179516387
2019,"KHM",349996.519216347
2020,"KHM",312959.868194997
2010,"KIR",44.689537823715
2011,"KIR",57.5815414299338
2012,"KIR",127.397598379264
2013,"KIR",71.5914373881245
2014,"KIR",112.743278252
2015,"KIR",159.472329414608
2016,"KIR",110.674002983664
2017,"KIR",96.5509350738101
2018,"KIR",115.831427753637
2019,"KIR",90.3346490882543
2020,"KIR",109.53764516299
2010,"KOR",750155.703041644
2011,"KOR",737583.336524029
2012,"KOR",760494.384952342
2013,"KOR",876609.058431861
2014,"KOR",1000514.30516096
2015,"KOR",1165917.94564747
2016,"KOR",1190295.77848553
2017,"KOR",1137573.57408703
2018,"KOR",1168711.07405062
2019,"KOR",1175299.27598311
2020,"KOR",1228554.18162101
2010,"KWT",54246.7463231225
2011,"KWT",70222.955523263
2012,"KWT",86950.5365826807
2013,"KWT",91033.153037009
2014,"KWT",86649.7563939279
2015,"KWT",63566.6384064093
2016,"KWT",55279.3105761626
2017,"KWT",59568.6914910515
2018,"KWT",65944.1259286856
2019,"KWT",65744.174303597
2020,"KWT",69920.6088565909
2010,"LAO",15043.2564010465
2011,"LAO",11569.0868182958
2012,"LAO",12372.6400435258
2013,"LAO",13219.9401127177
2014,"LAO",12698.1819258617
2015,"LAO",13279.9510565031
2016,"LAO",14971.4504217326
2017,"LAO",13307.7866828119
2018,"LAO",13307.7866828119
2019,"LAO",13307.7866828119
2020,"LAO",13307.7866828119
2010,"LBN",29266.0034430084
2011,"LBN",28159.1148644247
2012,"LBN",36040.2617448428
2013,"LBN",39870.1433906438
2014,"LBN",41896.6516866908
2015,"LBN",45476.0157550917
2016,"LBN",44883.9352177009
2017,"LBN",47141.0298679873
2018,"LBN",42797.6998597357
2019,"LBN",39154.0448126416
2020,"LBN",27004.4504911294
2010,"LBY",51309.6289725668
2011,"LBY",29827.0137707067
2012,"LBY",74962.2453568262
2013,"LBY",54077.1035562336
2014,"LBY",42082.0842586424
2015,"LBY",48447.6358822671
2016,"LBY",37631.5702910006
2017,"LBY",43936.6916915604
2018,"LBY",47863.2642824982
2019,"LBY",49607.1108742541
2020,"LBY",47974.4348936556
2010,"LKA",416877.39089618
2011,"LKA",416877.39089618
2012,"LKA",416877.39089618
2013,"LKA",416877.39089618
2014,"LKA",416877.39089618
2015,"LKA",401194.33569512
2016,"LKA",430123.678967615
2017,"LKA",433206.783593305
2018,"LKA",370768.785583598
2019,"LKA",404631.176969227
2020,"LKA",461339.584568216
2010,"LSO",13555.2168525204
2011,"LSO",13722.6357014237
2012,"LSO",14110.3696080627
2013,"LSO",16238.0450791254
2014,"LSO",16052.0389517427
2015,"LSO",17213.0196871752
2016,"LSO",15672.4878801416
2017,"LSO",17431.8123811259
2018,"LSO",15463.7265967463
2019,"LSO",16001.377403311
2020,"LSO",14627.4830490168
2010,"LTU",61991.1500724166
2011,"LTU",64633.6072590815
2012,"LTU",64047.8606846392
2013,"LTU",72040.87378102
2014,"LTU",84577.7067975069
2015,"LTU",77286.5194404417
2016,"LTU",83790.6977289882
2017,"LTU",85318.4970668608
2018,"LTU",91395.0230219316
2019,"LTU",87788.2708694514
2020,"LTU",91001.2566557721
2010,"LUX",18550.239873786
2011,"LUX",18859.8566902728
2012,"LUX",16756.3817829167
2013,"LUX",16037.6874856255
2014,"LUX",15644.6340247868
2015,"LUX",13172.5374048603
2016,"LUX",13829.8687157657
2017,"LUX",14056.3645979669
2018,"LUX",14249.67152771
2019,"LUX",15324.7096714565
2020,"LUX",14404.133194319
2010,"LVA",32139.7263561942
2011,"LVA",33149.8296754118
2012,"LVA",37188.3783597712
2013,"LVA",42058.6037901197
2014,"LVA",41739.9297887148
2015,"LVA",34475.1957230617
2016,"LVA",35317.1882151232
2017,"LVA",35442.6779825268
2018,"LVA",36328.1393618194
2019,"LVA",38692.9107253695
2020,"LVA",37293.9389474032
2010,"MAC",32524.7248731734
2011,"MAC",33842.2146983505
2012,"MAC",34487.3568563474
2013,"MAC",40210.6716024557
2014,"MAC",38055.1362944809
2015,"MAC",39386.5242172149
2016,"MAC",40765.8654482164
2017,"MAC",38275.5462092989
2018,"MAC",46158.6945188159
2019,"MAC",52378.5825862719
2020,"MAC",26615.2607499367
2010,"MAR",255942.339994454
2011,"MAR",254097.211713977
2012,"MAR",243552.677347927
2013,"MAR",273043.27813022
2014,"MAR",303678.655441033
2015,"MAR",289451.052587371
2016,"MAR",305502.66630886
2017,"MAR",320337.983576613
2018,"MAR",322292.604779187
2019,"MAR",316833.907098907
2020,"MAR",275441.005030016
2010,"MDA",26111.3500839017
2011,"MDA",28509.9695313643
2012,"MDA",30913.5515514239
2013,"MDA",30387.8484850488
2014,"MDA",30664.8930810611
2015,"MDA",26793.3558320129
2016,"MDA",30858.8263040331
2017,"MDA",35687.4452756723
2018,"MDA",37636.7007710755
2019,"MDA",34147.2042809298
2020,"MDA",35839.7233457041
2010,"MDG",32293.7553400329
2011,"MDG",38570.2211808743
2012,"MDG",44931.0281565892
2013,"MDG",48421.7002818344
2014,"MDG",47212.674540802
2015,"MDG",47441.7554571691
2016,"MDG",51449.8054285261
2017,"MDG",50540.9173152125
2018,"MDG",50224.9113680273
2019,"MDG",54086.8790695922
2020,"MDG",59349.1065032537
2010,"MDV",2050.94444760965
2011,"MDV",2050.94444760965
2012,"MDV",2050.94444760965
2013,"MDV",2050.94444760965
2014,"MDV",1433.37854885682
2015,"MDV",1739.65956592316
2016,"MDV",2040.3807397444
2017,"MDV",2039.24234999909
2018,"MDV",2579.90024724219
2019,"MDV",2618.11031214174
2020,"MDV",1905.93936936015
2010,"MEX",973653.077815522
2011,"MEX",1021241.76135501
2012,"MEX",1095198.5429844
2013,"MEX",1177519.49896112
2014,"MEX",1218939.56711877
2015,"MEX",1189313.71261363
2016,"MEX",1105012.82105839
2017,"MEX",1031592.84739055
2018,"MEX",1020577.94844844
2019,"MEX",1005969.31773625
2020,"MEX",861150.635832346
2010,"MHL",61.2670904839978
2011,"MHL",58.236470129407
2012,"MHL",80.0928130471057
2013,"MHL",98.503982047546
2014,"MHL",201.718417990882
2015,"MHL",205.306670785706
2016,"MHL",218.671968708296
2017,"MHL",197.989620518789
2018,"MHL",256.572676475378
2019,"MHL",152.054737452955
2020,"MHL",706.833069554127
2010,"MKD",36728.6754976995
2011,"MKD",34475.9672790518
2012,"MKD",34973.3975868064
2013,"MKD",39417.995447408
2014,"MKD",38425.0451703938
2015,"MKD",33741.3827022893
2016,"MKD",34064.1721355671
2017,"MKD",32895.4580399833
2018,"MKD",32095.9740370982
2019,"MKD",29407.4713122387
2020,"MKD",28297.663510535
2010,"MLI",15622.0745570528
2011,"MLI",20273.3703038781
2012,"MLI",26721.1917072189
2013,"MLI",23185.5385821706
2014,"MLI",27455.0074517117
2015,"MLI",20260.3353963221
2016,"MLI",21491.6757538557
2017,"MLI",22175.6484649904
2018,"MLI",32584.3841868647
2019,"MLI",29183.2875441193
2020,"MLI",12391.9828233879
2010,"MLT",4882.45126132509
2011,"MLT",6331.28788803745
2012,"MLT",8110.81084195104
2013,"MLT",9780.96065615662
2014,"MLT",8685.88302182829
2015,"MLT",6063.58343573644
2016,"MLT",4957.25081158479
2017,"MLT",5578.79326742637
2018,"MLT",6909.48286176058
2019,"MLT",7259.95417847429
2020,"MLT",4990.42768660868
2010,"MMR",218601.925129541
2011,"MMR",321535.51813115
2012,"MMR",479461.810156514
2013,"MMR",264086.968587099
2014,"MMR",196652.203081882
2015,"MMR",186587.228851077
2016,"MMR",197000.229433225
2017,"MMR",223490.700254331
2018,"MMR",308712.277606005
2019,"MMR",377992.621408727
2020,"MMR",372349.658945129
2010,"MNE",3834.81233646685
2011,"MNE",4010.30448621895
2012,"MNE",3792.92996558432
2013,"MNE",4114.02682665841
2014,"MNE",4521.02574448552
2015,"MNE",3836.32692613197
2016,"MNE",3908.87587710432
2017,"MNE",4043.66736793751
2018,"MNE",4237.88989520818
2019,"MNE",4616.50615658515
2020,"MNE",3879.47245608695
2010,"MNG",12225.485618926
2011,"MNG",15701.8146585025
2012,"MNG",20473.9542332359
2013,"MNG",20198.7258836722
2014,"MNG",17135.6943023403
2015,"MNG",16092.9211836506
2016,"MNG",9761.91794301464
2017,"MNG",8060.37907500272
2018,"MNG",7895.84961546209
2019,"MNG",7658.0887971589
2020,"MNG",9102.75709621814
2010,"MNP",140.986854295109
2011,"MNP",128.955307040497
2012,"MNP",125.289510584452
2013,"MNP",148.98589497
2014,"MNP",126.194958416174
2015,"MNP",107.618101257071
2016,"MNP",97.1988213059978
2017,"MNP",278.024007406266
2018,"MNP",173.31317844954
2019,"MNP",158.207629447992
2020,"MNP",148.47742631731
2010,"MOZ",10479.6054932129
2011,"MOZ",11221.9985027348
2012,"MOZ",11047.1887983347
2013,"MOZ",13935.3600170169
2014,"MOZ",14194.2039232929
2015,"MOZ",16686.2229422317
2016,"MOZ",10984.8271909445
2017,"MOZ",12133.0842256131
2018,"MOZ",10963.3318671999
2019,"MOZ",12429.6883463919
2020,"MOZ",14993.8282421718
2010,"MRT",4603.58880878198
2011,"MRT",6944.61829857599
2012,"MRT",6286.11184261953
2013,"MRT",8724.06398825033
2014,"MRT",10379.0971313573
2015,"MRT",12288.9236503276
2016,"MRT",16893.6788648858
2017,"MRT",15447.6099729519
2018,"MRT",15823.7553823044
2019,"MRT",12229.3755463946
2020,"MRT",8595.5931182886
2010,"MUS",26275.9254860685
2011,"MUS",29346.090359492
2012,"MUS",27688.0089510575
2013,"MUS",29127.8807178801
2014,"MUS",30933.1988206522
2015,"MUS",30719.1042905453
2016,"MUS",28934.3026763945
2017,"MUS",28840.4236065002
2018,"MUS",29462.83408992
2019,"MUS",28207.7578767001
2020,"MUS",23399.2141474699
2010,"MYS",169442.734890409
2011,"MYS",194621.608819199
2012,"MYS",252802.913697991
2013,"MYS",297106.542107496
2014,"MYS",294548.307429755
2015,"MYS",300165.012666935
2016,"MYS",263755.890505694
2017,"MYS",242386.400431575
2018,"MYS",245752.130730341
2019,"MYS",282914.963473365
2020,"MYS",296750.831754027
2010,"NAM",9700.33059440535
2011,"NAM",11367.9140062244
2012,"NAM",12607.7771421305
2013,"NAM",13210.8387239229
2014,"NAM",12442.4214366385
2015,"NAM",9396.20188694895
2016,"NAM",7610.9135718027
2017,"NAM",9619.81085085273
2018,"NAM",8937.00047453715
2019,"NAM",8157.95779112976
2020,"NAM",7260.01068085186
2010,"NCL",3271.41773555299
2011,"NCL",3540.89010532199
2012,"NCL",3499.81788084057
2013,"NCL",3625.573310911
2014,"NCL",3636.3717715519
2015,"NCL",3462.56314022997
2016,"NCL",2909.13713755658
2017,"NCL",2887.83847136285
2018,"NCL",3354.20119416598
2019,"NCL",3354.20119416598
2020,"NCL",3354.20119416598
2010,"NER",4731.56751583567
2011,"NER",7013.65618918803
2012,"NER",8262.33213355008
2013,"NER",7749.91546159454
2014,"NER",5687.45438019492
2015,"NER",4128.57923327103
2016,"NER",5580.50124420506
2017,"NER",4239.1695728315
2018,"NER",8200.41766762725
2019,"NER",6209.49599020312
2020,"NER",4530.83604007047
2010,"NGA",179436.497437673
2011,"NGA",130030.421408876
2012,"NGA",254966.948393273
2013,"NGA",307521.399148335
2014,"NGA",467249.295212534
2015,"NGA",515478.140850283
2016,"NGA",376064.749483434
2017,"NGA",431252.076330437
2018,"NGA",313654.837936512
2019,"NGA",364014.256880487
2020,"NGA",853596.95059887
2010,"NIC",40775.1807858675
2011,"NIC",47204.0423251324
2012,"NIC",51038.8139329694
2013,"NIC",54494.1691786218
2014,"NIC",55414.9876402829
2015,"NIC",62845.2603035521
2016,"NIC",70787.4299393758
2017,"NIC",69794.9233365629
2018,"NIC",74379.4615891143
2019,"NIC",79234.5722741823
2020,"NIC",72959.0251925868
2010,"NLD",733184.179952025
2011,"NLD",778711.571098938
2012,"NLD",697421.704095966
2013,"NLD",754064.064391918
2014,"NLD",807254.310930299
2015,"NLD",651084.74672898
2016,"NLD",729056.309400871
2017,"NLD",746677.190205143
2018,"NLD",790009.112012412
2019,"NLD",794575.388289597
2020,"NLD",821855.687770254
2010,"NOR",265439.482031822
2011,"NOR",298121.135634985
2012,"NOR",313987.440332776
2013,"NOR",331737.721691977
2014,"NOR",295563.908777793
2015,"NOR",241046.062150845
2016,"NOR",239049.227681994
2017,"NOR",257510.479806439
2018,"NOR",271563.812549978
2019,"NOR",245620.795030638
2020,"NOR",250113.069106491
2010,"NPL",59949.7740101542
2011,"NPL",87450.0317731468
2012,"NPL",99797.2033554502
2013,"NPL",99865.5325397858
2014,"NPL",99091.9692335111
2015,"NPL",55848.9907865569
2016,"NPL",61839.0175475101
2017,"NPL",66516.8165562602
2018,"NPL",68675.4632298886
2019,"NPL",74224.548436755
2020,"NPL",54534.75277502
2010,"NRU",20.3400964365222
2011,"NRU",23.3110214627503
2012,"NRU",82.2515116540644
2013,"NRU",726.91019164671
2014,"NRU",172.007905159524
2015,"NRU",79.6188740092489
2016,"NRU",72.7424453753498
2017,"NRU",37.7284061131016
2018,"NRU",42.1857745629847
2019,"NRU",40.232724060973
2020,"NRU",25.7274935831687
2010,"NZL",113352.014701314
2011,"NZL",143845.660201932
2012,"NZL",140032.539300278
2013,"NZL",144239.680582384
2014,"NZL",146150.815523199
2015,"NZL",149642.677115845
2016,"NZL",149680.51396693
2017,"NZL",148108.21402321
2018,"NZL",142688.583153956
2019,"NZL",141277.416545909
2020,"NZL",155427.770033884
2010,"OMN",21597.1606876355
2011,"OMN",22430.8102372709
2012,"OMN",33308.9348569767
2013,"OMN",31940.9994080833
2014,"OMN",31366.9722354326
2015,"OMN",22020.2227309719
2016,"OMN",26185.8221439985
2017,"OMN",36517.6625660319
2018,"OMN",48983.5218874786
2019,"OMN",50957.7381182718
2020,"OMN",40973.6685429707
2010,"PAK",1287086.35824175
2011,"PAK",1392980.65495707
2012,"PAK",1490610.76806358
2013,"PAK",1499160.44479513
2014,"PAK",1544544.54398884
2015,"PAK",1793722.92830588
2016,"PAK",2010406.0631512
2017,"PAK",2237535.05457275
2018,"PAK",2228345.27471511
2019,"PAK",2009784.14221439
2020,"PAK",1877234.24414444
2010,"PAN",94697.9452483075
2011,"PAN",101578.22888817
2012,"PAN",122165.538779722
2013,"PAN",107376.444727131
2014,"PAN",111186.581609599
2015,"PAN",125644.633578378
2016,"PAN",113460.619671016
2017,"PAN",116236.155446259
2018,"PAN",66681.0151655206
2019,"PAN",78379.3990400741
2020,"PAN",93695.6326936207
2010,"PER",150229.422902133
2011,"PER",169191.518464331
2012,"PER",200835.076203615
2013,"PER",203987.342455299
2014,"PER",209458.932775033
2015,"PER",191616.390889597
2016,"PER",183780.936345654
2017,"PER",187175.265813673
2018,"PER",203489.457126293
2019,"PER",198634.511450512
2020,"PER",189245.572851842
2010,"PHL",199438.004767823
2011,"PHL",247680.794846267
2012,"PHL",310751.124718214
2013,"PHL",339255.984663336
2014,"PHL",329525.503943116
2015,"PHL",374767.899467079
2016,"PHL",384297.853134193
2017,"PHL",356427.855645946
2018,"PHL",322828.748110118
2019,"PHL",399294.150951055
2020,"PHL",400943.940370387
2010,"POL",735545.745981901
2011,"POL",788813.815773914
2012,"POL",754555.925466197
2013,"POL",809696.681230748
2014,"POL",871424.621788293
2015,"POL",842814.203329649
2016,"POL",876517.595777018
2017,"POL",941748.610133825
2018,"POL",1072101.34494542
2019,"POL",1096037.92699431
2020,"POL",1164877.3105134
2010,"PRT",516609.823050828
2011,"PRT",522018.237327253
2012,"PRT",440977.393421443
2013,"PRT",468780.628375488
2014,"PRT",482887.80821533
2015,"PRT",426191.316455317
2016,"PRT",446954.292468066
2017,"PRT",445999.111253454
2018,"PRT",461293.433867287
2019,"PRT",428432.285602703
2020,"PRT",418816.573329042
2010,"PRY",21207.5150129205
2011,"PRY",23751.5289878239
2012,"PRY",27318.6278528645
2013,"PRY",26031.8507164704
2014,"PRY",26615.4204843964
2015,"PRY",27094.1212550234
2016,"PRY",29374.6164374737
2017,"PRY",35171.9193004231
2018,"PRY",33496.2354516403
2019,"PRY",28564.7349286167
2020,"PRY",28896.8499895872
2010,"PSE",7877.04737342723
2011,"PSE",9762.58310861698
2012,"PSE",10310.4351237631
2013,"PSE",12108.7232591058
2014,"PSE",13313.7862130764
2015,"PSE",13277.9031039883
2016,"PSE",14285.4354832826
2017,"PSE",14527.5072856166
2018,"PSE",13704.8310386758
2019,"PSE",14160.2407390277
2020,"PSE",13889.894619912
2010,"PYF",2887.24414860765
2011,"PYF",2887.24414860765
2012,"PYF",2887.24414860765
2013,"PYF",2887.24414860765
2014,"PYF",2887.24414860765
2015,"PYF",2887.24414860765
2016,"PYF",2887.24414860765
2017,"PYF",3258.98742909119
2018,"PYF",2887.24414860765
2019,"PYF",2732.56960699182
2020,"PYF",2670.17540973995
2010,"QAT",48477.1749202818
2011,"QAT",54352.919056364
2012,"QAT",46573.9284467616
2013,"QAT",70239.968785793
2014,"QAT",71506.4771274964
2015,"QAT",58449.5678465604
2016,"QAT",47749.5700861845
2017,"QAT",49817.7357339136
2018,"QAT",60103.3083837397
2019,"QAT",53723.1075528315
2020,"QAT",46658.2956405819
2010,"ROU",446363.836071085
2011,"ROU",479015.102404035
2012,"ROU",456406.827613088
2013,"ROU",450817.489592278
2014,"ROU",466209.548105237
2015,"ROU",419018.977209346
2016,"ROU",422694.416511139
2017,"ROU",433518.406658107
2018,"ROU",462253.161296576
2019,"ROU",439979.34462226
2020,"ROU",412808.535470799
2010,"RUS",1175163.31248164
2011,"RUS",1488055.72879142
2012,"RUS",1722346.77594957
2013,"RUS",1897215.81624253
2014,"RUS",1770731.59189314
2015,"RUS",1143998.02531579
2016,"RUS",1097706.82010568
2017,"RUS",1224958.32197792
2018,"RUS",1236622.0593869
2019,"RUS",1214931.25035052
2020,"RUS",1126764.61158164
2010,"RWA",3310.20020273741
2011,"RWA",3224.45057873767
2012,"RWA",4153.3778789877
2013,"RWA",4641.43556937611
2014,"RWA",4822.02244759523
2015,"RWA",5217.7765020086
2016,"RWA",3990.39942424672
2017,"RWA",3314.10224987003
2018,"RWA",5222.34894657886
2019,"RWA",4761.74786222666
2020,"RWA",3405.88342907229
2010,"SAU",272454.166092776
2011,"SAU",349131.876043463
2012,"SAU",419623.640298847
2013,"SAU",407964.143129305
2014,"SAU",393320.616044947
2015,"SAU",375224.285612031
2016,"SAU",427023.689422792
2017,"SAU",437746.856276625
2018,"SAU",421758.647893763
2019,"SAU",479330.303191822
2020,"SAU",481540.530797394
2010,"SDN",47736.3188054714
2011,"SDN",61734.6948591889
2012,"SDN",66320.3847591063
2013,"SDN",86850.1892764902
2014,"SDN",1474960.61150357
2015,"SDN",1811959.72564321
2016,"SDN",1616307.70730526
2017,"SDN",1755631.37531567
2018,"SDN",1651233.18782552
2019,"SDN",2485025.42777292
2020,"SDN",4777645.58196747
2010,"SEN",15551.3560140695
2011,"SEN",17078.7984907453
2012,"SEN",18198.6106235007
2013,"SEN",22756.7261104948
2014,"SEN",30129.2412575495
2015,"SEN",36962.0755513943
2016,"SEN",42146.6369765638
2017,"SEN",39018.2141520229
2018,"SEN",36258.7245194535
2019,"SEN",36968.3769978904
2020,"SEN",39212.8434678679
2010,"SGP",48198.1781256347
2011,"SGP",52191.7053299423
2012,"SGP",63015.8890943399
2013,"SGP",75542.0398576996
2014,"SGP",75757.8008971767
2015,"SGP",80002.9240404188
2016,"SGP",78173.8050790191
2017,"SGP",64794.5563895571
2018,"SGP",68712.4954231498
2019,"SGP",73150.6605837337
2020,"SGP",76918.7533665334
2010,"SLB",343.603168861866
2011,"SLB",358.420060334222
2012,"SLB",313.409666647197
2013,"SLB",290.789003299122
2014,"SLB",303.166178333345
2015,"SLB",503.792357847821
2016,"SLB",546.311441896033
2017,"SLB",599.284015462828
2018,"SLB",583.911469422755
2019,"SLB",535.882663683211
2020,"SLB",765.030944381446
2010,"SLE",1643.42061378711
2011,"SLE",1404.54674524051
2012,"SLE",1418.93048286635
2013,"SLE",1399.01330299926
2014,"SLE",2109.82622016003
2015,"SLE",2361.83838375755
2016,"SLE",1974.98108951535
2017,"SLE",2153.7535596436
2018,"SLE",2038.66518288265
2019,"SLE",2533.51659299085
2020,"SLE",2800.28655342022
2010,"SLV",120468.085002017
2011,"SLV",120241.640059242
2012,"SLV",123118.963190081
2013,"SLV",133433.214200865
2014,"SLV",126860.686834221
2015,"SLV",135537.028549838
2016,"SLV",136312.736730274
2017,"SLV",138978.691114166
2018,"SLV",140670.504929068
2019,"SLV",134148.065059823
2020,"SLV",123085.108589292
2010,"SMR",655.242795663421
2011,"SMR",655.242795663421
2012,"SMR",655.242795663421
2013,"SMR",655.242795663421
2014,"SMR",655.242795663421
2015,"SMR",611.426042901215
2016,"SMR",722.10726604576
2017,"SMR",680.424924155709
2018,"SMR",696.111790573315
2019,"SMR",616.453990641809
2020,"SMR",604.932759662719
2010,"SOM",5214.27332479808
2011,"SOM",5214.27332479808
2012,"SOM",5214.27332479808
2013,"SOM",2056.44022964378
2014,"SOM",2675.78080819456
2015,"SOM",4556.78337146362
2016,"SOM",5494.84802876349
2017,"SOM",5619.33510909399
2018,"SOM",5984.20849247295
2019,"SOM",7223.76295153157
2020,"SOM",8103.02760722071
2010,"SRB",63357.5132243383
2011,"SRB",72106.6219108706
2012,"SRB",67931.1057914764
2013,"SRB",71670.8126461103
2014,"SRB",70890.4481852422
2015,"SRB",60929.7906429987
2016,"SRB",66589.1229281025
2017,"SRB",72691.2332791397
2018,"SRB",77262.4163321111
2019,"SRB",77532.3423236745
2020,"SRB",79858.9423156442
2010,"SSD",1044.03371024762
2011,"SSD",1044.03371024762
2012,"SSD",710.220208453645
2013,"SSD",801.923645494449
2014,"SSD",1107.51989617824
2015,"SSD",1556.47109086413
2016,"SSD",1044.03371024762
2017,"SSD",1044.03371024762
2018,"SSD",1044.03371024762
2019,"SSD",1044.03371024762
2020,"SSD",1044.03371024762
2010,"SUR",2076.28485731777
2011,"SUR",2076.28485731777
2012,"SUR",2076.28485731777
2013,"SUR",2076.28485731777
2014,"SUR",2076.28485731777
2015,"SUR",2076.28485731777
2016,"SUR",2076.28485731777
2017,"SUR",2076.28485731777
2018,"SUR",2076.28485731777
2019,"SUR",2076.28485731777
2020,"SUR",2076.28485731777
2010,"SVK",117595.988779251
2011,"SVK",126755.827725667
2012,"SVK",115964.16903718
2013,"SVK",121834.577113214
2014,"SVK",128008.155554902
2015,"SVK",115480.862794311
2016,"SVK",117930.194257962
2017,"SVK",123118.208917574
2018,"SVK",129737.807640663
2019,"SVK",129890.135182016
2020,"SVK",122475.99893565
2010,"SVN",71505.088837791
2011,"SVN",75737.6454316085
2012,"SVN",67328.1328309948
2013,"SVN",66497.6094951572
2014,"SVN",70749.6588230653
2015,"SVN",60079.0951929968
2016,"SVN",67265.561186462
2017,"SVN",72496.4864416246
2018,"SVN",88488.0213347437
2019,"SVN",73274.131422644
2020,"SVN",70047.7126906403
2010,"SWE",401731.531924662
2011,"SWE",453184.245938329
2012,"SWE",441501.486511406
2013,"SWE",482694.926284078
2014,"SWE",468842.184661686
2015,"SWE",426219.424796672
2016,"SWE",444145.818441016
2017,"SWE",454622.41200901
2018,"SWE",445436.920150369
2019,"SWE",428480.900926431
2020,"SWE",461087.040011698
2010,"SWZ",8201.03322498936
2011,"SWZ",11187.5484444706
2012,"SWZ",11826.6483232199
2013,"SWZ",9948.54384366753
2014,"SWZ",10684.7461070023
2015,"SWZ",8997.7443692817
2016,"SWZ",9022.58039893427
2017,"SWZ",10487.2050604032
2018,"SWZ",11100.1910937054
2019,"SWZ",10421.5190846949
2020,"SWZ",8636.33318746726
2010,"SXM",332.590960815744
2011,"SXM",166.300624948472
2012,"SXM",216.228744902315
2013,"SXM",298.96324154621
2014,"SXM",373.054946637135
2015,"SXM",362.402802721433
2016,"SXM",358.353104498649
2017,"SXM",387.526583560213
2018,"SXM",497.897637711522
2019,"SXM",332.590960815744
2020,"SXM",332.590960815744
2010,"SYC",475.994765885135
2011,"SYC",409.011751208112
2012,"SYC",443.045940119813
2013,"SYC",516.021733161534
2014,"SYC",421.26662856157
2015,"SYC",602.662024946514
2016,"SYC",554.235044457547
2017,"SYC",462.888967738154
2018,"SYC",533.752598323553
2019,"SYC",468.815334425271
2020,"SYC",631.999665389347
2010,"SYR",94897.7851841716
2011,"SYR",90887.7467266278
2012,"SYR",89848.7560868419
2013,"SYR",53034.2827973424
2014,"SYR",41391.6776728745
2015,"SYR",25900.75605472
2016,"SYR",20598.442819623
2017,"SYR",23356.0529139306
2018,"SYR",25923.3489908602
2019,"SYR",26271.0800890395
2020,"SYR",19719.5198296582
2010,"TCD",5050.00119075962
2011,"TCD",2744.37908392928
2012,"TCD",3133.08942927139
2013,"TCD",4204.43286606868
2014,"TCD",3176.8106050588
2015,"TCD",4917.74237743036
2016,"TCD",3155.25122377784
2017,"TCD",2249.86976200714
2018,"TCD",2039.66231661018
2019,"TCD",2020.02421505024
2020,"TCD",2415.29020930025
2010,"TGO",25952.9931034306
2011,"TGO",29591.4266221074
2012,"TGO",47709.0108594311
2013,"TGO",31009.984713305
2014,"TGO",36992.2073572472
2015,"TGO",31758.7134987844
2016,"TGO",38069.3475386689
2017,"TGO",46848.6347538193
2018,"TGO",46574.355502981
2019,"TGO",49638.279886635
2020,"TGO",50414.4305007028
2010,"THA",295767.02967368
2011,"THA",279682.769428225
2012,"THA",278738.45921922
2013,"THA",296912.183282242
2014,"THA",292227.541905614
2015,"THA",299641.776520173
2016,"THA",298675.614143813
2017,"THA",305560.129761278
2018,"THA",323604.481431137
2019,"THA",347644.353678497
2020,"THA",360206.224625816
2010,"TJK",33757.4419986879
2011,"TJK",37800.5203423988
2012,"TJK",31446.5341993094
2013,"TJK",35418.3760816745
2014,"TJK",46522.1436009974
2015,"TJK",33769.0443617374
2016,"TJK",33769.0443617374
2017,"TJK",31591.3115097307
2018,"TJK",32358.4989611469
2019,"TJK",31272.7152342403
2020,"TJK",23753.8573274505
2010,"TKM",21625.8719005581
2011,"TKM",16905.7372515834
2012,"TKM",18926.702046862
2013,"TKM",26740.4619713535
2014,"TKM",26914.665445122
2015,"TKM",31410.9345557463
2016,"TKM",36892.3522437188
2017,"TKM",32290.9356177291
2018,"TKM",31358.8333708311
2019,"TKM",27007.388267056
2020,"TKM",27007.388267056
2010,"TLS",132.049748174958
2011,"TLS",300.589769765864
2012,"TLS",596.172015102186
2013,"TLS",937.38480485099
2014,"TLS",644.878976936809
2015,"TLS",945.379021352149
2016,"TLS",851.312497122007
2017,"TLS",1379.37671832334
2018,"TLS",535.136323469427
2019,"TLS",696.507419931182
2020,"TLS",946.58119917938
2010,"TON",162.06517769837
2011,"TON",160.209376215887
2012,"TON",220.900816393422
2013,"TON",144.227890943353
2014,"TON",198.149681095444
2015,"TON",160.120182182684
2016,"TON",162.412547872686
2017,"TON",164.000140264625
2018,"TON",137.503407559227
2019,"TON",207.39013171378
2020,"TON",159.33005502819
2010,"TUN",196600.777101664
2011,"TUN",203839.4861976
2012,"TUN",180093.851750094
2013,"TUN",182976.406227919
2014,"TUN",189240.945045981
2015,"TUN",174100.705152566
2016,"TUN",177250.595867452
2017,"TUN",163584.506859513
2018,"TUN",163796.200181898
2019,"TUN",158359.051518874
2020,"TUN",158847.235905293
2010,"TUR",1976791.81510598
2011,"TUR",1940592.296347
2012,"TUR",1900608.43372703
2013,"TUR",2100155.79603069
2014,"TUR",2064752.20135536
2015,"TUR",1940522.12950848
2016,"TUR",2027008.04111075
2017,"TUR",1893151.52142031
2018,"TUR",1615021.24851351
2019,"TUR",1569546.69456143
2020,"TUR",1538459.67980882
2010,"TZA",43613.6245602871
2011,"TZA",39099.2186561184
2012,"TZA",51735.5844402364
2013,"TZA",56575.3404351756
2014,"TZA",84302.8430805376
2015,"TZA",95611.3239784621
2016,"TZA",107963.435819124
2017,"TZA",113929.060481167
2018,"TZA",110794.590059184
2019,"TZA",111443.629634563
2020,"TZA",127826.724739431
2010,"UGA",16340.8764194962
2011,"UGA",21333.739677022
2012,"UGA",22481.6412367969
2013,"UGA",22856.0093656254
2014,"UGA",19931.8163801398
2015,"UGA",17640.2972007086
2016,"UGA",26026.0855502508
2017,"UGA",23327.4871358555
2018,"UGA",23820.929125262
2019,"UGA",21821.115119563
2020,"UGA",20988.9489779228
2010,"UKR",139724.623846339
2011,"UKR",143789.322673318
2012,"UKR",151378.316449134
2013,"UKR",174227.172237721
2014,"UKR",129391.765800742
2015,"UKR",89726.4767591241
2016,"UKR",97119.160700402
2017,"UKR",106623.171845998
2018,"UKR",119944.637540239
2019,"UKR",135774.159011129
2020,"UKR",154187.313874543
2010,"URY",48199.4989753514
2011,"URY",61733.721926837
2012,"URY",62306.1325295773
2013,"URY",65715.2678766949
2014,"URY",59610.4941276062
2015,"URY",57934.3854337242
2016,"URY",51186.0326005017
2017,"URY",63023.688648593
2018,"URY",60652.3492805505
2019,"URY",51034.3152706311
2020,"URY",40829.361263365
2010,"USA",15139323.9637289
2011,"USA",14493106.4772696
2012,"USA",15547770.4054298
2013,"USA",16168625.3518004
2014,"USA",16413884.838446
2015,"USA",19217384.70185
2016,"USA",19434733.2715691
2017,"USA",19335828.1196286
2018,"USA",20127974.1105123
2019,"USA",20592812.1669157
2020,"USA",20955213.8914472
2010,"UZB",98392.3425335151
2011,"UZB",87112.1992275725
2012,"UZB",117052.867151208
2013,"UZB",127169.387463758
2014,"UZB",116587.516292612
2015,"UZB",142203.759534648
2016,"UZB",134638.295950628
2017,"UZB",100506.652172923
2018,"UZB",76981.7570706958
2019,"UZB",95494.4801029465
2020,"UZB",116803.392744295
2010,"VEN",161764.39002784
2011,"VEN",187320.971093202
2012,"VEN",190675.260679108
2013,"VEN",91606.4623797498
2014,"VEN",79054.4173107009
2015,"VEN",142084.30029812
2016,"VEN",142084.30029812
2017,"VEN",142084.30029812
2018,"VEN",142084.30029812
2019,"VEN",142084.30029812
2020,"VEN",142084.30029812
2010,"VNM",718282.447199169
2011,"VNM",770658.421804965
2012,"VNM",885828.116726711
2013,"VNM",1002628.382875
2014,"VNM",1103455.94838662
2015,"VNM",1138610.66588956
2016,"VNM",1140870.98525366
2017,"VNM",1104079.58555102
2018,"VNM",1263747.09501546
2019,"VNM",1329900.83734888
2020,"VNM",1272484.31203731
2010,"VUT",290.981803544383
2011,"VUT",395.959673505927
2012,"VUT",331.778234036444
2013,"VUT",482.610159920985
2014,"VUT",391.034233161282
2015,"VUT",365.806522611277
2016,"VUT",411.903537366124
2017,"VUT",352.350030192055
2018,"VUT",412.037878458132
2019,"VUT",538.377517345537
2020,"VUT",494.582123263129
2010,"WSM",599.906742996569
2011,"WSM",524.309577220076
2012,"WSM",584.978223439621
2013,"WSM",484.589712125292
2014,"WSM",693.158270857128
2015,"WSM",568.404836799146
2016,"WSM",539.109706291772
2017,"WSM",538.348412166896
2018,"WSM",524.41074711627
2019,"WSM",590.269014466909
2020,"WSM",425.217788657703
2010,"YEM",21099.5450979414
2011,"YEM",19117.7547350905
2012,"YEM",31200.2997967821
2013,"YEM",40804.5211308461
2014,"YEM",45049.557202038
2015,"YEM",22128.1237385758
2016,"YEM",25187.2737140307
2017,"YEM",15024.8239474987
2018,"YEM",29075.2814279317
2019,"YEM",27631.9089767483
2020,"YEM",27631.9089767483
2010,"ZAF",358983.955749412
2011,"ZAF",372942.182824971
2012,"ZAF",394180.39842754
2013,"ZAF",362102.838994692
2014,"ZAF",328945.105666628
2015,"ZAF",331282.148677746
2016,"ZAF",298029.839679976
2017,"ZAF",351308.325275886
2018,"ZAF",359085.734154067
2019,"ZAF",353742.828288919
2020,"ZAF",345647.633528513
2010,"ZMB",7993.11752866582
2011,"ZMB",11879.0963201621
2012,"ZMB",12205.5264522732
2013,"ZMB",10759.6941972493
2014,"ZMB",10248.6744698528
2015,"ZMB",7899.16336857491
2016,"ZMB",8239.55187101467
2017,"ZMB",8203.00505357416
2018,"ZMB",9032.75744141527
2019,"ZMB",10137.3030043562
2020,"ZMB",8728.45631843995
2010,"ZWE",10200.163016129
2011,"ZWE",12151.789844447
2012,"ZWE",15051.1392220337
2013,"ZWE",15673.0620839047
2014,"ZWE",11929.9518390967
2015,"ZWE",10402.0781079129
2016,"ZWE",7463.50280578362
2017,"ZWE",7322.90995089612
2018,"ZWE",8344.00611496119
2019,"ZWE",7992.67623631017
2020,"ZWE",6144.34737691658
