Year,iso_code3,ef_ippu_tonne_sf6_per_mmm_gdp_other_product_manufacturing
2010,ABW,0.0
2011,ABW,0.0
2012,ABW,0.0
2013,ABW,0.0
2014,ABW,0.0
2015,ABW,0.0
2016,ABW,0.0
2017,ABW,0.0
2018,ABW,0.0
2019,ABW,0.0
2020,ABW,0.0
2010,AFG,0.0
2011,AFG,0.0
2012,AFG,0.0
2013,AFG,0.0
2014,AFG,0.0
2015,AFG,0.0
2016,AFG,0.0
2017,AFG,0.0
2018,AFG,0.0
2019,AFG,0.0
2020,AFG,0.0
2010,AGO,0.0
2011,AGO,0.0
2012,AGO,0.0
2013,AGO,0.0
2014,AGO,0.0
2015,AGO,0.0
2016,AGO,0.0
2017,AGO,0.0
2018,AGO,0.0
2019,AGO,0.0
2020,AGO,0.0
2010,ALB,0.0
2011,ALB,0.0
2012,ALB,0.0
2013,ALB,0.0
2014,ALB,0.0
2015,ALB,0.0
2016,ALB,0.0
2017,ALB,0.0
2018,ALB,0.0
2019,ALB,0.0
2020,ALB,0.0
2010,AND,0.0041770225527347
2011,AND,0.0034086093851646
2012,AND,0.0032408669663658
2013,AND,0.0027470115468003
2014,AND,0.0022787885517698
2015,AND,0.00244427237097
2016,AND,0.0022649112892253
2017,AND,0.0021562318626904
2018,AND,0.0017089518108499
2019,AND,0.0014441883010837
2020,AND,0.0014360246061891
2010,ARE,0.0
2011,ARE,0.0
2012,ARE,0.0
2013,ARE,0.0
2014,ARE,0.0
2015,ARE,0.0
2016,ARE,0.0
2017,ARE,0.0
2018,ARE,0.0
2019,ARE,0.0
2020,ARE,0.0
2010,ARG,3.5744483515657114e-05
2011,ARG,3.451667791369778e-05
2012,ARG,3.3370420229499616e-05
2013,ARG,3.2297847263429974e-05
2014,ARG,3.911509409073001e-05
2015,ARG,3.793381509052918e-05
2016,ARG,3.850742377500625e-05
2017,ARG,3.9098646223140365e-05
2018,ARG,3.970830638238191e-05
2019,ARG,4.0967298236793215e-05
2020,ARG,4.1626658691876384e-05
2010,ARM,0.0
2011,ARM,0.0
2012,ARM,0.0
2013,ARM,0.0
2014,ARM,0.0
2015,ARM,0.0
2016,ARM,0.0
2017,ARM,0.0
2018,ARM,0.0
2019,ARM,0.0
2020,ARM,0.0
2010,ASM,0.0
2011,ASM,0.0
2012,ASM,0.0
2013,ASM,0.0
2014,ASM,0.0
2015,ASM,0.0
2016,ASM,0.0
2017,ASM,0.0
2018,ASM,0.0
2019,ASM,0.0
2020,ASM,0.0
2010,ATG,0.0
2011,ATG,0.0
2012,ATG,0.0
2013,ATG,0.0
2014,ATG,0.0
2015,ATG,0.0
2016,ATG,0.0
2017,ATG,0.0
2018,ATG,0.0
2019,ATG,0.0
2020,ATG,0.0
2010,AUS,0.0008405519423241
2011,AUS,0.0007835809735276
2012,AUS,0.0007588601096866
2013,AUS,0.0007317879778072
2014,AUS,0.0007100748298245
2015,AUS,0.0010136976855934
2016,AUS,0.0009666450574979
2017,AUS,0.0010636619665403
2018,AUS,0.0016115532697565
2019,AUS,0.0015854447388889
2020,AUS,0.0015601686819593
2010,AUT,0.005077111408322
2011,AUT,0.0029950549565465
2012,AUT,0.0030530522011729
2013,AUT,0.0023002441626945
2014,AUT,0.0024493672942241
2015,AUT,0.0030321091755686
2016,AUT,0.0024990133090665
2017,AUT,0.0022029329398013
2018,AUT,0.0021208929668033
2019,AUT,0.0021063575789673
2020,AUT,0.0020839571613227
2010,AZE,0.0
2011,AZE,0.0
2012,AZE,0.0
2013,AZE,0.0
2014,AZE,0.0
2015,AZE,0.0
2016,AZE,0.0
2017,AZE,0.0
2018,AZE,0.0
2019,AZE,0.0
2020,AZE,0.0
2010,BDI,0.0
2011,BDI,0.0
2012,BDI,0.0
2013,BDI,0.0
2014,BDI,0.0
2015,BDI,0.0
2016,BDI,0.0
2017,BDI,0.0
2018,BDI,0.0
2019,BDI,0.0
2020,BDI,0.0
2010,BEL,0.0002062832083793
2011,BEL,0.0002918460861222
2012,BEL,0.0001773816967815
2013,BEL,0.0002254979825325
2014,BEL,0.0002374628629014
2015,BEL,0.0002165182638607
2016,BEL,0.0005161482118442
2017,BEL,0.0006804188205919
2018,BEL,0.0005653948207525
2019,BEL,0.0005614172700021
2020,BEL,0.0005574952924082
2010,BEN,0.0
2011,BEN,0.0
2012,BEN,0.0
2013,BEN,0.0
2014,BEN,0.0
2015,BEN,0.0
2016,BEN,0.0
2017,BEN,0.0
2018,BEN,0.0
2019,BEN,0.0
2020,BEN,0.0
2010,BFA,0.0
2011,BFA,0.0
2012,BFA,0.0
2013,BFA,0.0
2014,BFA,0.0
2015,BFA,0.0
2016,BFA,0.0
2017,BFA,0.0
2018,BFA,0.0
2019,BFA,0.0
2020,BFA,0.0
2010,BGD,0.0
2011,BGD,0.0
2012,BGD,0.0
2013,BGD,0.0
2014,BGD,0.0
2015,BGD,0.0
2016,BGD,0.0
2017,BGD,0.0
2018,BGD,0.0
2019,BGD,0.0
2020,BGD,0.0
2010,BGR,0.0028463220100496
2011,BGR,0.0015359953438553
2012,BGR,0.0009197746809809
2013,BGR,0.0017421849926488
2014,BGR,0.0004655334924611
2015,BGR,0.0006694064529289
2016,BGR,0.0006958007962604
2017,BGR,0.0003071024908372
2018,BGR,0.0003981982505011
2019,BGR,0.0003886595761361
2020,BGR,0.0003795672008581
2010,BHR,0.0
2011,BHR,0.0
2012,BHR,0.0
2013,BHR,0.0
2014,BHR,0.0
2015,BHR,0.0
2016,BHR,0.0
2017,BHR,0.0
2018,BHR,0.0
2019,BHR,0.0
2020,BHR,0.0
2010,BHS,0.0
2011,BHS,0.0
2012,BHS,0.0
2013,BHS,0.0
2014,BHS,0.0
2015,BHS,0.0
2016,BHS,0.0
2017,BHS,0.0
2018,BHS,0.0
2019,BHS,0.0
2020,BHS,0.0
2010,BIH,0.0
2011,BIH,0.0
2012,BIH,0.0
2013,BIH,0.0
2014,BIH,0.0
2015,BIH,0.0
2016,BIH,0.0
2017,BIH,0.0
2018,BIH,0.0
2019,BIH,0.0
2020,BIH,0.0
2010,BLR,0.0
2011,BLR,0.0
2012,BLR,0.0
2013,BLR,0.0
2014,BLR,0.0
2015,BLR,0.0
2016,BLR,0.0
2017,BLR,0.0
2018,BLR,0.0
2019,BLR,0.0
2020,BLR,0.0
2010,BLZ,0.0
2011,BLZ,0.0
2012,BLZ,0.0
2013,BLZ,0.0
2014,BLZ,0.0
2015,BLZ,0.0
2016,BLZ,0.0
2017,BLZ,0.0
2018,BLZ,0.0
2019,BLZ,0.0
2020,BLZ,0.0
2010,BMU,0.0
2011,BMU,0.0
2012,BMU,0.0
2013,BMU,0.0
2014,BMU,0.0
2015,BMU,0.0
2016,BMU,0.0
2017,BMU,0.0
2018,BMU,0.0
2019,BMU,0.0
2020,BMU,0.0
2010,BOL,0.0
2011,BOL,0.0
2012,BOL,0.0
2013,BOL,0.0
2014,BOL,0.0
2015,BOL,0.0
2016,BOL,0.0
2017,BOL,0.0
2018,BOL,0.0
2019,BOL,0.0
2020,BOL,0.0
2010,BRA,0.0003506301065575
2011,BRA,0.0003396012903758
2012,BRA,0.0003271935504496
2013,BRA,0.0003158100938874
2014,BRA,0.0003076837980788
2015,BRA,0.0002981155517277
2016,BRA,0.0003014321465019
2017,BRA,0.0003068500270532
2018,BRA,0.000309070902194
2019,BRA,0.0003129964521895
2020,BRA,0.0003143333972823
2010,BRB,0.0
2011,BRB,0.0
2012,BRB,0.0
2013,BRB,0.0
2014,BRB,0.0
2015,BRB,0.0
2016,BRB,0.0
2017,BRB,0.0
2018,BRB,0.0
2019,BRB,0.0
2020,BRB,0.0
2010,BRN,0.0
2011,BRN,0.0
2012,BRN,0.0
2013,BRN,0.0
2014,BRN,0.0
2015,BRN,0.0
2016,BRN,0.0
2017,BRN,0.0
2018,BRN,0.0
2019,BRN,0.0
2020,BRN,0.0
2010,BTN,0.0
2011,BTN,0.0
2012,BTN,0.0
2013,BTN,0.0
2014,BTN,0.0
2015,BTN,0.0
2016,BTN,0.0
2017,BTN,0.0
2018,BTN,0.0
2019,BTN,0.0
2020,BTN,0.0
2010,BWA,0.0
2011,BWA,0.0
2012,BWA,0.0
2013,BWA,0.0
2014,BWA,0.0
2015,BWA,0.0
2016,BWA,0.0
2017,BWA,0.0
2018,BWA,0.0
2019,BWA,0.0
2020,BWA,0.0
2010,CAF,0.0
2011,CAF,0.0
2012,CAF,0.0
2013,CAF,0.0
2014,CAF,0.0
2015,CAF,0.0
2016,CAF,0.0
2017,CAF,0.0
2018,CAF,0.0
2019,CAF,0.0
2020,CAF,0.0
2010,CAN,0.0493974347788082
2011,CAN,0.0483249862648902
2012,CAN,0.0473060954372258
2013,CAN,0.0463278386297856
2014,CAN,0.0451426339376288
2015,CAN,0.0443051356364252
2016,CAN,0.0437240670030199
2017,CAN,0.0432100626624219
2018,CAN,0.0426913469611107
2019,CAN,0.0422310822556799
2020,CAN,0.0417802813423637
2010,CHE,0.0049577429031954
2011,CHE,0.0049167482096867
2012,CHE,0.0051839470877748
2013,CHE,0.0056181659134001
2014,CHE,0.0064124849968776
2015,CHE,0.0063259718821664
2016,CHE,0.0046954731555795
2017,CHE,0.0051100208414312
2018,CHE,0.0043385561890491
2019,CHE,0.0042956474487818
2020,CHE,0.0042478691619827
2010,CHL,0.0007599711735065
2011,CHL,0.0007246605621467
2012,CHL,0.0006929174147311
2013,CHL,0.0006864303872454
2014,CHL,0.0006617663138631
2015,CHL,0.0006470347169611
2016,CHL,0.0006382379885974
2017,CHL,0.0006296772429101
2018,CHL,0.0006401319984991
2019,CHL,0.0006379930533788
2020,CHL,0.0006297666188327
2010,CHN,0.0209316746760586
2011,CHN,0.0196821738105321
2012,CHN,0.0194693129644181
2013,CHN,0.0198508184292934
2014,CHN,0.0200759678706526
2015,CHN,0.0193437816993729
2016,CHN,0.0170392576188804
2017,CHN,0.0169773493953013
2018,CHN,0.0173169199059429
2019,CHN,0.0170562142193432
2020,CHN,0.0161739589021204
2010,CIV,0.0
2011,CIV,0.0
2012,CIV,0.0
2013,CIV,0.0
2014,CIV,0.0
2015,CIV,0.0
2016,CIV,0.0
2017,CIV,0.0
2018,CIV,0.0
2019,CIV,0.0
2020,CIV,0.0
2010,CMR,0.0
2011,CMR,0.0
2012,CMR,0.0
2013,CMR,0.0
2014,CMR,0.0
2015,CMR,0.0
2016,CMR,0.0
2017,CMR,0.0
2018,CMR,0.0
2019,CMR,0.0
2020,CMR,0.0
2010,COD,0.0
2011,COD,0.0
2012,COD,0.0
2013,COD,0.0
2014,COD,0.0
2015,COD,0.0
2016,COD,0.0
2017,COD,0.0
2018,COD,0.0
2019,COD,0.0
2020,COD,0.0
2010,COG,0.0
2011,COG,0.0
2012,COG,0.0
2013,COG,0.0
2014,COG,0.0
2015,COG,0.0
2016,COG,0.0
2017,COG,0.0
2018,COG,0.0
2019,COG,0.0
2020,COG,0.0
2010,COL,0.000132180773666
2011,COL,0.0001263963926949
2012,COL,0.0001210970481564
2013,COL,0.000127846606215
2014,COL,0.0001229011497384
2015,COL,0.0001183240517204
2016,COL,0.0001167392638532
2017,COL,0.0001151963670191
2018,COL,0.0001240295148134
2019,COL,0.0001243446632266
2020,COL,0.0001227639248163
2010,COM,0.0
2011,COM,0.0
2012,COM,0.0
2013,COM,0.0
2014,COM,0.0
2015,COM,0.0
2016,COM,0.0
2017,COM,0.0
2018,COM,0.0
2019,COM,0.0
2020,COM,0.0
2010,CPV,0.0
2011,CPV,0.0
2012,CPV,0.0
2013,CPV,0.0
2014,CPV,0.0
2015,CPV,0.0
2016,CPV,0.0
2017,CPV,0.0
2018,CPV,0.0
2019,CPV,0.0
2020,CPV,0.0
2010,CRI,0.0
2011,CRI,0.0
2012,CRI,0.0
2013,CRI,0.0
2014,CRI,0.0
2015,CRI,0.0
2016,CRI,0.0
2017,CRI,0.0
2018,CRI,0.0
2019,CRI,0.0
2020,CRI,0.0
2010,CUB,0.0
2011,CUB,0.0
2012,CUB,0.0
2013,CUB,0.0
2014,CUB,0.0
2015,CUB,0.0
2016,CUB,0.0
2017,CUB,0.0
2018,CUB,0.0
2019,CUB,0.0
2020,CUB,0.0
2010,CUW,0.0
2011,CUW,0.0
2012,CUW,0.0
2013,CUW,0.0
2014,CUW,0.0
2015,CUW,0.0
2016,CUW,0.0
2017,CUW,0.0
2018,CUW,0.0
2019,CUW,0.0
2020,CUW,0.0
2010,CYM,0.0
2011,CYM,0.0
2012,CYM,0.0
2013,CYM,0.0
2014,CYM,0.0
2015,CYM,0.0
2016,CYM,0.0
2017,CYM,0.0
2018,CYM,0.0
2019,CYM,0.0
2020,CYM,0.0
2010,CYP,0.0007110640037639
2011,CYP,0.0015550997777989
2012,CYP,0.0015240032754828
2013,CYP,0.0014941260326852
2014,CYP,0.0014653977194567
2015,CYP,0.0014377533128843
2016,CYP,0.0003883487909712
2017,CYP,0.0003779137122035
2018,CYP,0.0003680247481468
2019,CYP,0.0003586401210434
2020,CYP,0.0003497222085032
2010,CZE,0.0002672393128532
2011,CZE,0.0009853010875566
2012,CZE,0.0013169564538485
2013,CZE,0.0004302451436667
2014,CZE,0.0003613552557451
2015,CZE,0.0003935944179948
2016,CZE,0.0006155037550243
2017,CZE,0.0003811443562065
2018,CZE,0.0002993259499568
2019,CZE,0.0002938183228015
2020,CZE,0.0002872946894229
2010,DEU,0.0039946691514321
2011,DEU,0.0039672761022417
2012,DEU,0.0035007986235356
2013,DEU,0.0034801878404588
2014,DEU,0.0034771782821244
2015,DEU,0.0033015155836457
2016,DEU,0.0027120985247835
2017,DEU,0.0025657452970306
2018,DEU,0.0024484648052212
2019,DEU,0.0024096782956349
2020,DEU,0.0023878185927925
2010,DJI,0.0
2011,DJI,0.0
2012,DJI,0.0
2013,DJI,0.0
2014,DJI,0.0
2015,DJI,0.0
2016,DJI,0.0
2017,DJI,0.0
2018,DJI,0.0
2019,DJI,0.0
2020,DJI,0.0
2010,DMA,0.0
2011,DMA,0.0
2012,DMA,0.0
2013,DMA,0.0
2014,DMA,0.0
2015,DMA,0.0
2016,DMA,0.0
2017,DMA,0.0
2018,DMA,0.0
2019,DMA,0.0
2020,DMA,0.0
2010,DNK,0.002154532617248
2011,DNK,0.0023217448895558
2012,DNK,0.0021192706716789
2013,DNK,0.0030811478034815
2014,DNK,0.0019673120717951
2015,DNK,0.000297652490763
2016,DNK,0.001878234131865
2017,DNK,0.0007475613984528
2018,DNK,0.0004884273848606
2019,DNK,0.0004621755952434
2020,DNK,0.0004550125835039
2010,DOM,0.0
2011,DOM,0.0
2012,DOM,0.0
2013,DOM,0.0
2014,DOM,0.0
2015,DOM,0.0
2016,DOM,0.0
2017,DOM,0.0
2018,DOM,0.0
2019,DOM,0.0
2020,DOM,0.0
2010,DZA,0.0
2011,DZA,0.0
2012,DZA,0.0
2013,DZA,0.0
2014,DZA,0.0
2015,DZA,0.0
2016,DZA,0.0
2017,DZA,0.0
2018,DZA,0.0
2019,DZA,0.0
2020,DZA,0.0
2010,ECU,0.0
2011,ECU,0.0
2012,ECU,0.0
2013,ECU,0.0
2014,ECU,0.0
2015,ECU,0.0
2016,ECU,0.0
2017,ECU,0.0
2018,ECU,0.0
2019,ECU,0.0
2020,ECU,0.0
2010,EGY,0.0010477740522346
2011,EGY,0.0009851692919153
2012,EGY,0.0009333171753308
2013,EGY,0.000889165165661
2014,EGY,0.0008504582798283
2015,EGY,0.0008092425018916
2016,EGY,0.0007779860895169
2017,EGY,0.0007511433621076
2018,EGY,0.0007219311041897
2019,EGY,0.0006975507876754
2020,EGY,0.000670351637899
2010,ERI,0.0
2011,ERI,0.0
2012,ERI,0.0
2013,ERI,0.0
2014,ERI,0.0
2015,ERI,0.0
2016,ERI,0.0
2017,ERI,0.0
2018,ERI,0.0
2019,ERI,0.0
2020,ERI,0.0
2010,ESP,0.0007400583621578
2011,ESP,0.0008329801534685
2012,ESP,0.0004073455337084
2013,ESP,0.0003104244129236
2014,ESP,0.0002267652304263
2015,ESP,0.0002709827597264
2016,ESP,0.0003397359884305
2017,ESP,0.0002917987593351
2018,ESP,0.0002389976835636
2019,ESP,0.0002388077808633
2020,ESP,0.0002363971388721
2010,EST,8.039544746088767e-05
2011,EST,7.010292852804211e-05
2012,EST,8.146002022339765e-05
2013,EST,7.514912008954038e-05
2014,EST,6.587202635142051e-05
2015,EST,6.955465888937481e-05
2016,EST,5.089711960430976e-05
2017,EST,3.868505124308041e-05
2018,EST,4.137396007372112e-05
2019,EST,4.070245814666666e-05
2020,EST,3.957740762883899e-05
2010,ETH,0.0
2011,ETH,0.0
2012,ETH,0.0
2013,ETH,0.0
2014,ETH,0.0
2015,ETH,0.0
2016,ETH,0.0
2017,ETH,0.0
2018,ETH,0.0
2019,ETH,0.0
2020,ETH,0.0
2010,FIN,0.0001438120278634
2011,FIN,0.0001225541188377
2012,FIN,1.437749750925046e-05
2013,FIN,1.538808207717663e-05
2014,FIN,3.848018522804809e-05
2015,FIN,1.2373280137673997e-05
2016,FIN,2.4534121574563705e-05
2017,FIN,4.381111627167634e-05
2018,FIN,3.6037404898277206e-05
2019,FIN,3.5604442500625e-05
2020,FIN,3.5181760034417395e-05
2010,FJI,0.0
2011,FJI,0.0
2012,FJI,0.0
2013,FJI,0.0
2014,FJI,0.0
2015,FJI,0.0
2016,FJI,0.0
2017,FJI,0.0
2018,FJI,0.0
2019,FJI,0.0
2020,FJI,0.0
2010,FRA,0.0041770225527347
2011,FRA,0.0034086093851646
2012,FRA,0.0032408669663658
2013,FRA,0.0027470115468003
2014,FRA,0.0022787885517698
2015,FRA,0.00244427237097
2016,FRA,0.0022649112892253
2017,FRA,0.0021562318626904
2018,FRA,0.0017089518108499
2019,FRA,0.0014441883010837
2020,FRA,0.0014360246061891
2010,FRO,0.0
2011,FRO,0.0
2012,FRO,0.0
2013,FRO,0.0
2014,FRO,0.0
2015,FRO,0.0
2016,FRO,0.0
2017,FRO,0.0
2018,FRO,0.0
2019,FRO,0.0
2020,FRO,0.0
2010,FSM,0.0
2011,FSM,0.0
2012,FSM,0.0
2013,FSM,0.0
2014,FSM,0.0
2015,FSM,0.0
2016,FSM,0.0
2017,FSM,0.0
2018,FSM,0.0
2019,FSM,0.0
2020,FSM,0.0
2010,GAB,0.0
2011,GAB,0.0
2012,GAB,0.0
2013,GAB,0.0
2014,GAB,0.0
2015,GAB,0.0
2016,GAB,0.0
2017,GAB,0.0
2018,GAB,0.0
2019,GAB,0.0
2020,GAB,0.0
2010,GBR,0.0017553678223129
2011,GBR,0.0017428009126918
2012,GBR,0.0016526379277093
2013,GBR,0.0013569853993686
2014,GBR,0.0013336987716324
2015,GBR,0.0012525229380786
2016,GBR,0.0012530632666394
2017,GBR,0.0012543876235462
2018,GBR,0.0012563298509505
2019,GBR,0.0012572390558549
2020,GBR,0.0012489281647013
2010,GEO,0.0
2011,GEO,0.0
2012,GEO,0.0
2013,GEO,0.0
2014,GEO,0.0
2015,GEO,0.0
2016,GEO,0.0
2017,GEO,0.0
2018,GEO,0.0
2019,GEO,0.0
2020,GEO,0.0
2010,GHA,0.0
2011,GHA,0.0
2012,GHA,0.0
2013,GHA,0.0
2014,GHA,0.0
2015,GHA,0.0
2016,GHA,0.0
2017,GHA,0.0
2018,GHA,0.0
2019,GHA,0.0
2020,GHA,0.0
2010,GIB,0.0
2011,GIB,0.0
2012,GIB,0.0
2013,GIB,0.0
2014,GIB,0.0
2015,GIB,0.0
2016,GIB,0.0
2017,GIB,0.0
2018,GIB,0.0
2019,GIB,0.0
2020,GIB,0.0
2010,GIN,0.0
2011,GIN,0.0
2012,GIN,0.0
2013,GIN,0.0
2014,GIN,0.0
2015,GIN,0.0
2016,GIN,0.0
2017,GIN,0.0
2018,GIN,0.0
2019,GIN,0.0
2020,GIN,0.0
2010,GMB,0.0
2011,GMB,0.0
2012,GMB,0.0
2013,GMB,0.0
2014,GMB,0.0
2015,GMB,0.0
2016,GMB,0.0
2017,GMB,0.0
2018,GMB,0.0
2019,GMB,0.0
2020,GMB,0.0
2010,GNB,0.0
2011,GNB,0.0
2012,GNB,0.0
2013,GNB,0.0
2014,GNB,0.0
2015,GNB,0.0
2016,GNB,0.0
2017,GNB,0.0
2018,GNB,0.0
2019,GNB,0.0
2020,GNB,0.0
2010,GNQ,0.0
2011,GNQ,0.0
2012,GNQ,0.0
2013,GNQ,0.0
2014,GNQ,0.0
2015,GNQ,0.0
2016,GNQ,0.0
2017,GNQ,0.0
2018,GNQ,0.0
2019,GNQ,0.0
2020,GNQ,0.0
2010,GRC,0.0
2011,GRC,0.0
2012,GRC,0.0
2013,GRC,0.0
2014,GRC,0.0
2015,GRC,0.0
2016,GRC,0.0
2017,GRC,0.0
2018,GRC,0.0
2019,GRC,0.0
2020,GRC,0.0
2010,GRD,0.0
2011,GRD,0.0
2012,GRD,0.0
2013,GRD,0.0
2014,GRD,0.0
2015,GRD,0.0
2016,GRD,0.0
2017,GRD,0.0
2018,GRD,0.0
2019,GRD,0.0
2020,GRD,0.0
2010,GRL,0.0
2011,GRL,0.0
2012,GRL,0.0
2013,GRL,0.0
2014,GRL,0.0
2015,GRL,0.0
2016,GRL,0.0
2017,GRL,0.0
2018,GRL,0.0
2019,GRL,0.0
2020,GRL,0.0
2010,GTM,0.0
2011,GTM,0.0
2012,GTM,0.0
2013,GTM,0.0
2014,GTM,0.0
2015,GTM,0.0
2016,GTM,0.0
2017,GTM,0.0
2018,GTM,0.0
2019,GTM,0.0
2020,GTM,0.0
2010,GUM,0.0
2011,GUM,0.0
2012,GUM,0.0
2013,GUM,0.0
2014,GUM,0.0
2015,GUM,0.0
2016,GUM,0.0
2017,GUM,0.0
2018,GUM,0.0
2019,GUM,0.0
2020,GUM,0.0
2010,GUY,0.0
2011,GUY,0.0
2012,GUY,0.0
2013,GUY,0.0
2014,GUY,0.0
2015,GUY,0.0
2016,GUY,0.0
2017,GUY,0.0
2018,GUY,0.0
2019,GUY,0.0
2020,GUY,0.0
2010,HKG,0.0
2011,HKG,0.0
2012,HKG,0.0
2013,HKG,0.0
2014,HKG,0.0
2015,HKG,0.0
2016,HKG,0.0
2017,HKG,0.0
2018,HKG,0.0
2019,HKG,0.0
2020,HKG,0.0
2010,HND,0.0
2011,HND,0.0
2012,HND,0.0
2013,HND,0.0
2014,HND,0.0
2015,HND,0.0
2016,HND,0.0
2017,HND,0.0
2018,HND,0.0
2019,HND,0.0
2020,HND,0.0
2010,HRV,0.0
2011,HRV,0.0
2012,HRV,0.0
2013,HRV,0.0
2014,HRV,0.0
2015,HRV,0.0
2016,HRV,0.0
2017,HRV,0.0
2018,HRV,0.0
2019,HRV,0.0
2020,HRV,0.0
2010,HTI,0.0
2011,HTI,0.0
2012,HTI,0.0
2013,HTI,0.0
2014,HTI,0.0
2015,HTI,0.0
2016,HTI,0.0
2017,HTI,0.0
2018,HTI,0.0
2019,HTI,0.0
2020,HTI,0.0
2010,HUN,0.0048760796395131
2011,HUN,0.0027396993531636
2012,HUN,0.0024348380756602
2013,HUN,0.004744012734521
2014,HUN,0.0027608226330144
2015,HUN,0.0055513545037754
2016,HUN,0.0053492355056177
2017,HUN,0.0031133469040341
2018,HUN,0.0010983010919311
2019,HUN,0.0010446921133564
2020,HUN,0.0010168535710908
2010,IDN,0.0003603697701953
2011,IDN,0.0003410884517417
2012,IDN,0.0003200565693879
2013,IDN,0.0003051493598698
2014,IDN,0.0002887155372145
2015,IDN,0.0002767749024121
2016,IDN,0.0002650392504202
2017,IDN,0.0002563794845261
2018,IDN,0.0002466735290152
2019,IDN,0.0002385819214082
2020,IDN,0.0002294913223032
2010,IMN,0.0025058574817116
2011,IMN,0.0030691476052142
2012,IMN,0.0024969246727812
2013,IMN,0.0028861347344601
2014,IMN,0.0019659063875954
2015,IMN,0.0026833612492172
2016,IMN,0.0019845049033563
2017,IMN,0.0017611325920335
2018,IMN,0.0021862393197352
2019,IMN,0.0020590527597722
2020,IMN,0.0019458510187543
2010,IND,0.0001151489296281
2011,IND,0.0001346128911945
2012,IND,0.0001496126301947
2013,IND,0.0001631796347928
2014,IND,0.0001756533749933
2015,IND,0.0001854258536512
2016,IND,0.0001968728956524
2017,IND,0.0002077568855451
2018,IND,0.0002168068643178
2019,IND,0.0002255535830597
2020,IND,0.00021667944651
2010,IRL,0.0025058574817116
2011,IRL,0.0030691476052142
2012,IRL,0.0024969246727812
2013,IRL,0.0028861347344601
2014,IRL,0.0019659063875954
2015,IRL,0.0026833612492172
2016,IRL,0.0019845049033563
2017,IRL,0.0017611325920335
2018,IRL,0.0021862393197352
2019,IRL,0.0020590527597722
2020,IRL,0.0019458510187543
2010,IRN,0.0038249068696912
2011,IRN,0.0037448669711678
2012,IRN,0.0036742067087977
2013,IRN,0.0036017997610974
2014,IRN,0.0035355724788918
2015,IRN,0.0034734539225916
2016,IRN,0.0035162378298563
2017,IRN,0.0035614885789781
2018,IRN,0.0036045908944287
2019,IRN,0.0036494727982663
2020,IRN,0.003669000576892
2010,IRQ,0.0
2011,IRQ,0.0
2012,IRQ,0.0
2013,IRQ,0.0
2014,IRQ,0.0
2015,IRQ,0.0
2016,IRQ,0.0
2017,IRQ,0.0
2018,IRQ,0.0
2019,IRQ,0.0
2020,IRQ,0.0
2010,ISL,0.0
2011,ISL,0.0
2012,ISL,0.0
2013,ISL,0.0
2014,ISL,0.0
2015,ISL,0.0
2016,ISL,0.0
2017,ISL,0.0
2018,ISL,0.0
2019,ISL,0.0
2020,ISL,0.0
2010,ISR,0.0027891672214068
2011,ISR,0.0030882724795262
2012,ISR,0.0033685064422133
2013,ISR,0.0036330498176996
2014,ISR,0.0038654013995727
2015,ISR,0.0040908722147814
2016,ISR,0.0043360268661049
2017,ISR,0.0045603834945932
2018,ISR,0.0047785011840214
2019,ISR,0.0049862492721013
2020,ISR,0.0048737663543191
2010,ITA,0.001926153756848
2011,ITA,0.0025925411029217
2012,ITA,0.0026768265640045
2013,ITA,0.0025340944544172
2014,ITA,0.0015244682201379
2015,ITA,0.0026379750377136
2016,ITA,0.0019301457245914
2017,ITA,0.0017447811310392
2018,ITA,0.0020407985030279
2019,ITA,0.0019973297710498
2020,ITA,0.0020000379232829
2010,JAM,0.0
2011,JAM,0.0
2012,JAM,0.0
2013,JAM,0.0
2014,JAM,0.0
2015,JAM,0.0
2016,JAM,0.0
2017,JAM,0.0
2018,JAM,0.0
2019,JAM,0.0
2020,JAM,0.0
2010,JOR,0.0
2011,JOR,0.0
2012,JOR,0.0
2013,JOR,0.0
2014,JOR,0.0
2015,JOR,0.0
2016,JOR,0.0
2017,JOR,0.0
2018,JOR,0.0
2019,JOR,0.0
2020,JOR,0.0
2010,JPN,0.0079265993527901
2011,JPN,0.0073454524106668
2012,JPN,0.0069950159023819
2013,JPN,0.0067482140958023
2014,JPN,0.0067526190958581
2015,JPN,0.0067245547168878
2016,JPN,0.006552169675366
2017,JPN,0.0064745606549495
2018,JPN,0.0063444746458661
2019,JPN,0.0063960642716872
2020,JPN,0.006378220358397
2010,KAZ,0.0
2011,KAZ,0.0
2012,KAZ,0.0
2013,KAZ,0.0
2014,KAZ,0.0
2015,KAZ,0.0
2016,KAZ,0.0
2017,KAZ,0.0
2018,KAZ,0.0
2019,KAZ,0.0
2020,KAZ,0.0
2010,KEN,0.0
2011,KEN,0.0
2012,KEN,0.0
2013,KEN,0.0
2014,KEN,0.0
2015,KEN,0.0
2016,KEN,0.0
2017,KEN,0.0
2018,KEN,0.0
2019,KEN,0.0
2020,KEN,0.0
2010,KGZ,0.0
2011,KGZ,0.0
2012,KGZ,0.0
2013,KGZ,0.0
2014,KGZ,0.0
2015,KGZ,0.0
2016,KGZ,0.0
2017,KGZ,0.0
2018,KGZ,0.0
2019,KGZ,0.0
2020,KGZ,0.0
2010,KHM,0.0
2011,KHM,0.0
2012,KHM,0.0
2013,KHM,0.0
2014,KHM,0.0
2015,KHM,0.0
2016,KHM,0.0
2017,KHM,0.0
2018,KHM,0.0
2019,KHM,0.0
2020,KHM,0.0
2010,KIR,0.0
2011,KIR,0.0
2012,KIR,0.0
2013,KIR,0.0
2014,KIR,0.0
2015,KIR,0.0
2016,KIR,0.0
2017,KIR,0.0
2018,KIR,0.0
2019,KIR,0.0
2020,KIR,0.0
2010,KNA,0.0
2011,KNA,0.0
2012,KNA,0.0
2013,KNA,0.0
2014,KNA,0.0
2015,KNA,0.0
2016,KNA,0.0
2017,KNA,0.0
2018,KNA,0.0
2019,KNA,0.0
2020,KNA,0.0
2010,KOR,0.0969500186627756
2011,KOR,0.0907535537070388
2012,KOR,0.0862961576094565
2013,KOR,0.0912568929260962
2014,KOR,0.0979560574422005
2015,KOR,0.0773507234292602
2016,KOR,0.0471836417801329
2017,KOR,0.0439186978422071
2018,KOR,0.0436004334472223
2019,KOR,0.0435230760356519
2020,KOR,0.0426166672581996
2010,KWT,0.0
2011,KWT,0.0
2012,KWT,0.0
2013,KWT,0.0
2014,KWT,0.0
2015,KWT,0.0
2016,KWT,0.0
2017,KWT,0.0
2018,KWT,0.0
2019,KWT,0.0
2020,KWT,0.0
2010,LAO,0.0
2011,LAO,0.0
2012,LAO,0.0
2013,LAO,0.0
2014,LAO,0.0
2015,LAO,0.0
2016,LAO,0.0
2017,LAO,0.0
2018,LAO,0.0
2019,LAO,0.0
2020,LAO,0.0
2010,LBN,0.0
2011,LBN,0.0
2012,LBN,0.0
2013,LBN,0.0
2014,LBN,0.0
2015,LBN,0.0
2016,LBN,0.0
2017,LBN,0.0
2018,LBN,0.0
2019,LBN,0.0
2020,LBN,0.0
2010,LBR,0.0
2011,LBR,0.0
2012,LBR,0.0
2013,LBR,0.0
2014,LBR,0.0
2015,LBR,0.0
2016,LBR,0.0
2017,LBR,0.0
2018,LBR,0.0
2019,LBR,0.0
2020,LBR,0.0
2010,LBY,0.0
2011,LBY,0.0
2012,LBY,0.0
2013,LBY,0.0
2014,LBY,0.0
2015,LBY,0.0
2016,LBY,0.0
2017,LBY,0.0
2018,LBY,0.0
2019,LBY,0.0
2020,LBY,0.0
2010,LCA,0.0
2011,LCA,0.0
2012,LCA,0.0
2013,LCA,0.0
2014,LCA,0.0
2015,LCA,0.0
2016,LCA,0.0
2017,LCA,0.0
2018,LCA,0.0
2019,LCA,0.0
2020,LCA,0.0
2010,LIE,0.0049577429031954
2011,LIE,0.0049167482096867
2012,LIE,0.0051839470877748
2013,LIE,0.0056181659134001
2014,LIE,0.0064124849968776
2015,LIE,0.0063259718821664
2016,LIE,0.0046954731555795
2017,LIE,0.0051100208414312
2018,LIE,0.0043385561890491
2019,LIE,0.0042956474487818
2020,LIE,0.0042478691619827
2010,LKA,0.0
2011,LKA,0.0
2012,LKA,0.0
2013,LKA,0.0
2014,LKA,0.0
2015,LKA,0.0
2016,LKA,0.0
2017,LKA,0.0
2018,LKA,0.0
2019,LKA,0.0
2020,LKA,0.0
2010,LSO,0.0
2011,LSO,0.0
2012,LSO,0.0
2013,LSO,0.0
2014,LSO,0.0
2015,LSO,0.0
2016,LSO,0.0
2017,LSO,0.0
2018,LSO,0.0
2019,LSO,0.0
2020,LSO,0.0
2010,LTU,0.0022805356291227
2011,LTU,0.0028578907753286
2012,LTU,0.0016762011786756
2013,LTU,0.0026937603517226
2014,LTU,0.0021331938397978
2015,LTU,0.0019626660462625
2016,LTU,0.0017065167128803
2017,LTU,0.0029218607046195
2018,LTU,0.0023771375052306
2019,LTU,0.0023125548085743
2020,LTU,0.0022513884941098
2010,LUX,0.0002398494280925
2011,LUX,0.0002420896829505
2012,LUX,0.0002381837172872
2013,LUX,0.0002343618789789
2014,LUX,0.0002309216144857
2015,LUX,0.0002287592231473
2016,LUX,0.0002292415811347
2017,LUX,0.0002244793008711
2018,LUX,0.0002220036690159
2019,LUX,0.0002173430395901
2020,LUX,0.0002128740721667
2010,LVA,8.553557682836291e-05
2011,LVA,6.943004862283376e-05
2012,LVA,0.0003278181596101
2013,LVA,0.0005925454499793
2014,LVA,0.0006140651319605
2015,LVA,0.0005838377607073
2016,LVA,0.0001366196322556
2017,LVA,0.0002024887526181
2018,LVA,0.0001463678990618
2019,LVA,0.0001432784905403
2020,LVA,0.0001403168033751
2010,MAC,0.0
2011,MAC,0.0
2012,MAC,0.0
2013,MAC,0.0
2014,MAC,0.0
2015,MAC,0.0
2016,MAC,0.0
2017,MAC,0.0
2018,MAC,0.0
2019,MAC,0.0
2020,MAC,0.0
2010,MAF,0.0
2011,MAF,0.0
2012,MAF,0.0
2013,MAF,0.0
2014,MAF,0.0
2015,MAF,0.0
2016,MAF,0.0
2017,MAF,0.0
2018,MAF,0.0
2019,MAF,0.0
2020,MAF,0.0
2010,MAR,0.0
2011,MAR,0.0
2012,MAR,0.0
2013,MAR,0.0
2014,MAR,0.0
2015,MAR,0.0
2016,MAR,0.0
2017,MAR,0.0
2018,MAR,0.0
2019,MAR,0.0
2020,MAR,0.0
2010,MCO,0.0049577429031954
2011,MCO,0.0049167482096867
2012,MCO,0.0051839470877748
2013,MCO,0.0056181659134001
2014,MCO,0.0064124849968776
2015,MCO,0.0063259718821664
2016,MCO,0.0046954731555795
2017,MCO,0.0051100208414312
2018,MCO,0.0043385561890491
2019,MCO,0.0042956474487818
2020,MCO,0.0042478691619827
2010,MDA,0.0
2011,MDA,0.0
2012,MDA,0.0
2013,MDA,0.0
2014,MDA,0.0
2015,MDA,0.0
2016,MDA,0.0
2017,MDA,0.0
2018,MDA,0.0
2019,MDA,0.0
2020,MDA,0.0
2010,MDG,0.0
2011,MDG,0.0
2012,MDG,0.0
2013,MDG,0.0
2014,MDG,0.0
2015,MDG,0.0
2016,MDG,0.0
2017,MDG,0.0
2018,MDG,0.0
2019,MDG,0.0
2020,MDG,0.0
2010,MDV,0.0
2011,MDV,0.0
2012,MDV,0.0
2013,MDV,0.0
2014,MDV,0.0
2015,MDV,0.0
2016,MDV,0.0
2017,MDV,0.0
2018,MDV,0.0
2019,MDV,0.0
2020,MDV,0.0
2010,MEX,0.0003209394271891
2011,MEX,0.0003065582086948
2012,MEX,0.0002945451693828
2013,MEX,0.0002841906412286
2014,MEX,0.0002749527329345
2015,MEX,0.0002643668045571
2016,MEX,0.0002647330340241
2017,MEX,0.0002656792870391
2018,MEX,0.0002649107880063
2019,MEX,0.0002650874891034
2020,MEX,0.0002634072293537
2010,MHL,0.0
2011,MHL,0.0
2012,MHL,0.0
2013,MHL,0.0
2014,MHL,0.0
2015,MHL,0.0
2016,MHL,0.0
2017,MHL,0.0
2018,MHL,0.0
2019,MHL,0.0
2020,MHL,0.0
2010,MKD,0.0
2011,MKD,0.0
2012,MKD,0.0
2013,MKD,0.0
2014,MKD,0.0
2015,MKD,0.0
2016,MKD,0.0
2017,MKD,0.0
2018,MKD,0.0
2019,MKD,0.0
2020,MKD,0.0
2010,MLI,0.0
2011,MLI,0.0
2012,MLI,0.0
2013,MLI,0.0
2014,MLI,0.0
2015,MLI,0.0
2016,MLI,0.0
2017,MLI,0.0
2018,MLI,0.0
2019,MLI,0.0
2020,MLI,0.0
2010,MLT,0.0002198510584335
2011,MLT,0.0002131350305487
2012,MLT,0.0002068171631494
2013,MLT,0.0002008630681026
2014,MLT,0.0001952422064833
2015,MLT,0.0001899273646631
2016,MLT,0.0001818398440194
2017,MLT,0.0001744129604793
2018,MLT,5.2363658399665255e-09
2019,MLT,5.038647779633578e-09
2020,MLT,4.855317583786738e-09
2010,MMR,0.0
2011,MMR,0.0
2012,MMR,0.0
2013,MMR,0.0
2014,MMR,0.0
2015,MMR,0.0
2016,MMR,0.0
2017,MMR,0.0
2018,MMR,0.0
2019,MMR,0.0
2020,MMR,0.0
2010,MNE,0.0
2011,MNE,0.0
2012,MNE,0.0
2013,MNE,0.0
2014,MNE,0.0
2015,MNE,0.0
2016,MNE,0.0
2017,MNE,0.0
2018,MNE,0.0
2019,MNE,0.0
2020,MNE,0.0
2010,MNG,0.0
2011,MNG,0.0
2012,MNG,0.0
2013,MNG,0.0
2014,MNG,0.0
2015,MNG,0.0
2016,MNG,0.0
2017,MNG,0.0
2018,MNG,0.0
2019,MNG,0.0
2020,MNG,0.0
2010,MNP,0.0079265993527901
2011,MNP,0.0073454524106668
2012,MNP,0.0069950159023819
2013,MNP,0.0067482140958023
2014,MNP,0.0067526190958581
2015,MNP,0.0067245547168878
2016,MNP,0.006552169675366
2017,MNP,0.0064745606549495
2018,MNP,0.0063444746458661
2019,MNP,0.0063960642716872
2020,MNP,0.006378220358397
2010,MOZ,0.0
2011,MOZ,0.0
2012,MOZ,0.0
2013,MOZ,0.0
2014,MOZ,0.0
2015,MOZ,0.0
2016,MOZ,0.0
2017,MOZ,0.0
2018,MOZ,0.0
2019,MOZ,0.0
2020,MOZ,0.0
2010,MRT,0.0
2011,MRT,0.0
2012,MRT,0.0
2013,MRT,0.0
2014,MRT,0.0
2015,MRT,0.0
2016,MRT,0.0
2017,MRT,0.0
2018,MRT,0.0
2019,MRT,0.0
2020,MRT,0.0
2010,MUS,0.0
2011,MUS,0.0
2012,MUS,0.0
2013,MUS,0.0
2014,MUS,0.0
2015,MUS,0.0
2016,MUS,0.0
2017,MUS,0.0
2018,MUS,0.0
2019,MUS,0.0
2020,MUS,0.0
2010,MWI,0.0
2011,MWI,0.0
2012,MWI,0.0
2013,MWI,0.0
2014,MWI,0.0
2015,MWI,0.0
2016,MWI,0.0
2017,MWI,0.0
2018,MWI,0.0
2019,MWI,0.0
2020,MWI,0.0
2010,MYS,0.0185843503818319
2011,MYS,0.017589066209
2012,MYS,0.0164748930627428
2013,MYS,0.0162811609473566
2014,MYS,0.0149699802677193
2015,MYS,0.0150268881469251
2016,MYS,0.0151259458567078
2017,MYS,0.0
2018,MYS,0.0
2019,MYS,0.0
2020,MYS,0.0
2010,NAM,0.0
2011,NAM,0.0
2012,NAM,0.0
2013,NAM,0.0
2014,NAM,0.0
2015,NAM,0.0
2016,NAM,0.0
2017,NAM,0.0
2018,NAM,0.0
2019,NAM,0.0
2020,NAM,0.0
2010,NCL,0.0
2011,NCL,0.0
2012,NCL,0.0
2013,NCL,0.0
2014,NCL,0.0
2015,NCL,0.0
2016,NCL,0.0
2017,NCL,0.0
2018,NCL,0.0
2019,NCL,0.0
2020,NCL,0.0
2010,NER,0.0
2011,NER,0.0
2012,NER,0.0
2013,NER,0.0
2014,NER,0.0
2015,NER,0.0
2016,NER,0.0
2017,NER,0.0
2018,NER,0.0
2019,NER,0.0
2020,NER,0.0
2010,NGA,0.0
2011,NGA,0.0
2012,NGA,0.0
2013,NGA,0.0
2014,NGA,0.0
2015,NGA,0.0
2016,NGA,0.0
2017,NGA,0.0
2018,NGA,0.0
2019,NGA,0.0
2020,NGA,0.0
2010,NIC,0.0
2011,NIC,0.0
2012,NIC,0.0
2013,NIC,0.0
2014,NIC,0.0
2015,NIC,0.0
2016,NIC,0.0
2017,NIC,0.0
2018,NIC,0.0
2019,NIC,0.0
2020,NIC,0.0
2010,NLD,0.0052956333015997
2011,NLD,0.0042147536901273
2012,NLD,0.0056825541774259
2013,NLD,0.0038645323247378
2014,NLD,0.0042261850430844
2015,NLD,0.0043143070339175
2016,NLD,0.0040903970519802
2017,NLD,0.0037994122612773
2018,NLD,0.0036672042751
2019,NLD,0.0036172761727822
2020,NLD,0.0035686893277284
2010,NOR,0.0004448537107998
2011,NOR,0.0004331054508965
2012,NOR,0.0004219617508488
2013,NOR,0.0004113771156884
2014,NOR,0.0004013105035892
2015,NOR,0.0003917247940279
2016,NOR,0.0003868636083804
2017,NOR,0.0007642431910162
2018,NOR,0.0003774944261664
2019,NOR,0.0003729779782959
2020,NOR,0.0003685683247748
2010,NPL,0.0
2011,NPL,0.0
2012,NPL,0.0
2013,NPL,0.0
2014,NPL,0.0
2015,NPL,0.0
2016,NPL,0.0
2017,NPL,0.0
2018,NPL,0.0
2019,NPL,0.0
2020,NPL,0.0
2010,NRU,0.0
2011,NRU,0.0
2012,NRU,0.0
2013,NRU,0.0
2014,NRU,0.0
2015,NRU,0.0
2016,NRU,0.0
2017,NRU,0.0
2018,NRU,0.0
2019,NRU,0.0
2020,NRU,0.0
2010,NZL,0.0012802515302
2011,NZL,0.0009713757618558
2012,NZL,0.0010022054815092
2013,NZL,0.0014366745645229
2014,NZL,0.0009850432797408
2015,NZL,0.0008446064616329
2016,NZL,0.0007408154049003
2017,NZL,0.0007409945475221
2018,NZL,0.0007226293369495
2019,NZL,0.000707314732966
2020,NZL,0.0006926357791509
2010,OMN,0.0
2011,OMN,0.0
2012,OMN,0.0
2013,OMN,0.0
2014,OMN,0.0
2015,OMN,0.0
2016,OMN,0.0
2017,OMN,0.0
2018,OMN,0.0
2019,OMN,0.0
2020,OMN,0.0
2010,PAK,0.0002859660453864
2011,PAK,0.0003610362094434
2012,PAK,0.0004225595448963
2013,PAK,0.0004827249955618
2014,PAK,0.0005373775886327
2015,PAK,0.0005872418320016
2016,PAK,0.0006373109423399
2017,PAK,0.0006848927833177
2018,PAK,0.0007293306745737
2019,PAK,0.0007701885250473
2020,PAK,0.0007463206467391
2010,PAN,0.0
2011,PAN,0.0
2012,PAN,0.0
2013,PAN,0.0
2014,PAN,0.0
2015,PAN,0.0
2016,PAN,0.0
2017,PAN,0.0
2018,PAN,0.0
2019,PAN,0.0
2020,PAN,0.0
2010,PER,0.0
2011,PER,0.0
2012,PER,0.0
2013,PER,0.0
2014,PER,0.0
2015,PER,0.0
2016,PER,0.0
2017,PER,0.0
2018,PER,0.0
2019,PER,0.0
2020,PER,0.0
2010,PHL,0.0
2011,PHL,0.0
2012,PHL,0.0
2013,PHL,0.0
2014,PHL,0.0
2015,PHL,0.0
2016,PHL,0.0
2017,PHL,0.0
2018,PHL,0.0
2019,PHL,0.0
2020,PHL,0.0
2010,PLW,0.0
2011,PLW,0.0
2012,PLW,0.0
2013,PLW,0.0
2014,PLW,0.0
2015,PLW,0.0
2016,PLW,0.0
2017,PLW,0.0
2018,PLW,0.0
2019,PLW,0.0
2020,PLW,0.0
2010,PNG,0.0
2011,PNG,0.0
2012,PNG,0.0
2013,PNG,0.0
2014,PNG,0.0
2015,PNG,0.0
2016,PNG,0.0
2017,PNG,0.0
2018,PNG,0.0
2019,PNG,0.0
2020,PNG,0.0
2010,POL,0.0001618027813672
2011,POL,0.0002215472515567
2012,POL,0.0002444352733232
2013,POL,0.0003213508424334
2014,POL,0.0003661444638769
2015,POL,0.0008007006770627
2016,POL,0.000634183197941
2017,POL,0.0005671964766143
2018,POL,0.0009977942879576
2019,POL,0.0009873282225257
2020,POL,0.0009569262049632
2010,PRI,0.0
2011,PRI,0.0
2012,PRI,0.0
2013,PRI,0.0
2014,PRI,0.0
2015,PRI,0.0
2016,PRI,0.0
2017,PRI,0.0
2018,PRI,0.0
2019,PRI,0.0
2020,PRI,0.0
2010,PRK,0.0969500186627756
2011,PRK,0.0907535537070388
2012,PRK,0.0862961576094565
2013,PRK,0.0912568929260962
2014,PRK,0.0979560574422005
2015,PRK,0.0773507234292602
2016,PRK,0.0471836417801329
2017,PRK,0.0439186978422071
2018,PRK,0.0436004334472223
2019,PRK,0.0435230760356519
2020,PRK,0.0426166672581996
2010,PRT,0.0017263694445147
2011,PRT,0.0016900428307647
2012,PRT,0.0016147694391435
2013,PRT,0.0015932832577643
2014,PRT,0.0015993198682517
2015,PRT,0.0016213322781344
2016,PRT,0.0016327971319434
2017,PRT,0.0016685856961095
2018,PRT,0.0016946075195077
2019,PRT,0.0016736187237986
2020,PRT,0.0016531434866013
2010,PRY,0.0
2011,PRY,0.0
2012,PRY,0.0
2013,PRY,0.0
2014,PRY,0.0
2015,PRY,0.0
2016,PRY,0.0
2017,PRY,0.0
2018,PRY,0.0
2019,PRY,0.0
2020,PRY,0.0
2010,PYF,0.0
2011,PYF,0.0
2012,PYF,0.0
2013,PYF,0.0
2014,PYF,0.0
2015,PYF,0.0
2016,PYF,0.0
2017,PYF,0.0
2018,PYF,0.0
2019,PYF,0.0
2020,PYF,0.0
2010,QAT,0.0
2011,QAT,0.0
2012,QAT,0.0
2013,QAT,0.0
2014,QAT,0.0
2015,QAT,0.0
2016,QAT,0.0
2017,QAT,0.0
2018,QAT,0.0
2019,QAT,0.0
2020,QAT,0.0
2010,ROU,0.0026476847470138
2011,ROU,0.0008949994723122
2012,ROU,0.0008799863162262
2013,ROU,0.0011431836925512
2014,ROU,0.0004462296422976
2015,ROU,0.0003375737344678
2016,ROU,9.123499078513974e-05
2017,ROU,0.0003426158247314
2018,ROU,0.0007002380281001
2019,ROU,0.0006770523377475
2020,ROU,0.0006553528475939
2010,RUS,0.1011355001125593
2011,RUS,0.0972499364760089
2012,RUS,0.0937677786100095
2013,RUS,0.0906319840590989
2014,RUS,0.0880753579447736
2015,RUS,0.0849572008318625
2016,RUS,0.0843282130648468
2017,RUS,0.0835179892129627
2018,RUS,0.083073808876222
2019,RUS,0.0825352955156813
2020,RUS,0.0819597737956118
2010,RWA,0.0
2011,RWA,0.0
2012,RWA,0.0
2013,RWA,0.0
2014,RWA,0.0
2015,RWA,0.0
2016,RWA,0.0
2017,RWA,0.0
2018,RWA,0.0
2019,RWA,0.0
2020,RWA,0.0
2010,SAU,0.0009970080880194
2011,SAU,0.000949385350406
2012,SAU,0.0009067168673644
2013,SAU,0.0008683004598397
2014,SAU,0.0008342290493259
2015,SAU,0.0008032236844218
2016,SAU,0.0008033530078328
2017,SAU,0.0008034803027252
2018,SAU,0.0008000498599347
2019,SAU,0.000799500801147
2020,SAU,0.0007933746055762
2010,SDN,0.0
2011,SDN,0.0
2012,SDN,0.0
2013,SDN,0.0
2014,SDN,0.0
2015,SDN,0.0
2016,SDN,0.0
2017,SDN,0.0
2018,SDN,0.0
2019,SDN,0.0
2020,SDN,0.0
2010,SEN,0.0
2011,SEN,0.0
2012,SEN,0.0
2013,SEN,0.0
2014,SEN,0.0
2015,SEN,0.0
2016,SEN,0.0
2017,SEN,0.0
2018,SEN,0.0
2019,SEN,0.0
2020,SEN,0.0
2010,SGP,0.0086576506529196
2011,SGP,0.0088939840290457
2012,SGP,0.0081718997913904
2013,SGP,0.0114419325492519
2014,SGP,0.0114389940438928
2015,SGP,0.0082861646768276
2016,SGP,0.0073500710653147
2017,SGP,0.0077991454344836
2018,SGP,0.0093222396319592
2019,SGP,0.0088782596117724
2020,SGP,0.0087112340340017
2010,SLB,0.0
2011,SLB,0.0
2012,SLB,0.0
2013,SLB,0.0
2014,SLB,0.0
2015,SLB,0.0
2016,SLB,0.0
2017,SLB,0.0
2018,SLB,0.0
2019,SLB,0.0
2020,SLB,0.0
2010,SLE,0.0
2011,SLE,0.0
2012,SLE,0.0
2013,SLE,0.0
2014,SLE,0.0
2015,SLE,0.0
2016,SLE,0.0
2017,SLE,0.0
2018,SLE,0.0
2019,SLE,0.0
2020,SLE,0.0
2010,SLV,0.0
2011,SLV,0.0
2012,SLV,0.0
2013,SLV,0.0
2014,SLV,0.0
2015,SLV,0.0
2016,SLV,0.0
2017,SLV,0.0
2018,SLV,0.0
2019,SLV,0.0
2020,SLV,0.0
2010,SMR,0.001926153756848
2011,SMR,0.0025925411029217
2012,SMR,0.0026768265640045
2013,SMR,0.0025340944544172
2014,SMR,0.0015244682201379
2015,SMR,0.0026379750377136
2016,SMR,0.0019301457245914
2017,SMR,0.0017447811310392
2018,SMR,0.0020407985030279
2019,SMR,0.0019973297710498
2020,SMR,0.0020000379232829
2010,SOM,0.0
2011,SOM,0.0
2012,SOM,0.0
2013,SOM,0.0
2014,SOM,0.0
2015,SOM,0.0
2016,SOM,0.0
2017,SOM,0.0
2018,SOM,0.0
2019,SOM,0.0
2020,SOM,0.0
2010,SRB,0.0
2011,SRB,0.0
2012,SRB,0.0
2013,SRB,0.0
2014,SRB,0.0
2015,SRB,0.0
2016,SRB,0.0
2017,SRB,0.0
2018,SRB,0.0
2019,SRB,0.0
2020,SRB,0.0
2010,SSD,0.0
2011,SSD,0.0
2012,SSD,0.0
2013,SSD,0.0
2014,SSD,0.0
2015,SSD,0.0
2016,SSD,0.0
2017,SSD,0.0
2018,SSD,0.0
2019,SSD,0.0
2020,SSD,0.0
2010,STP,0.0
2011,STP,0.0
2012,STP,0.0
2013,STP,0.0
2014,STP,0.0
2015,STP,0.0
2016,STP,0.0
2017,STP,0.0
2018,STP,0.0
2019,STP,0.0
2020,STP,0.0
2010,SUR,0.0
2011,SUR,0.0
2012,SUR,0.0
2013,SUR,0.0
2014,SUR,0.0
2015,SUR,0.0
2016,SUR,0.0
2017,SUR,0.0
2018,SUR,0.0
2019,SUR,0.0
2020,SUR,0.0
2010,SVK,0.0001356133745114
2011,SVK,0.0001909192224302
2012,SVK,0.0001524175907434
2013,SVK,0.0001107155259198
2014,SVK,7.811874070173451e-05
2015,SVK,0.0001929660058999
2016,SVK,1.044692240919717e-05
2017,SVK,2.6863535276017216e-05
2018,SVK,6.016378388895312e-05
2019,SVK,5.888747899461965e-05
2020,SVK,5.766419987598273e-05
2010,SVN,2.2714118530785803e-05
2011,SVN,5.183245039799286e-06
2012,SVN,1.936533757629625e-05
2013,SVN,2.502759147984004e-05
2014,SVN,2.0721018556399945e-06
2015,SVN,9.872296332997164e-06
2016,SVN,1.6211534937712913e-06
2017,SVN,2.328227718234988e-05
2018,SVN,1.4284040908516006e-05
2019,SVN,1.3966922156471566e-05
2020,SVN,1.3663578242212087e-05
2010,SWE,0.0004571549312927
2011,SWE,0.0003068599677695
2012,SWE,0.0001349797185962
2013,SWE,0.0001342860762797
2014,SWE,7.6743828715552e-05
2015,SWE,0.0003824816141542
2016,SWE,0.0004333416714636
2017,SWE,0.0001660328533082
2018,SWE,0.0001381386358107
2019,SWE,0.0001396066402593
2020,SWE,0.0001376019107534
2010,SWZ,0.0
2011,SWZ,0.0
2012,SWZ,0.0
2013,SWZ,0.0
2014,SWZ,0.0
2015,SWZ,0.0
2016,SWZ,0.0
2017,SWZ,0.0
2018,SWZ,0.0
2019,SWZ,0.0
2020,SWZ,0.0
2010,SXM,0.0
2011,SXM,0.0
2012,SXM,0.0
2013,SXM,0.0
2014,SXM,0.0
2015,SXM,0.0
2016,SXM,0.0
2017,SXM,0.0
2018,SXM,0.0
2019,SXM,0.0
2020,SXM,0.0
2010,SYC,0.0
2011,SYC,0.0
2012,SYC,0.0
2013,SYC,0.0
2014,SYC,0.0
2015,SYC,0.0
2016,SYC,0.0
2017,SYC,0.0
2018,SYC,0.0
2019,SYC,0.0
2020,SYC,0.0
2010,SYR,0.0
2011,SYR,0.0
2012,SYR,0.0
2013,SYR,0.0
2014,SYR,0.0
2015,SYR,0.0
2016,SYR,0.0
2017,SYR,0.0
2018,SYR,0.0
2019,SYR,0.0
2020,SYR,0.0
2010,TCA,0.0
2011,TCA,0.0
2012,TCA,0.0
2013,TCA,0.0
2014,TCA,0.0
2015,TCA,0.0
2016,TCA,0.0
2017,TCA,0.0
2018,TCA,0.0
2019,TCA,0.0
2020,TCA,0.0
2010,TCD,0.0
2011,TCD,0.0
2012,TCD,0.0
2013,TCD,0.0
2014,TCD,0.0
2015,TCD,0.0
2016,TCD,0.0
2017,TCD,0.0
2018,TCD,0.0
2019,TCD,0.0
2020,TCD,0.0
2010,TGO,0.0
2011,TGO,0.0
2012,TGO,0.0
2013,TGO,0.0
2014,TGO,0.0
2015,TGO,0.0
2016,TGO,0.0
2017,TGO,0.0
2018,TGO,0.0
2019,TGO,0.0
2020,TGO,0.0
2010,THA,0.0
2011,THA,0.0
2012,THA,0.0
2013,THA,0.0
2014,THA,0.0
2015,THA,0.0
2016,THA,0.0
2017,THA,0.0
2018,THA,0.0
2019,THA,0.0
2020,THA,0.0
2010,TJK,0.0
2011,TJK,0.0
2012,TJK,0.0
2013,TJK,0.0
2014,TJK,0.0
2015,TJK,0.0
2016,TJK,0.0
2017,TJK,0.0
2018,TJK,0.0
2019,TJK,0.0
2020,TJK,0.0
2010,TKM,0.0
2011,TKM,0.0
2012,TKM,0.0
2013,TKM,0.0
2014,TKM,0.0
2015,TKM,0.0
2016,TKM,0.0
2017,TKM,0.0
2018,TKM,0.0
2019,TKM,0.0
2020,TKM,0.0
2010,TLS,0.0
2011,TLS,0.0
2012,TLS,0.0
2013,TLS,0.0
2014,TLS,0.0
2015,TLS,0.0
2016,TLS,0.0
2017,TLS,0.0
2018,TLS,0.0
2019,TLS,0.0
2020,TLS,0.0
2010,TON,0.0
2011,TON,0.0
2012,TON,0.0
2013,TON,0.0
2014,TON,0.0
2015,TON,0.0
2016,TON,0.0
2017,TON,0.0
2018,TON,0.0
2019,TON,0.0
2020,TON,0.0
2010,TTO,0.0
2011,TTO,0.0
2012,TTO,0.0
2013,TTO,0.0
2014,TTO,0.0
2015,TTO,0.0
2016,TTO,0.0
2017,TTO,0.0
2018,TTO,0.0
2019,TTO,0.0
2020,TTO,0.0
2010,TUN,0.0
2011,TUN,0.0
2012,TUN,0.0
2013,TUN,0.0
2014,TUN,0.0
2015,TUN,0.0
2016,TUN,0.0
2017,TUN,0.0
2018,TUN,0.0
2019,TUN,0.0
2020,TUN,0.0
2010,TUR,0.0006165538546357
2011,TUR,0.0006380213749856
2012,TUR,0.0006411465278712
2013,TUR,0.0006259735976287
2014,TUR,0.0007335238458847
2015,TUR,0.00085684174972
2016,TUR,0.0007641969694044
2017,TUR,0.0014868790528243
2018,TUR,0.0014120508391295
2019,TUR,0.0013737500065947
2020,TUR,0.0013374720679573
2010,TUV,0.0
2011,TUV,0.0
2012,TUV,0.0
2013,TUV,0.0
2014,TUV,0.0
2015,TUV,0.0
2016,TUV,0.0
2017,TUV,0.0
2018,TUV,0.0
2019,TUV,0.0
2020,TUV,0.0
2010,TZA,0.0
2011,TZA,0.0
2012,TZA,0.0
2013,TZA,0.0
2014,TZA,0.0
2015,TZA,0.0
2016,TZA,0.0
2017,TZA,0.0
2018,TZA,0.0
2019,TZA,0.0
2020,TZA,0.0
2010,UGA,0.0
2011,UGA,0.0
2012,UGA,0.0
2013,UGA,0.0
2014,UGA,0.0
2015,UGA,0.0
2016,UGA,0.0
2017,UGA,0.0
2018,UGA,0.0
2019,UGA,0.0
2020,UGA,0.0
2010,UKR,0.0002920494711352
2011,UKR,3.838161924976402e-05
2012,UKR,4.63978001696107e-05
2013,UKR,2.079284140178114e-05
2014,UKR,5.809943077611451e-05
2015,UKR,2.362725137718813e-05
2016,UKR,1.9957044399006453e-05
2017,UKR,7.778537059461303e-06
2018,UKR,2.6103444415331705e-05
2019,UKR,2.6053085411204747e-05
2020,UKR,2.600292033904677e-05
2010,URY,0.0
2011,URY,0.0
2012,URY,0.0
2013,URY,0.0
2014,URY,0.0
2015,URY,0.0
2016,URY,0.0
2017,URY,0.0
2018,URY,0.0
2019,URY,0.0
2020,URY,0.0
2010,USA,0.0428043467281686
2011,USA,0.0423597309443975
2012,USA,0.0407345646198435
2013,USA,0.0398185363273233
2014,USA,0.038920786803891
2015,USA,0.0378961313926695
2016,USA,0.0373207796299037
2017,USA,0.0365902196991771
2018,USA,0.0360775524376165
2019,USA,0.0355063310507221
2020,USA,0.0349359993802945
2010,UZB,0.0
2011,UZB,0.0
2012,UZB,0.0
2013,UZB,0.0
2014,UZB,0.0
2015,UZB,0.0
2016,UZB,0.0
2017,UZB,0.0
2018,UZB,0.0
2019,UZB,0.0
2020,UZB,0.0
2010,VCT,0.0
2011,VCT,0.0
2012,VCT,0.0
2013,VCT,0.0
2014,VCT,0.0
2015,VCT,0.0
2016,VCT,0.0
2017,VCT,0.0
2018,VCT,0.0
2019,VCT,0.0
2020,VCT,0.0
2010,VEN,0.0
2011,VEN,0.0
2012,VEN,0.0
2013,VEN,0.0
2014,VEN,0.0
2015,VEN,0.0
2016,VEN,0.0
2017,VEN,0.0
2018,VEN,0.0
2019,VEN,0.0
2020,VEN,0.0
2010,VGB,0.0
2011,VGB,0.0
2012,VGB,0.0
2013,VGB,0.0
2014,VGB,0.0
2015,VGB,0.0
2016,VGB,0.0
2017,VGB,0.0
2018,VGB,0.0
2019,VGB,0.0
2020,VGB,0.0
2010,VIR,0.0
2011,VIR,0.0
2012,VIR,0.0
2013,VIR,0.0
2014,VIR,0.0
2015,VIR,0.0
2016,VIR,0.0
2017,VIR,0.0
2018,VIR,0.0
2019,VIR,0.0
2020,VIR,0.0
2010,VNM,0.0
2011,VNM,0.0
2012,VNM,0.0
2013,VNM,0.0
2014,VNM,0.0
2015,VNM,0.0
2016,VNM,0.0
2017,VNM,0.0
2018,VNM,0.0
2019,VNM,0.0
2020,VNM,0.0
2010,VUT,0.0
2011,VUT,0.0
2012,VUT,0.0
2013,VUT,0.0
2014,VUT,0.0
2015,VUT,0.0
2016,VUT,0.0
2017,VUT,0.0
2018,VUT,0.0
2019,VUT,0.0
2020,VUT,0.0
2010,WSM,0.0
2011,WSM,0.0
2012,WSM,0.0
2013,WSM,0.0
2014,WSM,0.0
2015,WSM,0.0
2016,WSM,0.0
2017,WSM,0.0
2018,WSM,0.0
2019,WSM,0.0
2020,WSM,0.0
2010,XKX,0.0
2011,XKX,0.0
2012,XKX,0.0
2013,XKX,0.0
2014,XKX,0.0
2015,XKX,0.0
2016,XKX,0.0
2017,XKX,0.0
2018,XKX,0.0
2019,XKX,0.0
2020,XKX,0.0
2010,YEM,0.0
2011,YEM,0.0
2012,YEM,0.0
2013,YEM,0.0
2014,YEM,0.0
2015,YEM,0.0
2016,YEM,0.0
2017,YEM,0.0
2018,YEM,0.0
2019,YEM,0.0
2020,YEM,0.0
2010,ZAF,0.0
2011,ZAF,0.0
2012,ZAF,0.0
2013,ZAF,0.0
2014,ZAF,0.0
2015,ZAF,0.0
2016,ZAF,0.0
2017,ZAF,0.0
2018,ZAF,0.0
2019,ZAF,0.0
2020,ZAF,0.0
2010,ZMB,0.0
2011,ZMB,0.0
2012,ZMB,0.0
2013,ZMB,0.0
2014,ZMB,0.0
2015,ZMB,0.0
2016,ZMB,0.0
2017,ZMB,0.0
2018,ZMB,0.0
2019,ZMB,0.0
2020,ZMB,0.0
2010,ZWE,0.0
2011,ZWE,0.0
2012,ZWE,0.0
2013,ZWE,0.0
2014,ZWE,0.0
2015,ZWE,0.0
2016,ZWE,0.0
2017,ZWE,0.0
2018,ZWE,0.0
2019,ZWE,0.0
2020,ZWE,0.0
