"year","location_code","prodinit_ippu_glass_tonne"
2010,"ABW",520.617706743271
2011,"ABW",512.264626552565
2012,"ABW",541.763235930804
2013,"ABW",404.778476870099
2014,"ABW",464.19808821957
2015,"ABW",689.02940701807
2016,"ABW",595.590658262581
2017,"ABW",404.024604991981
2018,"ABW",515.005703067109
2019,"ABW",649.776776636866
2020,"ABW",369.786800240653
2010,"AGO",19196.8040384763
2011,"AGO",19452.7918300421
2012,"AGO",25681.7395134702
2013,"AGO",23801.0991697144
2014,"AGO",25415.3012668708
2015,"AGO",18307.8795994285
2016,"AGO",11988.7328845341
2017,"AGO",16221.7737373277
2018,"AGO",14774.5821942666
2019,"AGO",19709.3508424265
2020,"AGO",17276.4213782695
2010,"ALB",4721.08197370499
2011,"ALB",5388.20530866026
2012,"ALB",5578.66988722276
2013,"ALB",5250.43936707769
2014,"ALB",4665.06779027334
2015,"ALB",4881.14697138699
2016,"ALB",5354.9356426485
2017,"ALB",5993.79860074508
2018,"ALB",6713.06033989597
2019,"ALB",6950.30027324336
2020,"ALB",7973.93464989583
2010,"ARE",153721.597319824
2011,"ARE",155792.166338433
2012,"ARE",132605.927376198
2013,"ARE",125352.205639302
2014,"ARE",120000.059519034
2015,"ARE",103657.907220096
2016,"ARE",91498.833867772
2017,"ARE",93262.8533803259
2018,"ARE",117881.016542525
2019,"ARE",113812.499999523
2020,"ARE",81945.918890685
2010,"ARG",146599.384408263
2011,"ARG",149812.394294911
2012,"ARG",140645.605436565
2013,"ARG",153109.138564212
2014,"ARG",140351.940183066
2015,"ARG",171698.326046167
2016,"ARG",130041.637606173
2017,"ARG",146679.360311931
2018,"ARG",117114.591473929
2019,"ARG",108809.331443249
2020,"ARG",92851.4369641107
2010,"ARM",6418.93160922672
2011,"ARM",5938.1075593917
2012,"ARM",5476.45849693522
2013,"ARM",6445.17848264877
2014,"ARM",5950.48913945079
2015,"ARM",4190.01695176601
2016,"ARM",4440.88849086507
2017,"ARM",5802.98936733456
2018,"ARM",5639.78165929442
2019,"ARM",5905.64275427443
2020,"ARM",8568.57911560513
2010,"ASM",13.8762360816784
2011,"ASM",27.5225819220899
2012,"ASM",46.3570473520534
2013,"ASM",5.75273084221615
2014,"ASM",9.94809116512674
2015,"ASM",27.3621250842058
2016,"ASM",14.1612444027784
2017,"ASM",9.1149100564073
2018,"ASM",8.82123879077601
2019,"ASM",6.70988243326918
2020,"ASM",1.77071052712935
2010,"ATG",381.3497191488
2011,"ATG",251.629667475489
2012,"ATG",2167.79316527216
2013,"ATG",117.170951398965
2014,"ATG",179.230441143692
2015,"ATG",208.776621080829
2016,"ATG",225.706564432412
2017,"ATG",208.170772800331
2018,"ATG",281.007882289886
2019,"ATG",285.95177356694
2020,"ATG",133.470499760334
2010,"AUS",338087.084457303
2011,"AUS",287731.576780818
2012,"AUS",280642.136590208
2013,"AUS",272268.061001881
2014,"AUS",258921.645455816
2015,"AUS",265244.797170727
2016,"AUS",247936.751814922
2017,"AUS",276846.408823232
2018,"AUS",279759.519785172
2019,"AUS",259734.880981835
2020,"AUS",252839.989415907
2010,"AUT",247729.419390565
2011,"AUT",250554.269311864
2012,"AUT",227153.465132249
2013,"AUT",242215.077997529
2014,"AUT",233808.574131937
2015,"AUT",206293.600276746
2016,"AUT",210706.044883779
2017,"AUT",218014.106147639
2018,"AUT",233358.564376201
2019,"AUT",227288.260921629
2020,"AUT",204758.270439597
2010,"AZE",30884.3107325291
2011,"AZE",38153.1294401461
2012,"AZE",31121.1572174096
2013,"AZE",31251.5633481624
2014,"AZE",28469.6249788971
2015,"AZE",16706.6460701932
2016,"AZE",10377.4349330753
2017,"AZE",12383.0255080851
2018,"AZE",12778.7445556499
2019,"AZE",14683.9912169142
2020,"AZE",10663.9679693355
2010,"BDI",583.877653760078
2011,"BDI",4227.33834272874
2012,"BDI",3569.9622407549
2013,"BDI",1072.49647352203
2014,"BDI",3509.78250049558
2015,"BDI",5484.99257121199
2016,"BDI",4681.67993137012
2017,"BDI",4699.85623087336
2018,"BDI",1320.48790154219
2019,"BDI",1958.15857775846
2020,"BDI",3539.87508553434
2010,"BEL",421705.084078686
2011,"BEL",421430.150958008
2012,"BEL",344561.497754127
2013,"BEL",367065.038136044
2014,"BEL",341177.619401657
2015,"BEL",300183.294192528
2016,"BEL",296864.639350479
2017,"BEL",306561.391786146
2018,"BEL",332153.738876868
2019,"BEL",320390.865610754
2020,"BEL",288925.761148233
2010,"BEN",2729.28157902201
2011,"BEN",3574.35316039677
2012,"BEN",4900.66633158325
2013,"BEN",4029.32398519397
2014,"BEN",3588.10739411952
2015,"BEN",3600.3102950073
2016,"BEN",3587.98344863286
2017,"BEN",2370.28127768005
2018,"BEN",2356.06383018491
2019,"BEN",2645.41307563163
2020,"BEN",4030.85362371326
2010,"BFA",970.315556106558
2011,"BFA",1227.22514795427
2012,"BFA",1151.72573485431
2013,"BFA",1266.2021418381
2014,"BFA",2185.21885503726
2015,"BFA",1265.22824935066
2016,"BFA",1053.02968748142
2017,"BFA",1314.27482885363
2018,"BFA",1281.70787867516
2019,"BFA",1720.53682118066
2020,"BFA",1343.5464901332
2010,"BGD",25366.8324114114
2011,"BGD",22008.8015556774
2012,"BGD",22349.002835013
2013,"BGD",28141.304627325
2014,"BGD",35678.8414038652
2015,"BGD",38598.0641233874
2016,"BGD",46803.630766396
2017,"BGD",51869.3842902555
2018,"BGD",53799.8706687126
2019,"BGD",57158.4744035837
2020,"BGD",53238.0745338472
2010,"BGR",58114.745176717
2011,"BGR",57869.0034199106
2012,"BGR",51395.8024946727
2013,"BGR",50531.1769456346
2014,"BGR",52849.5834951386
2015,"BGR",53027.4271449658
2016,"BGR",60060.6618484393
2017,"BGR",60839.2850844134
2018,"BGR",65838.2646919899
2019,"BGR",69293.6048896736
2020,"BGR",87921.6321297709
2010,"BHR",8281.1175383539
2011,"BHR",6928.6353641532
2012,"BHR",7566.96111007458
2013,"BHR",8691.6397118273
2014,"BHR",7248.13617616129
2015,"BHR",8797.67635425263
2016,"BHR",8491.05707391781
2017,"BHR",11440.8886755774
2018,"BHR",14004.8714448077
2019,"BHR",14471.4304574656
2020,"BHR",11975.6859326383
2010,"BHS",1632.34051852532
2011,"BHS",1705.01874023446
2012,"BHS",2557.64075200327
2013,"BHS",2139.83747830436
2014,"BHS",2646.38302166106
2015,"BHS",3471.57102092814
2016,"BHS",3474.41076659102
2017,"BHS",3324.3044171494
2018,"BHS",4120.4904682443
2019,"BHS",3180.85117971693
2020,"BHS",3938.29396284918
2010,"BIH",7540.77289114344
2011,"BIH",7566.2915477123
2012,"BIH",6957.39562014076
2013,"BIH",9886.82609968232
2014,"BIH",9608.94592025041
2015,"BIH",8846.28889291447
2016,"BIH",10050.595707459
2017,"BIH",9634.65931613028
2018,"BIH",11713.8414412823
2019,"BIH",11800.4388050434
2020,"BIH",12221.4521946151
2010,"BLR",33427.9088965999
2011,"BLR",28610.081475653
2012,"BLR",27601.1179626305
2013,"BLR",39878.3791385307
2014,"BLR",41842.7014645457
2015,"BLR",29631.279298008
2016,"BLR",33208.2765800806
2017,"BLR",38181.5750642967
2018,"BLR",37569.4576340529
2019,"BLR",39435.6554573989
2020,"BLR",36549.5414343678
2010,"BLZ",470.263811991544
2011,"BLZ",512.358396961973
2012,"BLZ",484.431625540476
2013,"BLZ",647.540716305786
2014,"BLZ",634.977146083027
2015,"BLZ",806.518287779073
2016,"BLZ",722.614869149503
2017,"BLZ",837.018785636682
2018,"BLZ",676.227524359753
2019,"BLZ",754.618549246694
2020,"BLZ",732.444494083822
2010,"BMU",1003.88321005801
2011,"BMU",636.562851336212
2012,"BMU",1013.85571244979
2013,"BMU",607.861614665568
2014,"BMU",719.56253637832
2015,"BMU",727.297822845407
2016,"BMU",1058.52925920783
2017,"BMU",990.256275412772
2018,"BMU",2032.67503031945
2019,"BMU",946.807991451981
2020,"BMU",800.228605624414
2010,"BOL",4323.93528771771
2011,"BOL",4492.21196735943
2012,"BOL",5911.72070232226
2013,"BOL",6954.97480441513
2014,"BOL",5467.45367616934
2015,"BOL",5901.37517654502
2016,"BOL",6503.85681987324
2017,"BOL",6125.94849087764
2018,"BOL",5456.45714585531
2019,"BOL",6074.42417561958
2020,"BOL",5990.7578821067
2010,"BRA",621673.478153678
2011,"BRA",674752.828645288
2012,"BRA",609065.922722993
2013,"BRA",596489.155313008
2014,"BRA",536450.575326902
2015,"BRA",404674.303197152
2016,"BRA",372406.676192083
2017,"BRA",450613.755924574
2018,"BRA",393198.141130818
2019,"BRA",375188.518343482
2020,"BRA",296129.289827321
2010,"BRB",2113.55565431822
2011,"BRB",1687.5635795571
2012,"BRB",1569.82239076638
2013,"BRB",1387.20771166557
2014,"BRB",2687.1113720584
2015,"BRB",1517.99696625535
2016,"BRB",2053.53805275708
2017,"BRB",2324.05822858939
2018,"BRB",1776.03955806221
2019,"BRB",1516.69782785709
2020,"BRB",1731.70232398493
2010,"BRN",1920.5145489216
2011,"BRN",2558.55226721087
2012,"BRN",4164.9237383401
2013,"BRN",5311.15569483125
2014,"BRN",4589.80343887968
2015,"BRN",4040.54503331046
2016,"BRN",1906.50695014728
2017,"BRN",2221.94904847979
2018,"BRN",1780.74377023106
2019,"BRN",1106.51313119491
2020,"BRN",1059.44311445717
2010,"BTN",144.941277605683
2011,"BTN",219.325849861547
2012,"BTN",161.765773632135
2013,"BTN",115.125109007467
2014,"BTN",52.9791997881842
2015,"BTN",101.904395320109
2016,"BTN",170.513518126504
2017,"BTN",230.52557529702
2018,"BTN",473.576560400893
2019,"BTN",619.446840891049
2020,"BTN",559.287862139544
2010,"BWA",3001.13408966061
2011,"BWA",3211.23817258053
2012,"BWA",2712.22900014464
2013,"BWA",2073.35453034175
2014,"BWA",1921.74111519387
2015,"BWA",1838.33582679321
2016,"BWA",2727.11075442347
2017,"BWA",3006.41656588023
2018,"BWA",2441.28665182548
2019,"BWA",2242.83320642313
2020,"BWA",1683.11887089091
2010,"CAF",339.037031740341
2011,"CAF",330.531896216746
2012,"CAF",369.172839713013
2013,"CAF",125.91080808308
2014,"CAF",203.831935011125
2015,"CAF",105.223865569537
2016,"CAF",159.152724662266
2017,"CAF",213.730231936244
2018,"CAF",276.981141112976
2019,"CAF",129.480199671156
2020,"CAF",90.1200131016847
2010,"CAN",647523.443630403
2011,"CAN",657255.167460245
2012,"CAN",635998.492016835
2013,"CAN",635595.310772936
2014,"CAN",626035.078443644
2015,"CAN",625231.713373042
2016,"CAN",621338.934980722
2017,"CAN",656397.793000289
2018,"CAN",639705.536107749
2019,"CAN",622582.578841556
2020,"CAN",592729.275664446
2010,"CHE",180945.789315143
2011,"CHE",185974.184459442
2012,"CHE",166028.803979986
2013,"CHE",153721.705641625
2014,"CHE",179465.259051487
2015,"CHE",165032.872631492
2016,"CHE",148464.023163058
2017,"CHE",157204.605166132
2018,"CHE",165589.112217063
2019,"CHE",159485.556791223
2020,"CHE",141173.171113993
2010,"CHL",53419.4936248918
2011,"CHL",51761.004529503
2012,"CHL",57537.1570328702
2013,"CHL",55774.3380316583
2014,"CHL",49080.1784387252
2015,"CHL",54941.2121883728
2016,"CHL",53093.2683676233
2017,"CHL",63976.1966476071
2018,"CHL",63896.2459479891
2019,"CHL",63713.5599641706
2020,"CHL",54560.2307310842
2010,"CHN",3971470.8426917
2011,"CHN",4639662.97885001
2012,"CHN",5245218.07939935
2013,"CHN",5582652.64532351
2014,"CHN",5808471.03053537
2015,"CHN",6805659.41149278
2016,"CHN",7162895.4197154
2017,"CHN",7353925.26319686
2018,"CHN",7846429.42382774
2019,"CHN",8634540.9783719
2020,"CHN",8321799.49867753
2010,"CIV",4992.11157292864
2011,"CIV",5484.877025851
2012,"CIV",5776.04709219045
2013,"CIV",7827.92591979359
2014,"CIV",9457.52385314619
2015,"CIV",10898.1869166589
2016,"CIV",11095.2134151186
2017,"CIV",13300.403773366
2018,"CIV",13887.8107850791
2019,"CIV",13983.733243166
2020,"CIV",15999.2111510983
2010,"CMR",12010.2930609309
2011,"CMR",9521.85647552678
2012,"CMR",10068.0694912731
2013,"CMR",14859.1429480459
2014,"CMR",10220.7031912206
2015,"CMR",12598.855655832
2016,"CMR",10718.7940278972
2017,"CMR",12157.6525925529
2018,"CMR",12402.3075420524
2019,"CMR",9302.3988469044
2020,"CMR",12189.4005232289
2010,"COD",3033.34558243355
2011,"COD",3933.3733036247
2012,"COD",5281.96042709647
2013,"COD",5142.62914277906
2014,"COD",4077.88295012596
2015,"COD",7354.95434465397
2016,"COD",24045.544261346
2017,"COD",3886.25132298324
2018,"COD",3772.3830856669
2019,"COD",7349.84788984046
2020,"COD",5398.39524352267
2010,"COG",1445.16030369878
2011,"COG",1846.59850736963
2012,"COG",2636.68492834563
2013,"COG",2818.42411814387
2014,"COG",2421.57179765913
2015,"COG",1988.72355955153
2016,"COG",1330.55148470963
2017,"COG",1444.9089152111
2018,"COG",1831.26397607749
2019,"COG",1660.26052590184
2020,"COG",2337.64452032428
2010,"COL",162411.248966705
2011,"COL",161903.012420881
2012,"COL",174707.230978175
2013,"COL",148428.483356774
2014,"COL",158442.835622477
2015,"COL",133168.352563122
2016,"COL",130585.601910494
2017,"COL",144207.417603742
2018,"COL",139790.068460354
2019,"COL",124799.308558643
2020,"COL",111680.908370495
2010,"COM",300.963861976415
2011,"COM",389.271244229631
2012,"COM",79.3575010218504
2013,"COM",140.902074332317
2014,"COM",138.33952265761
2015,"COM",217.011679396963
2016,"COM",173.546335479935
2017,"COM",237.977810926912
2018,"COM",305.745123900688
2019,"COM",226.56520846798
2020,"COM",163.930399299801
2010,"CPV",739.393417421657
2011,"CPV",578.686694745486
2012,"CPV",606.378613240854
2013,"CPV",530.263380504049
2014,"CPV",574.430534508186
2015,"CPV",474.01323003928
2016,"CPV",623.85379050023
2017,"CPV",658.625221386596
2018,"CPV",857.395892690403
2019,"CPV",949.336850387496
2020,"CPV",978.363581133362
2010,"CRI",25640.9071907611
2011,"CRI",25822.5141799294
2012,"CRI",28358.3641777655
2013,"CRI",28335.0473034967
2014,"CRI",28175.768366466
2015,"CRI",30235.2939796777
2016,"CRI",28050.7280600012
2017,"CRI",31708.0748548513
2018,"CRI",36413.1228462395
2019,"CRI",36638.8406999203
2020,"CRI",27148.527354939
2010,"CUB",22970.9222869926
2011,"CUB",17961.192691319
2012,"CUB",20100.2941605475
2013,"CUB",20276.071520512
2014,"CUB",14352.5855613372
2015,"CUB",24679.2515772375
2016,"CUB",28508.6212181106
2017,"CUB",24124.2271188636
2018,"CUB",26803.8555141544
2019,"CUB",28063.2512493619
2020,"CUB",24124.7573397607
2010,"CUW",565.831420621282
2011,"CUW",1123.50169310888
2012,"CUW",674.679385639202
2013,"CUW",384.644781002024
2014,"CUW",418.992657803996
2015,"CUW",807.159061451329
2016,"CUW",302.537972190845
2017,"CUW",249.304393152704
2018,"CUW",565.831420621282
2019,"CUW",565.831420621282
2020,"CUW",565.831420621282
2010,"CYM",1111.70497687873
2011,"CYM",1111.70497687873
2012,"CYM",1111.70497687873
2013,"CYM",1111.70497687873
2014,"CYM",1111.70497687873
2015,"CYM",1111.70497687873
2016,"CYM",1111.70497687873
2017,"CYM",1082.13089250948
2018,"CYM",1348.11873240195
2019,"CYM",1075.73336136763
2020,"CYM",940.836921235834
2010,"CYP",6905.37220789925
2011,"CYP",7136.19786779843
2012,"CYP",6034.82679286383
2013,"CYP",5020.26354564109
2014,"CYP",3689.25039389318
2015,"CYP",3869.96904033163
2016,"CYP",4188.83656352641
2017,"CYP",4621.46298158947
2018,"CYP",4680.56400235111
2019,"CYP",4540.03422282847
2020,"CYP",3340.46920363528
2010,"CZE",260239.481302884
2011,"CZE",277643.73163059
2012,"CZE",226488.04357623
2013,"CZE",229073.04183072
2014,"CZE",215100.258327985
2015,"CZE",200128.090846625
2016,"CZE",209188.464637074
2017,"CZE",240268.538300483
2018,"CZE",266794.095881152
2019,"CZE",261651.533615642
2020,"CZE",236361.924051063
2010,"DEU",2088906.89096634
2011,"DEU",2175501.43111642
2012,"DEU",1817127.05237017
2013,"DEU",1924895.71236633
2014,"DEU",1979040.89326025
2015,"DEU",1816562.79200647
2016,"DEU",1869950.48159666
2017,"DEU",2023516.3658417
2018,"DEU",2142840.23456387
2019,"DEU",1963338.13921905
2020,"DEU",1878894.73743317
2010,"DJI",2347.65653015587
2011,"DJI",2347.65653015587
2012,"DJI",2347.65653015587
2013,"DJI",1168.67055892236
2014,"DJI",1449.05544208516
2015,"DJI",1896.78171052592
2016,"DJI",2482.7169919404
2017,"DJI",2627.34714908642
2018,"DJI",2667.05700840851
2019,"DJI",3151.78955158111
2020,"DJI",3337.8338286971
2010,"DMA",177.878820832091
2011,"DMA",144.722785940118
2012,"DMA",161.429149392604
2013,"DMA",150.033833743009
2014,"DMA",138.544085575996
2015,"DMA",198.348229473543
2016,"DMA",241.908198996805
2017,"DMA",145.954225610982
2018,"DMA",136.996121461091
2019,"DMA",166.201716780693
2020,"DMA",166.201716780693
2010,"DNK",161577.212675088
2011,"DNK",158728.032032143
2012,"DNK",135451.333344743
2013,"DNK",111159.76906604
2014,"DNK",117346.10147328
2015,"DNK",107446.747667925
2016,"DNK",124744.175378136
2017,"DNK",142296.080248285
2018,"DNK",124615.152471798
2019,"DNK",105606.920823052
2020,"DNK",101868.888819699
2010,"DOM",21239.9374831786
2011,"DOM",23061.9216499803
2012,"DOM",21069.8609628558
2013,"DOM",24454.1175735682
2014,"DOM",24670.020193074
2015,"DOM",32105.947345554
2016,"DOM",31208.0322434067
2017,"DOM",33143.0079769574
2018,"DOM",35817.5456594234
2019,"DOM",38647.3460647448
2020,"DOM",40022.0889332774
2010,"DZA",44175.3159331046
2011,"DZA",51241.3460384013
2012,"DZA",47848.99192876
2013,"DZA",52575.657674645
2014,"DZA",50483.4292800392
2015,"DZA",41779.1240138896
2016,"DZA",45495.3890198702
2017,"DZA",54030.5339533575
2018,"DZA",64591.0010040946
2019,"DZA",70223.6566760746
2020,"DZA",49571.6963285307
2010,"ECU",23196.647576976
2011,"ECU",35091.8160642716
2012,"ECU",24932.8018261603
2013,"ECU",24521.9718931741
2014,"ECU",29325.3893414838
2015,"ECU",27606.9711441172
2016,"ECU",32382.0506228358
2017,"ECU",36564.3631069558
2018,"ECU",36960.8294622997
2019,"ECU",33601.2696173966
2020,"ECU",29174.7360464457
2010,"EGY",211915.742866769
2011,"EGY",222301.556644302
2012,"EGY",246750.974256713
2013,"EGY",199547.191503328
2014,"EGY",233563.131070156
2015,"EGY",268811.547671403
2016,"EGY",314751.993662605
2017,"EGY",268199.294806119
2018,"EGY",272687.696259366
2019,"EGY",272842.5497863
2020,"EGY",311103.665096925
2010,"ERI",88.0107859997532
2011,"ERI",336.428947834774
2012,"ERI",212.219866917264
2013,"ERI",212.219866917264
2014,"ERI",212.219866917264
2015,"ERI",212.219866917264
2016,"ERI",212.219866917264
2017,"ERI",212.219866917264
2018,"ERI",212.219866917264
2019,"ERI",212.219866917264
2020,"ERI",212.219866917264
2010,"ESP",844140.945984253
2011,"ESP",810744.25713859
2012,"ESP",621851.390250379
2013,"ESP",706675.531308351
2014,"ESP",634857.771749576
2015,"ESP",616651.508174825
2016,"ESP",654901.886650695
2017,"ESP",685141.939002693
2018,"ESP",711257.77928307
2019,"ESP",678295.878642883
2020,"ESP",647435.089875955
2010,"EST",15896.3994361846
2011,"EST",17176.8286479027
2012,"EST",13816.1225816016
2013,"EST",16100.7618285209
2014,"EST",18429.1055955647
2015,"EST",16119.4123179408
2016,"EST",18083.2546946959
2017,"EST",21570.1543102304
2018,"EST",24580.8267994008
2019,"EST",23917.5994208145
2020,"EST",20640.0077948685
2010,"ETH",10795.6880794939
2011,"ETH",3831.9057070049
2012,"ETH",5463.2636489483
2013,"ETH",13952.7253142637
2014,"ETH",24961.8583609613
2015,"ETH",7914.14998518868
2016,"ETH",8017.02421459602
2017,"ETH",10285.5523022527
2018,"ETH",9737.08357754857
2019,"ETH",11837.3531303278
2020,"ETH",11955.9645538473
2010,"FIN",127632.099934849
2011,"FIN",138990.80998579
2012,"FIN",113724.183960435
2013,"FIN",112210.525762699
2014,"FIN",109635.767728569
2015,"FIN",100433.956083824
2016,"FIN",106945.898532965
2017,"FIN",98498.7019172939
2018,"FIN",102769.668173203
2019,"FIN",95063.660708968
2020,"FIN",90237.5684158497
2010,"FJI",627.832786844872
2011,"FJI",870.866847555568
2012,"FJI",779.370395800667
2013,"FJI",767.080945192837
2014,"FJI",777.55226318571
2015,"FJI",1100.74900834269
2016,"FJI",1231.97219747274
2017,"FJI",1067.01445491913
2018,"FJI",1272.30010003641
2019,"FJI",946.052654808986
2020,"FJI",1046.03959734912
2010,"FRA",1866299.29123898
2011,"FRA",1826204.95048194
2012,"FRA",1545935.88300513
2013,"FRA",1613740.19983252
2014,"FRA",1558495.89904848
2015,"FRA",1378050.5566247
2016,"FRA",1405999.28436933
2017,"FRA",1485366.94608722
2018,"FRA",1551989.00941408
2019,"FRA",1461594.93762228
2020,"FRA",1412801.64645105
2010,"FRO",289.80202418109
2011,"FRO",250.531596502702
2012,"FRO",177.32533214478
2013,"FRO",286.685262400385
2014,"FRO",341.011081755923
2015,"FRO",409.827886632378
2016,"FRO",499.633846602142
2017,"FRO",528.308242736348
2018,"FRO",420.645560946914
2019,"FRO",573.450564345913
2020,"FRO",473.876011426078
2010,"FSM",28.4082560760295
2011,"FSM",34.9209820753037
2012,"FSM",55.2178929060559
2013,"FSM",26.3596541142349
2014,"FSM",11.547177401352
2015,"FSM",9.93132403883973
2016,"FSM",17.2477660749051
2017,"FSM",11.7809313372591
2018,"FSM",17.9719438353189
2019,"FSM",3.20779515679777
2020,"FSM",13.5856757788022
2010,"GAB",3247.57082475998
2011,"GAB",4122.30311503759
2012,"GAB",3972.87663269829
2013,"GAB",5148.43564191653
2014,"GAB",4956.63560506773
2015,"GAB",5024.61190852388
2016,"GAB",4388.99164763677
2017,"GAB",3993.11357621389
2018,"GAB",3995.53113696465
2019,"GAB",2776.91048829789
2020,"GAB",2285.24852761775
2010,"GBR",811630.841690717
2011,"GBR",824429.873207375
2012,"GBR",735237.158042424
2013,"GBR",754181.27905884
2014,"GBR",831689.930155447
2015,"GBR",842657.766811359
2016,"GBR",790743.007226028
2017,"GBR",806725.721392236
2018,"GBR",792975.64681818
2019,"GBR",765976.025232693
2020,"GBR",698366.889295773
2010,"GEO",7449.1065800354
2011,"GEO",8569.89681044829
2012,"GEO",9743.94801806136
2013,"GEO",12002.5844808889
2014,"GEO",11220.4676757565
2015,"GEO",8940.67008826031
2016,"GEO",8253.77781663766
2017,"GEO",8907.5581580285
2018,"GEO",9993.32328369695
2019,"GEO",11341.2548643067
2020,"GEO",10197.7118025819
2010,"GHA",7214.28205362686
2011,"GHA",9236.29981233899
2012,"GHA",21748.8743189694
2013,"GHA",18757.4056160152
2014,"GHA",13699.7278618111
2015,"GHA",13504.0010420947
2016,"GHA",11757.8993742348
2017,"GHA",13270.1698584062
2018,"GHA",13360.4416347647
2019,"GHA",11817.9644124239
2020,"GHA",25675.9742099653
2010,"GIN",958.027354178107
2011,"GIN",980.51361827937
2012,"GIN",1648.23595159167
2013,"GIN",1711.33648335167
2014,"GIN",1279.73402964962
2015,"GIN",1666.69556624898
2016,"GIN",776.935814715505
2017,"GIN",1392.25097978192
2018,"GIN",1500.05054726001
2019,"GIN",2036.78768087236
2020,"GIN",1438.45412004812
2010,"GMB",619.26656631254
2011,"GMB",1046.77853028133
2012,"GMB",654.20332490763
2013,"GMB",861.616763208605
2014,"GMB",443.172179693455
2015,"GMB",602.880507216574
2016,"GMB",858.891613488236
2017,"GMB",1064.28215505497
2018,"GMB",1174.46659042916
2019,"GMB",2033.33461139963
2020,"GMB",1779.40891658005
2010,"GNB",88.4013096760684
2011,"GNB",216.035629397835
2012,"GNB",144.184907890048
2013,"GNB",107.286805420401
2014,"GNB",103.707429023326
2015,"GNB",339.227596455194
2016,"GNB",262.993789084247
2017,"GNB",89.9157417332476
2018,"GNB",75.5918891675583
2019,"GNB",126.484832037982
2020,"GNB",169.780291495669
2010,"GNQ",1040.71871858468
2011,"GNQ",1955.09368455298
2012,"GNQ",1884.73867733442
2013,"GNQ",2392.65061505
2014,"GNQ",1596.97637458128
2015,"GNQ",1332.94616610634
2016,"GNQ",1316.15164445114
2017,"GNQ",744.930065285314
2018,"GNQ",664.690556202968
2019,"GNQ",528.179247365068
2020,"GNQ",658.208355506138
2010,"GRC",79060.6278124071
2011,"GRC",70707.743004157
2012,"GRC",49147.2470971661
2013,"GRC",51534.5823531837
2014,"GRC",48895.3652245412
2015,"GRC",46598.8694611576
2016,"GRC",51217.3119555516
2017,"GRC",50921.9946889207
2018,"GRC",51319.8294247541
2019,"GRC",50300.2193911977
2020,"GRC",48336.7435123996
2010,"GRL",285.816889110494
2011,"GRL",225.505387218286
2012,"GRL",265.420011264807
2013,"GRL",438.537246638088
2014,"GRL",385.669796407535
2015,"GRL",424.724013806486
2016,"GRL",463.192783801834
2017,"GRL",451.389482512372
2018,"GRL",426.193863193132
2019,"GRL",486.288990334315
2020,"GRL",379.025836636172
2010,"GTM",22760.3246011659
2011,"GTM",27016.4996882481
2012,"GTM",23445.6981521492
2013,"GTM",26253.5942641205
2014,"GTM",25855.4786518319
2015,"GTM",34863.509234869
2016,"GTM",39504.7206588991
2017,"GTM",37072.1220933371
2018,"GTM",35925.2889167085
2019,"GTM",38674.2152146181
2020,"GTM",45358.8819918901
2010,"GUM",105.612350047999
2011,"GUM",86.6252010832491
2012,"GUM",105.669437856872
2013,"GUM",108.72178150983
2014,"GUM",88.5677085234396
2015,"GUM",62.0308512164079
2016,"GUM",89.2563177230688
2017,"GUM",85.1227074584698
2018,"GUM",96.4159508125427
2019,"GUM",58.9454617165881
2020,"GUM",32.4456484893573
2010,"HKG",67302.2621379707
2011,"HKG",85967.353080042
2012,"HKG",105151.67116688
2013,"HKG",96822.7873864431
2014,"HKG",103170.600387387
2015,"HKG",128819.612417991
2016,"HKG",134458.448669658
2017,"HKG",102983.233704597
2018,"HKG",97190.2565531407
2019,"HKG",146955.918335947
2020,"HKG",156941.35595942
2010,"HND",3075.5700406192
2011,"HND",3286.23004848036
2012,"HND",4204.96864941254
2013,"HND",3633.62532533922
2014,"HND",3500.61217585233
2015,"HND",4664.11736064897
2016,"HND",4689.74858639489
2017,"HND",4863.14365503149
2018,"HND",4541.08735074789
2019,"HND",4658.74966350976
2020,"HND",4371.97778857709
2010,"HRV",45213.9877956597
2011,"HRV",48831.4004972081
2012,"HRV",41188.5358665126
2013,"HRV",41222.410470198
2014,"HRV",40922.9149113695
2015,"HRV",37605.7553219258
2016,"HRV",39166.0407107025
2017,"HRV",43410.4369026195
2018,"HRV",50983.2713056693
2019,"HRV",49879.3021217895
2020,"HRV",54223.7419543938
2010,"HTI",1743.70232453783
2011,"HTI",2692.2076223506
2012,"HTI",2184.72443086613
2013,"HTI",3568.26016754592
2014,"HTI",3756.52345242305
2015,"HTI",4640.26595139087
2016,"HTI",4070.11272469173
2017,"HTI",4501.47440822209
2018,"HTI",5159.25845689092
2019,"HTI",3555.79840100196
2020,"HTI",3557.00136032126
2010,"HUN",89877.6548039768
2011,"HUN",96980.7987965914
2012,"HUN",90565.0252966123
2013,"HUN",100679.286796283
2014,"HUN",103761.793358075
2015,"HUN",95047.4195794402
2016,"HUN",102634.799820105
2017,"HUN",113643.736043161
2018,"HUN",126281.499771127
2019,"HUN",120794.76862603
2020,"HUN",107947.654103993
2010,"IDN",234824.505955312
2011,"IDN",235166.956779299
2012,"IDN",253579.83909584
2013,"IDN",247631.309305839
2014,"IDN",222003.180366285
2015,"IDN",236563.248467908
2016,"IDN",242668.46082046
2017,"IDN",243184.334654585
2018,"IDN",225403.706746898
2019,"IDN",258527.034766341
2020,"IDN",251183.647428859
2010,"IND",325188.579522116
2011,"IND",346381.082666622
2012,"IND",332127.541378711
2013,"IND",395169.481307392
2014,"IND",448113.128606036
2015,"IND",585318.769969697
2016,"IND",585981.315735657
2017,"IND",664831.309993609
2018,"IND",749810.049261792
2019,"IND",814190.187215443
2020,"IND",637546.249711882
2010,"IRL",33221.4395407871
2011,"IRL",36176.2643285965
2012,"IRL",30164.2136199276
2013,"IRL",31193.4109300917
2014,"IRL",29691.8177159262
2015,"IRL",30290.9583606146
2016,"IRL",27816.5751250575
2017,"IRL",31631.9979068924
2018,"IRL",33680.0697963662
2019,"IRL",26317.2206743953
2020,"IRL",24873.5613414907
2010,"IRN",222759.106588583
2011,"IRN",267470.866862094
2012,"IRN",149514.459117818
2013,"IRN",179547.364224412
2014,"IRN",188612.499280436
2015,"IRN",180554.992378753
2016,"IRN",214437.390223848
2017,"IRN",218407.628292832
2018,"IRN",135616.081954688
2019,"IRN",74429.8479154532
2020,"IRN",54654.6896343192
2010,"IRQ",42070.2419219355
2011,"IRQ",51459.3036961687
2012,"IRQ",30832.4109212737
2013,"IRQ",65264.0195314589
2014,"IRQ",47819.1185035767
2015,"IRQ",50403.2723690859
2016,"IRQ",70731.2348775545
2017,"IRQ",78858.7094865722
2018,"IRQ",81587.5923661272
2019,"IRQ",41409.2030826788
2020,"IRQ",46445.9458964185
2010,"ISL",3790.0702709231
2011,"ISL",2865.31701856405
2012,"ISL",2273.83417520737
2013,"ISL",2690.12859617868
2014,"ISL",2938.03441369134
2015,"ISL",3097.57876026812
2016,"ISL",3787.81265004563
2017,"ISL",4997.02519878601
2018,"ISL",4626.79338618762
2019,"ISL",4841.93228575079
2020,"ISL",4368.92039214342
2010,"ISR",64431.7116605809
2011,"ISR",70592.1599135747
2012,"ISR",70230.5730820671
2013,"ISR",72872.7567995111
2014,"ISR",73455.831251866
2015,"ISR",83040.7165046226
2016,"ISR",84813.3284267386
2017,"ISR",96394.4525739166
2018,"ISR",85994.8650586664
2019,"ISR",97248.6155880627
2020,"ISR",103851.54157249
2010,"ITA",1353322.69050299
2011,"ITA",1380264.17047267
2012,"ITA",1143082.17680444
2013,"ITA",1194625.12201863
2014,"ITA",1164198.4364901
2015,"ITA",1052350.86826617
2016,"ITA",1059617.63894182
2017,"ITA",1071902.20238527
2018,"ITA",1122039.12687865
2019,"ITA",1071315.61924956
2020,"ITA",990781.483833486
2010,"JAM",6821.24166698071
2011,"JAM",6176.29272795894
2012,"JAM",7478.36070288271
2013,"JAM",6157.30069101623
2014,"JAM",4611.85901631038
2015,"JAM",5943.71776390242
2016,"JAM",5582.97987596999
2017,"JAM",6115.48269826848
2018,"JAM",6409.13054586766
2019,"JAM",6600.71488356777
2020,"JAM",6893.55115918622
2010,"JOR",11200.7162967454
2011,"JOR",13480.0039800518
2012,"JOR",12085.376618084
2013,"JOR",12960.5951163832
2014,"JOR",11463.9903163934
2015,"JOR",13598.0307338672
2016,"JOR",12086.2362164209
2017,"JOR",12313.9268647185
2018,"JOR",11742.1369862547
2019,"JOR",13046.6326584786
2020,"JOR",13249.0427477296
2010,"JPN",4496358.87023772
2011,"JPN",4557759.37171007
2012,"JPN",4150623.07109839
2013,"JPN",3029957.66901334
2014,"JPN",2239326.97981866
2015,"JPN",2026948.49410032
2016,"JPN",2307252.28439479
2017,"JPN",2217659.82474217
2018,"JPN",2144907.96792669
2019,"JPN",2145004.15905142
2020,"JPN",2129007.03069222
2010,"KAZ",75986.9052031884
2011,"KAZ",86583.562760776
2012,"KAZ",96108.7640601171
2013,"KAZ",112712.528604331
2014,"KAZ",97269.7342261976
2015,"KAZ",70078.2751975105
2016,"KAZ",56136.1731800119
2017,"KAZ",74322.5753182334
2018,"KAZ",57779.5366916232
2019,"KAZ",57440.0612702273
2020,"KAZ",54671.1880265336
2010,"KEN",22549.8850035737
2011,"KEN",20506.9533150149
2012,"KEN",24603.5812996043
2013,"KEN",30691.4562729534
2014,"KEN",32245.9484773456
2015,"KEN",38293.89144936
2016,"KEN",37373.9988996693
2017,"KEN",33448.0235252914
2018,"KEN",38083.4905260914
2019,"KEN",43204.2859195314
2020,"KEN",43653.0259654477
2010,"KGZ",9626.50654033394
2011,"KGZ",9495.99449183808
2012,"KGZ",11487.0121133055
2013,"KGZ",12641.4874999062
2014,"KGZ",8489.39233097136
2015,"KGZ",5649.93397275649
2016,"KGZ",5319.52886566588
2017,"KGZ",7893.12152606203
2018,"KGZ",9126.1468140976
2019,"KGZ",8699.19276825549
2020,"KGZ",7825.1175238049
2010,"KHM",2490.33833968305
2011,"KHM",3493.41551400317
2012,"KHM",3719.60966102258
2013,"KHM",2469.21324054505
2014,"KHM",3618.75195252207
2015,"KHM",4339.86139604232
2016,"KHM",4312.5883178126
2017,"KHM",5082.84640044457
2018,"KHM",6124.39306587032
2019,"KHM",10771.6332685614
2020,"KHM",11843.2957761617
2010,"KIR",18.0702653447688
2011,"KIR",16.1918644412171
2012,"KIR",111.837885562096
2013,"KIR",14.1864843574023
2014,"KIR",18.9772231274066
2015,"KIR",6.87715719575854
2016,"KIR",16.6984269316938
2017,"KIR",7.84797797893447
2018,"KIR",13.1421083984294
2019,"KIR",4.90786404061987
2020,"KIR",41.5888789272805
2010,"KOR",649006.334051512
2011,"KOR",609637.956308254
2012,"KOR",601435.015217551
2013,"KOR",571520.371513767
2014,"KOR",541211.933255722
2015,"KOR",648764.563782974
2016,"KOR",700957.561543929
2017,"KOR",707508.731400692
2018,"KOR",721716.573260115
2019,"KOR",735323.243038288
2020,"KOR",783618.506536801
2010,"KWT",29490.889829098
2011,"KWT",39297.67154368
2012,"KWT",30909.3512865544
2013,"KWT",39465.8023994702
2014,"KWT",34417.5627655052
2015,"KWT",33290.6569068517
2016,"KWT",27439.8161476807
2017,"KWT",31679.7812435816
2018,"KWT",35869.4246970079
2019,"KWT",33734.4587153397
2020,"KWT",33559.5415534769
2010,"LAO",1643.75329132213
2011,"LAO",2020.08941153773
2012,"LAO",1763.85646935398
2013,"LAO",2593.66858714169
2014,"LAO",2660.75223480752
2015,"LAO",2533.45886945411
2016,"LAO",2789.92008731478
2017,"LAO",2286.49985013313
2018,"LAO",2286.49985013313
2019,"LAO",2286.49985013313
2020,"LAO",2286.49985013313
2010,"LBN",16402.0103974804
2011,"LBN",16207.756582107
2012,"LBN",16642.328834096
2013,"LBN",18661.446579683
2014,"LBN",19090.0066764286
2015,"LBN",20469.994842965
2016,"LBN",20200.4884809817
2017,"LBN",21904.9423972976
2018,"LBN",21877.8340455538
2019,"LBN",17807.2130659654
2020,"LBN",15571.1850169871
2010,"LBY",21237.9381170729
2011,"LBY",9517.23302414313
2012,"LBY",23145.3945576429
2013,"LBY",19226.6864581151
2014,"LBY",13432.8312852231
2015,"LBY",12082.1664060039
2016,"LBY",9701.13790918356
2017,"LBY",9464.76388721731
2018,"LBY",12879.2606707374
2019,"LBY",15559.584248841
2020,"LBY",14624.699656418
2010,"LKA",26338.1379427691
2011,"LKA",26338.1379427691
2012,"LKA",26338.1379427691
2013,"LKA",26338.1379427691
2014,"LKA",26338.1379427691
2015,"LKA",29025.1652009275
2016,"LKA",26605.5202763352
2017,"LKA",26383.469661639
2018,"LKA",26663.0645991236
2019,"LKA",23523.4090480003
2020,"LKA",25828.1988705888
2010,"LSO",482.099621629702
2011,"LSO",489.81650167848
2012,"LSO",437.439192452613
2013,"LSO",555.62430969944
2014,"LSO",380.274663927572
2015,"LSO",380.290370421852
2016,"LSO",345.271811638267
2017,"LSO",276.235004059519
2018,"LSO",365.981365255502
2019,"LSO",324.068835982282
2020,"LSO",313.494778313362
2010,"LTU",19800.6393486339
2011,"LTU",24277.894631772
2012,"LTU",22290.0597706958
2013,"LTU",22033.9702730889
2014,"LTU",26635.9152431754
2015,"LTU",25447.2350075106
2016,"LTU",27077.3949036059
2017,"LTU",32154.348520015
2018,"LTU",33202.6870674115
2019,"LTU",30557.8783901827
2020,"LTU",31930.0906119552
2010,"LUX",19704.8511194332
2011,"LUX",19757.3387793567
2012,"LUX",16814.0033434084
2013,"LUX",15267.7201207334
2014,"LUX",15333.0266859389
2015,"LUX",13599.630712183
2016,"LUX",14357.0234969086
2017,"LUX",15152.1518232346
2018,"LUX",16152.8558833494
2019,"LUX",14459.8785993899
2020,"LUX",10893.8215740203
2010,"LVA",22532.5535481066
2011,"LVA",24792.8970748591
2012,"LVA",23524.8247674621
2013,"LVA",27644.5028105363
2014,"LVA",29133.1459679002
2015,"LVA",28098.2874000384
2016,"LVA",29832.3766958087
2017,"LVA",32791.9407784121
2018,"LVA",33009.835310294
2019,"LVA",32427.3750512498
2020,"LVA",27297.8644180083
2010,"MAC",9019.46629809676
2011,"MAC",8212.29807495663
2012,"MAC",7773.35605796057
2013,"MAC",10729.3116573374
2014,"MAC",14320.1739491538
2015,"MAC",18512.3816600245
2016,"MAC",14892.5013010541
2017,"MAC",13920.3307841928
2018,"MAC",10938.9540426588
2019,"MAC",10656.8564689474
2020,"MAC",5479.06845161734
2010,"MAR",24914.5535948859
2011,"MAR",28750.1134899743
2012,"MAR",26617.8065266362
2013,"MAR",30483.9640932713
2014,"MAR",39893.296854098
2015,"MAR",39423.0394520237
2016,"MAR",46285.2572795078
2017,"MAR",44043.8497020381
2018,"MAR",48479.0533565915
2019,"MAR",58151.2081475534
2020,"MAR",57118.2716021534
2010,"MDA",10783.933078875
2011,"MDA",11128.9366072838
2012,"MDA",10234.9718988524
2013,"MDA",14023.1374934782
2014,"MDA",14086.1925934798
2015,"MDA",11586.7672750136
2016,"MDA",12474.1281696317
2017,"MDA",12969.6955955885
2018,"MDA",16585.082893034
2019,"MDA",17062.2512194845
2020,"MDA",18413.3760932998
2010,"MDG",2504.19474742407
2011,"MDG",3081.28784869442
2012,"MDG",4477.51396570948
2013,"MDG",5261.39358550817
2014,"MDG",6369.00135171142
2015,"MDG",5994.94662854831
2016,"MDG",6696.80970945577
2017,"MDG",6898.17380268032
2018,"MDG",6763.74830425478
2019,"MDG",5875.03953663626
2020,"MDG",5775.98078926521
2010,"MDV",1044.02640541484
2011,"MDV",1044.02640541484
2012,"MDV",1044.02640541484
2013,"MDV",1044.02640541484
2014,"MDV",701.112012279402
2015,"MDV",846.457924552957
2016,"MDV",1072.27995819627
2017,"MDV",1092.92297955785
2018,"MDV",1210.09052813212
2019,"MDV",1412.34188538014
2020,"MDV",972.979549805138
2010,"MEX",588534.76703762
2011,"MEX",572647.020866644
2012,"MEX",541434.036597313
2013,"MEX",566474.452196014
2014,"MEX",547226.620884845
2015,"MEX",545738.738287517
2016,"MEX",512507.04078475
2017,"MEX",504807.68549269
2018,"MEX",517800.477085705
2019,"MEX",528082.236764549
2020,"MEX",464580.939430365
2010,"MHL",197.854292775193
2011,"MHL",36.4646247832732
2012,"MHL",99.7639423750177
2013,"MHL",9.80658616264098
2014,"MHL",5.09262130745948
2015,"MHL",10.0615598906341
2016,"MHL",24.0232638412527
2017,"MHL",41.3192592483955
2018,"MHL",14.5590637953492
2019,"MHL",70.1636028030319
2020,"MHL",178.772870526465
2010,"MKD",3800.45430004696
2011,"MKD",3767.84182861586
2012,"MKD",3473.74540206507
2013,"MKD",3922.87300861199
2014,"MKD",3589.79735093525
2015,"MKD",3805.58052149188
2016,"MKD",5145.77987953527
2017,"MKD",5290.40530801915
2018,"MKD",6094.21922902608
2019,"MKD",5579.86014602656
2020,"MKD",12973.8607725868
2010,"MLI",1399.36712289426
2011,"MLI",1383.04772689887
2012,"MLI",1125.56527583041
2013,"MLI",676.447602456299
2014,"MLI",665.109288330114
2015,"MLI",481.539718606656
2016,"MLI",909.115989597189
2017,"MLI",1020.55228947708
2018,"MLI",990.352290229004
2019,"MLI",992.850155088164
2020,"MLI",639.917810307884
2010,"MLT",1656.16548727448
2011,"MLT",1975.30445303496
2012,"MLT",2075.66880021088
2013,"MLT",2248.85770658672
2014,"MLT",1719.41926846554
2015,"MLT",1541.11991108371
2016,"MLT",1578.65285265762
2017,"MLT",1811.21850358466
2018,"MLT",2030.24245820609
2019,"MLT",1910.27090010288
2020,"MLT",1525.73614571958
2010,"MMR",29732.0674474085
2011,"MMR",53031.817919156
2012,"MMR",59836.5838519062
2013,"MMR",32916.7228016669
2014,"MMR",28293.1324987235
2015,"MMR",25767.1268808792
2016,"MMR",23949.4597706581
2017,"MMR",19409.2113599656
2018,"MMR",21034.8022718603
2019,"MMR",25155.9550740292
2020,"MMR",23986.3291304357
2010,"MNE",2230.93221042331
2011,"MNE",2290.32096228657
2012,"MNE",1899.8091969881
2013,"MNE",2331.99826994985
2014,"MNE",2097.56476636125
2015,"MNE",1922.38682004683
2016,"MNE",1900.94758724582
2017,"MNE",2256.39268915829
2018,"MNE",2137.4347978743
2019,"MNE",2287.60621598279
2020,"MNE",1513.88722444955
2010,"MNG",3471.8590715969
2011,"MNG",2973.56879076157
2012,"MNG",3833.42257959388
2013,"MNG",3351.7688139999
2014,"MNG",3620.95802678958
2015,"MNG",4780.01027406418
2016,"MNG",3899.16675188708
2017,"MNG",4290.95035848839
2018,"MNG",3847.63745797343
2019,"MNG",4355.53638537129
2020,"MNG",4091.36077889363
2010,"MNP",37.9480900053905
2011,"MNP",8.29812338592119
2012,"MNP",7.25696060307841
2013,"MNP",15.6894352792865
2014,"MNP",19.6053459319273
2015,"MNP",15.9425026193058
2016,"MNP",14.006571614806
2017,"MNP",39.3837803094854
2018,"MNP",27.0983427077537
2019,"MNP",6.18713923163654
2020,"MNP",19.1416291688591
2010,"MOZ",6664.01924528523
2011,"MOZ",5605.35760582524
2012,"MOZ",4364.27607063702
2013,"MOZ",5594.58317642999
2014,"MOZ",5344.02647445048
2015,"MOZ",7971.35055196721
2016,"MOZ",4928.44959868447
2017,"MOZ",5472.07547467245
2018,"MOZ",4920.76010135608
2019,"MOZ",5413.67612953631
2020,"MOZ",6083.77775091041
2010,"MRT",694.789300747303
2011,"MRT",564.962614830907
2012,"MRT",614.583614757086
2013,"MRT",973.263253249169
2014,"MRT",782.329117579647
2015,"MRT",944.135255260779
2016,"MRT",1437.88415429178
2017,"MRT",1440.62226761497
2018,"MRT",1301.65010510815
2019,"MRT",1361.31180024058
2020,"MRT",1463.42975143102
2010,"MUS",3572.56023290441
2011,"MUS",3509.48090414445
2012,"MUS",2867.8966158863
2013,"MUS",3241.23924718507
2014,"MUS",3920.80208361245
2015,"MUS",3179.79492063743
2016,"MUS",2560.69736843522
2017,"MUS",3144.57621299444
2018,"MUS",3476.94994118936
2019,"MUS",3574.69490744901
2020,"MUS",2966.53077322914
2010,"MYS",169737.919535927
2011,"MYS",221772.209063632
2012,"MYS",180104.609841982
2013,"MYS",176686.066436985
2014,"MYS",174990.484750101
2015,"MYS",179359.184050669
2016,"MYS",186322.631362424
2017,"MYS",181144.714918903
2018,"MYS",238050.975205189
2019,"MYS",248324.083578327
2020,"MYS",216328.977320849
2010,"NAM",7238.68793838992
2011,"NAM",9755.21892628272
2012,"NAM",7175.43177997692
2013,"NAM",5331.15686213065
2014,"NAM",4445.06416210568
2015,"NAM",3753.03672094884
2016,"NAM",3752.72180321706
2017,"NAM",4900.87282504747
2018,"NAM",5565.77835924984
2019,"NAM",5766.51042193799
2020,"NAM",3448.9870271811
2010,"NCL",1105.5776971611
2011,"NCL",1344.14552286934
2012,"NCL",1167.45517083954
2013,"NCL",1129.65659439011
2014,"NCL",1201.71401330405
2015,"NCL",983.928457148435
2016,"NCL",856.496855841288
2017,"NCL",970.643340033262
2018,"NCL",1094.95220644839
2019,"NCL",1094.95220644839
2020,"NCL",1094.95220644839
2010,"NER",247.100035125204
2011,"NER",420.513687381728
2012,"NER",282.828169676465
2013,"NER",382.873113414338
2014,"NER",424.558436476565
2015,"NER",353.921996627196
2016,"NER",235.562229566809
2017,"NER",313.988973392
2018,"NER",669.251797857727
2019,"NER",993.971254968587
2020,"NER",406.26009308606
2010,"NGA",135527.564238647
2011,"NGA",59268.1697131279
2012,"NGA",76682.6992671274
2013,"NGA",89470.3751202726
2014,"NGA",95127.3202978016
2015,"NGA",103114.394368413
2016,"NGA",63335.4582053042
2017,"NGA",51420.0399120883
2018,"NGA",35522.2020392427
2019,"NGA",378892.245870932
2020,"NGA",66248.8600552747
2010,"NIC",1725.427235984
2011,"NIC",1870.40793981711
2012,"NIC",2058.49758234055
2013,"NIC",2226.96743282833
2014,"NIC",2502.87342099311
2015,"NIC",2996.4025639497
2016,"NIC",3129.75344093452
2017,"NIC",3445.59211543944
2018,"NIC",3145.17133732205
2019,"NIC",2648.66151780243
2020,"NIC",2570.04318161036
2010,"NLD",289505.431802021
2011,"NLD",299048.616163697
2012,"NLD",243677.804486787
2013,"NLD",250924.33546533
2014,"NLD",241450.467541054
2015,"NLD",211794.751463009
2016,"NLD",228416.417150798
2017,"NLD",248401.061460268
2018,"NLD",269209.589025693
2019,"NLD",261673.974312689
2020,"NLD",252584.395515172
2010,"NOR",99454.6552323788
2011,"NOR",115225.506554466
2012,"NOR",110149.261653064
2013,"NOR",107942.237970407
2014,"NOR",103367.471767274
2015,"NOR",88029.7188923563
2016,"NOR",84870.2344820292
2017,"NOR",91264.0849032813
2018,"NOR",97204.2808223276
2019,"NOR",87078.0080228927
2020,"NOR",83858.706269373
2010,"NPL",5194.08882259842
2011,"NPL",7734.20274118315
2012,"NPL",7506.18924406113
2013,"NPL",9213.14164734392
2014,"NPL",8509.39538024577
2015,"NPL",6835.77417769663
2016,"NPL",11825.3466402364
2017,"NPL",12551.6795146148
2018,"NPL",12732.9128928084
2019,"NPL",12883.3877782268
2020,"NPL",8525.89119371438
2010,"NRU",110.605391749374
2011,"NRU",2.1585764520062
2012,"NRU",4.58779431311547
2013,"NRU",5.19468033530845
2014,"NRU",4.88729440116372
2015,"NRU",3.08835322669442
2016,"NRU",1.85168457104215
2017,"NRU",6.68973494690154
2018,"NRU",1.79338873425249
2019,"NRU",0.400362317194573
2020,"NRU",7.2902408434287
2010,"NZL",57626.2458766327
2011,"NZL",53635.5318187902
2012,"NZL",46327.0515839734
2013,"NZL",49402.1289162521
2014,"NZL",48145.470799546
2015,"NZL",50876.7870245594
2016,"NZL",53609.2774862927
2017,"NZL",54675.6958833684
2018,"NZL",56633.2222422134
2019,"NZL",60037.378650289
2020,"NZL",62502.2948533615
2010,"OMN",16893.5085006481
2011,"OMN",18473.0743721201
2012,"OMN",19445.0688049717
2013,"OMN",16240.9738481118
2014,"OMN",18058.3407578044
2015,"OMN",17604.9089081826
2016,"OMN",21746.4825475765
2017,"OMN",23720.2590353553
2018,"OMN",27074.3622084411
2019,"OMN",27127.0290702177
2020,"OMN",19638.4040345506
2010,"PAK",67887.319560145
2011,"PAK",72918.1655889584
2012,"PAK",61381.3836363858
2013,"PAK",72676.7787594355
2014,"PAK",96351.2177454374
2015,"PAK",124069.532168194
2016,"PAK",121423.382653117
2017,"PAK",122114.027627289
2018,"PAK",86463.4200501243
2019,"PAK",73656.9335283861
2020,"PAK",73611.6634188787
2010,"PAN",12048.0902203175
2011,"PAN",12016.2972587932
2012,"PAN",15022.8282782191
2013,"PAN",14503.9120842274
2014,"PAN",10255.5643102031
2015,"PAN",13968.0408546468
2016,"PAN",13332.9497873922
2017,"PAN",14619.5041052135
2018,"PAN",10535.8068187571
2019,"PAN",11312.0508925034
2020,"PAN",11799.5525574343
2010,"PER",50061.5882353566
2011,"PER",50554.8461783827
2012,"PER",57865.6650074994
2013,"PER",65085.5771207313
2014,"PER",66601.4752629829
2015,"PER",72764.1102957194
2016,"PER",70201.0658287004
2017,"PER",71386.4490428062
2018,"PER",79583.3540969824
2019,"PER",78440.0908814858
2020,"PER",66995.5216394048
2010,"PHL",99797.1662272526
2011,"PHL",138159.697326806
2012,"PHL",139124.763241493
2013,"PHL",134039.963210042
2014,"PHL",110489.981089279
2015,"PHL",97697.0656038269
2016,"PHL",86464.7037311817
2017,"PHL",78922.1447484158
2018,"PHL",81221.2161637671
2019,"PHL",91760.9828031812
2020,"PHL",85192.407244587
2010,"POL",446537.740070098
2011,"POL",486183.255644383
2012,"POL",399947.563092927
2013,"POL",427469.734374951
2014,"POL",441271.5002957
2015,"POL",419087.216339387
2016,"POL",407463.155432409
2017,"POL",455899.621372666
2018,"POL",523455.484675615
2019,"POL",486368.526831658
2020,"POL",439340.578373781
2010,"PRT",228094.64421369
2011,"PRT",229567.903993983
2012,"PRT",170707.108930393
2013,"PRT",194756.585113128
2014,"PRT",171662.999987876
2015,"PRT",158935.984415163
2016,"PRT",170896.40726993
2017,"PRT",179896.747984321
2018,"PRT",188006.569235307
2019,"PRT",154985.535480011
2020,"PRT",163878.76260931
2010,"PRY",7043.16922922186
2011,"PRY",9406.70096391986
2012,"PRY",10754.7281536856
2013,"PRY",9969.11157673146
2014,"PRY",10131.4336242137
2015,"PRY",11561.7766875378
2016,"PRY",10706.6315674835
2017,"PRY",9815.45981243169
2018,"PRY",12318.5924346722
2019,"PRY",9208.43588441504
2020,"PRY",9124.09880350419
2010,"PSE",4014.57055082219
2011,"PSE",5326.36576132433
2012,"PSE",5295.40414163923
2013,"PSE",6343.59836215828
2014,"PSE",6554.83910463955
2015,"PSE",6713.55007905067
2016,"PSE",7197.78729551903
2017,"PSE",8069.49487551235
2018,"PSE",6540.38174511822
2019,"PSE",6415.0614186741
2020,"PSE",6748.2659678828
2010,"PYF",940.197325832185
2011,"PYF",940.197325832185
2012,"PYF",940.197325832185
2013,"PYF",940.197325832185
2014,"PYF",940.197325832185
2015,"PYF",940.197325832185
2016,"PYF",940.197325832185
2017,"PYF",1074.31833504682
2018,"PYF",940.197325832185
2019,"PYF",915.156119092125
2020,"PYF",831.117523357612
2010,"QAT",40754.4948120693
2011,"QAT",27512.5261531638
2012,"QAT",16090.8344468768
2013,"QAT",39534.4567359113
2014,"QAT",30453.5522554477
2015,"QAT",28542.7112320405
2016,"QAT",22641.9904164754
2017,"QAT",21407.0863402784
2018,"QAT",26731.9585792168
2019,"QAT",18835.9539610567
2020,"QAT",15134.1203627557
2010,"ROU",84778.5570180586
2011,"ROU",91170.2242681871
2012,"ROU",75462.4918683919
2013,"ROU",80525.9396213954
2014,"ROU",80142.01389247
2015,"ROU",79222.1649191405
2016,"ROU",86767.4196807968
2017,"ROU",98672.5582033713
2018,"ROU",117417.280220366
2019,"ROU",116456.79527813
2020,"ROU",119546.899634456
2010,"RUS",369456.047356411
2011,"RUS",504330.753099939
2012,"RUS",507249.433278366
2013,"RUS",544260.721296723
2014,"RUS",486632.333183853
2015,"RUS",326410.797117726
2016,"RUS",381830.417862583
2017,"RUS",452802.388654341
2018,"RUS",430267.852985733
2019,"RUS",434362.457201938
2020,"RUS",423474.090792338
2010,"RWA",1518.62362271562
2011,"RWA",2653.10527551508
2012,"RWA",2207.56094629506
2013,"RWA",3006.22702137473
2014,"RWA",2361.2969955926
2015,"RWA",1981.95264870572
2016,"RWA",1896.38508385069
2017,"RWA",2251.02207573193
2018,"RWA",2437.30704849
2019,"RWA",2974.96622397101
2020,"RWA",1976.81757223778
2010,"SAU",130741.857126866
2011,"SAU",160520.87855861
2012,"SAU",178090.622635944
2013,"SAU",175649.409537991
2014,"SAU",168127.169369195
2015,"SAU",178475.156995937
2016,"SAU",157032.487374
2017,"SAU",149024.750236435
2018,"SAU",167531.780208466
2019,"SAU",188100.9234045
2020,"SAU",166376.041938422
2010,"SDN",45976.759068154
2011,"SDN",27825.8366592444
2012,"SDN",46788.3380026102
2013,"SDN",41846.9551473171
2014,"SDN",653746.867098489
2015,"SDN",668338.556696046
2016,"SDN",614201.154700179
2017,"SDN",586763.846765003
2018,"SDN",587409.304597371
2019,"SDN",935834.705651396
2020,"SDN",1739703.85073281
2010,"SEN",5362.48941708152
2011,"SEN",6005.86850569905
2012,"SEN",5903.10165073629
2013,"SEN",6844.71450966851
2014,"SEN",8538.24337450216
2015,"SEN",9805.14585395536
2016,"SEN",10025.902161606
2017,"SEN",9613.29221995136
2018,"SEN",9897.9029362758
2019,"SEN",9645.99860498976
2020,"SEN",11728.2672742846
2010,"SGP",46808.6930337025
2011,"SGP",60314.3396510956
2012,"SGP",52455.4662799059
2013,"SGP",47917.5039842267
2014,"SGP",45342.3510049901
2015,"SGP",47465.9853390361
2016,"SGP",52614.2247709691
2017,"SGP",44904.6015120212
2018,"SGP",50816.4056822758
2019,"SGP",56873.6291980914
2020,"SGP",62273.4456410446
2010,"SLB",74.662782021297
2011,"SLB",114.100993225227
2012,"SLB",102.961197146793
2013,"SLB",75.7349519434261
2014,"SLB",139.867740859449
2015,"SLB",96.2265173609632
2016,"SLB",227.431372778086
2017,"SLB",309.448157248717
2018,"SLB",200.461838356396
2019,"SLB",152.693504963249
2020,"SLB",395.967500211682
2010,"SLE",684.816507963185
2011,"SLE",22761.3199244647
2012,"SLE",585.464046334889
2013,"SLE",623.856951829004
2014,"SLE",816.666802179764
2015,"SLE",849.609175945908
2016,"SLE",673.091652877646
2017,"SLE",616.204243892494
2018,"SLE",744.35882176607
2019,"SLE",748.245404655942
2020,"SLE",904.443793569152
2010,"SLV",4215.8402493807
2011,"SLV",4755.5362763306
2012,"SLV",4949.615179725
2013,"SLV",4802.90810664844
2014,"SLV",4670.75686928133
2015,"SLV",4850.22797342753
2016,"SLV",5439.5646939778
2017,"SLV",5444.62232709263
2018,"SLV",6234.19263835195
2019,"SLV",5893.27057727725
2020,"SLV",5821.27029202642
2010,"SMR",82.2148975204655
2011,"SMR",82.2148975204655
2012,"SMR",82.2148975204655
2013,"SMR",82.2148975204655
2014,"SMR",82.2148975204655
2015,"SMR",54.064557091004
2016,"SMR",62.998887367437
2017,"SMR",89.0755230024402
2018,"SMR",104.427858391274
2019,"SMR",110.87362768807
2020,"SMR",71.8489315825677
2010,"SOM",911.764388027336
2011,"SOM",911.764388027336
2012,"SOM",911.764388027336
2013,"SOM",320.666330767675
2014,"SOM",376.309955765073
2015,"SOM",621.973391544629
2016,"SOM",1039.53214435674
2017,"SOM",1475.37156732607
2018,"SOM",1350.23012472371
2019,"SOM",1075.65398230443
2020,"SOM",1034.37760743037
2010,"SRB",21483.0135945667
2011,"SRB",24654.468503721
2012,"SRB",20277.0372844732
2013,"SRB",23627.1203346736
2014,"SRB",22344.384486287
2015,"SRB",21627.6695118335
2016,"SRB",27574.421436171
2017,"SRB",32574.1307850208
2018,"SRB",35558.9763237685
2019,"SRB",37401.6437782582
2020,"SRB",34841.2719753776
2010,"SSD",81.2772964272242
2011,"SSD",81.2772964272242
2012,"SSD",7.46468776001877
2013,"SSD",16.2904023551457
2014,"SSD",127.079319196587
2015,"SSD",174.274776397145
2016,"SSD",81.2772964272242
2017,"SSD",81.2772964272242
2018,"SSD",81.2772964272242
2019,"SSD",81.2772964272242
2020,"SSD",81.2772964272242
2010,"SUR",1419.80230988818
2011,"SUR",1419.80230988818
2012,"SUR",1419.80230988818
2013,"SUR",1419.80230988818
2014,"SUR",1419.80230988818
2015,"SUR",1419.80230988818
2016,"SUR",1419.80230988818
2017,"SUR",1419.80230988818
2018,"SUR",1419.80230988818
2019,"SUR",1419.80230988818
2020,"SUR",1419.80230988818
2010,"SVK",88018.0438903334
2011,"SVK",89574.4654132299
2012,"SVK",78561.7021682265
2013,"SVK",83921.9396757566
2014,"SVK",86618.2226713899
2015,"SVK",79335.8732412959
2016,"SVK",83755.8189484483
2017,"SVK",83924.6735554968
2018,"SVK",89626.7025452895
2019,"SVK",89853.5060619866
2020,"SVK",84306.1063497101
2010,"SVN",41602.9134490343
2011,"SVN",40690.8121007215
2012,"SVN",35155.2980255427
2013,"SVN",33876.4222116425
2014,"SVN",33342.6185135629
2015,"SVN",31635.8151763718
2016,"SVN",32435.090250046
2017,"SVN",32120.1966754575
2018,"SVN",34903.2005530672
2019,"SVN",36696.5212146183
2020,"SVN",37215.649915853
2010,"SWE",247297.575109342
2011,"SWE",247587.108722445
2012,"SWE",212560.211572039
2013,"SWE",209434.924464443
2014,"SWE",199927.750797661
2015,"SWE",186408.299206908
2016,"SWE",193028.098668557
2017,"SWE",205318.989144565
2018,"SWE",198591.406236156
2019,"SWE",177813.478013084
2020,"SWE",181043.201428508
2010,"SWZ",1596.14767628323
2011,"SWZ",1356.39695486919
2012,"SWZ",1830.0528459713
2013,"SWZ",1010.48775420968
2014,"SWZ",951.078638347026
2015,"SWZ",1010.63661648003
2016,"SWZ",905.01754300275
2017,"SWZ",978.759810022898
2018,"SWZ",1077.06859700718
2019,"SWZ",149142.141887541
2020,"SWZ",739.767359374439
2010,"SXM",127.673494857339
2011,"SXM",38.203839947108
2012,"SXM",41.4009820324767
2013,"SXM",91.008720390217
2014,"SXM",105.567425390667
2015,"SXM",206.656384544976
2016,"SXM",117.278032280443
2017,"SXM",92.0255473432063
2018,"SXM",329.247026929615
2019,"SXM",127.673494857339
2020,"SXM",127.673494857339
2010,"SYC",399.077966508838
2011,"SYC",298.121227484854
2012,"SYC",260.965392920456
2013,"SYC",484.075551282408
2014,"SYC",224.293051043925
2015,"SYC",277.270345967763
2016,"SYC",235.016406806693
2017,"SYC",223.151570431013
2018,"SYC",273.234282584898
2019,"SYC",220.486041522711
2020,"SYC",317.217636904725
2010,"SYR",32071.1939725976
2011,"SYR",30648.8818034802
2012,"SYR",22262.8412880347
2013,"SYR",13178.2953933985
2014,"SYR",12344.5495968754
2015,"SYR",8983.5617108105
2016,"SYR",7636.59834186795
2017,"SYR",9999.26516129703
2018,"SYR",14798.3120001381
2019,"SYR",15898.5959917606
2020,"SYR",9661.87800465166
2010,"TCD",504.266116464264
2011,"TCD",619.223858148123
2012,"TCD",391.011830588767
2013,"TCD",545.648983620244
2014,"TCD",858.241187553571
2015,"TCD",928.313847793239
2016,"TCD",628.467235532958
2017,"TCD",613.761802366697
2018,"TCD",263.151928385099
2019,"TCD",321.699260971468
2020,"TCD",395.707678974796
2010,"TGO",1162.27334439628
2011,"TGO",1174.32844930963
2012,"TGO",15834.3203715085
2013,"TGO",5414.42940485359
2014,"TGO",1741.68556380112
2015,"TGO",1591.86693750751
2016,"TGO",1829.0953895375
2017,"TGO",2661.85809235673
2018,"TGO",2509.64436870848
2019,"TGO",3768.47646000374
2020,"TGO",4055.56977488225
2010,"THA",186384.655164798
2011,"THA",146886.148538469
2012,"THA",144825.373132553
2013,"THA",136196.571575803
2014,"THA",132639.945532083
2015,"THA",141869.675627914
2016,"THA",154045.607578453
2017,"THA",172067.707044895
2018,"THA",167774.504217436
2019,"THA",180165.755867977
2020,"THA",196862.482352025
2010,"TJK",6629.62968120887
2011,"TJK",8266.90658205578
2012,"TJK",6739.76139525499
2013,"TJK",12177.3446642438
2014,"TJK",9831.19291938666
2015,"TJK",6836.22894055934
2016,"TJK",6836.22894055934
2017,"TJK",4245.8043430055
2018,"TJK",4746.06861513357
2019,"TJK",5106.7263385073
2020,"TJK",3782.62592623758
2010,"TKM",4639.45400579181
2011,"TKM",5951.46437643373
2012,"TKM",3973.99504042184
2013,"TKM",6578.060684427
2014,"TKM",6321.12185370007
2015,"TKM",7297.25228601866
2016,"TKM",5938.48460357946
2017,"TKM",6942.37142187392
2018,"TKM",9288.29960134985
2019,"TKM",6325.6115415107
2020,"TKM",6325.6115415107
2010,"TLS",57.0714462573708
2011,"TLS",60.3774051890709
2012,"TLS",65.8079856072173
2013,"TLS",128.408863238648
2014,"TLS",82.0128533574092
2015,"TLS",151.322083293548
2016,"TLS",152.876399509669
2017,"TLS",173.100461705796
2018,"TLS",127.8102042465
2019,"TLS",232.16629493455
2020,"TLS",290.089917940819
2010,"TON",48.6705606335567
2011,"TON",75.5468052905608
2012,"TON",87.6148910341875
2013,"TON",37.6299330552661
2014,"TON",69.8782985938139
2015,"TON",50.1072032363688
2016,"TON",59.8408781995819
2017,"TON",68.2802315855486
2018,"TON",40.0087560975206
2019,"TON",43.5681160128159
2020,"TON",33.6188833834303
2010,"TUN",19403.0090833997
2011,"TUN",20363.125995757
2012,"TUN",19453.1349514529
2013,"TUN",20845.6909850871
2014,"TUN",20084.9814652676
2015,"TUN",20727.6503643285
2016,"TUN",21941.413065109
2017,"TUN",19360.1853955475
2018,"TUN",21800.0387165275
2019,"TUN",20220.0544816073
2020,"TUN",17473.7555871277
2010,"TUR",472197.262839804
2011,"TUR",466886.668461146
2012,"TUR",408250.824189331
2013,"TUR",457599.059125477
2014,"TUR",461423.344582516
2015,"TUR",465989.009422592
2016,"TUR",462735.471873345
2017,"TUR",435124.913598464
2018,"TUR",378147.580895895
2019,"TUR",390274.461086733
2020,"TUR",383420.170218883
2010,"TZA",12322.0017182392
2011,"TZA",15092.1691351556
2012,"TZA",24531.3573568552
2013,"TZA",24901.5890711947
2014,"TZA",27315.0904550821
2015,"TZA",33154.5199227338
2016,"TZA",68041.1499781985
2017,"TZA",32010.5857115779
2018,"TZA",32445.1958485991
2019,"TZA",47220.1596122567
2020,"TZA",47884.9158863971
2010,"UGA",5583.01314478082
2011,"UGA",9771.51515876998
2012,"UGA",10679.6861855895
2013,"UGA",7239.00467552942
2014,"UGA",12353.0859729024
2015,"UGA",6978.86711050192
2016,"UGA",6615.29124637757
2017,"UGA",6082.12310777431
2018,"UGA",4993.74164271564
2019,"UGA",4528.24252551171
2020,"UGA",4992.0197687143
2010,"UKR",64032.7574194511
2011,"UKR",76107.8054442888
2012,"UKR",65591.4064281642
2013,"UKR",74488.4979179797
2014,"UKR",54885.1700862215
2015,"UKR",40071.107148335
2016,"UKR",44575.9098521459
2017,"UKR",54399.6021053379
2018,"UKR",61973.5265123534
2019,"UKR",69435.1174980151
2020,"UKR",79185.5693503066
2010,"URY",13641.3479349681
2011,"URY",12789.3534856304
2012,"URY",13986.3427631329
2013,"URY",13915.9898824672
2014,"URY",12363.8003631254
2015,"URY",14646.3198735509
2016,"URY",12153.7571055836
2017,"URY",15512.2712575416
2018,"URY",14807.0352793091
2019,"URY",12802.2952245109
2020,"URY",11706.1591724082
2010,"USA",5629476.25588547
2011,"USA",5398790.93333871
2012,"USA",5205620.47579676
2013,"USA",5384565.43502839
2014,"USA",5600985.84588696
2015,"USA",6447156.00093688
2016,"USA",6648760.68619504
2017,"USA",6783056.81439497
2018,"USA",6957342.75218999
2019,"USA",6797127.02819733
2020,"USA",6785441.27800833
2010,"UZB",11790.0458901236
2011,"UZB",13524.1075175174
2012,"UZB",14939.2893437339
2013,"UZB",21661.1910951767
2014,"UZB",33499.3365152893
2015,"UZB",24410.5954492343
2016,"UZB",20894.1852751312
2017,"UZB",19703.0242236338
2018,"UZB",15541.5043963374
2019,"UZB",16809.8302027335
2020,"UZB",21346.404859431
2010,"VEN",48272.0969309421
2011,"VEN",47290.1340750861
2012,"VEN",41883.4920233739
2013,"VEN",26980.4654209541
2014,"VEN",16440.0097986406
2015,"VEN",36173.2396497994
2016,"VEN",36173.2396497994
2017,"VEN",36173.2396497994
2018,"VEN",36173.2396497994
2019,"VEN",36173.2396497994
2020,"VEN",36173.2396497994
2010,"VNM",85379.5404276948
2011,"VNM",99023.4684125719
2012,"VNM",109427.385543374
2013,"VNM",116123.494338208
2014,"VNM",138827.491595896
2015,"VNM",158629.222516465
2016,"VNM",168846.580632264
2017,"VNM",182076.220475852
2018,"VNM",184112.734406281
2019,"VNM",183592.887138005
2020,"VNM",191929.643047371
2010,"VUT",147.438075704817
2011,"VUT",167.856260481525
2012,"VUT",156.181978265873
2013,"VUT",74.7821166556723
2014,"VUT",116.286555513867
2015,"VUT",142.528450987947
2016,"VUT",160.268087294316
2017,"VUT",132.606214399601
2018,"VUT",176.921674819053
2019,"VUT",198.708227395668
2020,"VUT",147.488089067883
2010,"WSM",316.65023208264
2011,"WSM",304.134789417038
2012,"WSM",678.913387613664
2013,"WSM",314.823443517536
2014,"WSM",273.590284616059
2015,"WSM",296.806462734529
2016,"WSM",338.806997589177
2017,"WSM",430.44547497323
2018,"WSM",329.047438499951
2019,"WSM",484.228291417382
2020,"WSM",224.043159722519
2010,"YEM",7590.08716395092
2011,"YEM",6541.54233617014
2012,"YEM",11014.28370484
2013,"YEM",12782.8190518422
2014,"YEM",12010.4784840444
2015,"YEM",4327.73103245798
2016,"YEM",7955.25556317449
2017,"YEM",4765.54368538876
2018,"YEM",7046.07452728426
2019,"YEM",8225.97950546147
2020,"YEM",8225.97950546147
2010,"ZAF",140137.102169087
2011,"ZAF",140003.580434477
2012,"ZAF",132675.399342436
2013,"ZAF",128918.752674586
2014,"ZAF",111152.855802664
2015,"ZAF",118596.399317941
2016,"ZAF",105683.395416922
2017,"ZAF",125694.612856862
2018,"ZAF",127372.387394531
2019,"ZAF",122621.834720008
2020,"ZAF",89711.5013396712
2010,"ZMB",3156.90303639551
2011,"ZMB",3334.81688684149
2012,"ZMB",2955.07835491514
2013,"ZMB",4554.06323792217
2014,"ZMB",5105.5201471404
2015,"ZMB",4311.85986577376
2016,"ZMB",6078.53953208784
2017,"ZMB",6268.68540185048
2018,"ZMB",6023.54119983392
2019,"ZMB",5774.26388089952
2020,"ZMB",3036.07772272456
2010,"ZWE",3307.44115413732
2011,"ZWE",2602.40761198061
2012,"ZWE",3234.33704897384
2013,"ZWE",4409.67672173864
2014,"ZWE",3635.559613034
2015,"ZWE",3399.07645156339
2016,"ZWE",3745.34795241627
2017,"ZWE",3883.93175581603
2018,"ZWE",6940.28476306173
2019,"ZWE",3295.18384762377
2020,"ZWE",4039.42201834102
