Year,iso_code3,ef_ippu_tonne_c2f6_per_tonne_production_electronics
2010,ABW,0.0
2011,ABW,0.0
2012,ABW,0.0
2013,ABW,0.0
2014,ABW,0.0
2015,ABW,0.0
2016,ABW,0.0
2017,ABW,0.0
2018,ABW,0.0
2019,ABW,0.0
2020,ABW,0.0
2010,AFG,0.0
2011,AFG,0.0
2012,AFG,0.0
2013,AFG,0.0
2014,AFG,0.0
2015,AFG,0.0
2016,AFG,0.0
2017,AFG,0.0
2018,AFG,0.0
2019,AFG,0.0
2020,AFG,0.0
2010,AGO,0.0
2011,AGO,0.0
2012,AGO,0.0
2013,AGO,0.0
2014,AGO,0.0
2015,AGO,0.0
2016,AGO,0.0
2017,AGO,0.0
2018,AGO,0.0
2019,AGO,0.0
2020,AGO,0.0
2010,ALB,0.0
2011,ALB,0.0
2012,ALB,0.0
2013,ALB,0.0
2014,ALB,0.0
2015,ALB,0.0
2016,ALB,0.0
2017,ALB,0.0
2018,ALB,0.0
2019,ALB,0.0
2020,ALB,0.0
2010,AND,6.382263510515979e-07
2011,AND,7.016523005139811e-07
2012,AND,6.805420960470161e-07
2013,AND,4.299803138071466e-07
2014,AND,3.7201330762734393e-07
2015,AND,4.153164398604678e-07
2016,AND,5.846984022072436e-07
2017,AND,5.595604240853194e-07
2018,AND,3.261677203109654e-07
2019,AND,3.247573172831756e-07
2020,AND,3.33887142674901e-07
2010,ARE,0.0
2011,ARE,0.0
2012,ARE,0.0
2013,ARE,0.0
2014,ARE,0.0
2015,ARE,0.0
2016,ARE,0.0
2017,ARE,0.0
2018,ARE,0.0
2019,ARE,0.0
2020,ARE,0.0
2010,ARG,2.382536730414056e-09
2011,ARG,2.184522143864052e-09
2012,ARG,1.962847219761848e-09
2013,ARG,1.901053883168506e-09
2014,ARG,2.274786762545448e-09
2015,ARG,1.7721223390282127e-09
2016,ARG,2.261205673767828e-09
2017,ARG,1.880446672751704e-09
2018,ARG,2.619592540477658e-09
2019,ARG,2.6938016446331443e-09
2020,ARG,3.192439678184789e-09
2010,ARM,0.0
2011,ARM,0.0
2012,ARM,0.0
2013,ARM,0.0
2014,ARM,0.0
2015,ARM,0.0
2016,ARM,0.0
2017,ARM,0.0
2018,ARM,0.0
2019,ARM,0.0
2020,ARM,0.0
2010,ASM,0.0
2011,ASM,0.0
2012,ASM,0.0
2013,ASM,0.0
2014,ASM,0.0
2015,ASM,0.0
2016,ASM,0.0
2017,ASM,0.0
2018,ASM,0.0
2019,ASM,0.0
2020,ASM,0.0
2010,ATG,0.0
2011,ATG,0.0
2012,ATG,0.0
2013,ATG,0.0
2014,ATG,0.0
2015,ATG,0.0
2016,ATG,0.0
2017,ATG,0.0
2018,ATG,0.0
2019,ATG,0.0
2020,ATG,0.0
2010,AUS,1.3187003623111724e-08
2011,AUS,1.1554792932650281e-08
2012,AUS,1.1455936250654582e-08
2013,AUS,1.2289606906842628e-08
2014,AUS,1.2720494856824871e-08
2015,AUS,1.3395844578876015e-08
2016,AUS,1.3558418416452476e-08
2017,AUS,1.2008048461938582e-08
2018,AUS,1.1458320821778409e-08
2019,AUS,1.1851479933866997e-08
2020,AUS,1.1928401146367409e-08
2010,AUT,1.2927170638044895e-06
2011,AUT,1.1766988693167303e-06
2012,AUT,8.336226406801247e-07
2013,AUT,7.655947448384063e-07
2014,AUT,7.261106202974408e-07
2015,AUT,7.428827766329378e-07
2016,AUT,7.430395758630668e-07
2017,AUT,5.856340768688594e-07
2018,AUT,3.881966982258044e-07
2019,AUT,4.173329210522307e-07
2020,AUT,4.317394569064927e-07
2010,AZE,0.0
2011,AZE,0.0
2012,AZE,0.0
2013,AZE,0.0
2014,AZE,0.0
2015,AZE,0.0
2016,AZE,0.0
2017,AZE,0.0
2018,AZE,0.0
2019,AZE,0.0
2020,AZE,0.0
2010,BDI,0.0
2011,BDI,0.0
2012,BDI,0.0
2013,BDI,0.0
2014,BDI,0.0
2015,BDI,0.0
2016,BDI,0.0
2017,BDI,0.0
2018,BDI,0.0
2019,BDI,0.0
2020,BDI,0.0
2010,BEL,1.2247003986226513e-07
2011,BEL,1.2114314455639845e-07
2012,BEL,2.2802110414705454e-07
2013,BEL,2.3972867311629333e-07
2014,BEL,2.444789756044868e-07
2015,BEL,3.536878160520389e-07
2016,BEL,4.607520089854442e-07
2017,BEL,5.390520369696004e-07
2018,BEL,4.786706453180584e-07
2019,BEL,4.00099896091524e-07
2020,BEL,3.936362524889453e-07
2010,BEN,0.0
2011,BEN,0.0
2012,BEN,0.0
2013,BEN,0.0
2014,BEN,0.0
2015,BEN,0.0
2016,BEN,0.0
2017,BEN,0.0
2018,BEN,0.0
2019,BEN,0.0
2020,BEN,0.0
2010,BFA,0.0
2011,BFA,0.0
2012,BFA,0.0
2013,BFA,0.0
2014,BFA,0.0
2015,BFA,0.0
2016,BFA,0.0
2017,BFA,0.0
2018,BFA,0.0
2019,BFA,0.0
2020,BFA,0.0
2010,BGD,0.0
2011,BGD,0.0
2012,BGD,0.0
2013,BGD,0.0
2014,BGD,0.0
2015,BGD,0.0
2016,BGD,0.0
2017,BGD,0.0
2018,BGD,0.0
2019,BGD,0.0
2020,BGD,0.0
2010,BGR,0.0
2011,BGR,0.0
2012,BGR,0.0
2013,BGR,0.0
2014,BGR,0.0
2015,BGR,0.0
2016,BGR,0.0
2017,BGR,0.0
2018,BGR,0.0
2019,BGR,0.0
2020,BGR,0.0
2010,BHR,0.0
2011,BHR,0.0
2012,BHR,0.0
2013,BHR,0.0
2014,BHR,0.0
2015,BHR,0.0
2016,BHR,0.0
2017,BHR,0.0
2018,BHR,0.0
2019,BHR,0.0
2020,BHR,0.0
2010,BHS,0.0
2011,BHS,0.0
2012,BHS,0.0
2013,BHS,0.0
2014,BHS,0.0
2015,BHS,0.0
2016,BHS,0.0
2017,BHS,0.0
2018,BHS,0.0
2019,BHS,0.0
2020,BHS,0.0
2010,BIH,0.0
2011,BIH,0.0
2012,BIH,0.0
2013,BIH,0.0
2014,BIH,0.0
2015,BIH,0.0
2016,BIH,0.0
2017,BIH,0.0
2018,BIH,0.0
2019,BIH,0.0
2020,BIH,0.0
2010,BLR,0.0
2011,BLR,0.0
2012,BLR,0.0
2013,BLR,0.0
2014,BLR,0.0
2015,BLR,0.0
2016,BLR,0.0
2017,BLR,0.0
2018,BLR,0.0
2019,BLR,0.0
2020,BLR,0.0
2010,BLZ,0.0
2011,BLZ,0.0
2012,BLZ,0.0
2013,BLZ,0.0
2014,BLZ,0.0
2015,BLZ,0.0
2016,BLZ,0.0
2017,BLZ,0.0
2018,BLZ,0.0
2019,BLZ,0.0
2020,BLZ,0.0
2010,BMU,0.0
2011,BMU,0.0
2012,BMU,0.0
2013,BMU,0.0
2014,BMU,0.0
2015,BMU,0.0
2016,BMU,0.0
2017,BMU,0.0
2018,BMU,0.0
2019,BMU,0.0
2020,BMU,0.0
2010,BOL,0.0
2011,BOL,0.0
2012,BOL,0.0
2013,BOL,0.0
2014,BOL,0.0
2015,BOL,0.0
2016,BOL,0.0
2017,BOL,0.0
2018,BOL,0.0
2019,BOL,0.0
2020,BOL,0.0
2010,BRA,2.247701528264154e-09
2011,BRA,2.028071374262569e-09
2012,BRA,2.175552345673393e-09
2013,BRA,2.089700930980847e-09
2014,BRA,2.232012439017394e-09
2015,BRA,3.074785624021988e-09
2016,BRA,2.9469653883500114e-09
2017,BRA,2.3859839806456434e-09
2018,BRA,2.847880018841121e-09
2019,BRA,2.9150313604068156e-09
2020,BRA,3.4432875170488302e-09
2010,BRB,0.0
2011,BRB,0.0
2012,BRB,0.0
2013,BRB,0.0
2014,BRB,0.0
2015,BRB,0.0
2016,BRB,0.0
2017,BRB,0.0
2018,BRB,0.0
2019,BRB,0.0
2020,BRB,0.0
2010,BRN,0.0
2011,BRN,0.0
2012,BRN,0.0
2013,BRN,0.0
2014,BRN,0.0
2015,BRN,0.0
2016,BRN,0.0
2017,BRN,0.0
2018,BRN,0.0
2019,BRN,0.0
2020,BRN,0.0
2010,BTN,0.0
2011,BTN,0.0
2012,BTN,0.0
2013,BTN,0.0
2014,BTN,0.0
2015,BTN,0.0
2016,BTN,0.0
2017,BTN,0.0
2018,BTN,0.0
2019,BTN,0.0
2020,BTN,0.0
2010,BWA,0.0
2011,BWA,0.0
2012,BWA,0.0
2013,BWA,0.0
2014,BWA,0.0
2015,BWA,0.0
2016,BWA,0.0
2017,BWA,0.0
2018,BWA,0.0
2019,BWA,0.0
2020,BWA,0.0
2010,CAF,0.0
2011,CAF,0.0
2012,CAF,0.0
2013,CAF,0.0
2014,CAF,0.0
2015,CAF,0.0
2016,CAF,0.0
2017,CAF,0.0
2018,CAF,0.0
2019,CAF,0.0
2020,CAF,0.0
2010,CAN,3.961296889014325e-08
2011,CAN,5.969175780551354e-08
2012,CAN,8.075933514945449e-08
2013,CAN,1.0258971572824909e-07
2014,CAN,1.1672390712322045e-07
2015,CAN,1.4988228441052258e-07
2016,CAN,1.6545499118887259e-07
2017,CAN,1.9457379414410879e-07
2018,CAN,1.8872409069863002e-07
2019,CAN,1.831582276164584e-07
2020,CAN,2.033436932434936e-07
2010,CHE,5.247996188292514e-07
2011,CHE,5.522245213559419e-07
2012,CHE,6.188453998225334e-07
2013,CHE,5.988861829315107e-07
2014,CHE,5.053054593802578e-07
2015,CHE,4.909704188896327e-07
2016,CHE,4.5983859630828093e-07
2017,CHE,5.937143577762996e-07
2018,CHE,6.306472735446069e-07
2019,CHE,6.28135758407797e-07
2020,CHE,6.672196325656799e-07
2010,CHL,1.7281292628887306e-08
2011,CHL,1.5383115932285215e-08
2012,CHL,1.371459927489726e-08
2013,CHL,1.2497703629684022e-08
2014,CHL,1.3415083849918029e-08
2015,CHL,1.1629756298167011e-08
2016,CHL,1.10573108795037e-08
2017,CHL,1.1299395800721796e-08
2018,CHL,1.179671508102544e-08
2019,CHL,1.1995997283694225e-08
2020,CHL,1.067240941962026e-08
2010,CHN,3.15267957638556e-07
2011,CHN,2.771188509531137e-07
2012,CHN,1.67642670667158e-07
2013,CHN,1.7517519244381447e-07
2014,CHN,2.542749220632562e-07
2015,CHN,2.140623384640298e-07
2016,CHN,2.446132280438499e-07
2017,CHN,2.878067625917043e-07
2018,CHN,2.573442904322405e-07
2019,CHN,1.919307929568702e-07
2020,CHN,1.835424068832924e-07
2010,CIV,0.0
2011,CIV,0.0
2012,CIV,0.0
2013,CIV,0.0
2014,CIV,0.0
2015,CIV,0.0
2016,CIV,0.0
2017,CIV,0.0
2018,CIV,0.0
2019,CIV,0.0
2020,CIV,0.0
2010,CMR,0.0
2011,CMR,0.0
2012,CMR,0.0
2013,CMR,0.0
2014,CMR,0.0
2015,CMR,0.0
2016,CMR,0.0
2017,CMR,0.0
2018,CMR,0.0
2019,CMR,0.0
2020,CMR,0.0
2010,COD,0.0
2011,COD,0.0
2012,COD,0.0
2013,COD,0.0
2014,COD,0.0
2015,COD,0.0
2016,COD,0.0
2017,COD,0.0
2018,COD,0.0
2019,COD,0.0
2020,COD,0.0
2010,COG,0.0
2011,COG,0.0
2012,COG,0.0
2013,COG,0.0
2014,COG,0.0
2015,COG,0.0
2016,COG,0.0
2017,COG,0.0
2018,COG,0.0
2019,COG,0.0
2020,COG,0.0
2010,COL,1.0747909848155458e-08
2011,COL,1.0734129802763272e-08
2012,COL,9.070732970901182e-09
2013,COL,8.367189422514371e-09
2014,COL,8.164307987248051e-09
2015,COL,9.950410201455861e-09
2016,COL,1.1481198126553383e-08
2017,COL,1.0202589547775729e-08
2018,COL,9.409652735512045e-09
2019,COL,9.290998620690929e-09
2020,COL,1.0511560514921232e-08
2010,COM,0.0
2011,COM,0.0
2012,COM,0.0
2013,COM,0.0
2014,COM,0.0
2015,COM,0.0
2016,COM,0.0
2017,COM,0.0
2018,COM,0.0
2019,COM,0.0
2020,COM,0.0
2010,CPV,0.0
2011,CPV,0.0
2012,CPV,0.0
2013,CPV,0.0
2014,CPV,0.0
2015,CPV,0.0
2016,CPV,0.0
2017,CPV,0.0
2018,CPV,0.0
2019,CPV,0.0
2020,CPV,0.0
2010,CRI,0.0
2011,CRI,0.0
2012,CRI,0.0
2013,CRI,0.0
2014,CRI,0.0
2015,CRI,0.0
2016,CRI,0.0
2017,CRI,0.0
2018,CRI,0.0
2019,CRI,0.0
2020,CRI,0.0
2010,CUB,0.0
2011,CUB,0.0
2012,CUB,0.0
2013,CUB,0.0
2014,CUB,0.0
2015,CUB,0.0
2016,CUB,0.0
2017,CUB,0.0
2018,CUB,0.0
2019,CUB,0.0
2020,CUB,0.0
2010,CUW,0.0
2011,CUW,0.0
2012,CUW,0.0
2013,CUW,0.0
2014,CUW,0.0
2015,CUW,0.0
2016,CUW,0.0
2017,CUW,0.0
2018,CUW,0.0
2019,CUW,0.0
2020,CUW,0.0
2010,CYM,0.0
2011,CYM,0.0
2012,CYM,0.0
2013,CYM,0.0
2014,CYM,0.0
2015,CYM,0.0
2016,CYM,0.0
2017,CYM,0.0
2018,CYM,0.0
2019,CYM,0.0
2020,CYM,0.0
2010,CYP,0.0
2011,CYP,0.0
2012,CYP,0.0
2013,CYP,0.0
2014,CYP,0.0
2015,CYP,0.0
2016,CYP,0.0
2017,CYP,0.0
2018,CYP,0.0
2019,CYP,0.0
2020,CYP,0.0
2010,CZE,1.4294419413069936e-06
2011,CZE,8.169912621872691e-08
2012,CZE,5.460426217354582e-08
2013,CZE,7.682759367989896e-09
2014,CZE,7.745203630578288e-09
2015,CZE,8.26204502862399e-09
2016,CZE,7.672075751142233e-09
2017,CZE,6.914568082909929e-09
2018,CZE,5.754997394102012e-09
2019,CZE,5.521324383685261e-09
2020,CZE,5.3855093204348735e-09
2010,DEU,2.729157478329093e-07
2011,DEU,2.588367885442888e-07
2012,DEU,2.3162456434256214e-07
2013,DEU,2.125121276644669e-07
2014,DEU,2.189068413773348e-07
2015,DEU,2.489803918350388e-07
2016,DEU,2.6104157142458214e-07
2017,DEU,3.16946097132814e-07
2018,DEU,2.486393232855889e-07
2019,DEU,2.207129953698177e-07
2020,DEU,2.1854633117774657e-07
2010,DJI,0.0
2011,DJI,0.0
2012,DJI,0.0
2013,DJI,0.0
2014,DJI,0.0
2015,DJI,0.0
2016,DJI,0.0
2017,DJI,0.0
2018,DJI,0.0
2019,DJI,0.0
2020,DJI,0.0
2010,DMA,0.0
2011,DMA,0.0
2012,DMA,0.0
2013,DMA,0.0
2014,DMA,0.0
2015,DMA,0.0
2016,DMA,0.0
2017,DMA,0.0
2018,DMA,0.0
2019,DMA,0.0
2020,DMA,0.0
2010,DNK,7.018913807481007e-09
2011,DNK,7.059984971041222e-09
2012,DNK,7.531457222571664e-09
2013,DNK,7.285502224366136e-09
2014,DNK,6.789886383249681e-09
2015,DNK,8.007554947502231e-09
2016,DNK,7.219073879110766e-09
2017,DNK,7.63223523963781e-09
2018,DNK,7.494176527559477e-09
2019,DNK,7.687750109162303e-09
2020,DNK,7.721178084452405e-09
2010,DOM,0.0
2011,DOM,0.0
2012,DOM,0.0
2013,DOM,0.0
2014,DOM,0.0
2015,DOM,0.0
2016,DOM,0.0
2017,DOM,0.0
2018,DOM,0.0
2019,DOM,0.0
2020,DOM,0.0
2010,DZA,0.0
2011,DZA,0.0
2012,DZA,0.0
2013,DZA,0.0
2014,DZA,0.0
2015,DZA,0.0
2016,DZA,0.0
2017,DZA,0.0
2018,DZA,0.0
2019,DZA,0.0
2020,DZA,0.0
2010,ECU,0.0
2011,ECU,0.0
2012,ECU,0.0
2013,ECU,0.0
2014,ECU,0.0
2015,ECU,0.0
2016,ECU,0.0
2017,ECU,0.0
2018,ECU,0.0
2019,ECU,0.0
2020,ECU,0.0
2010,EGY,0.0
2011,EGY,0.0
2012,EGY,0.0
2013,EGY,0.0
2014,EGY,0.0
2015,EGY,0.0
2016,EGY,0.0
2017,EGY,0.0
2018,EGY,0.0
2019,EGY,0.0
2020,EGY,0.0
2010,ERI,0.0
2011,ERI,0.0
2012,ERI,0.0
2013,ERI,0.0
2014,ERI,0.0
2015,ERI,0.0
2016,ERI,0.0
2017,ERI,0.0
2018,ERI,0.0
2019,ERI,0.0
2020,ERI,0.0
2010,ESP,6.117851147104193e-09
2011,ESP,6.517740882585157e-09
2012,ESP,7.646706382124691e-09
2013,ESP,7.645132149897818e-09
2014,ESP,7.155113592431057e-09
2015,ESP,7.51367117295616e-09
2016,ESP,7.382737665507379e-09
2017,ESP,7.5385701119746e-09
2018,ESP,6.718991864101412e-09
2019,ESP,6.7308548640090565e-09
2020,ESP,6.703425597575906e-09
2010,EST,4.442415923838888e-08
2011,EST,2.951596762037717e-08
2012,EST,3.2906150724135155e-08
2013,EST,3.157425240683346e-08
2014,EST,2.58007962958365e-08
2015,EST,3.1845960927877054e-08
2016,EST,2.919635525248073e-08
2017,EST,3.453839938702045e-08
2018,EST,3.2776462910044096e-08
2019,EST,3.7494824656224485e-08
2020,EST,3.7144326622024564e-08
2010,ETH,0.0
2011,ETH,0.0
2012,ETH,0.0
2013,ETH,0.0
2014,ETH,0.0
2015,ETH,0.0
2016,ETH,0.0
2017,ETH,0.0
2018,ETH,0.0
2019,ETH,0.0
2020,ETH,0.0
2010,FIN,1.62837062862968e-08
2011,FIN,1.582788100619125e-08
2012,FIN,1.8230522028877983e-08
2013,FIN,2.007421726929126e-08
2014,FIN,1.8896211762253033e-08
2015,FIN,2.245407254896076e-08
2016,FIN,2.3088028548832563e-08
2017,FIN,2.275204731727564e-08
2018,FIN,2.2316764786675207e-08
2019,FIN,2.3573985953105624e-08
2020,FIN,2.3557139549758044e-08
2010,FJI,0.0
2011,FJI,0.0
2012,FJI,0.0
2013,FJI,0.0
2014,FJI,0.0
2015,FJI,0.0
2016,FJI,0.0
2017,FJI,0.0
2018,FJI,0.0
2019,FJI,0.0
2020,FJI,0.0
2010,FRA,6.382263510515979e-07
2011,FRA,7.016523005139811e-07
2012,FRA,6.805420960470161e-07
2013,FRA,4.299803138071466e-07
2014,FRA,3.7201330762734393e-07
2015,FRA,4.153164398604678e-07
2016,FRA,5.846984022072436e-07
2017,FRA,5.595604240853194e-07
2018,FRA,3.261677203109654e-07
2019,FRA,3.247573172831756e-07
2020,FRA,3.33887142674901e-07
2010,FRO,0.0
2011,FRO,0.0
2012,FRO,0.0
2013,FRO,0.0
2014,FRO,0.0
2015,FRO,0.0
2016,FRO,0.0
2017,FRO,0.0
2018,FRO,0.0
2019,FRO,0.0
2020,FRO,0.0
2010,FSM,0.0
2011,FSM,0.0
2012,FSM,0.0
2013,FSM,0.0
2014,FSM,0.0
2015,FSM,0.0
2016,FSM,0.0
2017,FSM,0.0
2018,FSM,0.0
2019,FSM,0.0
2020,FSM,0.0
2010,GAB,0.0
2011,GAB,0.0
2012,GAB,0.0
2013,GAB,0.0
2014,GAB,0.0
2015,GAB,0.0
2016,GAB,0.0
2017,GAB,0.0
2018,GAB,0.0
2019,GAB,0.0
2020,GAB,0.0
2010,GBR,2.2500612936447237e-08
2011,GBR,2.241116399512889e-08
2012,GBR,2.3501600343686883e-08
2013,GBR,2.2982170309749654e-08
2014,GBR,2.0648291475145743e-08
2015,GBR,2.0998073658918177e-08
2016,GBR,2.3207201138195922e-08
2017,GBR,2.4475926245398253e-08
2018,GBR,2.3742708716572386e-08
2019,GBR,2.3687452172556008e-08
2020,GBR,2.4591343591182687e-08
2010,GEO,0.0
2011,GEO,0.0
2012,GEO,0.0
2013,GEO,0.0
2014,GEO,0.0
2015,GEO,0.0
2016,GEO,0.0
2017,GEO,0.0
2018,GEO,0.0
2019,GEO,0.0
2020,GEO,0.0
2010,GHA,0.0
2011,GHA,0.0
2012,GHA,0.0
2013,GHA,0.0
2014,GHA,0.0
2015,GHA,0.0
2016,GHA,0.0
2017,GHA,0.0
2018,GHA,0.0
2019,GHA,0.0
2020,GHA,0.0
2010,GIB,0.0
2011,GIB,0.0
2012,GIB,0.0
2013,GIB,0.0
2014,GIB,0.0
2015,GIB,0.0
2016,GIB,0.0
2017,GIB,0.0
2018,GIB,0.0
2019,GIB,0.0
2020,GIB,0.0
2010,GIN,0.0
2011,GIN,0.0
2012,GIN,0.0
2013,GIN,0.0
2014,GIN,0.0
2015,GIN,0.0
2016,GIN,0.0
2017,GIN,0.0
2018,GIN,0.0
2019,GIN,0.0
2020,GIN,0.0
2010,GMB,0.0
2011,GMB,0.0
2012,GMB,0.0
2013,GMB,0.0
2014,GMB,0.0
2015,GMB,0.0
2016,GMB,0.0
2017,GMB,0.0
2018,GMB,0.0
2019,GMB,0.0
2020,GMB,0.0
2010,GNB,0.0
2011,GNB,0.0
2012,GNB,0.0
2013,GNB,0.0
2014,GNB,0.0
2015,GNB,0.0
2016,GNB,0.0
2017,GNB,0.0
2018,GNB,0.0
2019,GNB,0.0
2020,GNB,0.0
2010,GNQ,0.0
2011,GNQ,0.0
2012,GNQ,0.0
2013,GNQ,0.0
2014,GNQ,0.0
2015,GNQ,0.0
2016,GNQ,0.0
2017,GNQ,0.0
2018,GNQ,0.0
2019,GNQ,0.0
2020,GNQ,0.0
2010,GRC,0.0
2011,GRC,0.0
2012,GRC,0.0
2013,GRC,0.0
2014,GRC,0.0
2015,GRC,0.0
2016,GRC,0.0
2017,GRC,0.0
2018,GRC,0.0
2019,GRC,0.0
2020,GRC,0.0
2010,GRD,0.0
2011,GRD,0.0
2012,GRD,0.0
2013,GRD,0.0
2014,GRD,0.0
2015,GRD,0.0
2016,GRD,0.0
2017,GRD,0.0
2018,GRD,0.0
2019,GRD,0.0
2020,GRD,0.0
2010,GRL,0.0
2011,GRL,0.0
2012,GRL,0.0
2013,GRL,0.0
2014,GRL,0.0
2015,GRL,0.0
2016,GRL,0.0
2017,GRL,0.0
2018,GRL,0.0
2019,GRL,0.0
2020,GRL,0.0
2010,GTM,0.0
2011,GTM,0.0
2012,GTM,0.0
2013,GTM,0.0
2014,GTM,0.0
2015,GTM,0.0
2016,GTM,0.0
2017,GTM,0.0
2018,GTM,0.0
2019,GTM,0.0
2020,GTM,0.0
2010,GUM,0.0
2011,GUM,0.0
2012,GUM,0.0
2013,GUM,0.0
2014,GUM,0.0
2015,GUM,0.0
2016,GUM,0.0
2017,GUM,0.0
2018,GUM,0.0
2019,GUM,0.0
2020,GUM,0.0
2010,GUY,0.0
2011,GUY,0.0
2012,GUY,0.0
2013,GUY,0.0
2014,GUY,0.0
2015,GUY,0.0
2016,GUY,0.0
2017,GUY,0.0
2018,GUY,0.0
2019,GUY,0.0
2020,GUY,0.0
2010,HKG,0.0
2011,HKG,0.0
2012,HKG,0.0
2013,HKG,0.0
2014,HKG,0.0
2015,HKG,0.0
2016,HKG,0.0
2017,HKG,0.0
2018,HKG,0.0
2019,HKG,0.0
2020,HKG,0.0
2010,HND,0.0
2011,HND,0.0
2012,HND,0.0
2013,HND,0.0
2014,HND,0.0
2015,HND,0.0
2016,HND,0.0
2017,HND,0.0
2018,HND,0.0
2019,HND,0.0
2020,HND,0.0
2010,HRV,0.0
2011,HRV,0.0
2012,HRV,0.0
2013,HRV,0.0
2014,HRV,0.0
2015,HRV,0.0
2016,HRV,0.0
2017,HRV,0.0
2018,HRV,0.0
2019,HRV,0.0
2020,HRV,0.0
2010,HTI,0.0
2011,HTI,0.0
2012,HTI,0.0
2013,HTI,0.0
2014,HTI,0.0
2015,HTI,0.0
2016,HTI,0.0
2017,HTI,0.0
2018,HTI,0.0
2019,HTI,0.0
2020,HTI,0.0
2010,HUN,0.0
2011,HUN,0.0
2012,HUN,0.0
2013,HUN,0.0
2014,HUN,0.0
2015,HUN,0.0
2016,HUN,0.0
2017,HUN,0.0
2018,HUN,0.0
2019,HUN,0.0
2020,HUN,0.0
2010,IDN,0.0
2011,IDN,0.0
2012,IDN,0.0
2013,IDN,0.0
2014,IDN,0.0
2015,IDN,0.0
2016,IDN,0.0
2017,IDN,0.0
2018,IDN,0.0
2019,IDN,0.0
2020,IDN,0.0
2010,IMN,5.222566382076054e-06
2011,IMN,8.736324794363701e-07
2012,IMN,4.378963987272306e-07
2013,IMN,3.8163477907246593e-07
2014,IMN,5.112156776985436e-07
2015,IMN,1.0553773697391574e-06
2016,IMN,4.174729502280112e-07
2017,IMN,4.278358720586116e-07
2018,IMN,8.035926965337164e-07
2019,IMN,7.658500724465181e-07
2020,IMN,7.300278105845753e-07
2010,IND,3.6816814769928436e-09
2011,IND,3.494093219092238e-09
2012,IND,3.6710959495783565e-09
2013,IND,3.506139229592547e-09
2014,IND,3.263596302264113e-09
2015,IND,2.600149343747037e-09
2016,IND,2.2749311740459486e-09
2017,IND,2.0365219954513803e-09
2018,IND,1.798652765316212e-09
2019,IND,1.6032834755353002e-09
2020,IND,1.7690683219803115e-09
2010,IRL,5.222566382076054e-06
2011,IRL,8.736324794363701e-07
2012,IRL,4.378963987272306e-07
2013,IRL,3.8163477907246593e-07
2014,IRL,5.112156776985436e-07
2015,IRL,1.0553773697391574e-06
2016,IRL,4.174729502280112e-07
2017,IRL,4.278358720586116e-07
2018,IRL,8.035926965337164e-07
2019,IRL,7.658500724465181e-07
2020,IRL,7.300278105845753e-07
2010,IRN,0.0
2011,IRN,0.0
2012,IRN,0.0
2013,IRN,0.0
2014,IRN,0.0
2015,IRN,0.0
2016,IRN,0.0
2017,IRN,0.0
2018,IRN,0.0
2019,IRN,0.0
2020,IRN,0.0
2010,IRQ,0.0
2011,IRQ,0.0
2012,IRQ,0.0
2013,IRQ,0.0
2014,IRQ,0.0
2015,IRQ,0.0
2016,IRQ,0.0
2017,IRQ,0.0
2018,IRQ,0.0
2019,IRQ,0.0
2020,IRQ,0.0
2010,ISL,0.0
2011,ISL,0.0
2012,ISL,0.0
2013,ISL,0.0
2014,ISL,0.0
2015,ISL,0.0
2016,ISL,0.0
2017,ISL,0.0
2018,ISL,0.0
2019,ISL,0.0
2020,ISL,0.0
2010,ISR,2.6808605136434213e-08
2011,ISR,2.5830429164000995e-08
2012,ISR,2.3788688348308083e-08
2013,ISR,2.1449237309471172e-08
2014,ISR,2.0025753870574773e-08
2015,ISR,1.71907414744699e-08
2016,ISR,1.8339452963103495e-08
2017,ISR,2.1956836786011893e-08
2018,ISR,2.209107454692301e-08
2019,ISR,2.0973612875568192e-08
2020,ISR,1.7434443249385142e-08
2010,ITA,2.6083749725114106e-07
2011,ITA,3.040126423006527e-07
2012,ITA,3.105024994205975e-07
2013,ITA,3.632615517713097e-07
2014,ITA,4.185481597358066e-07
2015,ITA,2.698097374447541e-07
2016,ITA,2.872519695760029e-07
2017,ITA,2.601331260341383e-07
2018,ITA,3.230506728265761e-07
2019,ITA,3.457305718897305e-07
2020,ITA,3.501243571559957e-07
2010,JAM,0.0
2011,JAM,0.0
2012,JAM,0.0
2013,JAM,0.0
2014,JAM,0.0
2015,JAM,0.0
2016,JAM,0.0
2017,JAM,0.0
2018,JAM,0.0
2019,JAM,0.0
2020,JAM,0.0
2010,JOR,0.0
2011,JOR,0.0
2012,JOR,0.0
2013,JOR,0.0
2014,JOR,0.0
2015,JOR,0.0
2016,JOR,0.0
2017,JOR,0.0
2018,JOR,0.0
2019,JOR,0.0
2020,JOR,0.0
2010,JPN,2.5533996198454896e-06
2011,JPN,2.164409634016484e-06
2012,JPN,1.8630754070523969e-06
2013,JPN,2.1677300317028262e-06
2014,JPN,2.3672591587012866e-06
2015,JPN,2.3619664253577525e-06
2016,JPN,2.2277390894512438e-06
2017,JPN,2.298500979650195e-06
2018,JPN,2.2010543062961816e-06
2019,JPN,2.1475934478474595e-06
2020,JPN,2.039558765025391e-06
2010,KAZ,0.0
2011,KAZ,0.0
2012,KAZ,0.0
2013,KAZ,0.0
2014,KAZ,0.0
2015,KAZ,0.0
2016,KAZ,0.0
2017,KAZ,0.0
2018,KAZ,0.0
2019,KAZ,0.0
2020,KAZ,0.0
2010,KEN,0.0
2011,KEN,0.0
2012,KEN,0.0
2013,KEN,0.0
2014,KEN,0.0
2015,KEN,0.0
2016,KEN,0.0
2017,KEN,0.0
2018,KEN,0.0
2019,KEN,0.0
2020,KEN,0.0
2010,KGZ,0.0
2011,KGZ,0.0
2012,KGZ,0.0
2013,KGZ,0.0
2014,KGZ,0.0
2015,KGZ,0.0
2016,KGZ,0.0
2017,KGZ,0.0
2018,KGZ,0.0
2019,KGZ,0.0
2020,KGZ,0.0
2010,KHM,0.0
2011,KHM,0.0
2012,KHM,0.0
2013,KHM,0.0
2014,KHM,0.0
2015,KHM,0.0
2016,KHM,0.0
2017,KHM,0.0
2018,KHM,0.0
2019,KHM,0.0
2020,KHM,0.0
2010,KIR,0.0
2011,KIR,0.0
2012,KIR,0.0
2013,KIR,0.0
2014,KIR,0.0
2015,KIR,0.0
2016,KIR,0.0
2017,KIR,0.0
2018,KIR,0.0
2019,KIR,0.0
2020,KIR,0.0
2010,KNA,0.0
2011,KNA,0.0
2012,KNA,0.0
2013,KNA,0.0
2014,KNA,0.0
2015,KNA,0.0
2016,KNA,0.0
2017,KNA,0.0
2018,KNA,0.0
2019,KNA,0.0
2020,KNA,0.0
2010,KOR,8.188332548609926e-09
2011,KOR,7.888145942783103e-09
2012,KOR,1.8566178544965162e-08
2013,KOR,1.8753184980271503e-08
2014,KOR,6.544185395973267e-08
2015,KOR,7.658169196327049e-08
2016,KOR,1.1558148488487613e-07
2017,KOR,1.2025949024361972e-07
2018,KOR,1.196045087979666e-07
2019,KOR,1.2383694322025933e-07
2020,KOR,1.18694458722025e-07
2010,KWT,0.0
2011,KWT,0.0
2012,KWT,0.0
2013,KWT,0.0
2014,KWT,0.0
2015,KWT,0.0
2016,KWT,0.0
2017,KWT,0.0
2018,KWT,0.0
2019,KWT,0.0
2020,KWT,0.0
2010,LAO,0.0
2011,LAO,0.0
2012,LAO,0.0
2013,LAO,0.0
2014,LAO,0.0
2015,LAO,0.0
2016,LAO,0.0
2017,LAO,0.0
2018,LAO,0.0
2019,LAO,0.0
2020,LAO,0.0
2010,LBN,0.0
2011,LBN,0.0
2012,LBN,0.0
2013,LBN,0.0
2014,LBN,0.0
2015,LBN,0.0
2016,LBN,0.0
2017,LBN,0.0
2018,LBN,0.0
2019,LBN,0.0
2020,LBN,0.0
2010,LBR,0.0
2011,LBR,0.0
2012,LBR,0.0
2013,LBR,0.0
2014,LBR,0.0
2015,LBR,0.0
2016,LBR,0.0
2017,LBR,0.0
2018,LBR,0.0
2019,LBR,0.0
2020,LBR,0.0
2010,LBY,0.0
2011,LBY,0.0
2012,LBY,0.0
2013,LBY,0.0
2014,LBY,0.0
2015,LBY,0.0
2016,LBY,0.0
2017,LBY,0.0
2018,LBY,0.0
2019,LBY,0.0
2020,LBY,0.0
2010,LCA,0.0
2011,LCA,0.0
2012,LCA,0.0
2013,LCA,0.0
2014,LCA,0.0
2015,LCA,0.0
2016,LCA,0.0
2017,LCA,0.0
2018,LCA,0.0
2019,LCA,0.0
2020,LCA,0.0
2010,LIE,5.247996188292514e-07
2011,LIE,5.522245213559419e-07
2012,LIE,6.188453998225334e-07
2013,LIE,5.988861829315107e-07
2014,LIE,5.053054593802578e-07
2015,LIE,4.909704188896327e-07
2016,LIE,4.5983859630828093e-07
2017,LIE,5.937143577762996e-07
2018,LIE,6.306472735446069e-07
2019,LIE,6.28135758407797e-07
2020,LIE,6.672196325656799e-07
2010,LKA,0.0
2011,LKA,0.0
2012,LKA,0.0
2013,LKA,0.0
2014,LKA,0.0
2015,LKA,0.0
2016,LKA,0.0
2017,LKA,0.0
2018,LKA,0.0
2019,LKA,0.0
2020,LKA,0.0
2010,LSO,0.0
2011,LSO,0.0
2012,LSO,0.0
2013,LSO,0.0
2014,LSO,0.0
2015,LSO,0.0
2016,LSO,0.0
2017,LSO,0.0
2018,LSO,0.0
2019,LSO,0.0
2020,LSO,0.0
2010,LTU,0.0
2011,LTU,0.0
2012,LTU,0.0
2013,LTU,0.0
2014,LTU,0.0
2015,LTU,0.0
2016,LTU,0.0
2017,LTU,0.0
2018,LTU,0.0
2019,LTU,0.0
2020,LTU,0.0
2010,LUX,0.0
2011,LUX,0.0
2012,LUX,0.0
2013,LUX,0.0
2014,LUX,0.0
2015,LUX,0.0
2016,LUX,0.0
2017,LUX,0.0
2018,LUX,0.0
2019,LUX,0.0
2020,LUX,0.0
2010,LVA,0.0
2011,LVA,0.0
2012,LVA,0.0
2013,LVA,0.0
2014,LVA,0.0
2015,LVA,0.0
2016,LVA,0.0
2017,LVA,0.0
2018,LVA,0.0
2019,LVA,0.0
2020,LVA,0.0
2010,MAC,0.0
2011,MAC,0.0
2012,MAC,0.0
2013,MAC,0.0
2014,MAC,0.0
2015,MAC,0.0
2016,MAC,0.0
2017,MAC,0.0
2018,MAC,0.0
2019,MAC,0.0
2020,MAC,0.0
2010,MAF,0.0
2011,MAF,0.0
2012,MAF,0.0
2013,MAF,0.0
2014,MAF,0.0
2015,MAF,0.0
2016,MAF,0.0
2017,MAF,0.0
2018,MAF,0.0
2019,MAF,0.0
2020,MAF,0.0
2010,MAR,0.0
2011,MAR,0.0
2012,MAR,0.0
2013,MAR,0.0
2014,MAR,0.0
2015,MAR,0.0
2016,MAR,0.0
2017,MAR,0.0
2018,MAR,0.0
2019,MAR,0.0
2020,MAR,0.0
2010,MCO,5.247996188292514e-07
2011,MCO,5.522245213559419e-07
2012,MCO,6.188453998225334e-07
2013,MCO,5.988861829315107e-07
2014,MCO,5.053054593802578e-07
2015,MCO,4.909704188896327e-07
2016,MCO,4.5983859630828093e-07
2017,MCO,5.937143577762996e-07
2018,MCO,6.306472735446069e-07
2019,MCO,6.28135758407797e-07
2020,MCO,6.672196325656799e-07
2010,MDA,0.0
2011,MDA,0.0
2012,MDA,0.0
2013,MDA,0.0
2014,MDA,0.0
2015,MDA,0.0
2016,MDA,0.0
2017,MDA,0.0
2018,MDA,0.0
2019,MDA,0.0
2020,MDA,0.0
2010,MDG,0.0
2011,MDG,0.0
2012,MDG,0.0
2013,MDG,0.0
2014,MDG,0.0
2015,MDG,0.0
2016,MDG,0.0
2017,MDG,0.0
2018,MDG,0.0
2019,MDG,0.0
2020,MDG,0.0
2010,MDV,0.0
2011,MDV,0.0
2012,MDV,0.0
2013,MDV,0.0
2014,MDV,0.0
2015,MDV,0.0
2016,MDV,0.0
2017,MDV,0.0
2018,MDV,0.0
2019,MDV,0.0
2020,MDV,0.0
2010,MEX,0.0
2011,MEX,0.0
2012,MEX,0.0
2013,MEX,0.0
2014,MEX,0.0
2015,MEX,0.0
2016,MEX,0.0
2017,MEX,0.0
2018,MEX,0.0
2019,MEX,0.0
2020,MEX,0.0
2010,MHL,0.0
2011,MHL,0.0
2012,MHL,0.0
2013,MHL,0.0
2014,MHL,0.0
2015,MHL,0.0
2016,MHL,0.0
2017,MHL,0.0
2018,MHL,0.0
2019,MHL,0.0
2020,MHL,0.0
2010,MKD,0.0
2011,MKD,0.0
2012,MKD,0.0
2013,MKD,0.0
2014,MKD,0.0
2015,MKD,0.0
2016,MKD,0.0
2017,MKD,0.0
2018,MKD,0.0
2019,MKD,0.0
2020,MKD,0.0
2010,MLI,0.0
2011,MLI,0.0
2012,MLI,0.0
2013,MLI,0.0
2014,MLI,0.0
2015,MLI,0.0
2016,MLI,0.0
2017,MLI,0.0
2018,MLI,0.0
2019,MLI,0.0
2020,MLI,0.0
2010,MLT,0.0
2011,MLT,0.0
2012,MLT,0.0
2013,MLT,0.0
2014,MLT,0.0
2015,MLT,0.0
2016,MLT,0.0
2017,MLT,0.0
2018,MLT,0.0
2019,MLT,0.0
2020,MLT,0.0
2010,MMR,0.0
2011,MMR,0.0
2012,MMR,0.0
2013,MMR,0.0
2014,MMR,0.0
2015,MMR,0.0
2016,MMR,0.0
2017,MMR,0.0
2018,MMR,0.0
2019,MMR,0.0
2020,MMR,0.0
2010,MNE,0.0
2011,MNE,0.0
2012,MNE,0.0
2013,MNE,0.0
2014,MNE,0.0
2015,MNE,0.0
2016,MNE,0.0
2017,MNE,0.0
2018,MNE,0.0
2019,MNE,0.0
2020,MNE,0.0
2010,MNG,0.0
2011,MNG,0.0
2012,MNG,0.0
2013,MNG,0.0
2014,MNG,0.0
2015,MNG,0.0
2016,MNG,0.0
2017,MNG,0.0
2018,MNG,0.0
2019,MNG,0.0
2020,MNG,0.0
2010,MNP,2.5533996198454896e-06
2011,MNP,2.164409634016484e-06
2012,MNP,1.8630754070523969e-06
2013,MNP,2.1677300317028262e-06
2014,MNP,2.3672591587012866e-06
2015,MNP,2.3619664253577525e-06
2016,MNP,2.2277390894512438e-06
2017,MNP,2.298500979650195e-06
2018,MNP,2.2010543062961816e-06
2019,MNP,2.1475934478474595e-06
2020,MNP,2.039558765025391e-06
2010,MOZ,0.0
2011,MOZ,0.0
2012,MOZ,0.0
2013,MOZ,0.0
2014,MOZ,0.0
2015,MOZ,0.0
2016,MOZ,0.0
2017,MOZ,0.0
2018,MOZ,0.0
2019,MOZ,0.0
2020,MOZ,0.0
2010,MRT,0.0
2011,MRT,0.0
2012,MRT,0.0
2013,MRT,0.0
2014,MRT,0.0
2015,MRT,0.0
2016,MRT,0.0
2017,MRT,0.0
2018,MRT,0.0
2019,MRT,0.0
2020,MRT,0.0
2010,MUS,0.0
2011,MUS,0.0
2012,MUS,0.0
2013,MUS,0.0
2014,MUS,0.0
2015,MUS,0.0
2016,MUS,0.0
2017,MUS,0.0
2018,MUS,0.0
2019,MUS,0.0
2020,MUS,0.0
2010,MWI,0.0
2011,MWI,0.0
2012,MWI,0.0
2013,MWI,0.0
2014,MWI,0.0
2015,MWI,0.0
2016,MWI,0.0
2017,MWI,0.0
2018,MWI,0.0
2019,MWI,0.0
2020,MWI,0.0
2010,MYS,1.2953645236259069e-05
2011,MYS,1.3006192744221612e-05
2012,MYS,1.2951260823416188e-05
2013,MYS,1.2742460343490536e-05
2014,MYS,1.1580391673709615e-05
2015,MYS,1.6071409411813038e-05
2016,MYS,1.984031441585412e-05
2017,MYS,7.869434361977905e-07
2018,MYS,7.507186072831575e-07
2019,MYS,6.797135929280624e-07
2020,MYS,6.648340651785127e-07
2010,NAM,0.0
2011,NAM,0.0
2012,NAM,0.0
2013,NAM,0.0
2014,NAM,0.0
2015,NAM,0.0
2016,NAM,0.0
2017,NAM,0.0
2018,NAM,0.0
2019,NAM,0.0
2020,NAM,0.0
2010,NCL,0.0
2011,NCL,0.0
2012,NCL,0.0
2013,NCL,0.0
2014,NCL,0.0
2015,NCL,0.0
2016,NCL,0.0
2017,NCL,0.0
2018,NCL,0.0
2019,NCL,0.0
2020,NCL,0.0
2010,NER,0.0
2011,NER,0.0
2012,NER,0.0
2013,NER,0.0
2014,NER,0.0
2015,NER,0.0
2016,NER,0.0
2017,NER,0.0
2018,NER,0.0
2019,NER,0.0
2020,NER,0.0
2010,NGA,0.0
2011,NGA,0.0
2012,NGA,0.0
2013,NGA,0.0
2014,NGA,0.0
2015,NGA,0.0
2016,NGA,0.0
2017,NGA,0.0
2018,NGA,0.0
2019,NGA,0.0
2020,NGA,0.0
2010,NIC,0.0
2011,NIC,0.0
2012,NIC,0.0
2013,NIC,0.0
2014,NIC,0.0
2015,NIC,0.0
2016,NIC,0.0
2017,NIC,0.0
2018,NIC,0.0
2019,NIC,0.0
2020,NIC,0.0
2010,NLD,2.4974537062127105e-06
2011,NLD,1.7123296236057248e-06
2012,NLD,2.009652469951296e-06
2013,NLD,1.4575430232709982e-06
2014,NLD,9.954203809724153e-07
2015,NLD,1.0737983452174906e-06
2016,NLD,1.066317456787318e-06
2017,NLD,4.225254241317059e-07
2018,NLD,3.923392053183092e-07
2019,NLD,3.4161469298913106e-07
2020,NLD,3.260433322304053e-07
2010,NOR,7.855923927135592e-09
2011,NOR,7.457914262958133e-09
2012,NOR,6.9781881503464366e-09
2013,NOR,7.0030153105380575e-09
2014,NOR,7.329696994962821e-09
2015,NOR,9.599990403573664e-09
2016,NOR,1.0317189971749608e-08
2017,NOR,9.769310574929202e-09
2018,NOR,8.94065409738032e-09
2019,NOR,8.957351201801242e-09
2020,NOR,9.4858936480359e-09
2010,NPL,0.0
2011,NPL,0.0
2012,NPL,0.0
2013,NPL,0.0
2014,NPL,0.0
2015,NPL,0.0
2016,NPL,0.0
2017,NPL,0.0
2018,NPL,0.0
2019,NPL,0.0
2020,NPL,0.0
2010,NRU,0.0
2011,NRU,0.0
2012,NRU,0.0
2013,NRU,0.0
2014,NRU,0.0
2015,NRU,0.0
2016,NRU,0.0
2017,NRU,0.0
2018,NRU,0.0
2019,NRU,0.0
2020,NRU,0.0
2010,NZL,2.647347356028862e-08
2011,NZL,2.190103621263444e-08
2012,NZL,2.089307344309073e-08
2013,NZL,2.1428560860557534e-08
2014,NZL,2.167993833726539e-08
2015,NZL,2.22015814068212e-08
2016,NZL,2.1680217398087773e-08
2017,NZL,2.021721393354989e-08
2018,NZL,2.0884927092140523e-08
2019,NZL,2.0055120553808145e-08
2020,NZL,1.7959154428287372e-08
2010,OMN,0.0
2011,OMN,0.0
2012,OMN,0.0
2013,OMN,0.0
2014,OMN,0.0
2015,OMN,0.0
2016,OMN,0.0
2017,OMN,0.0
2018,OMN,0.0
2019,OMN,0.0
2020,OMN,0.0
2010,PAK,0.0
2011,PAK,0.0
2012,PAK,0.0
2013,PAK,0.0
2014,PAK,0.0
2015,PAK,0.0
2016,PAK,0.0
2017,PAK,0.0
2018,PAK,0.0
2019,PAK,0.0
2020,PAK,0.0
2010,PAN,0.0
2011,PAN,0.0
2012,PAN,0.0
2013,PAN,0.0
2014,PAN,0.0
2015,PAN,0.0
2016,PAN,0.0
2017,PAN,0.0
2018,PAN,0.0
2019,PAN,0.0
2020,PAN,0.0
2010,PER,0.0
2011,PER,0.0
2012,PER,0.0
2013,PER,0.0
2014,PER,0.0
2015,PER,0.0
2016,PER,0.0
2017,PER,0.0
2018,PER,0.0
2019,PER,0.0
2020,PER,0.0
2010,PHL,0.0
2011,PHL,0.0
2012,PHL,0.0
2013,PHL,0.0
2014,PHL,0.0
2015,PHL,0.0
2016,PHL,0.0
2017,PHL,0.0
2018,PHL,0.0
2019,PHL,0.0
2020,PHL,0.0
2010,PLW,0.0
2011,PLW,0.0
2012,PLW,0.0
2013,PLW,0.0
2014,PLW,0.0
2015,PLW,0.0
2016,PLW,0.0
2017,PLW,0.0
2018,PLW,0.0
2019,PLW,0.0
2020,PLW,0.0
2010,PNG,0.0
2011,PNG,0.0
2012,PNG,0.0
2013,PNG,0.0
2014,PNG,0.0
2015,PNG,0.0
2016,PNG,0.0
2017,PNG,0.0
2018,PNG,0.0
2019,PNG,0.0
2020,PNG,0.0
2010,POL,7.810809870606488e-09
2011,POL,7.790784804406437e-09
2012,POL,8.089297664686681e-09
2013,POL,7.415306120292654e-09
2014,POL,6.712824203840031e-09
2015,POL,6.9880509766852676e-09
2016,POL,7.581149067375606e-09
2017,POL,7.4369629143321635e-09
2018,POL,6.60164318378605e-09
2019,POL,6.572112435009184e-09
2020,POL,5.9437478528328885e-09
2010,PRI,0.0
2011,PRI,0.0
2012,PRI,0.0
2013,PRI,0.0
2014,PRI,0.0
2015,PRI,0.0
2016,PRI,0.0
2017,PRI,0.0
2018,PRI,0.0
2019,PRI,0.0
2020,PRI,0.0
2010,PRK,8.188332548609926e-09
2011,PRK,7.888145942783103e-09
2012,PRK,1.8566178544965162e-08
2013,PRK,1.8753184980271503e-08
2014,PRK,6.544185395973267e-08
2015,PRK,7.658169196327049e-08
2016,PRK,1.1558148488487613e-07
2017,PRK,1.2025949024361972e-07
2018,PRK,1.196045087979666e-07
2019,PRK,1.2383694322025933e-07
2020,PRK,1.18694458722025e-07
2010,PRT,8.306540215005652e-09
2011,PRT,8.190953358736144e-09
2012,PRT,9.274449388520517e-09
2013,PRT,9.415575121286426e-09
2014,PRT,9.42229586915978e-09
2015,PRT,1.0861197713234176e-08
2016,PRT,9.672423722590451e-09
2017,PRT,9.353554801574832e-09
2018,PRT,8.382298631746629e-09
2019,PRT,8.354352902533507e-09
2020,PRT,8.216136209336031e-09
2010,PRY,0.0
2011,PRY,0.0
2012,PRY,0.0
2013,PRY,0.0
2014,PRY,0.0
2015,PRY,0.0
2016,PRY,0.0
2017,PRY,0.0
2018,PRY,0.0
2019,PRY,0.0
2020,PRY,0.0
2010,PYF,0.0
2011,PYF,0.0
2012,PYF,0.0
2013,PYF,0.0
2014,PYF,0.0
2015,PYF,0.0
2016,PYF,0.0
2017,PYF,0.0
2018,PYF,0.0
2019,PYF,0.0
2020,PYF,0.0
2010,QAT,0.0
2011,QAT,0.0
2012,QAT,0.0
2013,QAT,0.0
2014,QAT,0.0
2015,QAT,0.0
2016,QAT,0.0
2017,QAT,0.0
2018,QAT,0.0
2019,QAT,0.0
2020,QAT,0.0
2010,ROU,4.8304049742096535e-09
2011,ROU,4.437007867192469e-09
2012,ROU,5.1368165643080485e-09
2013,ROU,5.054763135909049e-09
2014,ROU,4.658483911908211e-09
2015,ROU,5.023160324031067e-09
2016,ROU,4.6627700066919255e-09
2017,ROU,4.432002436729605e-09
2018,ROU,3.797961744693131e-09
2019,ROU,3.779568135536961e-09
2020,ROU,3.7896774966758e-09
2010,RUS,2.0739921473593985e-08
2011,RUS,2.7421121747162727e-08
2012,RUS,1.0810322311858176e-08
2013,RUS,8.712200698171744e-09
2014,RUS,1.1181425642995921e-08
2015,RUS,1.850047150061585e-08
2016,RUS,4.929063698108028e-08
2017,RUS,1.5844842215520946e-08
2018,RUS,2.3861297827115652e-08
2019,RUS,2.321981749823218e-08
2020,RUS,2.387069515848984e-08
2010,RWA,0.0
2011,RWA,0.0
2012,RWA,0.0
2013,RWA,0.0
2014,RWA,0.0
2015,RWA,0.0
2016,RWA,0.0
2017,RWA,0.0
2018,RWA,0.0
2019,RWA,0.0
2020,RWA,0.0
2010,SAU,0.0
2011,SAU,0.0
2012,SAU,0.0
2013,SAU,0.0
2014,SAU,0.0
2015,SAU,0.0
2016,SAU,0.0
2017,SAU,0.0
2018,SAU,0.0
2019,SAU,0.0
2020,SAU,0.0
2010,SDN,0.0
2011,SDN,0.0
2012,SDN,0.0
2013,SDN,0.0
2014,SDN,0.0
2015,SDN,0.0
2016,SDN,0.0
2017,SDN,0.0
2018,SDN,0.0
2019,SDN,0.0
2020,SDN,0.0
2010,SEN,0.0
2011,SEN,0.0
2012,SEN,0.0
2013,SEN,0.0
2014,SEN,0.0
2015,SEN,0.0
2016,SEN,0.0
2017,SEN,0.0
2018,SEN,0.0
2019,SEN,0.0
2020,SEN,0.0
2010,SGP,2.277800139521393e-05
2011,SGP,1.940020534906725e-05
2012,SGP,1.719765417156839e-05
2013,SGP,1.6693081004155377e-05
2014,SGP,1.6226738238879943e-05
2015,SGP,1.5562868287034206e-05
2016,SGP,1.4936273379513589e-05
2017,SGP,1.2429527450900524e-05
2018,SGP,1.6522766694022365e-05
2019,SGP,1.6663656169204207e-05
2020,SGP,1.6691503616484327e-05
2010,SLB,0.0
2011,SLB,0.0
2012,SLB,0.0
2013,SLB,0.0
2014,SLB,0.0
2015,SLB,0.0
2016,SLB,0.0
2017,SLB,0.0
2018,SLB,0.0
2019,SLB,0.0
2020,SLB,0.0
2010,SLE,0.0
2011,SLE,0.0
2012,SLE,0.0
2013,SLE,0.0
2014,SLE,0.0
2015,SLE,0.0
2016,SLE,0.0
2017,SLE,0.0
2018,SLE,0.0
2019,SLE,0.0
2020,SLE,0.0
2010,SLV,0.0
2011,SLV,0.0
2012,SLV,0.0
2013,SLV,0.0
2014,SLV,0.0
2015,SLV,0.0
2016,SLV,0.0
2017,SLV,0.0
2018,SLV,0.0
2019,SLV,0.0
2020,SLV,0.0
2010,SMR,2.6083749725114106e-07
2011,SMR,3.040126423006527e-07
2012,SMR,3.105024994205975e-07
2013,SMR,3.632615517713097e-07
2014,SMR,4.185481597358066e-07
2015,SMR,2.698097374447541e-07
2016,SMR,2.872519695760029e-07
2017,SMR,2.601331260341383e-07
2018,SMR,3.230506728265761e-07
2019,SMR,3.457305718897305e-07
2020,SMR,3.501243571559957e-07
2010,SOM,0.0
2011,SOM,0.0
2012,SOM,0.0
2013,SOM,0.0
2014,SOM,0.0
2015,SOM,0.0
2016,SOM,0.0
2017,SOM,0.0
2018,SOM,0.0
2019,SOM,0.0
2020,SOM,0.0
2010,SRB,0.0
2011,SRB,0.0
2012,SRB,0.0
2013,SRB,0.0
2014,SRB,0.0
2015,SRB,0.0
2016,SRB,0.0
2017,SRB,0.0
2018,SRB,0.0
2019,SRB,0.0
2020,SRB,0.0
2010,SSD,0.0
2011,SSD,0.0
2012,SSD,0.0
2013,SSD,0.0
2014,SSD,0.0
2015,SSD,0.0
2016,SSD,0.0
2017,SSD,0.0
2018,SSD,0.0
2019,SSD,0.0
2020,SSD,0.0
2010,STP,0.0
2011,STP,0.0
2012,STP,0.0
2013,STP,0.0
2014,STP,0.0
2015,STP,0.0
2016,STP,0.0
2017,STP,0.0
2018,STP,0.0
2019,STP,0.0
2020,STP,0.0
2010,SUR,0.0
2011,SUR,0.0
2012,SUR,0.0
2013,SUR,0.0
2014,SUR,0.0
2015,SUR,0.0
2016,SUR,0.0
2017,SUR,0.0
2018,SUR,0.0
2019,SUR,0.0
2020,SUR,0.0
2010,SVK,0.0
2011,SVK,0.0
2012,SVK,0.0
2013,SVK,0.0
2014,SVK,0.0
2015,SVK,0.0
2016,SVK,0.0
2017,SVK,0.0
2018,SVK,0.0
2019,SVK,0.0
2020,SVK,0.0
2010,SVN,2.994167658058999e-08
2011,SVN,2.7273843678056455e-08
2012,SVN,2.9727031854570037e-08
2013,SVN,2.7303743226336552e-08
2014,SVN,2.5556431437234436e-08
2015,SVN,2.7065835721411922e-08
2016,SVN,2.5826126772070412e-08
2017,SVN,2.5024976209174412e-08
2018,SVN,2.3792703126449173e-08
2019,SVN,2.3450689301418907e-08
2020,SVN,2.2609375833101758e-08
2010,SWE,1.9119431839135112e-08
2011,SWE,1.6560452278495184e-08
2012,SWE,1.922739573883423e-08
2013,SWE,1.9333782478831553e-08
2014,SWE,1.930500075486452e-08
2015,SWE,2.208339361276516e-08
2016,SWE,2.1864251568596247e-08
2017,SWE,2.3263119578108337e-08
2018,SWE,2.36857264981949e-08
2019,SWE,2.4699059197959697e-08
2020,SWE,2.2731112802309657e-08
2010,SWZ,0.0
2011,SWZ,0.0
2012,SWZ,0.0
2013,SWZ,0.0
2014,SWZ,0.0
2015,SWZ,0.0
2016,SWZ,0.0
2017,SWZ,0.0
2018,SWZ,0.0
2019,SWZ,0.0
2020,SWZ,0.0
2010,SXM,0.0
2011,SXM,0.0
2012,SXM,0.0
2013,SXM,0.0
2014,SXM,0.0
2015,SXM,0.0
2016,SXM,0.0
2017,SXM,0.0
2018,SXM,0.0
2019,SXM,0.0
2020,SXM,0.0
2010,SYC,0.0
2011,SYC,0.0
2012,SYC,0.0
2013,SYC,0.0
2014,SYC,0.0
2015,SYC,0.0
2016,SYC,0.0
2017,SYC,0.0
2018,SYC,0.0
2019,SYC,0.0
2020,SYC,0.0
2010,SYR,0.0
2011,SYR,0.0
2012,SYR,0.0
2013,SYR,0.0
2014,SYR,0.0
2015,SYR,0.0
2016,SYR,0.0
2017,SYR,0.0
2018,SYR,0.0
2019,SYR,0.0
2020,SYR,0.0
2010,TCA,0.0
2011,TCA,0.0
2012,TCA,0.0
2013,TCA,0.0
2014,TCA,0.0
2015,TCA,0.0
2016,TCA,0.0
2017,TCA,0.0
2018,TCA,0.0
2019,TCA,0.0
2020,TCA,0.0
2010,TCD,0.0
2011,TCD,0.0
2012,TCD,0.0
2013,TCD,0.0
2014,TCD,0.0
2015,TCD,0.0
2016,TCD,0.0
2017,TCD,0.0
2018,TCD,0.0
2019,TCD,0.0
2020,TCD,0.0
2010,TGO,0.0
2011,TGO,0.0
2012,TGO,0.0
2013,TGO,0.0
2014,TGO,0.0
2015,TGO,0.0
2016,TGO,0.0
2017,TGO,0.0
2018,TGO,0.0
2019,TGO,0.0
2020,TGO,0.0
2010,THA,0.0
2011,THA,0.0
2012,THA,0.0
2013,THA,0.0
2014,THA,0.0
2015,THA,0.0
2016,THA,0.0
2017,THA,0.0
2018,THA,0.0
2019,THA,0.0
2020,THA,0.0
2010,TJK,0.0
2011,TJK,0.0
2012,TJK,0.0
2013,TJK,0.0
2014,TJK,0.0
2015,TJK,0.0
2016,TJK,0.0
2017,TJK,0.0
2018,TJK,0.0
2019,TJK,0.0
2020,TJK,0.0
2010,TKM,0.0
2011,TKM,0.0
2012,TKM,0.0
2013,TKM,0.0
2014,TKM,0.0
2015,TKM,0.0
2016,TKM,0.0
2017,TKM,0.0
2018,TKM,0.0
2019,TKM,0.0
2020,TKM,0.0
2010,TLS,0.0
2011,TLS,0.0
2012,TLS,0.0
2013,TLS,0.0
2014,TLS,0.0
2015,TLS,0.0
2016,TLS,0.0
2017,TLS,0.0
2018,TLS,0.0
2019,TLS,0.0
2020,TLS,0.0
2010,TON,0.0
2011,TON,0.0
2012,TON,0.0
2013,TON,0.0
2014,TON,0.0
2015,TON,0.0
2016,TON,0.0
2017,TON,0.0
2018,TON,0.0
2019,TON,0.0
2020,TON,0.0
2010,TTO,0.0
2011,TTO,0.0
2012,TTO,0.0
2013,TTO,0.0
2014,TTO,0.0
2015,TTO,0.0
2016,TTO,0.0
2017,TTO,0.0
2018,TTO,0.0
2019,TTO,0.0
2020,TTO,0.0
2010,TUN,0.0
2011,TUN,0.0
2012,TUN,0.0
2013,TUN,0.0
2014,TUN,0.0
2015,TUN,0.0
2016,TUN,0.0
2017,TUN,0.0
2018,TUN,0.0
2019,TUN,0.0
2020,TUN,0.0
2010,TUR,0.0
2011,TUR,0.0
2012,TUR,0.0
2013,TUR,0.0
2014,TUR,0.0
2015,TUR,0.0
2016,TUR,0.0
2017,TUR,0.0
2018,TUR,0.0
2019,TUR,0.0
2020,TUR,0.0
2010,TUV,0.0
2011,TUV,0.0
2012,TUV,0.0
2013,TUV,0.0
2014,TUV,0.0
2015,TUV,0.0
2016,TUV,0.0
2017,TUV,0.0
2018,TUV,0.0
2019,TUV,0.0
2020,TUV,0.0
2010,TZA,0.0
2011,TZA,0.0
2012,TZA,0.0
2013,TZA,0.0
2014,TZA,0.0
2015,TZA,0.0
2016,TZA,0.0
2017,TZA,0.0
2018,TZA,0.0
2019,TZA,0.0
2020,TZA,0.0
2010,UGA,0.0
2011,UGA,0.0
2012,UGA,0.0
2013,UGA,0.0
2014,UGA,0.0
2015,UGA,0.0
2016,UGA,0.0
2017,UGA,0.0
2018,UGA,0.0
2019,UGA,0.0
2020,UGA,0.0
2010,UKR,0.0
2011,UKR,0.0
2012,UKR,0.0
2013,UKR,0.0
2014,UKR,0.0
2015,UKR,0.0
2016,UKR,0.0
2017,UKR,0.0
2018,UKR,0.0
2019,UKR,0.0
2020,UKR,0.0
2010,URY,0.0
2011,URY,0.0
2012,URY,0.0
2013,URY,0.0
2014,URY,0.0
2015,URY,0.0
2016,URY,0.0
2017,URY,0.0
2018,URY,0.0
2019,URY,0.0
2020,URY,0.0
2010,USA,1.4127426261556375e-06
2011,USA,1.9678807238592686e-06
2012,USA,1.647138495852943e-06
2013,USA,1.3998148862990208e-06
2014,USA,1.2057422377373716e-06
2015,USA,1.0608853480166087e-06
2016,USA,9.146515833974904e-07
2017,USA,8.735266123050245e-07
2018,USA,8.309689909204159e-07
2019,USA,7.676116701410768e-07
2020,USA,7.212544864631589e-07
2010,UZB,0.0
2011,UZB,0.0
2012,UZB,0.0
2013,UZB,0.0
2014,UZB,0.0
2015,UZB,0.0
2016,UZB,0.0
2017,UZB,0.0
2018,UZB,0.0
2019,UZB,0.0
2020,UZB,0.0
2010,VCT,0.0
2011,VCT,0.0
2012,VCT,0.0
2013,VCT,0.0
2014,VCT,0.0
2015,VCT,0.0
2016,VCT,0.0
2017,VCT,0.0
2018,VCT,0.0
2019,VCT,0.0
2020,VCT,0.0
2010,VEN,0.0
2011,VEN,0.0
2012,VEN,0.0
2013,VEN,0.0
2014,VEN,0.0
2015,VEN,0.0
2016,VEN,0.0
2017,VEN,0.0
2018,VEN,0.0
2019,VEN,0.0
2020,VEN,0.0
2010,VGB,0.0
2011,VGB,0.0
2012,VGB,0.0
2013,VGB,0.0
2014,VGB,0.0
2015,VGB,0.0
2016,VGB,0.0
2017,VGB,0.0
2018,VGB,0.0
2019,VGB,0.0
2020,VGB,0.0
2010,VIR,0.0
2011,VIR,0.0
2012,VIR,0.0
2013,VIR,0.0
2014,VIR,0.0
2015,VIR,0.0
2016,VIR,0.0
2017,VIR,0.0
2018,VIR,0.0
2019,VIR,0.0
2020,VIR,0.0
2010,VNM,0.0
2011,VNM,0.0
2012,VNM,0.0
2013,VNM,3.661439076912611e-09
2014,VNM,1.3650088931424893e-08
2015,VNM,3.1836276112314593e-08
2016,VNM,2.247965248246911e-07
2017,VNM,5.964690785412664e-07
2018,VNM,6.351717525582821e-07
2019,VNM,5.403676326365629e-07
2020,VNM,4.867612847877342e-07
2010,VUT,0.0
2011,VUT,0.0
2012,VUT,0.0
2013,VUT,0.0
2014,VUT,0.0
2015,VUT,0.0
2016,VUT,0.0
2017,VUT,0.0
2018,VUT,0.0
2019,VUT,0.0
2020,VUT,0.0
2010,WSM,0.0
2011,WSM,0.0
2012,WSM,0.0
2013,WSM,0.0
2014,WSM,0.0
2015,WSM,0.0
2016,WSM,0.0
2017,WSM,0.0
2018,WSM,0.0
2019,WSM,0.0
2020,WSM,0.0
2010,XKX,0.0
2011,XKX,0.0
2012,XKX,0.0
2013,XKX,0.0
2014,XKX,0.0
2015,XKX,0.0
2016,XKX,0.0
2017,XKX,0.0
2018,XKX,0.0
2019,XKX,0.0
2020,XKX,0.0
2010,YEM,0.0
2011,YEM,0.0
2012,YEM,0.0
2013,YEM,0.0
2014,YEM,0.0
2015,YEM,0.0
2016,YEM,0.0
2017,YEM,0.0
2018,YEM,0.0
2019,YEM,0.0
2020,YEM,0.0
2010,ZAF,0.0
2011,ZAF,0.0
2012,ZAF,0.0
2013,ZAF,0.0
2014,ZAF,0.0
2015,ZAF,0.0
2016,ZAF,0.0
2017,ZAF,0.0
2018,ZAF,0.0
2019,ZAF,0.0
2020,ZAF,0.0
2010,ZMB,0.0
2011,ZMB,0.0
2012,ZMB,0.0
2013,ZMB,0.0
2014,ZMB,0.0
2015,ZMB,0.0
2016,ZMB,0.0
2017,ZMB,0.0
2018,ZMB,0.0
2019,ZMB,0.0
2020,ZMB,0.0
2010,ZWE,0.0
2011,ZWE,0.0
2012,ZWE,0.0
2013,ZWE,0.0
2014,ZWE,0.0
2015,ZWE,0.0
2016,ZWE,0.0
2017,ZWE,0.0
2018,ZWE,0.0
2019,ZWE,0.0
2020,ZWE,0.0
