Year,iso_code3,ef_ippu_tonne_c2f6_per_tonne_production_metals
2010,ABW,0.0
2011,ABW,0.0
2012,ABW,0.0
2013,ABW,0.0
2014,ABW,0.0
2015,ABW,0.0
2016,ABW,0.0
2017,ABW,0.0
2018,ABW,0.0
2019,ABW,0.0
2020,ABW,0.0
2010,AFG,4.37557777611958e-05
2011,AFG,3.990958133845954e-05
2012,AFG,3.385808200585689e-05
2013,AFG,1.929113952629722e-05
2014,AFG,2.112485188442231e-05
2015,AFG,1.3535975529462532e-05
2016,AFG,1.5242714275072197e-05
2017,AFG,1.657137992583094e-05
2018,AFG,1.2950428811774398e-05
2019,AFG,1.1605899974912788e-05
2020,AFG,1.3114020288643138e-05
2010,AGO,0.0
2011,AGO,0.0
2012,AGO,0.0
2013,AGO,0.0
2014,AGO,0.0
2015,AGO,0.0
2016,AGO,0.0
2017,AGO,0.0
2018,AGO,0.0
2019,AGO,0.0
2020,AGO,0.0
2010,ALB,0.0
2011,ALB,0.0
2012,ALB,0.0
2013,ALB,0.0
2014,ALB,0.0
2015,ALB,0.0
2016,ALB,0.0
2017,ALB,0.0
2018,ALB,0.0
2019,ALB,0.0
2020,ALB,0.0
2010,AND,3.7960258512588374e-08
2011,AND,2.3088231428814677e-08
2012,AND,2.0259852931640742e-08
2013,AND,1.7156100023759175e-08
2014,AND,1.6117572975563763e-08
2015,AND,2.249630444651308e-08
2016,AND,1.6649727745178343e-08
2017,AND,1.5769528139025572e-08
2018,AND,1.3310854577035703e-08
2019,AND,2.1176437596888866e-08
2020,AND,2.2569905278186653e-08
2010,ARE,9.347950857924686e-07
2011,ARE,1.0426943595947723e-06
2012,ARE,7.229191703004984e-07
2013,ARE,7.251757187084836e-07
2014,ARE,5.903859971312656e-07
2015,ARE,1.028954365562985e-06
2016,ARE,7.88308537869452e-07
2017,ARE,7.755779093786372e-07
2018,ARE,6.073732967914792e-07
2019,ARE,6.722318382725054e-07
2020,ARE,7.773573562358855e-07
2010,ARG,2.4543787783051425e-07
2011,ARG,2.2563875825099987e-07
2012,ARG,1.4578717728886318e-07
2013,ARG,1.5178676755962978e-07
2014,ARG,1.1249841328612165e-07
2015,ARG,1.461848056069681e-07
2016,ARG,1.3665051072286133e-07
2017,ARG,1.0605908675699809e-07
2018,ARG,1.28624161921796e-07
2019,ARG,1.5490819942128645e-07
2020,ARG,1.744809070219733e-07
2010,ARM,0.0
2011,ARM,0.0
2012,ARM,0.0
2013,ARM,0.0
2014,ARM,0.0
2015,ARM,0.0
2016,ARM,0.0
2017,ARM,0.0
2018,ARM,0.0
2019,ARM,0.0
2020,ARM,0.0
2010,ASM,0.0
2011,ASM,0.0
2012,ASM,0.0
2013,ASM,0.0
2014,ASM,0.0
2015,ASM,0.0
2016,ASM,0.0
2017,ASM,0.0
2018,ASM,0.0
2019,ASM,0.0
2020,ASM,0.0
2010,ATG,0.0
2011,ATG,0.0
2012,ATG,0.0
2013,ATG,0.0
2014,ATG,0.0
2015,ATG,0.0
2016,ATG,0.0
2017,ATG,0.0
2018,ATG,0.0
2019,ATG,0.0
2020,ATG,0.0
2010,AUS,4.139062714366256e-07
2011,AUS,3.597629825725007e-07
2012,AUS,2.8737975212691404e-07
2013,AUS,2.3512038842295373e-07
2014,AUS,2.0698850340502738e-07
2015,AUS,2.3340587114316125e-07
2016,AUS,2.148751367395019e-07
2017,AUS,1.918545354828585e-07
2018,AUS,1.909934840943019e-07
2019,AUS,3.042947827538319e-07
2020,AUS,3.18401770122599e-07
2010,AUT,0.0
2011,AUT,0.0
2012,AUT,0.0
2013,AUT,0.0
2014,AUT,0.0
2015,AUT,0.0
2016,AUT,0.0
2017,AUT,0.0
2018,AUT,0.0
2019,AUT,0.0
2020,AUT,0.0
2010,AZE,3.146910399209368e-09
2011,AZE,6.08850139640615e-08
2012,AZE,4.630873738911602e-07
2013,AZE,4.209099324522152e-07
2014,AZE,4.887861368380297e-07
2015,AZE,7.468812723983587e-07
2016,AZE,8.303885804975481e-07
2017,AZE,7.014028653861936e-07
2018,AZE,9.810771727148217e-07
2019,AZE,4.63725090576472e-07
2020,AZE,5.153737433968498e-07
2010,BDI,0.0
2011,BDI,0.0
2012,BDI,0.0
2013,BDI,0.0
2014,BDI,0.0
2015,BDI,0.0
2016,BDI,0.0
2017,BDI,0.0
2018,BDI,0.0
2019,BDI,0.0
2020,BDI,0.0
2010,BEL,0.0
2011,BEL,0.0
2012,BEL,0.0
2013,BEL,0.0
2014,BEL,0.0
2015,BEL,0.0
2016,BEL,0.0
2017,BEL,0.0
2018,BEL,0.0
2019,BEL,0.0
2020,BEL,0.0
2010,BEN,0.0
2011,BEN,0.0
2012,BEN,0.0
2013,BEN,0.0
2014,BEN,0.0
2015,BEN,0.0
2016,BEN,0.0
2017,BEN,0.0
2018,BEN,0.0
2019,BEN,0.0
2020,BEN,0.0
2010,BFA,0.0
2011,BFA,0.0
2012,BFA,0.0
2013,BFA,0.0
2014,BFA,0.0
2015,BFA,0.0
2016,BFA,0.0
2017,BFA,0.0
2018,BFA,0.0
2019,BFA,0.0
2020,BFA,0.0
2010,BGD,0.0
2011,BGD,0.0
2012,BGD,0.0
2013,BGD,0.0
2014,BGD,0.0
2015,BGD,0.0
2016,BGD,0.0
2017,BGD,0.0
2018,BGD,0.0
2019,BGD,0.0
2020,BGD,0.0
2010,BGR,0.0
2011,BGR,0.0
2012,BGR,0.0
2013,BGR,0.0
2014,BGR,0.0
2015,BGR,0.0
2016,BGR,0.0
2017,BGR,0.0
2018,BGR,0.0
2019,BGR,0.0
2020,BGR,0.0
2010,BHR,3.480436798379042e-06
2011,BHR,4.701676276876635e-06
2012,BHR,3.890644445006819e-06
2013,BHR,3.625988692783663e-06
2014,BHR,2.3413001511298224e-06
2015,BHR,3.193750685254839e-06
2016,BHR,2.150070574642028e-06
2017,BHR,1.7664363697481014e-06
2018,BHR,1.5227188008263175e-06
2019,BHR,1.4679558651018011e-06
2020,BHR,1.4252883104074191e-06
2010,BHS,0.0
2011,BHS,0.0
2012,BHS,0.0
2013,BHS,0.0
2014,BHS,0.0
2015,BHS,0.0
2016,BHS,0.0
2017,BHS,0.0
2018,BHS,0.0
2019,BHS,0.0
2020,BHS,0.0
2010,BIH,2.0421835256430836e-05
2011,BIH,1.8055711807730545e-05
2012,BIH,1.8247588182785738e-05
2013,BIH,1.3392174749394042e-05
2014,BIH,1.769108007909265e-05
2015,BIH,1.0236293897320266e-05
2016,BIH,1.066167371323581e-05
2017,BIH,1.1679210136320457e-05
2018,BIH,1.1332304780401974e-05
2019,BIH,1.1167837432938614e-05
2020,BIH,1.0608094044039302e-05
2010,BLR,0.0
2011,BLR,0.0
2012,BLR,0.0
2013,BLR,0.0
2014,BLR,0.0
2015,BLR,0.0
2016,BLR,0.0
2017,BLR,0.0
2018,BLR,0.0
2019,BLR,0.0
2020,BLR,0.0
2010,BLZ,0.0
2011,BLZ,0.0
2012,BLZ,0.0
2013,BLZ,0.0
2014,BLZ,0.0
2015,BLZ,0.0
2016,BLZ,0.0
2017,BLZ,0.0
2018,BLZ,0.0
2019,BLZ,0.0
2020,BLZ,0.0
2010,BMU,0.0
2011,BMU,0.0
2012,BMU,0.0
2013,BMU,0.0
2014,BMU,0.0
2015,BMU,0.0
2016,BMU,0.0
2017,BMU,0.0
2018,BMU,0.0
2019,BMU,0.0
2020,BMU,0.0
2010,BOL,0.0
2011,BOL,0.0
2012,BOL,0.0
2013,BOL,0.0
2014,BOL,0.0
2015,BOL,0.0
2016,BOL,0.0
2017,BOL,0.0
2018,BOL,0.0
2019,BOL,0.0
2020,BOL,0.0
2010,BRA,1.7329176751699258e-07
2011,BRA,1.3903649163450818e-07
2012,BRA,1.4178492970657953e-07
2013,BRA,1.4463534257199129e-07
2014,BRA,8.648365996678639e-08
2015,BRA,9.87658522979013e-08
2016,BRA,1.0227594107781409e-07
2017,BRA,8.574290492927627e-08
2018,BRA,7.902122817044899e-08
2019,BRA,7.661601374986568e-08
2020,BRA,1.043425383992281e-07
2010,BRB,0.0
2011,BRB,0.0
2012,BRB,0.0
2013,BRB,0.0
2014,BRB,0.0
2015,BRB,0.0
2016,BRB,0.0
2017,BRB,0.0
2018,BRB,0.0
2019,BRB,0.0
2020,BRB,0.0
2010,BRN,0.0
2011,BRN,0.0
2012,BRN,0.0
2013,BRN,0.0
2014,BRN,0.0
2015,BRN,0.0
2016,BRN,0.0
2017,BRN,0.0
2018,BRN,0.0
2019,BRN,0.0
2020,BRN,0.0
2010,BTN,0.0
2011,BTN,0.0
2012,BTN,0.0
2013,BTN,0.0
2014,BTN,0.0
2015,BTN,0.0
2016,BTN,0.0
2017,BTN,0.0
2018,BTN,0.0
2019,BTN,0.0
2020,BTN,0.0
2010,BWA,0.0
2011,BWA,0.0
2012,BWA,0.0
2013,BWA,0.0
2014,BWA,0.0
2015,BWA,0.0
2016,BWA,0.0
2017,BWA,0.0
2018,BWA,0.0
2019,BWA,0.0
2020,BWA,0.0
2010,CAF,0.0
2011,CAF,0.0
2012,CAF,0.0
2013,CAF,0.0
2014,CAF,0.0
2015,CAF,0.0
2016,CAF,0.0
2017,CAF,0.0
2018,CAF,0.0
2019,CAF,0.0
2020,CAF,0.0
2010,CAN,3.1964514451544376e-06
2011,CAN,2.728899549813583e-06
2012,CAN,2.4464372589337194e-06
2013,CAN,2.058263700001681e-06
2014,CAN,2.8300811517995294e-06
2015,CAN,1.907968041013343e-06
2016,CAN,2.5578753229935656e-06
2017,CAN,2.3208657591982414e-06
2018,CAN,2.022334575643796e-06
2019,CAN,1.705550550657284e-06
2020,CAN,1.7651131867658527e-06
2010,CHE,0.0
2011,CHE,0.0
2012,CHE,0.0
2013,CHE,0.0
2014,CHE,0.0
2015,CHE,0.0
2016,CHE,0.0
2017,CHE,0.0
2018,CHE,0.0
2019,CHE,0.0
2020,CHE,0.0
2010,CHL,0.0
2011,CHL,0.0
2012,CHL,0.0
2013,CHL,0.0
2014,CHL,0.0
2015,CHL,0.0
2016,CHL,0.0
2017,CHL,0.0
2018,CHL,0.0
2019,CHL,0.0
2020,CHL,0.0
2010,CHN,1.0899650382349743e-06
2011,CHN,7.057630215102141e-07
2012,CHN,6.568406620077316e-07
2013,CHN,5.785610087804377e-07
2014,CHN,5.683478154435016e-07
2015,CHN,5.029670285998539e-07
2016,CHN,4.6531577400805566e-07
2017,CHN,4.6364846980439554e-07
2018,CHN,4.5474507897445524e-07
2019,CHN,4.039267617316449e-07
2020,CHN,3.744173064922087e-07
2010,CIV,0.0
2011,CIV,0.0
2012,CIV,0.0
2013,CIV,0.0
2014,CIV,0.0
2015,CIV,0.0
2016,CIV,0.0
2017,CIV,0.0
2018,CIV,0.0
2019,CIV,0.0
2020,CIV,0.0
2010,CMR,1.4527303302513384e-05
2011,CMR,1.056018073372494e-05
2012,CMR,7.407714645753019e-06
2013,CMR,7.528138283341096e-06
2014,CMR,1.183273267514296e-05
2015,CMR,4.531095672047309e-06
2016,CMR,5.653565106863848e-06
2017,CMR,5.439619253341109e-06
2018,CMR,5.29458504382769e-06
2019,CMR,6.545399673706213e-06
2020,CMR,4.331778775587762e-06
2010,COD,0.0
2011,COD,0.0
2012,COD,0.0
2013,COD,0.0
2014,COD,0.0
2015,COD,0.0
2016,COD,0.0
2017,COD,0.0
2018,COD,0.0
2019,COD,0.0
2020,COD,0.0
2010,COG,0.0
2011,COG,0.0
2012,COG,0.0
2013,COG,0.0
2014,COG,0.0
2015,COG,0.0
2016,COG,0.0
2017,COG,0.0
2018,COG,0.0
2019,COG,0.0
2020,COG,0.0
2010,COL,0.0
2011,COL,0.0
2012,COL,0.0
2013,COL,0.0
2014,COL,0.0
2015,COL,0.0
2016,COL,0.0
2017,COL,0.0
2018,COL,0.0
2019,COL,0.0
2020,COL,0.0
2010,COM,0.0
2011,COM,0.0
2012,COM,0.0
2013,COM,0.0
2014,COM,0.0
2015,COM,0.0
2016,COM,0.0
2017,COM,0.0
2018,COM,0.0
2019,COM,0.0
2020,COM,0.0
2010,CPV,0.0
2011,CPV,0.0
2012,CPV,0.0
2013,CPV,0.0
2014,CPV,0.0
2015,CPV,0.0
2016,CPV,0.0
2017,CPV,0.0
2018,CPV,0.0
2019,CPV,0.0
2020,CPV,0.0
2010,CRI,0.0
2011,CRI,0.0
2012,CRI,0.0
2013,CRI,0.0
2014,CRI,0.0
2015,CRI,0.0
2016,CRI,0.0
2017,CRI,0.0
2018,CRI,0.0
2019,CRI,0.0
2020,CRI,0.0
2010,CUB,0.0
2011,CUB,0.0
2012,CUB,0.0
2013,CUB,0.0
2014,CUB,0.0
2015,CUB,0.0
2016,CUB,0.0
2017,CUB,0.0
2018,CUB,0.0
2019,CUB,0.0
2020,CUB,0.0
2010,CUW,0.0
2011,CUW,0.0
2012,CUW,0.0
2013,CUW,0.0
2014,CUW,0.0
2015,CUW,0.0
2016,CUW,0.0
2017,CUW,0.0
2018,CUW,0.0
2019,CUW,0.0
2020,CUW,0.0
2010,CYM,0.0
2011,CYM,0.0
2012,CYM,0.0
2013,CYM,0.0
2014,CYM,0.0
2015,CYM,0.0
2016,CYM,0.0
2017,CYM,0.0
2018,CYM,0.0
2019,CYM,0.0
2020,CYM,0.0
2010,CYP,0.0
2011,CYP,0.0
2012,CYP,0.0
2013,CYP,0.0
2014,CYP,0.0
2015,CYP,0.0
2016,CYP,0.0
2017,CYP,0.0
2018,CYP,0.0
2019,CYP,0.0
2020,CYP,0.0
2010,CZE,0.0
2011,CZE,0.0
2012,CZE,0.0
2013,CZE,0.0
2014,CZE,0.0
2015,CZE,0.0
2016,CZE,0.0
2017,CZE,0.0
2018,CZE,0.0
2019,CZE,0.0
2020,CZE,0.0
2010,DEU,1.869808496518237e-07
2011,DEU,1.625595674494277e-07
2012,DEU,1.597311322970152e-07
2013,DEU,1.4706545993686198e-07
2014,DEU,2.100216644577757e-07
2015,DEU,1.569191362619014e-07
2016,DEU,1.715147006347404e-07
2017,DEU,1.6139564098863787e-07
2018,DEU,1.4641122104946776e-07
2019,DEU,2.255482366078318e-07
2020,DEU,2.3139067335432586e-07
2010,DJI,0.0
2011,DJI,0.0
2012,DJI,0.0
2013,DJI,0.0
2014,DJI,0.0
2015,DJI,0.0
2016,DJI,0.0
2017,DJI,0.0
2018,DJI,0.0
2019,DJI,0.0
2020,DJI,0.0
2010,DMA,0.0
2011,DMA,0.0
2012,DMA,0.0
2013,DMA,0.0
2014,DMA,0.0
2015,DMA,0.0
2016,DMA,0.0
2017,DMA,0.0
2018,DMA,0.0
2019,DMA,0.0
2020,DMA,0.0
2010,DNK,0.0
2011,DNK,0.0
2012,DNK,0.0
2013,DNK,0.0
2014,DNK,0.0
2015,DNK,0.0
2016,DNK,0.0
2017,DNK,0.0
2018,DNK,0.0
2019,DNK,0.0
2020,DNK,0.0
2010,DOM,0.0
2011,DOM,0.0
2012,DOM,0.0
2013,DOM,0.0
2014,DOM,0.0
2015,DOM,0.0
2016,DOM,0.0
2017,DOM,0.0
2018,DOM,0.0
2019,DOM,0.0
2020,DOM,0.0
2010,DZA,0.0
2011,DZA,0.0
2012,DZA,0.0
2013,DZA,0.0
2014,DZA,0.0
2015,DZA,0.0
2016,DZA,0.0
2017,DZA,0.0
2018,DZA,0.0
2019,DZA,0.0
2020,DZA,0.0
2010,ECU,0.0
2011,ECU,0.0
2012,ECU,0.0
2013,ECU,0.0
2014,ECU,0.0
2015,ECU,0.0
2016,ECU,0.0
2017,ECU,0.0
2018,ECU,0.0
2019,ECU,0.0
2020,ECU,0.0
2010,EGY,2.897208901380121e-07
2011,EGY,2.615784798120418e-07
2012,EGY,2.5509629552121824e-07
2013,EGY,2.2117402266835047e-07
2014,EGY,1.8444762516602645e-07
2015,EGY,1.658848203231162e-07
2016,EGY,2.024342295503529e-07
2017,EGY,2.415315573361016e-07
2018,EGY,2.1694886876104078e-07
2019,EGY,2.234364056835985e-07
2020,EGY,1.990379940998286e-07
2010,ERI,0.0
2011,ERI,0.0
2012,ERI,0.0
2013,ERI,0.0
2014,ERI,0.0
2015,ERI,0.0
2016,ERI,0.0
2017,ERI,0.0
2018,ERI,0.0
2019,ERI,0.0
2020,ERI,0.0
2010,ESP,9.874384889019475e-07
2011,ESP,7.687210912947921e-07
2012,ESP,8.18802502553738e-07
2013,ESP,4.0651671934313117e-07
2014,ESP,5.415656550335612e-07
2015,ESP,5.359825062665065e-07
2016,ESP,6.362692141358014e-07
2017,ESP,5.821425223880045e-07
2018,ESP,5.22830266520522e-07
2019,ESP,5.446993393246967e-07
2020,ESP,5.670708623027957e-07
2010,EST,0.0
2011,EST,0.0
2012,EST,0.0
2013,EST,0.0
2014,EST,0.0
2015,EST,0.0
2016,EST,0.0
2017,EST,0.0
2018,EST,0.0
2019,EST,0.0
2020,EST,0.0
2010,ETH,0.0
2011,ETH,0.0
2012,ETH,0.0
2013,ETH,0.0
2014,ETH,0.0
2015,ETH,0.0
2016,ETH,0.0
2017,ETH,0.0
2018,ETH,0.0
2019,ETH,0.0
2020,ETH,0.0
2010,FIN,0.0
2011,FIN,0.0
2012,FIN,0.0
2013,FIN,0.0
2014,FIN,0.0
2015,FIN,0.0
2016,FIN,0.0
2017,FIN,0.0
2018,FIN,0.0
2019,FIN,0.0
2020,FIN,0.0
2010,FJI,0.0
2011,FJI,0.0
2012,FJI,0.0
2013,FJI,0.0
2014,FJI,0.0
2015,FJI,0.0
2016,FJI,0.0
2017,FJI,0.0
2018,FJI,0.0
2019,FJI,0.0
2020,FJI,0.0
2010,FRA,3.7960258512588374e-08
2011,FRA,2.3088231428814677e-08
2012,FRA,2.0259852931640742e-08
2013,FRA,1.7156100023759175e-08
2014,FRA,1.6117572975563763e-08
2015,FRA,2.249630444651308e-08
2016,FRA,1.6649727745178343e-08
2017,FRA,1.5769528139025572e-08
2018,FRA,1.3310854577035703e-08
2019,FRA,2.1176437596888866e-08
2020,FRA,2.2569905278186653e-08
2010,FRO,4.537021596185476e-06
2011,FRO,4.039536684476967e-06
2012,FRO,2.7479368628647957e-06
2013,FRO,3.241866415304796e-06
2014,FRO,1.474400487152729e-06
2015,FRO,2.680827397187079e-06
2016,FRO,1.5942177583767032e-06
2017,FRO,1.3744389101770416e-06
2018,FRO,1.1477129232369969e-06
2019,FRO,1.5018001699090392e-06
2020,FRO,1.3666763306210768e-06
2010,FSM,0.0
2011,FSM,0.0
2012,FSM,0.0
2013,FSM,0.0
2014,FSM,0.0
2015,FSM,0.0
2016,FSM,0.0
2017,FSM,0.0
2018,FSM,0.0
2019,FSM,0.0
2020,FSM,0.0
2010,GAB,0.0
2011,GAB,0.0
2012,GAB,0.0
2013,GAB,0.0
2014,GAB,0.0
2015,GAB,0.0
2016,GAB,0.0
2017,GAB,0.0
2018,GAB,0.0
2019,GAB,0.0
2020,GAB,0.0
2010,GBR,1.915210449174141e-07
2011,GBR,1.7982077027603532e-07
2012,GBR,5.1091639266855446e-08
2013,GBR,2.9078026652730662e-08
2014,GBR,3.521749478270928e-08
2015,GBR,2.5253404851025812e-08
2016,GBR,3.129867043812795e-08
2017,GBR,3.3066805002545534e-08
2018,GBR,3.135474617161453e-08
2019,GBR,2.1781914619070764e-08
2020,GBR,2.3939415940171062e-08
2010,GEO,0.0
2011,GEO,0.0
2012,GEO,0.0
2013,GEO,0.0
2014,GEO,0.0
2015,GEO,0.0
2016,GEO,0.0
2017,GEO,0.0
2018,GEO,0.0
2019,GEO,0.0
2020,GEO,0.0
2010,GHA,0.0
2011,GHA,2.512070712201675e-07
2012,GHA,2.0631471385906854e-07
2013,GHA,1.0061630471544137e-07
2014,GHA,1.2513974389222185e-07
2015,GHA,5.8704730430173334e-08
2016,GHA,6.675825706701465e-08
2017,GHA,6.505687386094938e-08
2018,GHA,7.723276426803184e-08
2019,GHA,6.40940699416967e-08
2020,GHA,4.223832248690341e-08
2010,GIB,0.0
2011,GIB,0.0
2012,GIB,0.0
2013,GIB,0.0
2014,GIB,0.0
2015,GIB,0.0
2016,GIB,0.0
2017,GIB,0.0
2018,GIB,0.0
2019,GIB,0.0
2020,GIB,0.0
2010,GIN,0.0
2011,GIN,0.0
2012,GIN,0.0
2013,GIN,0.0
2014,GIN,0.0
2015,GIN,0.0
2016,GIN,0.0
2017,GIN,0.0
2018,GIN,0.0
2019,GIN,0.0
2020,GIN,0.0
2010,GMB,0.0
2011,GMB,0.0
2012,GMB,0.0
2013,GMB,0.0
2014,GMB,0.0
2015,GMB,0.0
2016,GMB,0.0
2017,GMB,0.0
2018,GMB,0.0
2019,GMB,0.0
2020,GMB,0.0
2010,GNB,0.0
2011,GNB,0.0
2012,GNB,0.0
2013,GNB,0.0
2014,GNB,0.0
2015,GNB,0.0
2016,GNB,0.0
2017,GNB,0.0
2018,GNB,0.0
2019,GNB,0.0
2020,GNB,0.0
2010,GNQ,0.0
2011,GNQ,0.0
2012,GNQ,0.0
2013,GNQ,0.0
2014,GNQ,0.0
2015,GNQ,0.0
2016,GNQ,0.0
2017,GNQ,0.0
2018,GNQ,0.0
2019,GNQ,0.0
2020,GNQ,0.0
2010,GRC,1.2167972336615422e-06
2011,GRC,1.2664658628123136e-06
2012,GRC,1.575854678260707e-06
2013,GRC,1.3289288573626735e-06
2014,GRC,2.0654838917419078e-06
2015,GRC,1.3141646666177676e-06
2016,GRC,1.440426914133055e-06
2017,GRC,1.384405668654477e-06
2018,GRC,1.365727320261914e-06
2019,GRC,1.809529159636874e-06
2020,GRC,1.645965678844934e-06
2010,GRD,0.0
2011,GRD,0.0
2012,GRD,0.0
2013,GRD,0.0
2014,GRD,0.0
2015,GRD,0.0
2016,GRD,0.0
2017,GRD,0.0
2018,GRD,0.0
2019,GRD,0.0
2020,GRD,0.0
2010,GRL,4.537021596185476e-06
2011,GRL,4.039536684476967e-06
2012,GRL,2.7479368628647957e-06
2013,GRL,3.241866415304796e-06
2014,GRL,1.474400487152729e-06
2015,GRL,2.680827397187079e-06
2016,GRL,1.5942177583767032e-06
2017,GRL,1.3744389101770416e-06
2018,GRL,1.1477129232369969e-06
2019,GRL,1.5018001699090392e-06
2020,GRL,1.3666763306210768e-06
2010,GTM,0.0
2011,GTM,0.0
2012,GTM,0.0
2013,GTM,0.0
2014,GTM,0.0
2015,GTM,0.0
2016,GTM,0.0
2017,GTM,0.0
2018,GTM,0.0
2019,GTM,0.0
2020,GTM,0.0
2010,GUM,0.0
2011,GUM,0.0
2012,GUM,0.0
2013,GUM,0.0
2014,GUM,0.0
2015,GUM,0.0
2016,GUM,0.0
2017,GUM,0.0
2018,GUM,0.0
2019,GUM,0.0
2020,GUM,0.0
2010,GUY,0.0
2011,GUY,0.0
2012,GUY,0.0
2013,GUY,0.0
2014,GUY,0.0
2015,GUY,0.0
2016,GUY,0.0
2017,GUY,0.0
2018,GUY,0.0
2019,GUY,0.0
2020,GUY,0.0
2010,HKG,0.0
2011,HKG,0.0
2012,HKG,0.0
2013,HKG,0.0
2014,HKG,0.0
2015,HKG,0.0
2016,HKG,0.0
2017,HKG,0.0
2018,HKG,0.0
2019,HKG,0.0
2020,HKG,0.0
2010,HND,0.0
2011,HND,0.0
2012,HND,0.0
2013,HND,0.0
2014,HND,0.0
2015,HND,0.0
2016,HND,0.0
2017,HND,0.0
2018,HND,0.0
2019,HND,0.0
2020,HND,0.0
2010,HRV,6.074395795572582e-08
2011,HRV,4.2355800620772264e-08
2012,HRV,0.0
2013,HRV,0.0
2014,HRV,0.0
2015,HRV,0.0
2016,HRV,0.0
2017,HRV,0.0
2018,HRV,0.0
2019,HRV,0.0
2020,HRV,0.0
2010,HTI,0.0
2011,HTI,0.0
2012,HTI,0.0
2013,HTI,0.0
2014,HTI,0.0
2015,HTI,0.0
2016,HTI,0.0
2017,HTI,0.0
2018,HTI,0.0
2019,HTI,0.0
2020,HTI,0.0
2010,HUN,0.0
2011,HUN,0.0
2012,HUN,0.0
2013,HUN,0.0
2014,HUN,0.0
2015,HUN,0.0
2016,HUN,0.0
2017,HUN,0.0
2018,HUN,0.0
2019,HUN,0.0
2020,HUN,0.0
2010,IDN,1.6820261431227605e-07
2011,IDN,5.6996036597643863e-08
2012,IDN,4.4664488274703226e-08
2013,IDN,3.2735385866911456e-08
2014,IDN,3.502320151213858e-08
2015,IDN,2.1851006959428376e-08
2016,IDN,1.902179271320947e-08
2017,IDN,1.539136520807658e-08
2018,IDN,1.5549965003853053e-08
2019,IDN,1.2599632680233794e-08
2020,IDN,1.1641784214340389e-08
2010,IMN,0.0
2011,IMN,0.0
2012,IMN,0.0
2013,IMN,0.0
2014,IMN,0.0
2015,IMN,0.0
2016,IMN,0.0
2017,IMN,0.0
2018,IMN,0.0
2019,IMN,0.0
2020,IMN,0.0
2010,IND,2.259599259948107e-07
2011,IND,2.479688256964006e-07
2012,IND,2.0440346613750442e-07
2013,IND,1.7789119248071872e-07
2014,IND,1.5898234007455465e-07
2015,IND,2.0770328302185733e-07
2016,IND,2.0035444106692998e-07
2017,IND,1.891913586455125e-07
2018,IND,1.548079680830749e-07
2019,IND,1.43109354579497e-07
2020,IND,1.5626919723610637e-07
2010,IRL,0.0
2011,IRL,0.0
2012,IRL,0.0
2013,IRL,0.0
2014,IRL,0.0
2015,IRL,0.0
2016,IRL,0.0
2017,IRL,0.0
2018,IRL,0.0
2019,IRL,0.0
2020,IRL,0.0
2010,IRN,2.1050703767104245e-07
2011,IRN,9.255809415816445e-08
2012,IRN,1.4615236205126668e-07
2013,IRN,1.3900662230808388e-07
2014,IRN,1.0485969442785285e-07
2015,IRN,8.81676442011093e-08
2016,IRN,7.97214831363262e-08
2017,IRN,6.756558018139659e-08
2018,IRN,9.75447977049802e-08
2019,IRN,2.0148012681480105e-07
2020,IRN,1.824664572257305e-07
2010,IRQ,0.0
2011,IRQ,0.0
2012,IRQ,0.0
2013,IRQ,0.0
2014,IRQ,0.0
2015,IRQ,0.0
2016,IRQ,0.0
2017,IRQ,0.0
2018,IRQ,0.0
2019,IRQ,0.0
2020,IRQ,0.0
2010,ISL,4.537021596185476e-06
2011,ISL,4.039536684476967e-06
2012,ISL,2.7479368628647957e-06
2013,ISL,3.241866415304796e-06
2014,ISL,1.474400487152729e-06
2015,ISL,2.680827397187079e-06
2016,ISL,1.5942177583767032e-06
2017,ISL,1.3744389101770416e-06
2018,ISL,1.1477129232369969e-06
2019,ISL,1.5018001699090392e-06
2020,ISL,1.3666763306210768e-06
2010,ISR,0.0
2011,ISR,0.0
2012,ISR,0.0
2013,ISR,0.0
2014,ISR,0.0
2015,ISR,0.0
2016,ISR,0.0
2017,ISR,0.0
2018,ISR,0.0
2019,ISR,0.0
2020,ISR,0.0
2010,ITA,7.815066789773378e-09
2011,ITA,7.968533506501378e-09
2012,ITA,4.584204971325739e-09
2013,ITA,0.0
2014,ITA,0.0
2015,ITA,0.0
2016,ITA,0.0
2017,ITA,0.0
2018,ITA,0.0
2019,ITA,0.0
2020,ITA,0.0
2010,JAM,0.0
2011,JAM,0.0
2012,JAM,0.0
2013,JAM,0.0
2014,JAM,0.0
2015,JAM,0.0
2016,JAM,0.0
2017,JAM,0.0
2018,JAM,0.0
2019,JAM,0.0
2020,JAM,0.0
2010,JOR,0.0
2011,JOR,0.0
2012,JOR,0.0
2013,JOR,0.0
2014,JOR,0.0
2015,JOR,0.0
2016,JOR,0.0
2017,JOR,0.0
2018,JOR,0.0
2019,JOR,0.0
2020,JOR,0.0
2010,JPN,3.3617682996531183e-10
2011,JPN,3.5564006826210287e-10
2012,JPN,3.7431998099156055e-10
2013,JPN,3.043135633015332e-10
2014,JPN,7.133064132657596e-11
2015,JPN,6.401234144965349e-09
2016,JPN,5.541850910146024e-09
2017,JPN,6.30118146643749e-09
2018,JPN,6.140241596083137e-09
2019,JPN,5.9739148413329285e-09
2020,JPN,6.042062619787548e-09
2010,KAZ,4.51406896116924e-06
2011,KAZ,3.4936292547237464e-06
2012,KAZ,2.685361436555832e-06
2013,KAZ,1.92295733271061e-06
2014,KAZ,2.790284851045468e-06
2015,KAZ,1.3884031346259854e-06
2016,KAZ,2.1749247848192166e-06
2017,KAZ,1.8169008341168327e-06
2018,KAZ,1.9998393077228256e-06
2019,KAZ,1.8945717463854496e-06
2020,KAZ,1.908784262632129e-06
2010,KEN,0.0
2011,KEN,0.0
2012,KEN,0.0
2013,KEN,0.0
2014,KEN,0.0
2015,KEN,0.0
2016,KEN,0.0
2017,KEN,0.0
2018,KEN,0.0
2019,KEN,0.0
2020,KEN,0.0
2010,KGZ,0.0
2011,KGZ,0.0
2012,KGZ,0.0
2013,KGZ,0.0
2014,KGZ,0.0
2015,KGZ,0.0
2016,KGZ,0.0
2017,KGZ,0.0
2018,KGZ,0.0
2019,KGZ,0.0
2020,KGZ,0.0
2010,KHM,0.0
2011,KHM,0.0
2012,KHM,0.0
2013,KHM,0.0
2014,KHM,0.0
2015,KHM,0.0
2016,KHM,0.0
2017,KHM,0.0
2018,KHM,0.0
2019,KHM,0.0
2020,KHM,0.0
2010,KIR,0.0
2011,KIR,0.0
2012,KIR,0.0
2013,KIR,0.0
2014,KIR,0.0
2015,KIR,0.0
2016,KIR,0.0
2017,KIR,0.0
2018,KIR,0.0
2019,KIR,0.0
2020,KIR,0.0
2010,KNA,0.0
2011,KNA,0.0
2012,KNA,0.0
2013,KNA,0.0
2014,KNA,0.0
2015,KNA,0.0
2016,KNA,0.0
2017,KNA,0.0
2018,KNA,0.0
2019,KNA,0.0
2020,KNA,0.0
2010,KOR,0.0
2011,KOR,0.0
2012,KOR,0.0
2013,KOR,0.0
2014,KOR,0.0
2015,KOR,0.0
2016,KOR,0.0
2017,KOR,0.0
2018,KOR,0.0
2019,KOR,0.0
2020,KOR,0.0
2010,KWT,0.0
2011,KWT,0.0
2012,KWT,0.0
2013,KWT,0.0
2014,KWT,0.0
2015,KWT,0.0
2016,KWT,0.0
2017,KWT,0.0
2018,KWT,0.0
2019,KWT,0.0
2020,KWT,0.0
2010,LAO,0.0
2011,LAO,0.0
2012,LAO,0.0
2013,LAO,0.0
2014,LAO,0.0
2015,LAO,0.0
2016,LAO,0.0
2017,LAO,0.0
2018,LAO,0.0
2019,LAO,0.0
2020,LAO,0.0
2010,LBN,0.0
2011,LBN,0.0
2012,LBN,0.0
2013,LBN,0.0
2014,LBN,0.0
2015,LBN,0.0
2016,LBN,0.0
2017,LBN,0.0
2018,LBN,0.0
2019,LBN,0.0
2020,LBN,0.0
2010,LBR,0.0
2011,LBR,0.0
2012,LBR,0.0
2013,LBR,0.0
2014,LBR,0.0
2015,LBR,0.0
2016,LBR,0.0
2017,LBR,0.0
2018,LBR,0.0
2019,LBR,0.0
2020,LBR,0.0
2010,LBY,0.0
2011,LBY,0.0
2012,LBY,0.0
2013,LBY,0.0
2014,LBY,0.0
2015,LBY,0.0
2016,LBY,0.0
2017,LBY,0.0
2018,LBY,0.0
2019,LBY,0.0
2020,LBY,0.0
2010,LCA,0.0
2011,LCA,0.0
2012,LCA,0.0
2013,LCA,0.0
2014,LCA,0.0
2015,LCA,0.0
2016,LCA,0.0
2017,LCA,0.0
2018,LCA,0.0
2019,LCA,0.0
2020,LCA,0.0
2010,LIE,0.0
2011,LIE,0.0
2012,LIE,0.0
2013,LIE,0.0
2014,LIE,0.0
2015,LIE,0.0
2016,LIE,0.0
2017,LIE,0.0
2018,LIE,0.0
2019,LIE,0.0
2020,LIE,0.0
2010,LKA,0.0
2011,LKA,0.0
2012,LKA,0.0
2013,LKA,0.0
2014,LKA,0.0
2015,LKA,0.0
2016,LKA,0.0
2017,LKA,0.0
2018,LKA,0.0
2019,LKA,0.0
2020,LKA,0.0
2010,LSO,0.0
2011,LSO,0.0
2012,LSO,0.0
2013,LSO,0.0
2014,LSO,0.0
2015,LSO,0.0
2016,LSO,0.0
2017,LSO,0.0
2018,LSO,0.0
2019,LSO,0.0
2020,LSO,0.0
2010,LTU,0.0
2011,LTU,0.0
2012,LTU,0.0
2013,LTU,0.0
2014,LTU,0.0
2015,LTU,0.0
2016,LTU,0.0
2017,LTU,0.0
2018,LTU,0.0
2019,LTU,0.0
2020,LTU,0.0
2010,LUX,0.0
2011,LUX,0.0
2012,LUX,0.0
2013,LUX,0.0
2014,LUX,0.0
2015,LUX,0.0
2016,LUX,0.0
2017,LUX,0.0
2018,LUX,0.0
2019,LUX,0.0
2020,LUX,0.0
2010,LVA,0.0
2011,LVA,0.0
2012,LVA,0.0
2013,LVA,0.0
2014,LVA,0.0
2015,LVA,0.0
2016,LVA,0.0
2017,LVA,0.0
2018,LVA,0.0
2019,LVA,0.0
2020,LVA,0.0
2010,MAC,0.0
2011,MAC,0.0
2012,MAC,0.0
2013,MAC,0.0
2014,MAC,0.0
2015,MAC,0.0
2016,MAC,0.0
2017,MAC,0.0
2018,MAC,0.0
2019,MAC,0.0
2020,MAC,0.0
2010,MAF,0.0
2011,MAF,0.0
2012,MAF,0.0
2013,MAF,0.0
2014,MAF,0.0
2015,MAF,0.0
2016,MAF,0.0
2017,MAF,0.0
2018,MAF,0.0
2019,MAF,0.0
2020,MAF,0.0
2010,MAR,0.0
2011,MAR,0.0
2012,MAR,0.0
2013,MAR,0.0
2014,MAR,0.0
2015,MAR,0.0
2016,MAR,0.0
2017,MAR,0.0
2018,MAR,0.0
2019,MAR,0.0
2020,MAR,0.0
2010,MCO,0.0
2011,MCO,0.0
2012,MCO,0.0
2013,MCO,0.0
2014,MCO,0.0
2015,MCO,0.0
2016,MCO,0.0
2017,MCO,0.0
2018,MCO,0.0
2019,MCO,0.0
2020,MCO,0.0
2010,MDA,0.0
2011,MDA,0.0
2012,MDA,0.0
2013,MDA,0.0
2014,MDA,0.0
2015,MDA,0.0
2016,MDA,0.0
2017,MDA,0.0
2018,MDA,0.0
2019,MDA,0.0
2020,MDA,0.0
2010,MDG,0.0
2011,MDG,0.0
2012,MDG,0.0
2013,MDG,0.0
2014,MDG,0.0
2015,MDG,0.0
2016,MDG,0.0
2017,MDG,0.0
2018,MDG,0.0
2019,MDG,0.0
2020,MDG,0.0
2010,MDV,0.0
2011,MDV,0.0
2012,MDV,0.0
2013,MDV,0.0
2014,MDV,0.0
2015,MDV,0.0
2016,MDV,0.0
2017,MDV,0.0
2018,MDV,0.0
2019,MDV,0.0
2020,MDV,0.0
2010,MEX,0.0
2011,MEX,0.0
2012,MEX,0.0
2013,MEX,0.0
2014,MEX,0.0
2015,MEX,0.0
2016,MEX,0.0
2017,MEX,0.0
2018,MEX,0.0
2019,MEX,0.0
2020,MEX,0.0
2010,MHL,0.0
2011,MHL,0.0
2012,MHL,0.0
2013,MHL,0.0
2014,MHL,0.0
2015,MHL,0.0
2016,MHL,0.0
2017,MHL,0.0
2018,MHL,0.0
2019,MHL,0.0
2020,MHL,0.0
2010,MKD,0.0
2011,MKD,0.0
2012,MKD,0.0
2013,MKD,0.0
2014,MKD,0.0
2015,MKD,0.0
2016,MKD,0.0
2017,MKD,0.0
2018,MKD,0.0
2019,MKD,0.0
2020,MKD,0.0
2010,MLI,0.0
2011,MLI,0.0
2012,MLI,0.0
2013,MLI,0.0
2014,MLI,0.0
2015,MLI,0.0
2016,MLI,0.0
2017,MLI,0.0
2018,MLI,0.0
2019,MLI,0.0
2020,MLI,0.0
2010,MLT,0.0
2011,MLT,0.0
2012,MLT,0.0
2013,MLT,0.0
2014,MLT,0.0
2015,MLT,0.0
2016,MLT,0.0
2017,MLT,0.0
2018,MLT,0.0
2019,MLT,0.0
2020,MLT,0.0
2010,MMR,0.0
2011,MMR,0.0
2012,MMR,0.0
2013,MMR,0.0
2014,MMR,0.0
2015,MMR,0.0
2016,MMR,0.0
2017,MMR,0.0
2018,MMR,0.0
2019,MMR,0.0
2020,MMR,0.0
2010,MNE,0.0
2011,MNE,0.0
2012,MNE,0.0
2013,MNE,0.0
2014,MNE,0.0
2015,MNE,0.0
2016,MNE,0.0
2017,MNE,0.0
2018,MNE,0.0
2019,MNE,0.0
2020,MNE,0.0
2010,MNG,0.0
2011,MNG,0.0
2012,MNG,0.0
2013,MNG,0.0
2014,MNG,0.0
2015,MNG,0.0
2016,MNG,0.0
2017,MNG,0.0
2018,MNG,0.0
2019,MNG,0.0
2020,MNG,0.0
2010,MNP,3.3617682996531183e-10
2011,MNP,3.5564006826210287e-10
2012,MNP,3.7431998099156055e-10
2013,MNP,3.043135633015332e-10
2014,MNP,7.133064132657596e-11
2015,MNP,6.401234144965349e-09
2016,MNP,5.541850910146024e-09
2017,MNP,6.30118146643749e-09
2018,MNP,6.140241596083137e-09
2019,MNP,5.9739148413329285e-09
2020,MNP,6.042062619787548e-09
2010,MOZ,1.771581290140522e-06
2011,MOZ,1.946501182989709e-06
2012,MOZ,1.579907582088474e-06
2013,MOZ,1.2918644260881357e-06
2014,MOZ,1.0122521294393775e-06
2015,MOZ,1.8661393558708004e-06
2016,MOZ,1.4376319201456064e-06
2017,MOZ,1.3646825759137711e-06
2018,MOZ,1.39133477992981e-06
2019,MOZ,1.1689294709957884e-06
2020,MOZ,1.0694273710935484e-06
2010,MRT,0.0
2011,MRT,0.0
2012,MRT,0.0
2013,MRT,0.0
2014,MRT,0.0
2015,MRT,0.0
2016,MRT,0.0
2017,MRT,0.0
2018,MRT,0.0
2019,MRT,0.0
2020,MRT,0.0
2010,MUS,0.0
2011,MUS,0.0
2012,MUS,0.0
2013,MUS,0.0
2014,MUS,0.0
2015,MUS,0.0
2016,MUS,0.0
2017,MUS,0.0
2018,MUS,0.0
2019,MUS,0.0
2020,MUS,0.0
2010,MWI,1.771581290140522e-06
2011,MWI,1.946501182989709e-06
2012,MWI,1.579907582088474e-06
2013,MWI,1.2918644260881357e-06
2014,MWI,1.0122521294393775e-06
2015,MWI,1.8661393558708004e-06
2016,MWI,1.4376319201456064e-06
2017,MWI,1.3646825759137711e-06
2018,MWI,1.39133477992981e-06
2019,MWI,1.1689294709957884e-06
2020,MWI,1.0694273710935484e-06
2010,MYS,0.0
2011,MYS,0.0
2012,MYS,0.0
2013,MYS,0.0
2014,MYS,0.0
2015,MYS,0.0
2016,MYS,0.0
2017,MYS,0.0
2018,MYS,0.0
2019,MYS,0.0
2020,MYS,0.0
2010,NAM,0.0
2011,NAM,0.0
2012,NAM,0.0
2013,NAM,0.0
2014,NAM,0.0
2015,NAM,0.0
2016,NAM,0.0
2017,NAM,0.0
2018,NAM,0.0
2019,NAM,0.0
2020,NAM,0.0
2010,NCL,0.0
2011,NCL,0.0
2012,NCL,0.0
2013,NCL,0.0
2014,NCL,0.0
2015,NCL,0.0
2016,NCL,0.0
2017,NCL,0.0
2018,NCL,0.0
2019,NCL,0.0
2020,NCL,0.0
2010,NER,0.0
2011,NER,0.0
2012,NER,0.0
2013,NER,0.0
2014,NER,0.0
2015,NER,0.0
2016,NER,0.0
2017,NER,0.0
2018,NER,0.0
2019,NER,0.0
2020,NER,0.0
2010,NGA,1.90829821616182e-08
2011,NGA,1.8010517531836668e-08
2012,NGA,1.1422460122016518e-08
2013,NGA,7.977502751985955e-10
2014,NGA,0.0
2015,NGA,0.0
2016,NGA,0.0
2017,NGA,0.0
2018,NGA,0.0
2019,NGA,0.0
2020,NGA,0.0
2010,NIC,0.0
2011,NIC,0.0
2012,NIC,0.0
2013,NIC,0.0
2014,NIC,0.0
2015,NIC,0.0
2016,NIC,0.0
2017,NIC,0.0
2018,NIC,0.0
2019,NIC,0.0
2020,NIC,0.0
2010,NLD,4.282512031026106e-08
2011,NLD,3.71881133338764e-08
2012,NLD,1.3699004238333254e-08
2013,NLD,1.2153744536304216e-08
2014,NLD,7.922606869033432e-11
2015,NLD,5.163542186491817e-09
2016,NLD,4.101251694282042e-09
2017,NLD,3.173360442493641e-09
2018,NLD,1.0025798606422634e-08
2019,NLD,1.8043444630906298e-08
2020,NLD,1.867090780011721e-08
2010,NOR,6.342821810177813e-07
2011,NOR,5.108628565061051e-07
2012,NOR,4.349001097885969e-07
2013,NOR,4.6443112650139066e-07
2014,NOR,3.936010830782263e-07
2015,NOR,5.590765872631018e-07
2016,NOR,5.686310659831235e-07
2017,NOR,4.5646327681086964e-07
2018,NOR,5.003555491022632e-07
2019,NOR,5.738558291969832e-07
2020,NOR,5.899297895433069e-07
2010,NPL,0.0
2011,NPL,0.0
2012,NPL,0.0
2013,NPL,0.0
2014,NPL,0.0
2015,NPL,0.0
2016,NPL,0.0
2017,NPL,0.0
2018,NPL,0.0
2019,NPL,0.0
2020,NPL,0.0
2010,NRU,0.0
2011,NRU,0.0
2012,NRU,0.0
2013,NRU,0.0
2014,NRU,0.0
2015,NRU,0.0
2016,NRU,0.0
2017,NRU,0.0
2018,NRU,0.0
2019,NRU,0.0
2020,NRU,0.0
2010,NZL,1.8520409799350288e-06
2011,NZL,6.5728033009529e-07
2012,NZL,5.198445393081665e-07
2013,NZL,3.7096240468027706e-07
2014,NZL,3.691445349825194e-07
2015,NZL,2.948540617842321e-07
2016,NZL,2.683054188076183e-07
2017,NZL,2.542265128885809e-07
2018,NZL,2.46766250375733e-07
2019,NZL,2.830572002276372e-07
2020,NZL,2.5855808132721225e-07
2010,OMN,3.489629773892138e-06
2011,OMN,1.055103907472215e-06
2012,OMN,6.700224024878623e-07
2013,OMN,5.202093693269269e-07
2014,OMN,4.968191032764141e-07
2015,OMN,3.805274114210746e-07
2016,OMN,3.074065546795704e-07
2017,OMN,1.902752119801526e-07
2018,OMN,2.137103101211458e-07
2019,OMN,2.3369900673932077e-07
2020,OMN,2.5553273889948053e-07
2010,PAK,0.0
2011,PAK,0.0
2012,PAK,0.0
2013,PAK,0.0
2014,PAK,0.0
2015,PAK,0.0
2016,PAK,0.0
2017,PAK,0.0
2018,PAK,0.0
2019,PAK,0.0
2020,PAK,0.0
2010,PAN,0.0
2011,PAN,0.0
2012,PAN,0.0
2013,PAN,0.0
2014,PAN,0.0
2015,PAN,0.0
2016,PAN,0.0
2017,PAN,0.0
2018,PAN,0.0
2019,PAN,0.0
2020,PAN,0.0
2010,PER,0.0
2011,PER,0.0
2012,PER,0.0
2013,PER,0.0
2014,PER,0.0
2015,PER,0.0
2016,PER,0.0
2017,PER,0.0
2018,PER,0.0
2019,PER,0.0
2020,PER,0.0
2010,PHL,0.0
2011,PHL,0.0
2012,PHL,0.0
2013,PHL,0.0
2014,PHL,0.0
2015,PHL,0.0
2016,PHL,0.0
2017,PHL,0.0
2018,PHL,0.0
2019,PHL,0.0
2020,PHL,0.0
2010,PLW,0.0
2011,PLW,0.0
2012,PLW,0.0
2013,PLW,0.0
2014,PLW,0.0
2015,PLW,0.0
2016,PLW,0.0
2017,PLW,0.0
2018,PLW,0.0
2019,PLW,0.0
2020,PLW,0.0
2010,PNG,0.0
2011,PNG,0.0
2012,PNG,0.0
2013,PNG,0.0
2014,PNG,0.0
2015,PNG,0.0
2016,PNG,0.0
2017,PNG,0.0
2018,PNG,0.0
2019,PNG,0.0
2020,PNG,0.0
2010,POL,0.0
2011,POL,0.0
2012,POL,0.0
2013,POL,0.0
2014,POL,0.0
2015,POL,0.0
2016,POL,0.0
2017,POL,0.0
2018,POL,0.0
2019,POL,0.0
2020,POL,0.0
2010,PRI,0.0
2011,PRI,0.0
2012,PRI,0.0
2013,PRI,0.0
2014,PRI,0.0
2015,PRI,0.0
2016,PRI,0.0
2017,PRI,0.0
2018,PRI,0.0
2019,PRI,0.0
2020,PRI,0.0
2010,PRK,0.0
2011,PRK,0.0
2012,PRK,0.0
2013,PRK,0.0
2014,PRK,0.0
2015,PRK,0.0
2016,PRK,0.0
2017,PRK,0.0
2018,PRK,0.0
2019,PRK,0.0
2020,PRK,0.0
2010,PRT,0.0
2011,PRT,0.0
2012,PRT,0.0
2013,PRT,0.0
2014,PRT,0.0
2015,PRT,0.0
2016,PRT,0.0
2017,PRT,0.0
2018,PRT,0.0
2019,PRT,0.0
2020,PRT,0.0
2010,PRY,0.0
2011,PRY,0.0
2012,PRY,0.0
2013,PRY,0.0
2014,PRY,0.0
2015,PRY,0.0
2016,PRY,0.0
2017,PRY,0.0
2018,PRY,0.0
2019,PRY,0.0
2020,PRY,0.0
2010,PYF,0.0
2011,PYF,0.0
2012,PYF,0.0
2013,PYF,0.0
2014,PYF,0.0
2015,PYF,0.0
2016,PYF,0.0
2017,PYF,0.0
2018,PYF,0.0
2019,PYF,0.0
2020,PYF,0.0
2010,QAT,2.641179275179815e-07
2011,QAT,1.4867955511249875e-06
2012,QAT,1.2357508933086278e-06
2013,QAT,1.0002033144206028e-06
2014,QAT,6.075026796234627e-07
2015,QAT,8.612544644408606e-07
2016,QAT,6.891340108560971e-07
2017,QAT,7.41902779652781e-07
2018,QAT,6.075548482060207e-07
2019,QAT,5.607118803499812e-07
2020,QAT,7.232719574049348e-07
2010,ROU,4.746895149935863e-06
2011,ROU,3.946987367417465e-06
2012,ROU,4.031655068030089e-06
2013,ROU,3.219791692107971e-06
2014,ROU,5.051707280123459e-06
2015,ROU,3.2236102270108063e-06
2016,ROU,3.974983564409336e-06
2017,ROU,3.6098241655204455e-06
2018,ROU,3.1636876247302223e-06
2019,ROU,2.745071672708145e-06
2020,ROU,2.739887909812999e-06
2010,RUS,1.834041220289653e-06
2011,RUS,1.4013561469416624e-06
2012,RUS,1.3577694094218784e-06
2013,RUS,1.122858691488738e-06
2014,RUS,1.4225073365084928e-06
2015,RUS,1.364377477140511e-06
2016,RUS,1.4292850018000505e-06
2017,RUS,1.1913438888301665e-06
2018,RUS,1.2462304369589043e-06
2019,RUS,1.0254632895729158e-06
2020,RUS,1.045741125158563e-06
2010,RWA,0.0
2011,RWA,0.0
2012,RWA,0.0
2013,RWA,0.0
2014,RWA,0.0
2015,RWA,0.0
2016,RWA,0.0
2017,RWA,0.0
2018,RWA,0.0
2019,RWA,0.0
2020,RWA,0.0
2010,SAU,0.0
2011,SAU,0.0
2012,SAU,0.0
2013,SAU,3.95819851444265e-08
2014,SAU,1.0305455493933805e-07
2015,SAU,2.258887858333929e-07
2016,SAU,1.621699792000303e-07
2017,SAU,1.7767393336163098e-07
2018,SAU,1.5417953385284912e-07
2019,SAU,1.4640934100067298e-07
2020,SAU,1.3021488018861697e-07
2010,SDN,0.0
2011,SDN,0.0
2012,SDN,0.0
2013,SDN,0.0
2014,SDN,0.0
2015,SDN,0.0
2016,SDN,0.0
2017,SDN,0.0
2018,SDN,0.0
2019,SDN,0.0
2020,SDN,0.0
2010,SEN,0.0
2011,SEN,0.0
2012,SEN,0.0
2013,SEN,0.0
2014,SEN,0.0
2015,SEN,0.0
2016,SEN,0.0
2017,SEN,0.0
2018,SEN,0.0
2019,SEN,0.0
2020,SEN,0.0
2010,SGP,0.0
2011,SGP,0.0
2012,SGP,0.0
2013,SGP,0.0
2014,SGP,0.0
2015,SGP,0.0
2016,SGP,0.0
2017,SGP,0.0
2018,SGP,0.0
2019,SGP,0.0
2020,SGP,0.0
2010,SLB,0.0
2011,SLB,0.0
2012,SLB,0.0
2013,SLB,0.0
2014,SLB,0.0
2015,SLB,0.0
2016,SLB,0.0
2017,SLB,0.0
2018,SLB,0.0
2019,SLB,0.0
2020,SLB,0.0
2010,SLE,0.0
2011,SLE,0.0
2012,SLE,0.0
2013,SLE,0.0
2014,SLE,0.0
2015,SLE,0.0
2016,SLE,0.0
2017,SLE,0.0
2018,SLE,0.0
2019,SLE,0.0
2020,SLE,0.0
2010,SLV,0.0
2011,SLV,0.0
2012,SLV,0.0
2013,SLV,0.0
2014,SLV,0.0
2015,SLV,0.0
2016,SLV,0.0
2017,SLV,0.0
2018,SLV,0.0
2019,SLV,0.0
2020,SLV,0.0
2010,SMR,7.815066789773378e-09
2011,SMR,7.968533506501378e-09
2012,SMR,4.584204971325739e-09
2013,SMR,0.0
2014,SMR,0.0
2015,SMR,0.0
2016,SMR,0.0
2017,SMR,0.0
2018,SMR,0.0
2019,SMR,0.0
2020,SMR,0.0
2010,SOM,0.0
2011,SOM,0.0
2012,SOM,0.0
2013,SOM,0.0
2014,SOM,0.0
2015,SOM,0.0
2016,SOM,0.0
2017,SOM,0.0
2018,SOM,0.0
2019,SOM,0.0
2020,SOM,0.0
2010,SRB,2.0421835256430836e-05
2011,SRB,1.8055711807730545e-05
2012,SRB,1.8247588182785738e-05
2013,SRB,1.3392174749394042e-05
2014,SRB,1.769108007909265e-05
2015,SRB,1.0236293897320266e-05
2016,SRB,1.066167371323581e-05
2017,SRB,1.1679210136320457e-05
2018,SRB,1.1332304780401974e-05
2019,SRB,1.1167837432938614e-05
2020,SRB,1.0608094044039302e-05
2010,SSD,0.0
2011,SSD,0.0
2012,SSD,0.0
2013,SSD,0.0
2014,SSD,0.0
2015,SSD,0.0
2016,SSD,0.0
2017,SSD,0.0
2018,SSD,0.0
2019,SSD,0.0
2020,SSD,0.0
2010,STP,0.0
2011,STP,0.0
2012,STP,0.0
2013,STP,0.0
2014,STP,0.0
2015,STP,0.0
2016,STP,0.0
2017,STP,0.0
2018,STP,0.0
2019,STP,0.0
2020,STP,0.0
2010,SUR,0.0
2011,SUR,0.0
2012,SUR,0.0
2013,SUR,0.0
2014,SUR,0.0
2015,SUR,0.0
2016,SUR,0.0
2017,SUR,0.0
2018,SUR,0.0
2019,SUR,0.0
2020,SUR,0.0
2010,SVK,1.7148978016597926e-07
2011,SVK,1.6834888216399833e-07
2012,SVK,1.2684851251530266e-07
2013,SVK,1.256339032064052e-07
2014,SVK,8.856963899784102e-08
2015,SVK,1.5031961937667034e-07
2016,SVK,9.943365366529013e-08
2017,SVK,9.108923134851813e-08
2018,SVK,8.36419999552928e-08
2019,SVK,7.677592580395481e-08
2020,SVK,7.846738189281844e-08
2010,SVN,1.38084421855587e-06
2011,SVN,2.123911391495997e-06
2012,SVN,2.4745625143381387e-06
2013,SVN,1.8518623788472755e-06
2014,SVN,2.685287074088093e-06
2015,SVN,1.6434306375064716e-06
2016,SVN,1.8895030803248727e-06
2017,SVN,1.747934034168536e-06
2018,SVN,1.5236618274585585e-06
2019,SVN,1.3566284915521238e-06
2020,SVN,1.3936558087462507e-06
2010,SWE,4.185723783539544e-08
2011,SWE,3.912036187307272e-08
2012,SWE,5.37468366999134e-08
2013,SWE,5.927962090617445e-08
2014,SWE,4.534811153849935e-08
2015,SWE,5.540360883922893e-08
2016,SWE,6.164632251687075e-08
2017,SWE,5.6170201373679736e-08
2018,SWE,5.596209239584637e-08
2019,SWE,9.857584644633913e-08
2020,SWE,9.943793229669294e-08
2010,SWZ,0.0
2011,SWZ,0.0
2012,SWZ,0.0
2013,SWZ,0.0
2014,SWZ,0.0
2015,SWZ,0.0
2016,SWZ,0.0
2017,SWZ,0.0
2018,SWZ,0.0
2019,SWZ,0.0
2020,SWZ,0.0
2010,SXM,0.0
2011,SXM,0.0
2012,SXM,0.0
2013,SXM,0.0
2014,SXM,0.0
2015,SXM,0.0
2016,SXM,0.0
2017,SXM,0.0
2018,SXM,0.0
2019,SXM,0.0
2020,SXM,0.0
2010,SYC,0.0
2011,SYC,0.0
2012,SYC,0.0
2013,SYC,0.0
2014,SYC,0.0
2015,SYC,0.0
2016,SYC,0.0
2017,SYC,0.0
2018,SYC,0.0
2019,SYC,0.0
2020,SYC,0.0
2010,SYR,0.0
2011,SYR,0.0
2012,SYR,0.0
2013,SYR,0.0
2014,SYR,0.0
2015,SYR,0.0
2016,SYR,0.0
2017,SYR,0.0
2018,SYR,0.0
2019,SYR,0.0
2020,SYR,0.0
2010,TCA,0.0
2011,TCA,0.0
2012,TCA,0.0
2013,TCA,0.0
2014,TCA,0.0
2015,TCA,0.0
2016,TCA,0.0
2017,TCA,0.0
2018,TCA,0.0
2019,TCA,0.0
2020,TCA,0.0
2010,TCD,0.0
2011,TCD,0.0
2012,TCD,0.0
2013,TCD,0.0
2014,TCD,0.0
2015,TCD,0.0
2016,TCD,0.0
2017,TCD,0.0
2018,TCD,0.0
2019,TCD,0.0
2020,TCD,0.0
2010,TGO,0.0
2011,TGO,0.0
2012,TGO,0.0
2013,TGO,0.0
2014,TGO,0.0
2015,TGO,0.0
2016,TGO,0.0
2017,TGO,0.0
2018,TGO,0.0
2019,TGO,0.0
2020,TGO,0.0
2010,THA,0.0
2011,THA,0.0
2012,THA,0.0
2013,THA,0.0
2014,THA,0.0
2015,THA,0.0
2016,THA,0.0
2017,THA,0.0
2018,THA,0.0
2019,THA,0.0
2020,THA,0.0
2010,TJK,4.37557777611958e-05
2011,TJK,3.990958133845954e-05
2012,TJK,3.385808200585689e-05
2013,TJK,1.929113952629722e-05
2014,TJK,2.112485188442231e-05
2015,TJK,1.3535975529462532e-05
2016,TJK,1.5242714275072197e-05
2017,TJK,1.657137992583094e-05
2018,TJK,1.2950428811774398e-05
2019,TJK,1.1605899974912788e-05
2020,TJK,1.3114020288643138e-05
2010,TKM,0.0
2011,TKM,0.0
2012,TKM,0.0
2013,TKM,0.0
2014,TKM,0.0
2015,TKM,0.0
2016,TKM,0.0
2017,TKM,0.0
2018,TKM,0.0
2019,TKM,0.0
2020,TKM,0.0
2010,TLS,0.0
2011,TLS,0.0
2012,TLS,0.0
2013,TLS,0.0
2014,TLS,0.0
2015,TLS,0.0
2016,TLS,0.0
2017,TLS,0.0
2018,TLS,0.0
2019,TLS,0.0
2020,TLS,0.0
2010,TON,0.0
2011,TON,0.0
2012,TON,0.0
2013,TON,0.0
2014,TON,0.0
2015,TON,0.0
2016,TON,0.0
2017,TON,0.0
2018,TON,0.0
2019,TON,0.0
2020,TON,0.0
2010,TTO,0.0
2011,TTO,0.0
2012,TTO,0.0
2013,TTO,0.0
2014,TTO,0.0
2015,TTO,0.0
2016,TTO,0.0
2017,TTO,0.0
2018,TTO,0.0
2019,TTO,0.0
2020,TTO,0.0
2010,TUN,0.0
2011,TUN,0.0
2012,TUN,0.0
2013,TUN,0.0
2014,TUN,0.0
2015,TUN,0.0
2016,TUN,0.0
2017,TUN,0.0
2018,TUN,0.0
2019,TUN,0.0
2020,TUN,0.0
2010,TUR,1.1027265686133212e-08
2011,TUR,9.606218032131427e-09
2012,TUR,8.142518429487726e-09
2013,TUR,6.452758665833098e-09
2014,TUR,5.793482924817853e-09
2015,TUR,1.2056377498275102e-08
2016,TUR,1.813197268294608e-08
2017,TUR,1.6857591178488033e-08
2018,TUR,1.639015622176114e-08
2019,TUR,8.635856343234091e-09
2020,TUR,8.650441320369711e-09
2010,TUV,0.0
2011,TUV,0.0
2012,TUV,0.0
2013,TUV,0.0
2014,TUV,0.0
2015,TUV,0.0
2016,TUV,0.0
2017,TUV,0.0
2018,TUV,0.0
2019,TUV,0.0
2020,TUV,0.0
2010,TZA,0.0
2011,TZA,0.0
2012,TZA,0.0
2013,TZA,0.0
2014,TZA,0.0
2015,TZA,0.0
2016,TZA,0.0
2017,TZA,0.0
2018,TZA,0.0
2019,TZA,0.0
2020,TZA,0.0
2010,UGA,0.0
2011,UGA,0.0
2012,UGA,0.0
2013,UGA,0.0
2014,UGA,0.0
2015,UGA,0.0
2016,UGA,0.0
2017,UGA,0.0
2018,UGA,0.0
2019,UGA,0.0
2020,UGA,0.0
2010,UKR,3.5643247163171063e-08
2011,UKR,3.445949248773118e-09
2012,UKR,0.0
2013,UKR,0.0
2014,UKR,0.0
2015,UKR,0.0
2016,UKR,0.0
2017,UKR,0.0
2018,UKR,0.0
2019,UKR,0.0
2020,UKR,0.0
2010,URY,0.0
2011,URY,0.0
2012,URY,0.0
2013,URY,0.0
2014,URY,0.0
2015,URY,0.0
2016,URY,0.0
2017,URY,0.0
2018,URY,0.0
2019,URY,0.0
2020,URY,0.0
2010,USA,1.5403971661208776e-07
2011,USA,1.394914146111613e-07
2012,USA,1.274120882840124e-07
2013,USA,9.625634434488852e-08
2014,USA,1.0672054154193979e-07
2015,USA,6.55138596390899e-08
2016,USA,3.630772709026407e-08
2017,USA,3.097367768232413e-08
2018,USA,3.562807435391615e-08
2019,USA,5.8614299577836795e-08
2020,USA,5.9375551423426696e-08
2010,UZB,0.0
2011,UZB,0.0
2012,UZB,0.0
2013,UZB,0.0
2014,UZB,0.0
2015,UZB,0.0
2016,UZB,0.0
2017,UZB,0.0
2018,UZB,0.0
2019,UZB,0.0
2020,UZB,0.0
2010,VCT,0.0
2011,VCT,0.0
2012,VCT,0.0
2013,VCT,0.0
2014,VCT,0.0
2015,VCT,0.0
2016,VCT,0.0
2017,VCT,0.0
2018,VCT,0.0
2019,VCT,0.0
2020,VCT,0.0
2010,VEN,9.802733039515388e-07
2011,VEN,4.172915569499823e-07
2012,VEN,1.6828594591055149e-07
2013,VEN,1.785862112519977e-07
2014,VEN,1.5761377854476978e-07
2015,VEN,9.244439617359798e-08
2016,VEN,8.95073966646725e-08
2017,VEN,8.28095642611936e-08
2018,VEN,3.939543240955313e-08
2019,VEN,3.939543240955313e-08
2020,VEN,3.939543240955313e-08
2010,VGB,0.0
2011,VGB,0.0
2012,VGB,0.0
2013,VGB,0.0
2014,VGB,0.0
2015,VGB,0.0
2016,VGB,0.0
2017,VGB,0.0
2018,VGB,0.0
2019,VGB,0.0
2020,VGB,0.0
2010,VIR,0.0
2011,VIR,0.0
2012,VIR,0.0
2013,VIR,0.0
2014,VIR,0.0
2015,VIR,0.0
2016,VIR,0.0
2017,VIR,0.0
2018,VIR,0.0
2019,VIR,0.0
2020,VIR,0.0
2010,VNM,0.0
2011,VNM,0.0
2012,VNM,0.0
2013,VNM,0.0
2014,VNM,0.0
2015,VNM,0.0
2016,VNM,0.0
2017,VNM,0.0
2018,VNM,0.0
2019,VNM,0.0
2020,VNM,0.0
2010,VUT,0.0
2011,VUT,0.0
2012,VUT,0.0
2013,VUT,0.0
2014,VUT,0.0
2015,VUT,0.0
2016,VUT,0.0
2017,VUT,0.0
2018,VUT,0.0
2019,VUT,0.0
2020,VUT,0.0
2010,WSM,0.0
2011,WSM,0.0
2012,WSM,0.0
2013,WSM,0.0
2014,WSM,0.0
2015,WSM,0.0
2016,WSM,0.0
2017,WSM,0.0
2018,WSM,0.0
2019,WSM,0.0
2020,WSM,0.0
2010,XKX,0.0
2011,XKX,0.0
2012,XKX,0.0
2013,XKX,0.0
2014,XKX,0.0
2015,XKX,0.0
2016,XKX,0.0
2017,XKX,0.0
2018,XKX,0.0
2019,XKX,0.0
2020,XKX,0.0
2010,YEM,0.0
2011,YEM,0.0
2012,YEM,0.0
2013,YEM,0.0
2014,YEM,0.0
2015,YEM,0.0
2016,YEM,0.0
2017,YEM,0.0
2018,YEM,0.0
2019,YEM,0.0
2020,YEM,0.0
2010,ZAF,2.6579377633931906e-07
2011,ZAF,2.698048833605436e-07
2012,ZAF,1.7543078666195836e-07
2013,ZAF,2.130925485812726e-07
2014,ZAF,1.4144194835195413e-07
2015,ZAF,2.0373927445627395e-07
2016,ZAF,1.5401571330899064e-07
2017,ZAF,1.2931559646240498e-07
2018,ZAF,1.263029606451559e-07
2019,ZAF,1.222157190761658e-07
2020,ZAF,1.470579874049481e-07
2010,ZMB,0.0
2011,ZMB,0.0
2012,ZMB,0.0
2013,ZMB,0.0
2014,ZMB,0.0
2015,ZMB,0.0
2016,ZMB,0.0
2017,ZMB,0.0
2018,ZMB,0.0
2019,ZMB,0.0
2020,ZMB,0.0
2010,ZWE,0.0
2011,ZWE,0.0
2012,ZWE,0.0
2013,ZWE,0.0
2014,ZWE,0.0
2015,ZWE,0.0
2016,ZWE,0.0
2017,ZWE,0.0
2018,ZWE,0.0
2019,ZWE,0.0
2020,ZWE,0.0
